R(a, b) = {
    2314, 2314
    3128, 3128
    1211, 1211
    666, 666
    1266, 1266
    1627, 1627
    2831, 2831
    2975, 2975
    3163, 3163
    2836, 2836
    2967, 2967
    2585, 2585
    1291, 1291
    621, 621
    3825, 3825
    2794, 2794
    61, 61
    195, 195
    1001, 1001
    3722, 3722
    1132, 1132
    997, 997
    3708, 3708
    2564, 2564
    1816, 1816
    2363, 2363
    877, 877
    732, 732
    2010, 2010
    1566, 1566
    3625, 3625
    1529, 1529
    1659, 1659
    872, 872
    3504, 3504
    85, 85
    870, 870
    1171, 1171
    668, 668
    2584, 2584
    396, 396
    2418, 2418
    3888, 3888
    3941, 3941
    3197, 3197
    3572, 3572
    1614, 1614
    3868, 3868
    2631, 2631
    2274, 2274
    1103, 1103
    865, 865
    68, 68
    351, 351
    3044, 3044
    2092, 2092
    1377, 1377
    3052, 3052
    3115, 3115
    190, 190
    600, 600
    3445, 3445
    3995, 3995
    2372, 2372
    3645, 3645
    3345, 3345
    1151, 1151
    3130, 3130
    2235, 2235
    2127, 2127
    2643, 2643
    1005, 1005
    2592, 2592
    1282, 1282
    1789, 1789
    506, 506
    298, 298
    3493, 3493
    2765, 2765
    3377, 3377
    1494, 1494
    391, 391
    348, 348
    1231, 1231
    1976, 1976
    1846, 1846
    3559, 3559
    3519, 3519
    2696, 2696
    2221, 2221
    3425, 3425
    560, 560
    3813, 3813
    1210, 1210
    2898, 2898
    2474, 2474
    3608, 3608
    1350, 1350
    2648, 2648
    1475, 1475
    1582, 1582
    1327, 1327
    2791, 2791
    2746, 2746
    1648, 1648
    1500, 1500
    930, 930
    1797, 1797
    2835, 2835
    433, 433
    1507, 1507
    2676, 2676
    823, 823
    3523, 3523
    207, 207
    1775, 1775
    2144, 2144
    447, 447
    2163, 2163
    389, 389
    2310, 2310
    1437, 1437
    3511, 3511
    595, 595
    2503, 2503
    3172, 3172
    3111, 3111
    1221, 1221
    941, 941
    2963, 2963
    462, 462
    1484, 1484
    1397, 1397
    961, 961
    2325, 2325
    3801, 3801
    1395, 1395
    2635, 2635
    2161, 2161
    2504, 2504
    22, 22
    2849, 2849
    866, 866
    2058, 2058
    2361, 2361
    2377, 2377
    697, 697
    3365, 3365
    3770, 3770
    3137, 3137
    1279, 1279
    3198, 3198
    3012, 3012
    3731, 3731
    622, 622
    2949, 2949
    1764, 1764
    357, 357
    3998, 3998
    2198, 2198
    559, 559
    1872, 1872
    3618, 3618
    3443, 3443
    270, 270
    1980, 1980
    2469, 2469
    3084, 3084
    3175, 3175
    1561, 1561
    1888, 1888
    1084, 1084
    544, 544
    1030, 1030
    3989, 3989
    873, 873
    920, 920
    868, 868
    2024, 2024
    1071, 1071
    2204, 2204
    2173, 2173
    2797, 2797
    422, 422
    3067, 3067
    398, 398
    2728, 2728
    516, 516
    3902, 3902
    2197, 2197
    1904, 1904
    3554, 3554
    3265, 3265
    3476, 3476
    94, 94
    1062, 1062
    1726, 1726
    2822, 2822
    306, 306
    3226, 3226
    2079, 2079
    305, 305
    1854, 1854
    2256, 2256
    2624, 2624
    2086, 2086
    1551, 1551
    2725, 2725
    3348, 3348
    1370, 1370
    25, 25
    1267, 1267
    1341, 1341
    500, 500
    2390, 2390
    2191, 2191
    2177, 2177
    222, 222
    2183, 2183
    1115, 1115
    2792, 2792
    3836, 3836
    2578, 2578
    2344, 2344
    1801, 1801
    437, 437
    2986, 2986
    1559, 1559
    3594, 3594
    175, 175
    1599, 1599
    1537, 1537
    3064, 3064
    1640, 1640
    3077, 3077
    1237, 1237
    2355, 2355
    1182, 1182
    252, 252
    1209, 1209
    1815, 1815
    517, 517
    418, 418
    869, 869
    276, 276
    623, 623
    1163, 1163
    53, 53
    1656, 1656
    3251, 3251
    860, 860
    2944, 2944
    3939, 3939
    2958, 2958
    499, 499
    1172, 1172
    3178, 3178
    3870, 3870
    3304, 3304
    1730, 1730
    2519, 2519
    1949, 1949
    3893, 3893
    2396, 2396
    364, 364
    2368, 2368
    1044, 1044
    2683, 2683
    2179, 2179
    1008, 1008
    455, 455
    3193, 3193
    3896, 3896
    3454, 3454
    2222, 2222
    3169, 3169
    2572, 2572
    3900, 3900
    1604, 1604
    754, 754
    2825, 2825
    527, 527
    2093, 2093
    878, 878
    2393, 2393
    1422, 1422
    3501, 3501
    1501, 1501
    2467, 2467
    3159, 3159
    1580, 1580
    676, 676
    2131, 2131
    3087, 3087
    2834, 2834
    615, 615
    1771, 1771
    2548, 2548
    1947, 1947
    183, 183
    3332, 3332
    1415, 1415
    3878, 3878
    1741, 1741
    1054, 1054
    1679, 1679
    2118, 2118
    2973, 2973
    569, 569
    1831, 1831
    1461, 1461
    2369, 2369
    3196, 3196
    2521, 2521
    2848, 2848
    3157, 3157
    3447, 3447
    773, 773
    1554, 1554
    2960, 2960
    2895, 2895
    2999, 2999
    2513, 2513
    2272, 2272
    248, 248
    101, 101
    492, 492
    423, 423
    947, 947
    2694, 2694
    3325, 3325
    720, 720
    3053, 3053
    2301, 2301
    1638, 1638
    1336, 1336
    3469, 3469
    547, 547
    1654, 1654
    2682, 2682
    545, 545
    1759, 1759
    2690, 2690
    229, 229
    875, 875
    3482, 3482
    3131, 3131
    2840, 2840
    74, 74
    3496, 3496
    1890, 1890
    3029, 3029
    134, 134
    1539, 1539
    1690, 1690
    936, 936
    1560, 1560
    3185, 3185
    3957, 3957
    3167, 3167
    152, 152
    2915, 2915
    1367, 1367
    1176, 1176
    819, 819
    1649, 1649
    863, 863
    3693, 3693
    2668, 2668
    3805, 3805
    1863, 1863
    1851, 1851
    1101, 1101
    593, 593
    603, 603
    1216, 1216
    1181, 1181
    1136, 1136
    3194, 3194
    1493, 1493
    126, 126
    438, 438
    369, 369
    2446, 2446
    45, 45
    3986, 3986
    2364, 2364
    611, 611
    1637, 1637
    11, 11
    2838, 2838
    937, 937
    3505, 3505
    656, 656
    2187, 2187
    2514, 2514
    1045, 1045
    2560, 2560
    1625, 1625
    988, 988
    906, 906
    2566, 2566
    2901, 2901
    1704, 1704
    3239, 3239
    2827, 2827
    295, 295
    239, 239
    2428, 2428
    1530, 1530
    1619, 1619
    2500, 2500
    3700, 3700
    3047, 3047
    876, 876
    3945, 3945
    3778, 3778
    3244, 3244
    808, 808
    1025, 1025
    1505, 1505
    3529, 3529
    2700, 2700
    990, 990
    307, 307
    3743, 3743
    3109, 3109
    115, 115
    1861, 1861
    585, 585
    3876, 3876
    332, 332
    3231, 3231
    81, 81
    1712, 1712
    3903, 3903
    3038, 3038
    3309, 3309
    421, 421
    1281, 1281
    2423, 2423
    3218, 3218
    2056, 2056
    2317, 2317
    2283, 2283
    1860, 1860
    3697, 3697
    946, 946
    700, 700
    2972, 2972
    809, 809
    3728, 3728
    3973, 3973
    1793, 1793
    2862, 2862
    301, 301
    1810, 1810
    2669, 2669
    363, 363
    818, 818
    2158, 2158
    3760, 3760
    266, 266
    2231, 2231
    253, 253
    3946, 3946
    1519, 1519
    971, 971
    1825, 1825
    2800, 2800
    1843, 1843
    2806, 2806
    777, 777
    2022, 2022
    1048, 1048
    19, 19
    846, 846
    3832, 3832
    1884, 1884
    918, 918
    3985, 3985
    750, 750
    1758, 1758
    1097, 1097
    1083, 1083
    3783, 3783
    59, 59
    2151, 2151
    522, 522
    3712, 3712
    1848, 1848
    2285, 2285
    729, 729
    3541, 3541
    2141, 2141
    3390, 3390
    3685, 3685
    3435, 3435
    3191, 3191
    3716, 3716
    1476, 1476
    3929, 3929
    2162, 2162
    2843, 2843
    3026, 3026
    933, 933
    3923, 3923
    1389, 1389
    1985, 1985
    1330, 1330
    2407, 2407
    2671, 2671
    434, 434
    2559, 2559
    205, 205
    1347, 1347
    368, 368
    77, 77
    2269, 2269
    2388, 2388
    1188, 1188
    793, 793
    573, 573
    3241, 3241
    634, 634
    986, 986
    1122, 1122
    2340, 2340
    1999, 1999
    2070, 2070
    235, 235
    535, 535
    3484, 3484
    1924, 1924
    1853, 1853
    2037, 2037
    1596, 1596
    2320, 2320
    3413, 3413
    2039, 2039
    1262, 1262
    3510, 3510
    1117, 1117
    1093, 1093
    1161, 1161
    2104, 2104
    2075, 2075
    3122, 3122
    1067, 1067
    2912, 2912
    3494, 3494
    3220, 3220
    3389, 3389
    210, 210
    1966, 1966
    672, 672
    2132, 2132
    482, 482
    3280, 3280
    1891, 1891
    441, 441
    532, 532
    1359, 1359
    2245, 2245
    739, 739
    1038, 1038
    3670, 3670
    703, 703
    503, 503
    2660, 2660
    2190, 2190
    3199, 3199
    217, 217
    2266, 2266
    3810, 3810
    2210, 2210
    1082, 1082
    1823, 1823
    806, 806
    3546, 3546
    762, 762
    3639, 3639
    1558, 1558
    1545, 1545
    717, 717
    124, 124
    910, 910
    955, 955
    3202, 3202
    1535, 1535
    3907, 3907
    3248, 3248
    2250, 2250
    767, 767
    2268, 2268
    1007, 1007
    3730, 3730
    3222, 3222
    3306, 3306
    2761, 2761
    155, 155
    2323, 2323
    2343, 2343
    128, 128
    1959, 1959
    1139, 1139
    3767, 3767
    3132, 3132
    2051, 2051
    2852, 2852
    385, 385
    1514, 1514
    1956, 1956
    1932, 1932
    1371, 1371
    2771, 2771
    1840, 1840
    1276, 1276
    2430, 2430
    432, 432
    2788, 2788
    3281, 3281
    141, 141
    1496, 1496
    2385, 2385
    2538, 2538
    3270, 3270
    1564, 1564
    1112, 1112
    1544, 1544
    3432, 3432
    3350, 3350
    292, 292
    3080, 3080
    289, 289
    1882, 1882
    2679, 2679
    361, 361
    2511, 2511
    501, 501
    358, 358
    102, 102
    2629, 2629
    1675, 1675
    3803, 3803
    1247, 1247
    324, 324
    1439, 1439
    3314, 3314
    859, 859
    1531, 1531
    1379, 1379
    2695, 2695
    1308, 1308
    2640, 2640
    683, 683
    1013, 1013
    1032, 1032
    1946, 1946
    591, 591
    2946, 2946
    2678, 2678
    3238, 3238
    723, 723
    3988, 3988
    2422, 2422
    1473, 1473
    2774, 2774
    914, 914
    1428, 1428
    1223, 1223
    1908, 1908
    359, 359
    2234, 2234
    1584, 1584
    2742, 2742
    186, 186
    853, 853
    139, 139
    3605, 3605
    2040, 2040
    3045, 3045
    3030, 3030
    1170, 1170
    310, 310
    3330, 3330
    1800, 1800
    3715, 3715
    133, 133
    1133, 1133
    2688, 2688
    2976, 2976
    1669, 1669
    162, 162
    3188, 3188
    3626, 3626
    202, 202
    1152, 1152
    2032, 2032
    3550, 3550
    131, 131
    891, 891
    1214, 1214
    1623, 1623
    1499, 1499
    2558, 2558
    1527, 1527
    20, 20
    240, 240
    3260, 3260
    98, 98
    1692, 1692
    1847, 1847
    1644, 1644
    3219, 3219
    675, 675
    17, 17
    2208, 2208
    3891, 3891
    815, 815
    749, 749
    3372, 3372
    1518, 1518
    1448, 1448
    3502, 3502
    1315, 1315
    2956, 2956
    1923, 1923
    316, 316
    448, 448
    3974, 3974
    2734, 2734
    2634, 2634
    3189, 3189
    1119, 1119
    3921, 3921
    3283, 3283
    1906, 1906
    2455, 2455
    3237, 3237
    3701, 3701
    2536, 2536
    3049, 3049
    3745, 3745
    1996, 1996
    705, 705
    3293, 3293
    2316, 2316
    256, 256
    952, 952
    469, 469
    1445, 1445
    1438, 1438
    3509, 3509
    3392, 3392
    196, 196
    1031, 1031
    3010, 3010
    748, 748
    2968, 2968
    416, 416
    3917, 3917
    206, 206
    3571, 3571
    1477, 1477
    399, 399
    3533, 3533
    1776, 1776
    1986, 1986
    553, 553
    1435, 1435
    3144, 3144
    2152, 2152
    3016, 3016
    1098, 1098
    3772, 3772
    3786, 3786
    708, 708
    3075, 3075
    841, 841
    2338, 2338
    976, 976
    1756, 1756
    1795, 1795
    721, 721
    1095, 1095
    2710, 2710
    1333, 1333
    3809, 3809
    1472, 1472
    814, 814
    1609, 1609
    3720, 3720
    3764, 3764
    2047, 2047
    1456, 1456
    1989, 1989
    1228, 1228
    2408, 2408
    466, 466
    1299, 1299
    2192, 2192
    3990, 3990
    2108, 2108
    3408, 3408
    1000, 1000
    3632, 3632
    1183, 1183
    390, 390
    3634, 3634
    2606, 2606
    3576, 3576
    2715, 2715
    1852, 1852
    938, 938
    2930, 2930
    3808, 3808
    2945, 2945
    440, 440
    335, 335
    2515, 2515
    2615, 2615
    452, 452
    2060, 2060
    1921, 1921
    686, 686
    3295, 3295
    3549, 3549
    1738, 1738
    2087, 2087
    1184, 1184
    3894, 3894
    495, 495
    594, 594
    3915, 3915
    1003, 1003
    3649, 3649
    2939, 2939
    2884, 2884
    674, 674
    538, 538
    1757, 1757
    756, 756
    3644, 3644
    3374, 3374
    1321, 1321
    1241, 1241
    2911, 2911
    2646, 2646
    822, 822
    3558, 3558
    1108, 1108
    2237, 2237
    3021, 3021
    911, 911
    1021, 1021
    2174, 2174
    241, 241
    1041, 1041
    3354, 3354
    2360, 2360
    3173, 3173
    1195, 1195
    3201, 3201
    3710, 3710
    1206, 1206
    2798, 2798
    2964, 2964
    3235, 3235
    1090, 1090
    3138, 3138
    2520, 2520
    3018, 3018
    3889, 3889
    3587, 3587
    1954, 1954
    942, 942
    2409, 2409
    3224, 3224
    249, 249
    633, 633
    784, 784
    3470, 3470
    376, 376
    3205, 3205
    2750, 2750
    3947, 3947
    2414, 2414
    1850, 1850
    3451, 3451
    3729, 3729
    1374, 1374
    2202, 2202
    3657, 3657
    2319, 2319
    2175, 2175
    742, 742
    3134, 3134
    514, 514
    2828, 2828
    3714, 3714
    353, 353
    2720, 2720
    2923, 2923
    3006, 3006
    1917, 1917
    761, 761
    1070, 1070
    1714, 1714
    605, 605
    3895, 3895
    2965, 2965
    744, 744
    1425, 1425
    681, 681
    360, 360
    1096, 1096
    1391, 1391
    1314, 1314
    992, 992
    2594, 2594
    680, 680
    2773, 2773
    578, 578
    660, 660
    2392, 2392
    35, 35
    2048, 2048
    3498, 3498
    72, 72
    900, 900
    151, 151
    320, 320
    523, 523
    3003, 3003
    2481, 2481
    3472, 3472
    1012, 1012
    3263, 3263
    224, 224
    3437, 3437
    2169, 2169
    1480, 1480
    1547, 1547
    1934, 1934
    2637, 2637
    3687, 3687
    3916, 3916
    2380, 2380
    2207, 2207
    3311, 3311
    2936, 2936
    3420, 3420
    86, 86
    3061, 3061
    1123, 1123
    3771, 3771
    1431, 1431
    1826, 1826
    2306, 2306
    2526, 2526
    2085, 2085
    1011, 1011
    1244, 1244
    2672, 2672
    3616, 3616
    1988, 1988
    3492, 3492
    338, 338
    1017, 1017
    3086, 3086
    331, 331
    2652, 2652
    2386, 2386
    3650, 3650
    1334, 1334
    117, 117
    960, 960
    1191, 1191
    1177, 1177
    2262, 2262
    3677, 3677
    3250, 3250
    2252, 2252
    3622, 3622
    291, 291
    3140, 3140
    2293, 2293
    1509, 1509
    2907, 2907
    1760, 1760
    792, 792
    536, 536
    2215, 2215
    2807, 2807
    1977, 1977
    885, 885
    3628, 3628
    2046, 2046
    2816, 2816
    2611, 2611
    3468, 3468
    1533, 1533
    1964, 1964
    2711, 2711
    2113, 2113
    91, 91
    1693, 1693
    2804, 2804
    3291, 3291
    1524, 1524
    212, 212
    659, 659
    130, 130
    923, 923
    1255, 1255
    574, 574
    2842, 2842
    2055, 2055
    1864, 1864
    456, 456
    856, 856
    760, 760
    112, 112
    1280, 1280
    2573, 2573
    2052, 2052
    3334, 3334
    1361, 1361
    2425, 2425
    56, 56
    1202, 1202
    3388, 3388
    1301, 1301
    2603, 2603
    2966, 2966
    1086, 1086
    2419, 2419
    1305, 1305
    3046, 3046
    2961, 2961
    1557, 1557
    3042, 3042
    1284, 1284
    2217, 2217
    30, 30
    3905, 3905
    2717, 2717
    2264, 2264
    1641, 1641
    3139, 3139
    226, 226
    3317, 3317
    537, 537
    2645, 2645
    3604, 3604
    602, 602
    2714, 2714
    380, 380
    228, 228
    230, 230
    258, 258
    1085, 1085
    1963, 1963
    1650, 1650
    917, 917
    1856, 1856
    2205, 2205
    3551, 3551
    3741, 3741
    2556, 2556
    3035, 3035
    3485, 3485
    2277, 2277
    677, 677
    1808, 1808
    1957, 1957
    561, 561
    647, 647
    2126, 2126
    3373, 3373
    3127, 3127
    387, 387
    1164, 1164
    2486, 2486
    1666, 1666
    1987, 1987
    3426, 3426
    277, 277
    1311, 1311
    2692, 2692
    110, 110
    5, 5
    1950, 1950
    3011, 3011
    3275, 3275
    3662, 3662
    2405, 2405
    366, 366
    377, 377
    653, 653
    3664, 3664
    1492, 1492
    427, 427
    3499, 3499
    2974, 2974
    2760, 2760
    2796, 2796
    352, 352
    2579, 2579
    3829, 3829
    1785, 1785
    3307, 3307
    3617, 3617
    743, 743
    3092, 3092
    804, 804
    2739, 2739
    2294, 2294
    3459, 3459
    42, 42
    33, 33
    1830, 1830
    2315, 2315
    2308, 2308
    355, 355
    378, 378
    2180, 2180
    3822, 3822
    525, 525
    3102, 3102
    3914, 3914
    2464, 2464
    2106, 2106
    939, 939
    526, 526
    397, 397
    2630, 2630
    1078, 1078
    3177, 3177
    2713, 2713
    3019, 3019
    530, 530
    699, 699
    974, 974
    1036, 1036
    2424, 2424
    1945, 1945
    2439, 2439
    2482, 2482
    3419, 3419
    1053, 1053
    3246, 3246
    443, 443
    2793, 2793
    386, 386
    481, 481
    1156, 1156
    610, 610
    1734, 1734
    1796, 1796
    3344, 3344
    3807, 3807
    2303, 2303
    1387, 1387
    2545, 2545
    973, 973
    285, 285
    2879, 2879
    2517, 2517
    2381, 2381
    1440, 1440
    812, 812
    3655, 3655
    3262, 3262
    3898, 3898
    1871, 1871
    2533, 2533
    2044, 2044
    608, 608
    751, 751
    733, 733
    719, 719
    2013, 2013
    27, 27
    592, 592
    2756, 2756
    3887, 3887
    1454, 1454
    1300, 1300
    1611, 1611
    2657, 2657
    2023, 2023
    3340, 3340
    92, 92
    2107, 2107
    496, 496
    1356, 1356
    3312, 3312
    3434, 3434
    3438, 3438
    707, 707
    1486, 1486
    3718, 3718
    922, 922
    3387, 3387
    1532, 1532
    1984, 1984
    1907, 1907
    2166, 2166
    1287, 1287
    3414, 3414
    2432, 2432
    1665, 1665
    1705, 1705
    1077, 1077
    1092, 1092
    788, 788
    435, 435
    794, 794
    1628, 1628
    3880, 3880
    3078, 3078
    843, 843
    1534, 1534
    409, 409
    943, 943
    1490, 1490
    613, 613
    2577, 2577
    2667, 2667
    2913, 2913
    1190, 1190
    1910, 1910
    2211, 2211
    2494, 2494
    2535, 2535
    2605, 2605
    2373, 2373
    2366, 2366
    2434, 2434
    1114, 1114
    3066, 3066
    1961, 1961
    381, 381
    3942, 3942
    616, 616
    2334, 2334
    309, 309
    510, 510
    414, 414
    731, 731
    3278, 3278
    336, 336
    119, 119
    1792, 1792
    2437, 2437
    3865, 3865
    2074, 2074
    2449, 2449
    1023, 1023
    3126, 3126
    3821, 3821
    1642, 1642
    847, 847
    1076, 1076
    1981, 1981
    2244, 2244
    3361, 3361
    2990, 2990
    3768, 3768
    201, 201
    2367, 2367
    2980, 2980
    488, 488
    3329, 3329
    785, 785
    1606, 1606
    473, 473
    105, 105
    1376, 1376
    347, 347
    766, 766
    867, 867
    2411, 2411
    3815, 3815
    1474, 1474
    2633, 2633
    3635, 3635
    2680, 2680
    461, 461
    3085, 3085
    3212, 3212
    857, 857
    2896, 2896
    3328, 3328
    3002, 3002
    2140, 2140
    3744, 3744
    2280, 2280
    3213, 3213
    1735, 1735
    588, 588
    1636, 1636
    1740, 1740
    641, 641
    3342, 3342
    1355, 1355
    1307, 1307
    1716, 1716
    46, 46
    2398, 2398
    587, 587
    3978, 3978
    2045, 2045
    2933, 2933
    1874, 1874
    3442, 3442
    3709, 3709
    948, 948
    3349, 3349
    2527, 2527
    1612, 1612
    1944, 1944
    2805, 2805
    2762, 2762
    2059, 2059
    3401, 3401
    919, 919
    2027, 2027
    1135, 1135
    3819, 3819
    1418, 1418
    563, 563
    340, 340
    2621, 2621
    598, 598
    2478, 2478
    2751, 2751
    3540, 3540
    71, 71
    662, 662
    2200, 2200
    3746, 3746
    3182, 3182
    1689, 1689
    2510, 2510
    3671, 3671
    1634, 1634
    2212, 2212
    1939, 1939
    2632, 2632
    2378, 2378
    1120, 1120
    1357, 1357
    3588, 3588
    3679, 3679
    713, 713
    899, 899
    2546, 2546
    3475, 3475
    2267, 2267
    3409, 3409
    1506, 1506
    2636, 2636
    3036, 3036
    2719, 2719
    198, 198
    3824, 3824
    457, 457
    1701, 1701
    70, 70
    2000, 2000
    2228, 2228
    1200, 1200
    153, 153
    3073, 3073
    3489, 3489
    2304, 2304
    1925, 1925
    3535, 3535
    2612, 2612
    1149, 1149
    1256, 1256
    2686, 2686
    3407, 3407
    281, 281
    3367, 3367
    528, 528
    1526, 1526
    2362, 2362
    1014, 1014
    2305, 2305
    28, 28
    1130, 1130
    2088, 2088
    2061, 2061
    122, 122
    3398, 3398
    1109, 1109
    3972, 3972
    1304, 1304
    2100, 2100
    1914, 1914
    597, 597
    1770, 1770
    2043, 2043
    3839, 3839
    2073, 2073
    2259, 2259
    2330, 2330
    65, 65
    3758, 3758
    880, 880
    243, 243
    2661, 2661
    1661, 1661
    273, 273
    1360, 1360
    1243, 1243
    3421, 3421
    3261, 3261
    3828, 3828
    2785, 2785
    3694, 3694
    890, 890
    3956, 3956
    1079, 1079
    3633, 3633
    3781, 3781
    3975, 3975
    1972, 1972
    1283, 1283
    646, 646
    1585, 1585
    2539, 2539
    2752, 2752
    2091, 2091
    1208, 1208
    1603, 1603
    1635, 1635
    2722, 2722
    1761, 1761
    3352, 3352
    449, 449
    3976, 3976
    2493, 2493
    2709, 2709
    3319, 3319
    2928, 2928
    3118, 3118
    314, 314
    1677, 1677
    1049, 1049
    1919, 1919
    3079, 3079
    2365, 2365
    489, 489
    47, 47
    2555, 2555
    2460, 2460
    2006, 2006
    1263, 1263
    3579, 3579
    3593, 3593
    3004, 3004
    1009, 1009
    1709, 1709
    3612, 3612
    2201, 2201
    1100, 1100
    2371, 2371
    2412, 2412
    3940, 3940
    1002, 1002
    1316, 1316
    2302, 2302
    279, 279
    3996, 3996
    8, 8
    1553, 1553
    2871, 2871
    1495, 1495
    1574, 1574
    1166, 1166
    2529, 2529
    3302, 3302
    1593, 1593
    2321, 2321
    831, 831
    1935, 1935
    95, 95
    3223, 3223
    3082, 3082
    1687, 1687
    1897, 1897
    2969, 2969
    950, 950
    2808, 2808
    3214, 3214
    232, 232
    3097, 3097
    300, 300
    3315, 3315
    1578, 1578
    1540, 1540
    1549, 1549
    898, 898
    3227, 3227
    2345, 2345
    1469, 1469
    3516, 3516
    2436, 2436
    763, 763
    3256, 3256
    1572, 1572
    1403, 1403
    3640, 3640
    2081, 2081
    3725, 3725
    3133, 3133
    2009, 2009
    2218, 2218
    871, 871
    1056, 1056
    223, 223
    1798, 1798
    3524, 3524
    2109, 2109
    1249, 1249
    3465, 3465
    2675, 2675
    1543, 1543
    3953, 3953
    2069, 2069
    3901, 3901
    2979, 2979
    402, 402
    1497, 1497
    1881, 1881
    650, 650
    3453, 3453
    998, 998
    3145, 3145
    2232, 2232
    3039, 3039
    2919, 2919
    2199, 2199
    1168, 1168
    1358, 1358
    2540, 2540
    3322, 3322
    3812, 3812
    2258, 2258
    2065, 2065
    888, 888
    2995, 2995
    1217, 1217
    2837, 2837
    3508, 3508
    3536, 3536
    3875, 3875
    3495, 3495
    3362, 3362
    2426, 2426
    3938, 3938
    1396, 1396
    2812, 2812
    2103, 2103
    96, 96
    800, 800
    343, 343
    393, 393
    3056, 3056
    3538, 3538
    2850, 2850
    1388, 1388
    2454, 2454
    959, 959
    1568, 1568
    2206, 2206
    1273, 1273
    684, 684
    75, 75
    1842, 1842
    2243, 2243
    3142, 3142
    2583, 2583
    1378, 1378
    1292, 1292
    1893, 1893
    2530, 2530
    384, 384
    2803, 2803
    2413, 2413
    2702, 2702
    304, 304
    1227, 1227
    3806, 3806
    1337, 1337
    737, 737
    2410, 2410
    902, 902
    467, 467
    2902, 2902
    1922, 1922
    2282, 2282
    518, 518
    2927, 2927
    879, 879
    2155, 2155
    1772, 1772
    1621, 1621
    3965, 3965
    1918, 1918
    3684, 3684
    2549, 2549
    3384, 3384
    915, 915
    48, 48
    840, 840
    3675, 3675
    3150, 3150
    718, 718
    508, 508
    2049, 2049
    1718, 1718
    687, 687
    2370, 2370
    1927, 1927
    160, 160
    3774, 3774
    3269, 3269
    3284, 3284
    263, 263
    2433, 2433
    1121, 1121
    931, 931
    1725, 1725
    962, 962
    916, 916
    1982, 1982
    2932, 2932
    1691, 1691
    2490, 2490
    216, 216
    3569, 3569
    2906, 2906
    2745, 2745
    1955, 1955
    3909, 3909
    3792, 3792
    654, 654
    2655, 2655
    1173, 1173
    3971, 3971
    776, 776
    2953, 2953
    2472, 2472
    3119, 3119
    1271, 1271
    3477, 3477
    1417, 1417
    49, 49
    558, 558
    1667, 1667
    1779, 1779
    3883, 3883
    2445, 2445
    2063, 2063
    1058, 1058
    3379, 3379
    275, 275
    1312, 1312
    929, 929
    1386, 1386
    690, 690
    2905, 2905
    1441, 1441
    2830, 2830
    1193, 1193
    3601, 3601
    551, 551
    3481, 3481
    2487, 2487
    2562, 2562
    1817, 1817
    430, 430
    2914, 2914
    3288, 3288
    2220, 2220
    2542, 2542
    3014, 3014
    2952, 2952
    1836, 1836
    3802, 3802
    362, 362
    1099, 1099
    2839, 2839
    850, 850
    3818, 3818
    2703, 2703
    3749, 3749
    2735, 2735
    3683, 3683
    1517, 1517
    167, 167
    2935, 2935
    3277, 3277
    3285, 3285
    3343, 3343
    2590, 2590
    2673, 2673
    3581, 3581
    1094, 1094
    3527, 3527
    16, 16
    3560, 3560
    478, 478
    3932, 3932
    3286, 3286
    2851, 2851
    1632, 1632
    1899, 1899
    231, 231
    365, 365
    2954, 2954
    1485, 1485
    3566, 3566
    539, 539
    2461, 2461
    2910, 2910
    3296, 3296
    1579, 1579
    3877, 3877
    2781, 2781
    2899, 2899
    1680, 1680
    465, 465
    1902, 1902
    2463, 2463
    966, 966
    1880, 1880
    3, 3
    3440, 3440
    3993, 3993
    2431, 2431
    476, 476
    1968, 1968
    1833, 1833
    1028, 1028
    817, 817
    2194, 2194
    2072, 2072
    1265, 1265
    1696, 1696
    2950, 2950
    945, 945
    3615, 3615
    3959, 3959
    2394, 2394
    3411, 3411
    2102, 2102
    225, 225
    1844, 1844
    2602, 2602
    692, 692
    3179, 3179
    2123, 2123
    2685, 2685
    3578, 3578
    3259, 3259
    3643, 3643
    247, 247
    3170, 3170
    1911, 1911
    2802, 2802
    1774, 1774
    1806, 1806
    3817, 3817
    1569, 1569
    3273, 3273
    820, 820
    2375, 2375
    568, 568
    3181, 3181
    734, 734
    3033, 3033
    2853, 2853
    2353, 2353
    2537, 2537
    1965, 1965
    3834, 3834
    3949, 3949
    1024, 1024
    727, 727
    821, 821
    244, 244
    2356, 2356
    3338, 3338
    264, 264
    1254, 1254
    3648, 3648
    579, 579
    3480, 3480
    2116, 2116
    2030, 2030
    3913, 3913
    985, 985
    3656, 3656
    3320, 3320
    408, 408
    589, 589
    3555, 3555
    297, 297
    3785, 3785
    1762, 1762
    2230, 2230
    752, 752
    1513, 1513
    463, 463
    864, 864
    3548, 3548
    624, 624
    2290, 2290
    3676, 3676
    3797, 3797
    3282, 3282
    726, 726
    2147, 2147
    2337, 2337
    2096, 2096
    2832, 2832
    3449, 3449
    3827, 3827
    1019, 1019
    3171, 3171
    2983, 2983
    2012, 2012
    1404, 1404
    2479, 2479
    1787, 1787
    702, 702
    2165, 2165
    1791, 1791
    711, 711
    1145, 1145
    2403, 2403
    219, 219
    1413, 1413
    2053, 2053
    2354, 2354
    1232, 1232
    1546, 1546
    1433, 1433
    1143, 1143
    828, 828
    2452, 2452
    3129, 3129
    14, 14
    3627, 3627
    1144, 1144
    2456, 2456
    280, 280
    2766, 2766
    2821, 2821
    116, 116
    1769, 1769
    1348, 1348
    283, 283
    3556, 3556
    3376, 3376
    736, 736
    2962, 2962
    3355, 3355
    1994, 1994
    1668, 1668
    2066, 2066
    3924, 3924
    1900, 1900
    188, 188
    1138, 1138
    2020, 2020
    1159, 1159
    805, 805
    979, 979
    2747, 2747
    2485, 2485
    2399, 2399
    3742, 3742
    3568, 3568
    1703, 1703
    1246, 1246
    3795, 3795
    3031, 3031
    2900, 2900
    3567, 3567
    2880, 2880
    3542, 3542
    370, 370
    3236, 3236
    968, 968
    807, 807
    3580, 3580
    3837, 3837
    1004, 1004
    2298, 2298
    1706, 1706
    2948, 2948
    208, 208
    1269, 1269
    2753, 2753
    80, 80
    932, 932
    1788, 1788
    1037, 1037
    477, 477
    685, 685
    1937, 1937
    1204, 1204
    1997, 1997
    177, 177
    2925, 2925
    1903, 1903
    2440, 2440
    3217, 3217
    2111, 2111
    1157, 1157
    3800, 3800
    1812, 1812
    2981, 2981
    795, 795
    1883, 1883
    274, 274
    3206, 3206
    43, 43
    3069, 3069
    829, 829
    1400, 1400
    2918, 2918
    897, 897
    426, 426
    1353, 1353
    1245, 1245
    3944, 3944
    2005, 2005
    2844, 2844
    3595, 3595
    1739, 1739
    3255, 3255
    1960, 1960
    52, 52
    3166, 3166
    1814, 1814
    1885, 1885
    2484, 2484
    1753, 1753
    2551, 2551
    3610, 3610
    2859, 2859
    1694, 1694
    2124, 2124
    3674, 3674
    325, 325
    1889, 1889
    3001, 3001
    1588, 1588
    1663, 1663
    996, 996
    3507, 3507
    3930, 3930
    1426, 1426
    1196, 1196
    755, 755
    926, 926
    1384, 1384
    3849, 3849
    2099, 2099
    3967, 3967
    2885, 2885
    2563, 2563
    741, 741
    3028, 3028
    3050, 3050
    21, 21
    73, 73
    3204, 3204
    174, 174
    2764, 2764
    345, 345
    1258, 1258
    3136, 3136
    3112, 3112
    3552, 3552
    3264, 3264
    1051, 1051
    1235, 1235
    1319, 1319
    3060, 3060
    3370, 3370
    1429, 1429
    1325, 1325
    3934, 3934
    1427, 1427
    218, 218
    1059, 1059
    2240, 2240
    1915, 1915
    2557, 2557
    3871, 3871
    1219, 1219
    2608, 2608
    2270, 2270
    3958, 3958
    2729, 2729
    1993, 1993
    1399, 1399
    200, 200
    3532, 3532
    3882, 3882
    839, 839
    3310, 3310
    3404, 3404
    3383, 3383
    965, 965
    2101, 2101
    799, 799
    709, 709
    3866, 3866
    2531, 2531
    1803, 1803
    3705, 3705
    2291, 2291
    1137, 1137
    3799, 3799
    1515, 1515
    2826, 2826
    3598, 3598
    1868, 1868
    2749, 2749
    2339, 2339
    1091, 1091
    679, 679
    1983, 1983
    3696, 3696
    1286, 1286
    2550, 2550
    3711, 3711
    1072, 1072
    2552, 2552
    485, 485
    3105, 3105
    3619, 3619
    2071, 2071
    2019, 2019
    2647, 2647
    121, 121
    934, 934
    2376, 2376
    849, 849
    3845, 3845
    3979, 3979
    3987, 3987
    1742, 1742
    318, 318
    311, 311
    1898, 1898
    2977, 2977
    2891, 2891
    127, 127
    3623, 3623
    3690, 3690
    451, 451
    3547, 3547
    549, 549
    1420, 1420
    3107, 3107
    1536, 1536
    1102, 1102
    1681, 1681
    142, 142
    3412, 3412
    2457, 2457
    169, 169
    1556, 1556
    1212, 1212
    3151, 3151
    2727, 2727
    2628, 2628
    801, 801
    2819, 2819
    2916, 2916
    2988, 2988
    2903, 2903
    3141, 3141
    3418, 3418
    3114, 3114
    3735, 3735
    1162, 1162
    2189, 2189
    1683, 1683
    1942, 1942
    3020, 3020
    694, 694
    661, 661
    2705, 2705
    2741, 2741
    3165, 3165
    1773, 1773
    1610, 1610
    1724, 1724
    3186, 3186
    1607, 1607
    590, 590
    199, 199
    436, 436
    1600, 1600
    1317, 1317
    3994, 3994
    1131, 1131
    970, 970
    1943, 1943
    3478, 3478
    2934, 2934
    1129, 1129
    1033, 1033
    3858, 3858
    1626, 1626
    3467, 3467
    2674, 2674
    3490, 3490
    3333, 3333
    1563, 1563
    2644, 2644
    1006, 1006
    2149, 2149
    1767, 1767
    395, 395
    3363, 3363
    1670, 1670
    2653, 2653
    3070, 3070
    1639, 1639
    887, 887
    2416, 2416
    1491, 1491
    3658, 3658
    3022, 3022
    1363, 1363
    3738, 3738
    1715, 1715
    108, 108
    1555, 1555
    627, 627
    2322, 2322
    458, 458
    193, 193
    2997, 2997
    3842, 3842
    2089, 2089
    1324, 1324
    2352, 2352
    79, 79
    3323, 3323
    704, 704
    1597, 1597
    23, 23
    2512, 2512
    2219, 2219
    2358, 2358
    565, 565
    1488, 1488
    1896, 1896
    1723, 1723
    3271, 3271
    2940, 2940
    2718, 2718
    975, 975
    3299, 3299
    3473, 3473
    1153, 1153
    984, 984
    927, 927
    2251, 2251
    3630, 3630
    1978, 1978
    97, 97
    1344, 1344
    2471, 2471
    651, 651
    3023, 3023
    657, 657
    3089, 3089
    642, 642
    2253, 2253
    2524, 2524
    2, 2
    150, 150
    3267, 3267
    3885, 3885
    631, 631
    3863, 3863
    2993, 2993
    403, 403
    2627, 2627
    2278, 2278
    2768, 2768
    392, 392
    2112, 2112
    3405, 3405
    2496, 2496
    1646, 1646
    3861, 3861
    211, 211
    3899, 3899
    2276, 2276
    2489, 2489
    2295, 2295
    2778, 2778
    3062, 3062
    2453, 2453
    725, 725
    87, 87
    1436, 1436
    107, 107
    2929, 2929
    394, 394
    1464, 1464
    262, 262
    3791, 3791
    3195, 3195
    1081, 1081
    2617, 2617
    3158, 3158
    740, 740
    2743, 2743
    2786, 2786
    1268, 1268
    1047, 1047
    1453, 1453
    1805, 1805
    221, 221
    1672, 1672
    317, 317
    1465, 1465
    688, 688
    213, 213
    2847, 2847
    1274, 1274
    3793, 3793
    2733, 2733
    180, 180
    791, 791
    3925, 3925
    2391, 2391
    3088, 3088
    747, 747
    3933, 3933
    1297, 1297
    557, 557
    2698, 2698
    1482, 1482
    2288, 2288
    3385, 3385
    3847, 3847
    3403, 3403
    3147, 3147
    1751, 1751
    425, 425
    327, 327
    10, 10
    1406, 1406
    2120, 2120
    3816, 3816
    2427, 2427
    234, 234
    3859, 3859
    3673, 3673
    1366, 1366
    652, 652
    2139, 2139
    3521, 3521
    3906, 3906
    1870, 1870
    790, 790
    293, 293
    2856, 2856
    138, 138
    2098, 2098
    2565, 2565
    3850, 3850
    625, 625
    3943, 3943
    3562, 3562
    2651, 2651
    1869, 1869
    2119, 2119
    3375, 3375
    1039, 1039
    2348, 2348
    3416, 3416
    2763, 2763
    1087, 1087
    714, 714
    2921, 2921
    3096, 3096
    339, 339
    2459, 2459
    2724, 2724
    1586, 1586
    2273, 2273
    2447, 2447
    2128, 2128
    3624, 3624
    2618, 2618
    548, 548
    2326, 2326
    2620, 2620
    245, 245
    2095, 2095
    1253, 1253
    1655, 1655
    2858, 2858
    3125, 3125
    1664, 1664
    1126, 1126
    513, 513
    3577, 3577
    3534, 3534
    3008, 3008
    1288, 1288
    176, 176
    1929, 1929
    3843, 3843
    453, 453
    781, 781
    284, 284
    18, 18
    3513, 3513
    1423, 1423
    3613, 3613
    2920, 2920
    170, 170
    554, 554
    2136, 2136
    1940, 1940
    3844, 3844
    99, 99
    3713, 3713
    3543, 3543
    2311, 2311
    519, 519
    2329, 2329
    3058, 3058
    1905, 1905
    157, 157
    1594, 1594
    1784, 1784
    3247, 3247
    1629, 1629
    830, 830
    2706, 2706
    44, 44
    3823, 3823
    3153, 3153
    1257, 1257
    3603, 3603
    1342, 1342
    1458, 1458
    1790, 1790
    1035, 1035
    1113, 1113
    1616, 1616
    3455, 3455
    267, 267
    2731, 2731
    673, 673
    771, 771
    411, 411
    2084, 2084
    1841, 1841
    3083, 3083
    3641, 3641
    2347, 2347
    3072, 3072
    3174, 3174
    758, 758
    1124, 1124
    3869, 3869
    2341, 2341
    2955, 2955
    78, 78
    2035, 2035
    1451, 1451
    796, 796
    649, 649
    3032, 3032
    3106, 3106
    64, 64
    935, 935
    1686, 1686
    2300, 2300
    2522, 2522
    1901, 1901
    3491, 3491
    2607, 2607
    2307, 2307
    636, 636
    3991, 3991
    24, 24
    580, 580
    3024, 3024
    2770, 2770
    1401, 1401
    1302, 1302
    2271, 2271
    2159, 2159
    3517, 3517
    3110, 3110
    1148, 1148
    1755, 1755
    55, 55
    1167, 1167
    3692, 3692
    1088, 1088
    1780, 1780
    2639, 2639
    2225, 2225
    2064, 2064
    450, 450
    3826, 3826
    644, 644
    259, 259
    695, 695
    3707, 3707
    712, 712
    3257, 3257
    1736, 1736
    2248, 2248
    287, 287
    768, 768
    1055, 1055
    2666, 2666
    38, 38
    1398, 1398
    515, 515
    2708, 2708
    178, 178
    2328, 2328
    3406, 3406
    3922, 3922
    696, 696
    3156, 3156
    3830, 3830
    2619, 2619
    1323, 1323
    3040, 3040
    3402, 3402
    1487, 1487
    1411, 1411
    3724, 3724
    2554, 2554
    3294, 3294
    3424, 3424
    2748, 2748
    2878, 2878
    626, 626
    665, 665
    2587, 2587
    2182, 2182
    2400, 2400
    993, 993
    1349, 1349
    3168, 3168
    2883, 2883
    2854, 2854
    3706, 3706
    1581, 1581
    2525, 2525
    2817, 2817
    3051, 3051
    3663, 3663
    2951, 2951
    2383, 2383
    1040, 1040
    140, 140
    1118, 1118
    3074, 3074
    209, 209
    2031, 2031
    3229, 3229
    1653, 1653
    491, 491
    2887, 2887
    1867, 1867
    3100, 3100
    1074, 1074
    2261, 2261
    2336, 2336
    2178, 2178
    143, 143
    1920, 1920
    2254, 2254
    1180, 1180
    2172, 2172
    1272, 1272
    3853, 3853
    1608, 1608
    2016, 2016
    1105, 1105
    3506, 3506
    1657, 1657
    2596, 2596
    1457, 1457
    2078, 2078
    967, 967
    1876, 1876
    617, 617
    1199, 1199
    1467, 1467
    3857, 3857
    2033, 2033
    148, 148
    111, 111
    3303, 3303
    3359, 3359
    2970, 2970
    164, 164
    3258, 3258
    2697, 2697
    614, 614
    1873, 1873
    424, 424
    2448, 2448
    1749, 1749
    3148, 3148
    2866, 2866
    3614, 3614
    691, 691
    3015, 3015
    1010, 1010
    722, 722
    972, 972
    1351, 1351
    326, 326
    2860, 2860
    2707, 2707
    566, 566
    2050, 2050
    12, 12
    2663, 2663
    1598, 1598
    1674, 1674
    502, 502
    2313, 2313
    171, 171
    1895, 1895
    2943, 2943
    2186, 2186
    1080, 1080
    1676, 1676
    3360, 3360
    1567, 1567
    3048, 3048
    1346, 1346
    2650, 2650
    1277, 1277
    3982, 3982
    3117, 3117
    3176, 3176
    1838, 1838
    886, 886
    556, 556
    1731, 1731
    1412, 1412
    3272, 3272
    2994, 2994
    1338, 1338
    924, 924
    3682, 3682
    184, 184
    989, 989
    3120, 3120
    251, 251
    2571, 2571
    2011, 2011
    90, 90
    3522, 3522
    3382, 3382
    2582, 2582
    238, 238
    2209, 2209
    2349, 2349
    1459, 1459
    69, 69
    1248, 1248
    664, 664
    1409, 1409
    3851, 3851
    925, 925
    3043, 3043
    1405, 1405
    2723, 2723
    1290, 1290
    3200, 3200
    854, 854
    242, 242
    3232, 3232
    1194, 1194
    1296, 1296
    3910, 3910
    3590, 3590
    2475, 2475
    2662, 2662
    3620, 3620
    322, 322
    1285, 1285
    2236, 2236
    1969, 1969
    2026, 2026
    3955, 3955
    2275, 2275
    2721, 2721
    51, 51
    1264, 1264
    2776, 2776
    2003, 2003
    3410, 3410
    2441, 2441
    2156, 2156
    106, 106
    2523, 2523
    442, 442
    3368, 3368
    3000, 3000
    3659, 3659
    2924, 2924
    3698, 3698
    1447, 1447
    3525, 3525
    957, 957
    3076, 3076
    963, 963
    2732, 2732
    2332, 2332
    3152, 3152
    845, 845
    555, 555
    313, 313
    2090, 2090
    724, 724
    635, 635
    1620, 1620
    3488, 3488
    103, 103
    3775, 3775
    3766, 3766
    1503, 1503
    1343, 1343
    3977, 3977
    3101, 3101
    63, 63
    562, 562
    701, 701
    2384, 2384
    1174, 1174
    1967, 1967
    2574, 2574
    1528, 1528
    3292, 3292
    1340, 1340
    1259, 1259
    2122, 2122
    265, 265
    3672, 3672
    907, 907
    1155, 1155
    2239, 2239
    3225, 3225
    1470, 1470
    3446, 3446
    2957, 2957
    2701, 2701
    2642, 2642
    2757, 2757
    498, 498
    2841, 2841
    1754, 1754
    2110, 2110
    3300, 3300
    2886, 2886
    2823, 2823
    893, 893
    1018, 1018
    3471, 3471
    706, 706
    405, 405
    2518, 2518
    486, 486
    67, 67
    949, 949
    1116, 1116
    1069, 1069
    2598, 2598
    2196, 2196
    3005, 3005
    2476, 2476
    2105, 2105
    1809, 1809
    1215, 1215
    824, 824
    2216, 2216
    2498, 2498
    1169, 1169
    2281, 2281
    439, 439
    1781, 1781
    1309, 1309
    3669, 3669
    1142, 1142
    524, 524
    2846, 2846
    2810, 2810
    1022, 1022
    3737, 3737
    3335, 3335
    1615, 1615
    2289, 2289
    1748, 1748
    315, 315
    3814, 3814
    1804, 1804
    3638, 3638
    1695, 1695
    629, 629
    3960, 3960
    987, 987
    3358, 3358
    3856, 3856
    483, 483
    1802, 1802
    1886, 1886
    3835, 3835
    1688, 1688
    194, 194
    1794, 1794
    2028, 2028
    2869, 2869
    37, 37
    296, 296
    2260, 2260
    1252, 1252
    3190, 3190
    982, 982
    1408, 1408
    1974, 1974
    2809, 2809
    1575, 1575
    2117, 2117
    3607, 3607
    3892, 3892
    3717, 3717
    1029, 1029
    825, 825
    769, 769
    1416, 1416
    3838, 3838
    858, 858
    3848, 3848
    1510, 1510
    778, 778
    181, 181
    2138, 2138
    118, 118
    3242, 3242
    1331, 1331
    1866, 1866
    2195, 2195
    1322, 1322
    1306, 1306
    350, 350
    3773, 3773
    419, 419
    3573, 3573
    1390, 1390
    789, 789
    1858, 1858
    3436, 3436
    2284, 2284
    3563, 3563
    2492, 2492
    909, 909
    3779, 3779
    1752, 1752
    260, 260
    575, 575
    3124, 3124
    2681, 2681
    3428, 3428
    2881, 2881
    1432, 1432
    667, 667
    215, 215
    179, 179
    3393, 3393
    1089, 1089
    1381, 1381
    882, 882
    3912, 3912
    1043, 1043
    2007, 2007
    1862, 1862
    3093, 3093
    1763, 1763
    3879, 3879
    2656, 2656
    3702, 3702
    2114, 2114
    2985, 2985
    220, 220
    3386, 3386
    1685, 1685
    1446, 1446
    1165, 1165
    2097, 2097
    3013, 3013
    2508, 2508
    1218, 1218
    2501, 2501
    954, 954
    710, 710
    2775, 2775
    2613, 2613
    233, 233
    1489, 1489
    3864, 3864
    3057, 3057
    3596, 3596
    958, 958
    136, 136
    1590, 1590
    203, 203
    2402, 2402
    836, 836
    1799, 1799
    803, 803
    3417, 3417
    1595, 1595
    2015, 2015
    1750, 1750
    1592, 1592
    1430, 1430
    1819, 1819
    3116, 3116
    855, 855
    529, 529
    1294, 1294
    2146, 2146
    604, 604
    1832, 1832
    606, 606
    1782, 1782
    2815, 2815
    2654, 2654
    3025, 3025
    3326, 3326
    689, 689
    3881, 3881
    3992, 3992
    3321, 3321
    1777, 1777
    3789, 3789
    783, 783
    3667, 3667
    2346, 2346
    576, 576
    928, 928
    3855, 3855
    3457, 3457
    3520, 3520
    1107, 1107
    15, 15
    3660, 3660
    3999, 3999
    3564, 3564
    1479, 1479
    26, 26
    1618, 1618
    2740, 2740
    3155, 3155
    3561, 3561
    2813, 2813
    272, 272
    2157, 2157
    41, 41
    1601, 1601
    3699, 3699
    3017, 3017
    104, 104
    883, 883
    2544, 2544
    214, 214
    3371, 3371
    584, 584
    1229, 1229
    1818, 1818
    3221, 3221
    2670, 2670
    2018, 2018
    3356, 3356
    2054, 2054
    2845, 2845
    2002, 2002
    3113, 3113
    892, 892
    3161, 3161
    1936, 1936
    3216, 3216
    1450, 1450
    1224, 1224
    2737, 2737
    3952, 3952
    571, 571
    1916, 1916
    2420, 2420
    1643, 1643
    1562, 1562
    493, 493
    2855, 2855
    505, 505
    643, 643
    564, 564
    2575, 2575
    3636, 3636
    3041, 3041
    3703, 3703
    1197, 1197
    1141, 1141
    1652, 1652
    2226, 2226
    2599, 2599
    1682, 1682
    3233, 3233
    2176, 2176
    861, 861
    2568, 2568
    3531, 3531
    2351, 2351
    550, 550
    2129, 2129
    1158, 1158
    3464, 3464
    1699, 1699
    278, 278
    669, 669
    1020, 1020
    2171, 2171
    484, 484
    1392, 1392
    2185, 2185
    1251, 1251
    1075, 1075
    3135, 3135
    3353, 3353
    349, 349
    2438, 2438
    802, 802
    2754, 2754
    1160, 1160
    3950, 3950
    3149, 3149
    417, 417
    3055, 3055
    1622, 1622
    2908, 2908
    2382, 2382
    2154, 2154
    1631, 1631
    3396, 3396
    1, 1
    3331, 3331
    2738, 2738
    1106, 1106
    494, 494
    3935, 3935
    3500, 3500
    1147, 1147
    1660, 1660
    2227, 2227
    951, 951
    3456, 3456
    2777, 2777
    379, 379
    1930, 1930
    2892, 2892
    1737, 1737
    3160, 3160
    2495, 2495
    2233, 2233
    3740, 3740
    2576, 2576
    468, 468
    1222, 1222
    895, 895
    31, 31
    1892, 1892
    2534, 2534
    1839, 1839
    2863, 2863
    7, 7
    1207, 1207
    834, 834
    1979, 1979
    354, 354
    3642, 3642
    2586, 2586
    1894, 1894
    1455, 1455
    3904, 3904
    2143, 2143
    1394, 1394
    1857, 1857
    1015, 1015
    715, 715
    1768, 1768
    1727, 1727
    3680, 3680
    3928, 3928
    1827, 1827
    2877, 2877
    630, 630
    2818, 2818
    3763, 3763
    2286, 2286
    459, 459
    1134, 1134
    444, 444
    759, 759
    372, 372
    3243, 3243
    3123, 3123
    1522, 1522
    835, 835
    1807, 1807
    1313, 1313
    2982, 2982
    3154, 3154
    34, 34
    1673, 1673
    1541, 1541
    236, 236
    2167, 2167
    3794, 3794
    1512, 1512
    2591, 2591
    1821, 1821
    1016, 1016
    3337, 3337
    1452, 1452
    2609, 2609
    1220, 1220
    1729, 1729
    2421, 2421
    582, 582
    3287, 3287
    1707, 1707
    2255, 2255
    1226, 1226
    1721, 1721
    540, 540
    299, 299
    2876, 2876
    319, 319
    3606, 3606
    84, 84
    2462, 2462
    541, 541
    189, 189
    2716, 2716
    1719, 1719
    3518, 3518
    3512, 3512
    3098, 3098
    969, 969
    994, 994
    2082, 2082
    1293, 1293
    912, 912
    512, 512
    3962, 3962
    1542, 1542
    640, 640
    1260, 1260
    2379, 2379
    2184, 2184
    420, 420
    3651, 3651
    2429, 2429
    3867, 3867
    1339, 1339
    2604, 2604
    2265, 2265
    3209, 3209
    1198, 1198
    1938, 1938
    3452, 3452
    1483, 1483
    852, 852
    114, 114
    3854, 3854
    1057, 1057
    2897, 2897
    1410, 1410
    3983, 3983
    460, 460
    1859, 1859
    765, 765
    581, 581
    953, 953
    2477, 2477
    100, 100
    2824, 2824
    1511, 1511
    3487, 3487
    29, 29
    3063, 3063
    504, 504
    2998, 2998
    3637, 3637
    2699, 2699
    838, 838
    3586, 3586
    3515, 3515
    586, 586
    3732, 3732
    3146, 3146
    1498, 1498
    944, 944
    40, 40
    728, 728
    1424, 1424
    1414, 1414
    120, 120
    2833, 2833
    3665, 3665
    3203, 3203
    288, 288
    1443, 1443
    321, 321
    1034, 1034
    2959, 2959
    1329, 1329
    2034, 2034
    123, 123
    1708, 1708
    2811, 2811
    1765, 1765
    1829, 1829
    125, 125
    3007, 3007
    639, 639
    3599, 3599
    406, 406
    3911, 3911
    1702, 1702
    3381, 3381
    344, 344
    1728, 1728
    2318, 2318
    1744, 1744
    596, 596
    464, 464
    1250, 1250
    2077, 2077
    1720, 1720
    2145, 2145
    3798, 3798
    3316, 3316
    2569, 2569
    3931, 3931
    940, 940
    3919, 3919
    2342, 2342
    3721, 3721
    2730, 2730
    2130, 2130
    3884, 3884
    1046, 1046
    1991, 1991
    163, 163
    182, 182
    308, 308
    2588, 2588
    1460, 1460
    1865, 1865
    3575, 3575
    3099, 3099
    1521, 1521
    1820, 1820
    1605, 1605
    156, 156
    774, 774
    3429, 3429
    497, 497
    3537, 3537
    3054, 3054
    1203, 1203
    1587, 1587
    520, 520
    1213, 1213
    2547, 2547
    2922, 2922
    2795, 2795
    3460, 3460
    2664, 2664
    1383, 1383
    2589, 2589
    2516, 2516
    3734, 3734
    2870, 2870
    3668, 3668
    246, 246
    454, 454
    2008, 2008
    3184, 3184
    3180, 3180
    3208, 3208
    1570, 1570
    798, 798
    1419, 1419
    3691, 3691
    2249, 2249
    2867, 2867
    431, 431
    1326, 1326
    2580, 2580
    543, 543
    2528, 2528
    2450, 2450
    132, 132
    82, 82
    3253, 3253
    3187, 3187
    1928, 1928
    3747, 3747
    192, 192
    1879, 1879
    1583, 1583
    1909, 1909
    2505, 2505
    144, 144
    1684, 1684
    1444, 1444
    620, 620
    3647, 3647
    3831, 3831
    334, 334
    2937, 2937
    3984, 3984
    2014, 2014
    577, 577
    3298, 3298
    1971, 1971
    147, 147
    227, 227
    1368, 1368
    2987, 2987
    1175, 1175
    978, 978
    521, 521
    3394, 3394
    670, 670
    3937, 3937
    1571, 1571
    1573, 1573
    1671, 1671
    3164, 3164
    1240, 1240
    1073, 1073
    3920, 3920
    268, 268
    3796, 3796
    1042, 1042
    2335, 2335
    2076, 2076
    3631, 3631
    745, 745
    3034, 3034
    3611, 3611
    2691, 2691
    83, 83
    3463, 3463
    956, 956
    2401, 2401
    3526, 3526
    3689, 3689
    3240, 3240
    1975, 1975
    1711, 1711
    2451, 2451
    2193, 2193
    1186, 1186
    844, 844
    3090, 3090
    1746, 1746
    3357, 3357
    312, 312
    2458, 2458
    3997, 3997
    2121, 2121
    3936, 3936
    3252, 3252
    3589, 3589
    371, 371
    3784, 3784
    137, 137
    2057, 2057
    2170, 2170
    1565, 1565
    2068, 2068
    1520, 1520
    1887, 1887
    2687, 2687
    609, 609
    3754, 3754
    658, 658
    1354, 1354
    3427, 3427
    3108, 3108
    62, 62
    1230, 1230
    3539, 3539
    3592, 3592
    921, 921
    3339, 3339
    3733, 3733
    2115, 2115
    3439, 3439
    3557, 3557
    271, 271
    3723, 3723
    3305, 3305
    2893, 2893
    3759, 3759
    1205, 1205
    2387, 2387
    1552, 1552
    638, 638
    3211, 3211
    2468, 2468
    1052, 1052
    3926, 3926
    2150, 2150
    145, 145
    1318, 1318
    3351, 3351
    1303, 1303
    3059, 3059
    2890, 2890
    1393, 1393
    39, 39
    3787, 3787
    2497, 2497
    2223, 2223
    827, 827
    2744, 2744
    2601, 2601
    2042, 2042
    2041, 2041
    1320, 1320
    3474, 3474
    2029, 2029
    2134, 2134
    1733, 1733
    2784, 2784
    2614, 2614
    1662, 1662
    2309, 2309
    607, 607
    1998, 1998
    3874, 3874
    429, 429
    619, 619
    2238, 2238
    1481, 1481
    1548, 1548
    1877, 1877
    810, 810
    428, 428
    3790, 3790
    2553, 2553
    884, 884
    3266, 3266
    3530, 3530
    2625, 2625
    848, 848
    3918, 3918
    1630, 1630
    2036, 2036
    3574, 3574
    826, 826
    2772, 2772
    3081, 3081
    1849, 1849
    2153, 2153
    113, 113
    2875, 2875
    3366, 3366
    3621, 3621
    3545, 3545
    3968, 3968
    786, 786
    1766, 1766
    3448, 3448
    3183, 3183
    2397, 2397
    1068, 1068
    901, 901
    1508, 1508
    342, 342
    1732, 1732
    889, 889
    3752, 3752
    2926, 2926
    2395, 2395
    3228, 3228
    2001, 2001
    1837, 1837
    1187, 1187
    2125, 2125
    2279, 2279
    1613, 1613
    401, 401
    32, 32
    3872, 3872
    3736, 3736
    905, 905
    3071, 3071
    811, 811
    346, 346
    3308, 3308
    269, 269
    356, 356
    2616, 2616
    3301, 3301
    3514, 3514
    2312, 2312
    2567, 2567
    682, 682
    637, 637
    2814, 2814
    3009, 3009
    1372, 1372
    1236, 1236
    154, 154
    1747, 1747
    2038, 2038
    2865, 2865
    3765, 3765
    3757, 3757
    3776, 3776
    1407, 1407
    3600, 3600
    3873, 3873
    3444, 3444
    1380, 1380
    1941, 1941
    1970, 1970
    2297, 2297
    407, 407
    445, 445
    1698, 1698
    1225, 1225
    1345, 1345
    3422, 3422
    1651, 1651
    1239, 1239
    290, 290
    2984, 2984
    2142, 2142
    735, 735
    1261, 1261
    197, 197
    981, 981
    2992, 2992
    1958, 1958
    470, 470
    1201, 1201
    531, 531
    3597, 3597
    1617, 1617
    1478, 1478
    1185, 1185
    3981, 3981
    3852, 3852
    671, 671
    1104, 1104
    168, 168
    146, 146
    3748, 3748
    3192, 3192
    1385, 1385
    383, 383
    2942, 2942
    1504, 1504
    3234, 3234
    1382, 1382
    1365, 1365
    1111, 1111
    618, 618
    567, 567
    36, 36
    3890, 3890
    3811, 3811
    1538, 1538
    851, 851
    730, 730
    2203, 2203
    1525, 1525
    1783, 1783
    2622, 2622
    1878, 1878
    2638, 2638
    2917, 2917
    3609, 3609
    2684, 2684
    2488, 2488
    2872, 2872
    3068, 3068
    3466, 3466
    172, 172
    3833, 3833
    3629, 3629
    1502, 1502
    1289, 1289
    2287, 2287
    1063, 1063
    2789, 2789
    842, 842
    166, 166
    173, 173
    76, 76
    3486, 3486
    1140, 1140
    632, 632
    471, 471
    1421, 1421
    2641, 2641
    3980, 3980
    3347, 3347
    2133, 2133
    2677, 2677
    546, 546
    1050, 1050
    3528, 3528
    474, 474
    3245, 3245
    3276, 3276
    1855, 1855
    1125, 1125
    89, 89
    333, 333
    2570, 2570
    1624, 1624
    3661, 3661
    1948, 1948
    410, 410
    746, 746
    2820, 2820
    1146, 1146
    1238, 1238
    813, 813
    2659, 2659
    2491, 2491
    487, 487
    780, 780
    400, 400
    2507, 2507
    2164, 2164
    2767, 2767
    3602, 3602
    9, 9
    3091, 3091
    2938, 2938
    58, 58
    874, 874
    13, 13
    3948, 3948
    1710, 1710
    2779, 2779
    1645, 1645
    60, 60
    534, 534
    2971, 2971
    3430, 3430
    341, 341
    2593, 2593
    2246, 2246
    770, 770
    1700, 1700
    3327, 3327
    3897, 3897
    3369, 3369
    3313, 3313
    204, 204
    1912, 1912
    3688, 3688
    1278, 1278
    1335, 1335
    2025, 2025
    159, 159
    0, 0
    3094, 3094
    2473, 2473
    2299, 2299
    1995, 1995
    2160, 2160
    1828, 1828
    645, 645
    2873, 2873
    1061, 1061
    261, 261
    1824, 1824
    678, 678
    191, 191
    2904, 2904
    2712, 2712
    3162, 3162
    1713, 1713
    3908, 3908
    2874, 2874
    3570, 3570
    1647, 1647
    129, 129
    3654, 3654
    3582, 3582
    2327, 2327
    2759, 2759
    3585, 3585
    3927, 3927
    1550, 1550
    1835, 1835
    2610, 2610
    913, 913
    980, 980
    655, 655
    1369, 1369
    2861, 2861
    787, 787
    2435, 2435
    6, 6
    330, 330
    2665, 2665
    3395, 3395
    1697, 1697
    3065, 3065
    1589, 1589
    3961, 3961
    2931, 2931
    542, 542
    2543, 2543
    3497, 3497
    2595, 2595
    3653, 3653
    2417, 2417
    1471, 1471
    2758, 2758
    1179, 1179
    2499, 2499
    1442, 1442
    1973, 1973
    3121, 3121
    983, 983
    552, 552
    1150, 1150
    3750, 3750
    187, 187
    3027, 3027
    1375, 1375
    323, 323
    3037, 3037
    1875, 1875
    50, 50
    2829, 2829
    2296, 2296
    628, 628
    1027, 1027
    2693, 2693
    3840, 3840
    1591, 1591
    1462, 1462
    2658, 2658
    1275, 1275
    2083, 2083
    3583, 3583
    2331, 2331
    3686, 3686
    1678, 1678
    2790, 2790
    1931, 1931
    54, 54
    716, 716
    2726, 2726
    1811, 1811
    2444, 2444
    480, 480
    3969, 3969
    2168, 2168
    1402, 1402
    663, 663
    3462, 3462
    648, 648
    2769, 2769
    3230, 3230
    237, 237
    3143, 3143
    833, 833
    2755, 2755
    3788, 3788
    693, 693
    2333, 2333
    3963, 3963
    3433, 3433
    1926, 1926
    3804, 3804
    3704, 3704
    1468, 1468
    3860, 3860
    816, 816
    3769, 3769
    3846, 3846
    413, 413
    2443, 2443
    161, 161
    1913, 1913
    2062, 2062
    3753, 3753
    738, 738
    1786, 1786
    1434, 1434
    1233, 1233
    2649, 2649
    294, 294
    904, 904
    286, 286
    1064, 1064
    3423, 3423
    415, 415
    2541, 2541
    1743, 1743
    2229, 2229
    93, 93
    2782, 2782
    250, 250
    3279, 3279
    2978, 2978
    862, 862
    1962, 1962
    507, 507
    2941, 2941
    757, 757
    797, 797
    88, 88
    2480, 2480
    149, 149
    475, 475
    3415, 3415
    1516, 1516
    374, 374
    3841, 3841
    490, 490
    2359, 2359
    3400, 3400
    2483, 2483
    772, 772
    2600, 2600
    509, 509
    109, 109
    303, 303
    2787, 2787
    2466, 2466
    2188, 2188
    3727, 3727
    2597, 2597
    2350, 2350
    3346, 3346
    185, 185
    896, 896
    2857, 2857
    3503, 3503
    599, 599
    3207, 3207
    3951, 3951
    254, 254
    3341, 3341
    1745, 1745
    3886, 3886
    698, 698
    3254, 3254
    1523, 1523
    903, 903
    2889, 2889
    479, 479
    1110, 1110
    2996, 2996
    66, 66
    995, 995
    779, 779
    3461, 3461
    1373, 1373
    2581, 2581
    2404, 2404
    1992, 1992
    472, 472
    3862, 3862
    1328, 1328
    337, 337
    1463, 1463
    3249, 3249
    3755, 3755
    2868, 2868
    2626, 2626
    2704, 2704
    2017, 2017
    1845, 1845
    1127, 1127
    2374, 2374
    1717, 1717
    3380, 3380
    2415, 2415
    2783, 2783
    3666, 3666
    881, 881
    3479, 3479
    964, 964
    3324, 3324
    2137, 2137
    1128, 1128
    2148, 2148
    3966, 3966
    3431, 3431
    1602, 1602
    2799, 2799
    2214, 2214
    3397, 3397
    3780, 3780
    2864, 2864
    3678, 3678
    328, 328
    3450, 3450
    158, 158
    3782, 3782
    612, 612
    3591, 3591
    533, 533
    3103, 3103
    2780, 2780
    367, 367
    282, 282
    1951, 1951
    1065, 1065
    2689, 2689
    2509, 2509
    135, 135
    764, 764
    3364, 3364
    775, 775
    753, 753
    1189, 1189
    991, 991
    2357, 2357
    1298, 1298
    1576, 1576
    3268, 3268
    2442, 2442
    375, 375
    1822, 1822
    1178, 1178
    2406, 2406
    2241, 2241
    2470, 2470
    3970, 3970
    832, 832
    2213, 2213
    3777, 3777
    3336, 3336
    1362, 1362
    2242, 2242
    511, 511
    2894, 2894
    1192, 1192
    2257, 2257
    1234, 1234
    446, 446
    2004, 2004
    3820, 3820
    2080, 2080
    3584, 3584
    1310, 1310
    329, 329
    373, 373
    1834, 1834
    2224, 2224
    3289, 3289
    583, 583
    3290, 3290
    977, 977
    908, 908
    2324, 2324
    3756, 3756
    782, 782
    257, 257
    3565, 3565
    2882, 2882
    1332, 1332
    2991, 2991
    999, 999
    1364, 1364
    3553, 3553
    3391, 3391
    2021, 2021
    2506, 2506
    4, 4
    2561, 2561
    2736, 2736
    3215, 3215
    3378, 3378
    2909, 2909
    1633, 1633
    3441, 3441
    2947, 2947
    382, 382
    57, 57
    3751, 3751
    2247, 2247
    3762, 3762
    3297, 3297
    255, 255
    1066, 1066
    2135, 2135
    3544, 3544
    1813, 1813
    1953, 1953
    2263, 2263
    837, 837
    3739, 3739
    2623, 2623
    2502, 2502
    1295, 1295
    1778, 1778
    1449, 1449
    412, 412
    2292, 2292
    1933, 1933
    1352, 1352
    2801, 2801
    3483, 3483
    3681, 3681
    302, 302
    2989, 2989
    404, 404
    1270, 1270
    601, 601
    3695, 3695
    2465, 2465
    3318, 3318
    2888, 2888
    2181, 2181
    3726, 3726
    1026, 1026
    3274, 3274
    2532, 2532
    388, 388
    3095, 3095
    572, 572
    1154, 1154
    570, 570
    2067, 2067
    894, 894
    3719, 3719
    3652, 3652
    2389, 2389
    1466, 1466
    1952, 1952
    3964, 3964
    1242, 1242
    3399, 3399
    3210, 3210
    3761, 3761
    1658, 1658
    1990, 1990
    2094, 2094
    3954, 3954
    1060, 1060
    165, 165
    1722, 1722
    3646, 3646
    3104, 3104
    1577, 1577
    3458, 3458
}

S(b, c) = {
    5693, 1693
    9955, 5955
    5196, 1196
    11473, 7473
    11326, 7326
    8768, 4768
    9136, 5136
    11271, 7271
    9907, 5907
    9419, 5419
    9919, 5919
    7776, 3776
    5429, 1429
    9143, 5143
    7220, 3220
    6119, 2119
    11418, 7418
    11311, 7311
    11237, 7237
    10570, 6570
    10731, 6731
    10936, 6936
    4457, 457
    5405, 1405
    8595, 4595
    4046, 46
    9330, 5330
    10601, 6601
    6580, 2580
    5748, 1748
    8344, 4344
    8390, 4390
    6260, 2260
    6481, 2481
    9865, 5865
    7691, 3691
    5624, 1624
    4986, 986
    5960, 1960
    10880, 6880
    9880, 5880
    5025, 1025
    9086, 5086
    4963, 963
    11685, 7685
    5557, 1557
    8432, 4432
    5945, 1945
    7958, 3958
    8133, 4133
    7369, 3369
    10707, 6707
    9659, 5659
    10653, 6653
    5535, 1535
    11239, 7239
    9814, 5814
    6892, 2892
    4972, 972
    4272, 272
    9921, 5921
    5947, 1947
    5045, 1045
    5640, 1640
    7742, 3742
    5910, 1910
    8132, 4132
    10564, 6564
    6625, 2625
    11716, 7716
    7072, 3072
    4946, 946
    4720, 720
    7160, 3160
    10399, 6399
    7489, 3489
    4317, 317
    10893, 6893
    5051, 1051
    9196, 5196
    10746, 6746
    4113, 113
    6578, 2578
    9960, 5960
    9817, 5817
    9745, 5745
    4464, 464
    9255, 5255
    6403, 2403
    10287, 6287
    11039, 7039
    4753, 753
    8862, 4862
    7070, 3070
    7739, 3739
    8529, 4529
    11148, 7148
    8504, 4504
    6417, 2417
    10619, 6619
    4104, 104
    11584, 7584
    5760, 1760
    9275, 5275
    5139, 1139
    9477, 5477
    7640, 3640
    6375, 2375
    7693, 3693
    5925, 1925
    11064, 7064
    4817, 817
    11400, 7400
    9054, 5054
    10979, 6979
    8191, 4191
    9626, 5626
    10275, 6275
    9333, 5333
    7925, 3925
    8953, 4953
    9125, 5125
    8717, 4717
    9489, 5489
    8830, 4830
    5511, 1511
    4441, 441
    4634, 634
    4907, 907
    7193, 3193
    9711, 5711
    10549, 6549
    8655, 4655
    8730, 4730
    9031, 5031
    9129, 5129
    11988, 7988
    11261, 7261
    10069, 6069
    9055, 5055
    7471, 3471
    7647, 3647
    10141, 6141
    8322, 4322
    8506, 4506
    4692, 692
    11091, 7091
    7832, 3832
    4197, 197
    7818, 3818
    9074, 5074
    6542, 2542
    9893, 5893
    9740, 5740
    4355, 355
    7503, 3503
    11272, 7272
    11733, 7733
    9885, 5885
    6836, 2836
    5272, 1272
    11770, 7770
    7071, 3071
    4327, 327
    4583, 583
    5002, 1002
    11166, 7166
    4666, 666
    9906, 5906
    4659, 659
    9789, 5789
    11997, 7997
    4210, 210
    8020, 4020
    8760, 4760
    8180, 4180
    6002, 2002
    10536, 6536
    8533, 4533
    5860, 1860
    7084, 3084
    5967, 1967
    5729, 1729
    6617, 2617
    7343, 3343
    6672, 2672
    5736, 1736
    10520, 6520
    8441, 4441
    11686, 7686
    8556, 4556
    7122, 3122
    9942, 5942
    4777, 777
    5240, 1240
    5288, 1288
    10125, 6125
    7928, 3928
    4270, 270
    4626, 626
    4751, 751
    5670, 1670
    10894, 6894
    8447, 4447
    8064, 4064
    8462, 4462
    5175, 1175
    11508, 7508
    11001, 7001
    9412, 5412
    4739, 739
    7576, 3576
    4353, 353
    11946, 7946
    4646, 646
    6896, 2896
    8351, 4351
    6036, 2036
    11927, 7927
    4621, 621
    4261, 261
    7737, 3737
    8302, 4302
    4481, 481
    7695, 3695
    7816, 3816
    10050, 6050
    11401, 7401
    6452, 2452
    5124, 1124
    10973, 6973
    4475, 475
    8241, 4241
    6623, 2623
    11083, 7083
    6921, 2921
    7326, 3326
    7556, 3556
    10788, 6788
    7238, 3238
    6422, 2422
    8056, 4056
    4105, 105
    10808, 6808
    8680, 4680
    7657, 3657
    11087, 7087
    6502, 2502
    5961, 1961
    11846, 7846
    9281, 5281
    9338, 5338
    9505, 5505
    9841, 5841
    8868, 4868
    11588, 7588
    7344, 3344
    5899, 1899
    6287, 2287
    8651, 4651
    8159, 4159
    11130, 7130
    10790, 6790
    5903, 1903
    10526, 6526
    4051, 51
    11070, 7070
    5434, 1434
    9657, 5657
    10201, 6201
    6282, 2282
    7178, 3178
    5228, 1228
    9030, 5030
    5767, 1767
    9672, 5672
    6354, 2354
    11798, 7798
    4370, 370
    11295, 7295
    9575, 5575
    10297, 6297
    8782, 4782
    9407, 5407
    7570, 3570
    6533, 2533
    6061, 2061
    11212, 7212
    11553, 7553
    8051, 4051
    4569, 569
    8935, 4935
    7939, 3939
    9248, 5248
    4726, 726
    9142, 5142
    5935, 1935
    10048, 6048
    9379, 5379
    11673, 7673
    5058, 1058
    7713, 3713
    9239, 5239
    6518, 2518
    9748, 5748
    10245, 6245
    11565, 7565
    8308, 4308
    5415, 1415
    4810, 810
    5493, 1493
    9386, 5386
    4225, 225
    8858, 4858
    8453, 4453
    6177, 2177
    9771, 5771
    10827, 6827
    6645, 2645
    6228, 2228
    5982, 1982
    7047, 3047
    11262, 7262
    10853, 6853
    6142, 2142
    8377, 4377
    6832, 2832
    4083, 83
    10775, 6775
    4586, 586
    8418, 4418
    6089, 2089
    4598, 598
    11887, 7887
    5310, 1310
    6074, 2074
    11292, 7292
    7341, 3341
    6588, 2588
    11800, 7800
    11963, 7963
    8017, 4017
    6199, 2199
    5709, 1709
    6197, 2197
    7057, 3057
    6272, 2272
    9948, 5948
    6793, 2793
    4265, 265
    9485, 5485
    8936, 4936
    7109, 3109
    9684, 5684
    5078, 1078
    4466, 466
    4959, 959
    5183, 1183
    4123, 123
    6101, 2101
    11901, 7901
    8654, 4654
    5989, 1989
    4141, 141
    5422, 1422
    4738, 738
    4826, 826
    11951, 7951
    4848, 848
    6334, 2334
    10869, 6869
    9181, 5181
    9543, 5543
    5217, 1217
    5229, 1229
    4299, 299
    10932, 6932
    5584, 1584
    9742, 5742
    7327, 3327
    4167, 167
    8789, 4789
    10895, 6895
    7324, 3324
    4082, 82
    9777, 5777
    8577, 4577
    7599, 3599
    6086, 2086
    7433, 3433
    7532, 3532
    4754, 754
    6479, 2479
    5623, 1623
    9007, 5007
    11036, 7036
    10721, 6721
    5021, 1021
    4671, 671
    8968, 4968
    10256, 6256
    11662, 7662
    11098, 7098
    11352, 7352
    4048, 48
    11561, 7561
    11617, 7617
    8452, 4452
    8090, 4090
    9436, 5436
    11740, 7740
    5549, 1549
    7867, 3867
    4672, 672
    8623, 4623
    11152, 7152
    9937, 5937
    9445, 5445
    10464, 6464
    7014, 3014
    10187, 6187
    5406, 1406
    11251, 7251
    11259, 7259
    11949, 7949
    8365, 4365
    8029, 4029
    7137, 3137
    4432, 432
    10662, 6662
    11446, 7446
    10002, 6002
    6220, 2220
    9172, 5172
    8645, 4645
    6595, 2595
    8436, 4436
    10431, 6431
    10828, 6828
    9732, 5732
    7498, 3498
    9886, 5886
    6153, 2153
    7627, 3627
    7589, 3589
    9664, 5664
    5187, 1187
    11358, 7358
    9352, 5352
    11390, 7390
    7210, 3210
    8218, 4218
    11886, 7886
    4575, 575
    10714, 6714
    5161, 1161
    10167, 6167
    4251, 251
    7403, 3403
    6865, 2865
    5363, 1363
    6202, 2202
    6905, 2905
    4881, 881
    7554, 3554
    11452, 7452
    5179, 1179
    11314, 7314
    10681, 6681
    6944, 2944
    7152, 3152
    5290, 1290
    5576, 1576
    8527, 4527
    8627, 4627
    4635, 635
    8993, 4993
    10120, 6120
    7860, 3860
    11341, 7341
    5620, 1620
    7485, 3485
    9144, 5144
    10837, 6837
    9584, 5584
    8999, 4999
    4609, 609
    11253, 7253
    11248, 7248
    7384, 3384
    11692, 7692
    6736, 2736
    9297, 5297
    4850, 850
    5012, 1012
    10083, 6083
    8443, 4443
    6755, 2755
    5233, 1233
    7716, 3716
    6020, 2020
    9897, 5897
    4696, 696
    7107, 3107
    11786, 7786
    8389, 4389
    9541, 5541
    7999, 3999
    5676, 1676
    11197, 7197
    9701, 5701
    9310, 5310
    7028, 3028
    5966, 1966
    5250, 1250
    5900, 1900
    7022, 3022
    6925, 2925
    8988, 4988
    11884, 7884
    6087, 2087
    5446, 1446
    8524, 4524
    7798, 3798
    5711, 1711
    7932, 3932
    9608, 5608
    7145, 3145
    11870, 7870
    7861, 3861
    11294, 7294
    9561, 5561
    7139, 3139
    6380, 2380
    4931, 931
    8790, 4790
    8197, 4197
    6823, 2823
    7023, 3023
    7133, 3133
    5844, 1844
    11603, 7603
    4154, 154
    10404, 6404
    9572, 5572
    4687, 687
    6269, 2269
    8211, 4211
    9195, 5195
    7586, 3586
    8689, 4689
    8591, 4591
    5786, 1786
    4969, 969
    5979, 1979
    11869, 7869
    7431, 3431
    11749, 7749
    6686, 2686
    8929, 4929
    6561, 2561
    11628, 7628
    7319, 3319
    6679, 2679
    11627, 7627
    9171, 5171
    6143, 2143
    10942, 6942
    9267, 5267
    8615, 4615
    7950, 3950
    9285, 5285
    7204, 3204
    4653, 653
    9044, 5044
    7690, 3690
    11972, 7972
    9066, 5066
    10441, 6441
    4582, 582
    9424, 5424
    6737, 2737
    9001, 5001
    4762, 762
    7258, 3258
    10115, 6115
    5016, 1016
    10846, 6846
    4174, 174
    10844, 6844
    5501, 1501
    7870, 3870
    7731, 3731
    11942, 7942
    6363, 2363
    11592, 7592
    6158, 2158
    4097, 97
    5780, 1780
    9694, 5694
    6928, 2928
    10971, 6971
    5404, 1404
    10437, 6437
    6404, 2404
    11639, 7639
    9000, 5000
    9899, 5899
    8718, 4718
    7724, 3724
    4983, 983
    8435, 4435
    5821, 1821
    10417, 6417
    9731, 5731
    5831, 1831
    4325, 325
    6971, 2971
    4758, 758
    5371, 1371
    4594, 594
    6186, 2186
    8355, 4355
    6933, 2933
    5448, 1448
    9512, 5512
    8103, 4103
    8457, 4457
    10387, 6387
    7517, 3517
    4710, 710
    8605, 4605
    10217, 6217
    4756, 756
    8583, 4583
    9784, 5784
    7508, 3508
    4288, 288
    7375, 3375
    9041, 5041
    7279, 3279
    6559, 2559
    9257, 5257
    11970, 7970
    6746, 2746
    5093, 1093
    10677, 6677
    6183, 2183
    10105, 6105
    7295, 3295
    10833, 6833
    10794, 6794
    10952, 6952
    9367, 5367
    10019, 6019
    6045, 2045
    8944, 4944
    6151, 2151
    7520, 3520
    5689, 1689
    6399, 2399
    5203, 1203
    5317, 1317
    7978, 3978
    8679, 4679
    7662, 3662
    7002, 3002
    4779, 779
    4497, 497
    9517, 5517
    4168, 168
    8490, 4490
    11823, 7823
    7297, 3297
    5542, 1542
    9661, 5661
    10608, 6608
    9645, 5645
    7573, 3573
    7701, 3701
    11328, 7328
    10523, 6523
    4164, 164
    9213, 5213
    9201, 5201
    9660, 5660
    8912, 4912
    4534, 534
    10479, 6479
    11146, 7146
    5570, 1570
    10063, 6063
    4554, 554
    11526, 7526
    11350, 7350
    10760, 6760
    6063, 2063
    9466, 5466
    10567, 6567
    8454, 4454
    6478, 2478
    10578, 6578
    7790, 3790
    8421, 4421
    6232, 2232
    10672, 6672
    4329, 329
    11652, 7652
    10000, 6000
    8354, 4354
    10165, 6165
    9217, 5217
    6442, 2442
    11165, 7165
    6233, 2233
    4795, 795
    8714, 4714
    11623, 7623
    8423, 4423
    8568, 4568
    5992, 1992
    8992, 4992
    5313, 1313
    9837, 5837
    6098, 2098
    6104, 2104
    10980, 6980
    11811, 7811
    7927, 3927
    7759, 3759
    11973, 7973
    7827, 3827
    7495, 3495
    7138, 3138
    10276, 6276
    9336, 5336
    6526, 2526
    8732, 4732
    5663, 1663
    9246, 5246
    6312, 2312
    11579, 7579
    8538, 4538
    11100, 7100
    5678, 1678
    8334, 4334
    5466, 1466
    10637, 6637
    6095, 2095
    11257, 7257
    8571, 4571
    6295, 2295
    7244, 3244
    5977, 1977
    8036, 4036
    6317, 2317
    7251, 3251
    8252, 4252
    6957, 2957
    9601, 5601
    4608, 608
    5162, 1162
    4561, 561
    8920, 4920
    9911, 5911
    7611, 3611
    10797, 6797
    8075, 4075
    5554, 1554
    6726, 2726
    9065, 5065
    9107, 5107
    6821, 2821
    9180, 5180
    5057, 1057
    10215, 6215
    9300, 5300
    7986, 3986
    5270, 1270
    5691, 1691
    8152, 4152
    10088, 6088
    6717, 2717
    5136, 1136
    4939, 939
    4064, 64
    6284, 2284
    7782, 3782
    5449, 1449
    6801, 2801
    9056, 5056
    4684, 684
    5817, 1817
    4550, 550
    8169, 4169
    7920, 3920
    5627, 1627
    6429, 2429
    5732, 1732
    8984, 4984
    9980, 5980
    11991, 7991
    7230, 3230
    8430, 4430
    7120, 3120
    11397, 7397
    4893, 893
    4718, 718
    4618, 618
    4033, 33
    10783, 6783
    11120, 7120
    8516, 4516
    11468, 7468
    8401, 4401
    10597, 6597
    6756, 2756
    4205, 205
    11523, 7523
    8972, 4972
    7445, 3445
    6465, 2465
    9530, 5530
    8458, 4458
    9839, 5839
    7700, 3700
    10406, 6406
    8842, 4842
    8446, 4446
    4316, 316
    5418, 1418
    9537, 5537
    9372, 5372
    6982, 2982
    9936, 5936
    10225, 6225
    5754, 1754
    10986, 6986
    7913, 3913
    6435, 2435
    10334, 6334
    6241, 2241
    7114, 3114
    7298, 3298
    10878, 6878
    5455, 1455
    8558, 4558
    6356, 2356
    9739, 5739
    5783, 1783
    4228, 228
    7227, 3227
    4774, 774
    8333, 4333
    11082, 7082
    6976, 2976
    11743, 7743
    9932, 5932
    4870, 870
    9250, 5250
    8948, 4948
    4493, 493
    10989, 6989
    10735, 6735
    9946, 5946
    6313, 2313
    5516, 1516
    4257, 257
    11604, 7604
    9057, 5057
    4331, 331
    9639, 5639
    11126, 7126
    6457, 2457
    5053, 1053
    8781, 4781
    4132, 132
    11105, 7105
    6619, 2619
    5171, 1171
    11499, 7499
    5829, 1829
    6974, 2974
    8916, 4916
    5849, 1849
    4322, 322
    5956, 1956
    6443, 2443
    7844, 3844
    9147, 5147
    6393, 2393
    11574, 7574
    10439, 6439
    5372, 1372
    10540, 6540
    4953, 953
    9670, 5670
    6939, 2939
    5432, 1432
    8151, 4151
    7802, 3802
    8733, 4733
    10568, 6568
    8786, 4786
    8847, 4847
    8369, 4369
    9190, 5190
    7645, 3645
    4066, 66
    5095, 1095
    10014, 6014
    10425, 6425
    11968, 7968
    10244, 6244
    10712, 6712
    4686, 686
    8360, 4360
    8668, 4668
    10801, 6801
    6328, 2328
    10351, 6351
    8505, 4505
    8046, 4046
    4453, 453
    7294, 3294
    7969, 3969
    6366, 2366
    6676, 2676
    5319, 1319
    8120, 4120
    8485, 4485
    7373, 3373
    7365, 3365
    9243, 5243
    11059, 7059
    7256, 3256
    4637, 637
    7600, 3600
    6078, 2078
    4544, 544
    8244, 4244
    7681, 3681
    8792, 4792
    5686, 1686
    9594, 5594
    5577, 1577
    10543, 6543
    11934, 7934
    11164, 7164
    6880, 2880
    4346, 346
    6319, 2319
    8212, 4212
    7293, 3293
    6146, 2146
    9194, 5194
    10046, 6046
    7175, 3175
    8648, 4648
    11141, 7141
    7530, 3530
    8336, 4336
    10344, 6344
    10189, 6189
    11029, 7029
    8156, 4156
    8727, 4727
    10981, 6981
    9245, 5245
    5060, 1060
    8559, 4559
    9166, 5166
    11066, 7066
    10742, 6742
    10949, 6949
    8685, 4685
    7936, 3936
    7943, 3943
    7829, 3829
    6712, 2712
    9747, 5747
    6647, 2647
    11088, 7088
    4995, 995
    9287, 5287
    4067, 67
    10318, 6318
    5463, 1463
    4284, 284
    4436, 436
    10307, 6307
    4377, 377
    8496, 4496
    7648, 3648
    9823, 5823
    4658, 658
    6071, 2071
    10289, 6289
    4763, 763
    4954, 954
    5027, 1027
    4247, 247
    5211, 1211
    4521, 521
    8922, 4922
    6953, 2953
    9430, 5430
    6964, 2964
    5275, 1275
    11936, 7936
    4159, 159
    7567, 3567
    7733, 3733
    8145, 4145
    10789, 6789
    6437, 2437
    8835, 4835
    11795, 7795
    11736, 7736
    5746, 1746
    4509, 509
    5168, 1168
    10328, 6328
    4308, 308
    4394, 394
    7140, 3140
    11163, 7163
    11000, 7000
    11417, 7417
    5879, 1879
    7459, 3459
    4333, 333
    5797, 1797
    4029, 29
    8767, 4767
    10078, 6078
    7005, 3005
    11172, 7172
    11114, 7114
    9671, 5671
    4539, 539
    7768, 3768
    8053, 4053
    7494, 3494
    6398, 2398
    4047, 47
    9770, 5770
    5039, 1039
    6840, 2840
    6454, 2454
    5633, 1633
    7201, 3201
    10419, 6419
    6025, 2025
    5885, 1885
    4040, 40
    5505, 1505
    6402, 2402
    8463, 4463
    10995, 6995
    4700, 700
    6866, 2866
    7544, 3544
    5006, 1006
    8617, 4617
    8038, 4038
    4610, 610
    5517, 1517
    7189, 3189
    5322, 1322
    7080, 3080
    11219, 7219
    9929, 5929
    6191, 2191
    4391, 391
    8531, 4531
    8729, 4729
    6342, 2342
    10027, 6027
    8873, 4873
    10527, 6527
    4625, 625
    7091, 3091
    11103, 7103
    8248, 4248
    9058, 5058
    7668, 3668
    7042, 3042
    6566, 2566
    4617, 617
    7276, 3276
    11461, 7461
    7016, 3016
    4232, 232
    9325, 5325
    9668, 5668
    6431, 2431
    10137, 6137
    10233, 6233
    7614, 3614
    8240, 4240
    9207, 5207
    11476, 7476
    7937, 3937
    11872, 7872
    9810, 5810
    4328, 328
    10890, 6890
    6167, 2167
    7127, 3127
    11011, 7011
    7185, 3185
    7064, 3064
    6998, 2998
    6130, 2130
    5757, 1757
    6042, 2042
    5142, 1142
    6236, 2236
    7383, 3383
    9294, 5294
    5553, 1553
    4297, 297
    9428, 5428
    7252, 3252
    11408, 7408
    6127, 2127
    4783, 783
    9788, 5788
    11522, 7522
    10383, 6383
    8079, 4079
    8324, 4324
    6916, 2916
    5148, 1148
    6603, 2603
    10914, 6914
    6978, 2978
    9961, 5961
    10859, 6859
    11779, 7779
    6997, 2997
    11945, 7945
    10860, 6860
    4196, 196
    11269, 7269
    7158, 3158
    9638, 5638
    9230, 5230
    5089, 1089
    11847, 7847
    10685, 6685
    4285, 285
    10117, 6117
    8185, 4185
    9026, 5026
    8052, 4052
    5281, 1281
    5496, 1496
    10462, 6462
    4565, 565
    6123, 2123
    4049, 49
    5160, 1160
    6492, 2492
    11756, 7756
    6205, 2205
    8210, 4210
    8313, 4313
    9849, 5849
    10223, 6223
    10836, 6836
    11852, 7852
    7547, 3547
    8513, 4513
    8662, 4662
    5194, 1194
    5907, 1907
    5547, 1547
    10209, 6209
    10010, 6010
    5509, 1509
    6117, 2117
    8004, 4004
    10969, 6969
    7774, 3774
    9676, 5676
    9095, 5095
    8770, 4770
    10109, 6109
    7390, 3390
    7674, 3674
    6850, 2850
    10400, 6400
    6504, 2504
    6863, 2863
    10263, 6263
    11909, 7909
    5533, 1533
    7179, 3179
    9871, 5871
    10665, 6665
    7308, 3308
    9617, 5617
    10452, 6452
    6831, 2831
    9705, 5705
    7282, 3282
    7159, 3159
    5913, 1913
    10884, 6884
    8812, 4812
    6599, 2599
    4266, 266
    4813, 813
    6159, 2159
    7514, 3514
    11149, 7149
    5495, 1495
    7315, 3315
    9553, 5553
    10278, 6278
    11725, 7725
    11799, 7799
    8735, 4735
    6248, 2248
    10222, 6222
    8101, 4101
    9214, 5214
    6252, 2252
    10912, 6912
    6757, 2757
    9829, 5829
    8136, 4136
    7451, 3451
    9406, 5406
    8698, 4698
    10308, 6308
    11069, 7069
    6501, 2501
    4420, 420
    4836, 836
    9909, 5909
    9459, 5459
    11177, 7177
    10916, 6916
    5637, 1637
    6924, 2924
    8737, 4737
    10104, 6104
    11672, 7672
    4039, 39
    5942, 1942
    6175, 2175
    10515, 6515
    7041, 3041
    6675, 2675
    9998, 5998
    6618, 2618
    6118, 2118
    6778, 2778
    5830, 1830
    6035, 2035
    7810, 3810
    9939, 5939
    8013, 4013
    6173, 2173
    11385, 7385
    6597, 2597
    5362, 1362
    11998, 7998
    10367, 6367
    8471, 4471
    11372, 7372
    9004, 5004
    5427, 1427
    8837, 4837
    6788, 2788
    6653, 2653
    6266, 2266
    6575, 2575
    7438, 3438
    10901, 6901
    5773, 1773
    6543, 2543
    7828, 3828
    9369, 5369
    5824, 1824
    10090, 6090
    11217, 7217
    9538, 5538
    8062, 4062
    9744, 5744
    11482, 7482
    7496, 3496
    8310, 4310
    7592, 3592
    7887, 3887
    8694, 4694
    5705, 1705
    5159, 1159
    11204, 7204
    9940, 5940
    10296, 6296
    8665, 4665
    4030, 30
    4639, 639
    4425, 425
    4827, 827
    10807, 6807
    9396, 5396
    5562, 1562
    11560, 7560
    10138, 6138
    5199, 1199
    8706, 4706
    5592, 1592
    4229, 229
    9623, 5623
    9863, 5863
    10116, 6116
    6827, 2827
    6178, 2178
    11587, 7587
    6052, 2052
    7948, 3948
    5877, 1877
    4393, 393
    11089, 7089
    5923, 1923
    11986, 7986
    7174, 3174
    4008, 8
    10220, 6220
    4321, 321
    7362, 3362
    4356, 356
    4430, 430
    10391, 6391
    10370, 6370
    10874, 6874
    8874, 4874
    5031, 1031
    4249, 249
    11107, 7107
    11724, 7724
    7257, 3257
    4936, 936
    6072, 2072
    7377, 3377
    6744, 2744
    5094, 1094
    4429, 429
    8154, 4154
    5180, 1180
    11454, 7454
    11040, 7040
    7270, 3270
    9624, 5624
    6097, 2097
    9452, 5452
    7492, 3492
    9783, 5783
    8814, 4814
    11503, 7503
    7537, 3537
    4052, 52
    7491, 3491
    9012, 5012
    6706, 2706
    8723, 4723
    7286, 3286
    9858, 5858
    5213, 1213
    6500, 2500
    6473, 2473
    11767, 7767
    8200, 4200
    9060, 5060
    7224, 3224
    11547, 7547
    5909, 1909
    7747, 3747
    7126, 3126
    11709, 7709
    7079, 3079
    9957, 5957
    10270, 6270
    4347, 347
    9804, 5804
    5929, 1929
    11267, 7267
    6751, 2751
    8450, 4450
    8392, 4392
    10422, 6422
    9034, 5034
    6289, 2289
    9110, 5110
    5962, 1962
    4790, 790
    9984, 5984
    4785, 785
    4223, 223
    11273, 7273
    7050, 3050
    4191, 191
    5458, 1458
    4723, 723
    7992, 3992
    9094, 5094
    10620, 6620
    10494, 6494
    8176, 4176
    11913, 7913
    7652, 3652
    8761, 4761
    7689, 3689
    9704, 5704
    7108, 3108
    9583, 5583
    5863, 1863
    9067, 5067
    9630, 5630
    4578, 578
    4566, 566
    11373, 7373
    11019, 7019
    10967, 6967
    6428, 2428
    10823, 6823
    6456, 2456
    7242, 3242
    5471, 1471
    11278, 7278
    4677, 677
    8306, 4306
    11363, 7363
    6046, 2046
    7940, 3940
    8932, 4932
    9782, 5782
    11047, 7047
    7722, 3722
    8096, 4096
    9566, 5566
    5169, 1169
    6938, 2938
    4117, 117
    9544, 5544
    9121, 5121
    6765, 2765
    6073, 2073
    5330, 1330
    8483, 4483
    9389, 5389
    9365, 5365
    8659, 4659
    4096, 96
    11205, 7205
    6088, 2088
    11567, 7567
    5003, 1003
    4581, 581
    8678, 4678
    4892, 892
    10299, 6299
    5066, 1066
    9306, 5306
    7000, 3000
    9305, 5305
    9615, 5615
    10781, 6781
    9318, 5318
    7116, 3116
    10426, 6426
    5005, 1005
    6898, 2898
    4971, 971
    8764, 4764
    10972, 6972
    8258, 4258
    10072, 6072
    7669, 3669
    5176, 1176
    11445, 7445
    7572, 3572
    4545, 545
    4001, 1
    7167, 3167
    11718, 7718
    4979, 979
    11563, 7563
    7755, 3755
    8028, 4028
    7952, 3952
    5232, 1232
    9603, 5603
    9891, 5891
    10258, 6258
    7675, 3675
    5420, 1420
    4211, 211
    8194, 4194
    8214, 4214
    6209, 2209
    8608, 4608
    9204, 5204
    6780, 2780
    11391, 7391
    5218, 1218
    6713, 2713
    8475, 4475
    4086, 86
    4423, 423
    4152, 152
    4413, 413
    9153, 5153
    8207, 4207
    9316, 5316
    8440, 4440
    11944, 7944
    8479, 4479
    11053, 7053
    6474, 2474
    4072, 72
    8144, 4144
    8186, 4186
    5077, 1077
    7361, 3361
    5486, 1486
    11439, 7439
    6800, 2800
    11438, 7438
    6286, 2286
    5443, 1443
    10935, 6935
    7035, 3035
    7082, 3082
    5138, 1138
    5086, 1086
    11710, 7710
    9244, 5244
    4209, 209
    5889, 1889
    8522, 4522
    11507, 7507
    10234, 6234
    10501, 6501
    8518, 4518
    6673, 2673
    10954, 6954
    4541, 541
    6862, 2862
    5267, 1267
    9280, 5280
    7190, 3190
    11797, 7797
    7584, 3584
    11940, 7940
    9712, 5712
    4216, 216
    8245, 4245
    5050, 1050
    11220, 7220
    4518, 518
    9494, 5494
    9826, 5826
    4354, 354
    10343, 6343
    6841, 2841
    11995, 7995
    9643, 5643
    6842, 2842
    4101, 101
    11630, 7630
    9231, 5231
    7166, 3166
    8606, 4606
    10454, 6454
    4020, 20
    10305, 6305
    6993, 2993
    4660, 660
    4812, 812
    4182, 182
    8488, 4488
    10750, 6750
    6824, 2824
    11214, 7214
    7118, 3118
    7442, 3442
    9253, 5253
    9501, 5501
    8348, 4348
    7882, 3882
    4590, 590
    4369, 369
    11612, 7612
    8597, 4597
    6308, 2308
    5765, 1765
    6546, 2546
    5931, 1931
    6641, 2641
    9818, 5818
    9870, 5870
    8213, 4213
    5555, 1555
    11512, 7512
    11905, 7905
    10720, 6720
    11502, 7502
    9930, 5930
    7393, 3393
    7575, 3575
    11890, 7890
    9284, 5284
    7350, 3350
    9888, 5888
    11813, 7813
    9438, 5438
    6550, 2550
    8744, 4744
    9376, 5376
    6715, 2715
    9830, 5830
    9005, 5005
    7321, 3321
    7405, 3405
    4120, 120
    4489, 489
    9923, 5923
    11264, 7264
    7119, 3119
    5953, 1953
    5391, 1391
    4999, 999
    7026, 3026
    6455, 2455
    8084, 4084
    4378, 378
    9283, 5283
    9559, 5559
    11402, 7402
    4095, 95
    4771, 771
    6299, 2299
    4648, 648
    4925, 925
    5327, 1327
    10987, 6987
    4109, 109
    7908, 3908
    4704, 704
    7560, 3560
    5556, 1556
    7481, 3481
    6198, 2198
    4993, 993
    9562, 5562
    7885, 3885
    4631, 631
    4633, 633
    11450, 7450
    5520, 1520
    9165, 5165
    6445, 2445
    11898, 7898
    8231, 4231
    5122, 1122
    4962, 962
    9726, 5726
    7630, 3630
    6872, 2872
    4134, 134
    9127, 5127
    11992, 7992
    5939, 1939
    6562, 2562
    8335, 4335
    6885, 2885
    4140, 140
    8160, 4160
    10402, 6402
    8682, 4682
    5004, 1004
    9069, 5069
    5808, 1808
    7746, 3746
    9799, 5799
    6557, 2557
    9868, 5868
    8358, 4358
    10585, 6585
    10658, 6658
    5771, 1771
    5033, 1033
    10565, 6565
    4291, 291
    11428, 7428
    11856, 7856
    8292, 4292
    7924, 3924
    4424, 424
    5661, 1661
    9632, 5632
    10959, 6959
    11689, 7689
    9997, 5997
    11362, 7362
    7312, 3312
    8470, 4470
    11179, 7179
    10231, 6231
    11102, 7102
    9374, 5374
    5019, 1019
    11701, 7701
    11037, 7037
    4989, 989
    4410, 410
    10864, 6864
    10725, 6725
    10757, 6757
    7030, 3030
    8386, 4386
    4721, 721
    10434, 6434
    4468, 468
    5641, 1641
    9798, 5798
    11175, 7175
    8112, 4112
    5741, 1741
    10414, 6414
    7621, 3621
    5861, 1861
    10740, 6740
    7184, 3184
    5813, 1813
    4619, 619
    8118, 4118
    5604, 1604
    9669, 5669
    8303, 4303
    4217, 217
    9104, 5104
    4501, 501
    7170, 3170
    11693, 7693
    8820, 4820
    6570, 2570
    4319, 319
    6511, 2511
    10132, 6132
    11978, 7978
    5440, 1440
    11677, 7677
    9733, 5733
    5020, 1020
    11996, 7996
    4725, 725
    10941, 6941
    8395, 4395
    10229, 6229
    8663, 4663
    6966, 2966
    9063, 5063
    8162, 4162
    9752, 5752
    8349, 4349
    11938, 7938
    6044, 2044
    5181, 1181
    11757, 7757
    11240, 7240
    9677, 5677
    4595, 595
    11284, 7284
    10483, 6483
    11347, 7347
    11303, 7303
    9635, 5635
    6818, 2818
    9484, 5484
    6014, 2014
    8391, 4391
    8177, 4177
    11902, 7902
    9447, 5447
    4859, 859
    7639, 3639
    7221, 3221
    8755, 4755
    8925, 4925
    8078, 4078
    8894, 4894
    5009, 1009
    7092, 3092
    8758, 4758
    5235, 1235
    11601, 7601
    4037, 37
    11896, 7896
    5660, 1660
    5742, 1742
    8304, 4304
    7307, 3307
    9678, 5678
    7609, 3609
    6357, 2357
    5206, 1206
    7265, 3265
    11711, 7711
    9359, 5359
    9337, 5337
    5040, 1040
    10964, 6964
    11194, 7194
    10139, 6139
    7723, 3723
    9952, 5952
    6040, 2040
    7871, 3871
    9972, 5972
    10401, 6401
    6179, 2179
    7717, 3717
    9323, 5323
    6509, 2509
    9090, 5090
    10409, 6409
    7389, 3389
    10674, 6674
    11176, 7176
    9097, 5097
    11915, 7915
    4438, 438
    11162, 7162
    10331, 6331
    11086, 7086
    7804, 3804
    8080, 4080
    9693, 5693
    5968, 1968
    9945, 5945
    5331, 1331
    5350, 1350
    5908, 1908
    4868, 868
    4310, 310
    4494, 494
    9855, 5855
    10293, 6293
    10745, 6745
    10219, 6219
    8624, 4624
    5946, 1946
    7843, 3843
    9228, 5228
    5479, 1479
    11581, 7581
    10267, 6267
    8876, 4876
    9573, 5573
    9866, 5866
    11758, 7758
    10059, 6059
    5880, 1880
    10805, 6805
    6960, 2960
    10705, 6705
    10197, 6197
    5359, 1359
    5775, 1775
    11791, 7791
    5151, 1151
    7953, 3953
    9169, 5169
    8602, 4602
    8466, 4466
    8030, 4030
    8413, 4413
    4259, 259
    4577, 577
    4568, 568
    4895, 895
    9848, 5848
    10411, 6411
    5799, 1799
    7765, 3765
    4507, 507
    8063, 4063
    9987, 5987
    7578, 3578
    10382, 6382
    10292, 6292
    8228, 4228
    5034, 1034
    5035, 1035
    11818, 7818
    7300, 3300
    8797, 4797
    4728, 728
    11079, 7079
    7283, 3283
    8115, 4115
    5164, 1164
    11937, 7937
    6351, 2351
    4607, 607
    7966, 3966
    5108, 1108
    11139, 7139
    11117, 7117
    6006, 2006
    9274, 5274
    6367, 2367
    9663, 5663
    9994, 5994
    11080, 7080
    9580, 5580
    10497, 6497
    9334, 5334
    7150, 3150
    7008, 3008
    6138, 2138
    5073, 1073
    10871, 6871
    8163, 4163
    11319, 7319
    6912, 2912
    9309, 5309
    9607, 5607
    9751, 5751
    7566, 3566
    11431, 7431
    6516, 2516
    5116, 1116
    5489, 1489
    5248, 1248
    5864, 1864
    11576, 7576
    8374, 4374
    6904, 2904
    7037, 3037
    10210, 6210
    7413, 3413
    6876, 2876
    8353, 4353
    11842, 7842
    10218, 6218
    8417, 4417
    9108, 5108
    4062, 62
    4951, 951
    11279, 7279
    9715, 5715
    8225, 4225
    9780, 5780
    8517, 4517
    9276, 5276
    6893, 2893
    5494, 1494
    9303, 5303
    9908, 5908
    8146, 4146
    7478, 3478
    9999, 5999
    5602, 1602
    4555, 555
    11093, 7093
    11365, 7365
    10324, 6324
    10734, 6734
    4019, 19
    5278, 1278
    9014, 5014
    6907, 2907
    6359, 2359
    6467, 2467
    9563, 5563
    10902, 6902
    7534, 3534
    6193, 2193
    11090, 7090
    5506, 1506
    6388, 2388
    7020, 3020
    5994, 1994
    11674, 7674
    4407, 407
    11154, 7154
    5597, 1597
    9482, 5482
    9832, 5832
    5963, 1963
    6764, 2764
    9990, 5990
    8888, 4888
    11765, 7765
    5146, 1146
    7260, 3260
    10675, 6675
    7182, 3182
    6154, 2154
    11484, 7484
    9985, 5985
    7837, 3837
    10291, 6291
    11300, 7300
    8275, 4275
    7791, 3791
    11734, 7734
    8261, 4261
    10546, 6546
    5523, 1523
    5321, 1321
    9420, 5420
    10294, 6294
    8486, 4486
    7418, 3418
    4119, 119
    6338, 2338
    5625, 1625
    10976, 6976
    10883, 6883
    7672, 3672
    9682, 5682
    7211, 3211
    7673, 3673
    6790, 2790
    7994, 3994
    6219, 2219
    9291, 5291
    5811, 1811
    8898, 4898
    6931, 2931
    11414, 7414
    11285, 7285
    9264, 5264
    10594, 6594
    10403, 6403
    5778, 1778
    5804, 1804
    4504, 504
    7232, 3232
    9687, 5687
    6358, 2358
    10085, 6085
    11111, 7111
    10645, 6645
    8271, 4271
    6835, 2835
    9503, 5503
    11552, 7552
    10573, 6573
    4128, 128
    5401, 1401
    9423, 5423
    7290, 3290
    9176, 5176
    4381, 381
    8286, 4286
    11768, 7768
    11666, 7666
    6408, 2408
    9781, 5781
    6459, 2459
    5654, 1654
    10335, 6335
    8222, 4222
    11483, 7483
    8824, 4824
    4224, 224
    10761, 6761
    11242, 7242
    10628, 6628
    4916, 916
    4967, 967
    10985, 6985
    11858, 7858
    10020, 6020
    11830, 7830
    6577, 2577
    8332, 4332
    6926, 2926
    7702, 3702
    4236, 236
    11137, 7137
    8749, 4749
    11839, 7839
    10719, 6719
    10396, 6396
    9408, 5408
    10726, 6726
    7335, 3335
    5110, 1110
    8484, 4484
    7593, 3593
    11863, 7863
    10993, 6993
    5769, 1769
    4383, 383
    10053, 6053
    4964, 964
    9437, 5437
    7130, 3130
    10179, 6179
    8251, 4251
    4990, 990
    4412, 412
    9043, 5043
    9096, 5096
    8178, 4178
    5619, 1619
    8119, 4119
    11538, 7538
    7248, 3248
    6724, 2724
    6607, 2607
    6806, 2806
    6387, 2387
    9536, 5536
    5715, 1715
    6162, 2162
    11286, 7286
    5131, 1131
    5208, 1208
    5851, 1851
    4009, 9
    7963, 3963
    6389, 2389
    10163, 6163
    11448, 7448
    5790, 1790
    10490, 6490
    5688, 1688
    6128, 2128
    8347, 4347
    10159, 6159
    5417, 1417
    10389, 6389
    8977, 4977
    11320, 7320
    5177, 1177
    11256, 7256
    8168, 4168
    6857, 2857
    4368, 368
    7767, 3767
    10121, 6121
    11657, 7657
    5305, 1305
    7090, 3090
    9574, 5574
    9846, 5846
    5098, 1098
    4823, 823
    8014, 4014
    10388, 6388
    9475, 5475
    9013, 5013
    6668, 2668
    10110, 6110
    9089, 5089
    7360, 3360
    11943, 7943
    4573, 573
    7812, 3812
    4348, 348
    8065, 4065
    8548, 4548
    9456, 5456
    8243, 4243
    10579, 6579
    10817, 6817
    6268, 2268
    4522, 522
    5433, 1433
    5358, 1358
    6425, 2425
    7135, 3135
    8866, 4866
    5202, 1202
    5704, 1704
    7105, 3105
    8069, 4069
    5246, 1246
    5921, 1921
    8125, 4125
    10301, 6301
    9278, 5278
    9449, 5449
    9549, 5549
    6613, 2613
    5510, 1510
    6555, 2555
    9763, 5763
    6529, 2529
    5902, 1902
    6204, 2204
    4679, 679
    10126, 6126
    11676, 7676
    11908, 7908
    7866, 3866
    5298, 1298
    5111, 1111
    4613, 613
    4547, 547
    8173, 4173
    10176, 6176
    5952, 1952
    6011, 2011
    6340, 2340
    9521, 5521
    7385, 3385
    5381, 1381
    7873, 3873
    11738, 7738
    11097, 7097
    9020, 5020
    11919, 7919
    4462, 462
    11900, 7900
    5539, 1539
    6259, 2259
    6297, 2297
    5096, 1096
    4799, 799
    5212, 1212
    8807, 4807
    8563, 4563
    8639, 4639
    9080, 5080
    5717, 1717
    10953, 6953
    4697, 697
    5261, 1261
    6326, 2326
    4843, 843
    4473, 473
    10160, 6160
    5011, 1011
    8022, 4022
    4028, 28
    4796, 796
    11356, 7356
    11336, 7336
    6949, 2949
    7421, 3421
    4150, 150
    6023, 2023
    6687, 2687
    7340, 3340
    6274, 2274
    7155, 3155
    7394, 3394
    6523, 2523
    10595, 6595
    5872, 1872
    4733, 733
    10937, 6937
    8495, 4495
    4235, 235
    11752, 7752
    8451, 4451
    8801, 4801
    8675, 4675
    11065, 7065
    7281, 3281
    10379, 6379
    11559, 7559
    9302, 5302
    8378, 4378
    8236, 4236
    9968, 5968
    6008, 2008
    4303, 303
    10610, 6610
    4465, 465
    6849, 2849
    9605, 5605
    10393, 6393
    6434, 2434
    11340, 7340
    8005, 4005
    7066, 3066
    11469, 7469
    11520, 7520
    5392, 1392
    10174, 6174
    11421, 7421
    8777, 4777
    10841, 6841
    7769, 3769
    4592, 592
    5100, 1100
    4312, 312
    5367, 1367
    8656, 4656
    8318, 4318
    7895, 3895
    9240, 5240
    11227, 7227
    11353, 7353
    9526, 5526
    6981, 2981
    7780, 3780
    8586, 4586
    9450, 5450
    6108, 2108
    7074, 3074
    11671, 7671
    7794, 3794
    6430, 2430
    9418, 5418
    4043, 43
    6560, 2560
    6483, 2483
    5798, 1798
    7636, 3636
    4102, 102
    9815, 5815
    7460, 3460
    6694, 2694
    9931, 5931
    5815, 1815
    7156, 3156
    5669, 1669
    6223, 2223
    8135, 4135
    5366, 1366
    7423, 3423
    11123, 7123
    10617, 6617
    7951, 3951
    6661, 2661
    11893, 7893
    4694, 694
    7237, 3237
    5326, 1326
    5922, 1922
    5996, 1996
    5720, 1720
    9233, 5233
    8403, 4403
    9085, 5085
    11095, 7095
    9167, 5167
    7583, 3583
    10122, 6122
    8934, 4934
    9405, 5405
    8845, 4845
    4737, 737
    8725, 4725
    11611, 7611
    9775, 5775
    9344, 5344
    8171, 4171
    9221, 5221
    11081, 7081
    9047, 5047
    7329, 3329
    11470, 7470
    10586, 6586
    10306, 6306
    11497, 7497
    7959, 3959
    4770, 770
    4934, 934
    4359, 359
    11157, 7157
    11634, 7634
    10322, 6322
    6775, 2775
    5733, 1733
    7019, 3019
    5378, 1378
    7007, 3007
    7339, 3339
    9077, 5077
    9926, 5926
    11656, 7656
    4173, 173
    5957, 1957
    9474, 5474
    8460, 4460
    7076, 3076
    8048, 4048
    8438, 4438
    4087, 87
    9141, 5141
    7499, 3499
    8930, 4930
    5092, 1092
    6168, 2168
    8105, 4105
    11142, 7142
    5924, 1924
    9262, 5262
    9467, 5467
    4915, 915
    6741, 2741
    5812, 1812
    7183, 3183
    10691, 6691
    10247, 6247
    6112, 2112
    11003, 7003
    10390, 6390
    8114, 4114
    9665, 5665
    4707, 707
    4877, 877
    4722, 722
    8181, 4181
    7961, 3961
    10736, 6736
    6946, 2946
    7233, 3233
    5867, 1867
    10988, 6988
    8523, 4523
    11409, 7409
    5810, 1810
    9586, 5586
    10792, 6792
    5536, 1536
    9520, 5520
    10670, 6670
    8280, 4280
    5820, 1820
    9170, 5170
    8338, 4338
    10843, 6843
    7247, 3247
    9896, 5896
    6203, 2203
    8264, 4264
    6975, 2975
    10732, 6732
    11213, 7213
    5890, 1890
    4691, 691
    9040, 5040
    4667, 667
    10693, 6693
    10407, 6407
    9850, 5850
    5301, 1301
    7898, 3898
    7726, 3726
    6871, 2871
    7409, 3409
    6909, 2909
    10994, 6994
    6656, 2656
    10770, 6770
    8076, 4076
    4673, 673
    7663, 3663
    10436, 6436
    9382, 5382
    7263, 3263
    9399, 5399
    5971, 1971
    10819, 6819
    11980, 7980
    9435, 5435
    4766, 766
    7921, 3921
    11931, 7931
    7793, 3793
    6267, 2267
    9769, 5769
    9429, 5429
    4689, 689
    10237, 6237
    11660, 7660
    9051, 5051
    5287, 1287
    9156, 5156
    9498, 5498
    4794, 794
    4454, 454
    4231, 231
    6310, 2310
    8192, 4192
    5464, 1464
    7470, 3470
    5158, 1158
    8393, 4393
    5596, 1596
    4579, 579
    8268, 4268
    5284, 1284
    4426, 426
    8846, 4846
    6758, 2758
    8771, 4771
    7083, 3083
    8345, 4345
    4496, 496
    7218, 3218
    5346, 1346
    8234, 4234
    7623, 3623
    6444, 2444
    6160, 2160
    7877, 3877
    9496, 5496
    10511, 6511
    10041, 6041
    4202, 202
    10016, 6016
    8751, 4751
    9391, 5391
    6341, 2341
    5787, 1787
    5978, 1978
    10840, 6840
    11882, 7882
    4131, 131
    11440, 7440
    9857, 5857
    11989, 7989
    7868, 3868
    6004, 2004
    10191, 6191
    4719, 719
    8895, 4895
    9350, 5350
    8323, 4323
    9251, 5251
    5484, 1484
    6043, 2043
    8497, 4497
    4305, 305
    11531, 7531
    9288, 5288
    11935, 7935
    6081, 2081
    5503, 1503
    9465, 5465
    6959, 2959
    10621, 6621
    11971, 7971
    10747, 6747
    10208, 6208
    9290, 5290
    8667, 4667
    8242, 4242
    9596, 5596
    7161, 3161
    8246, 4246
    7049, 3049
    5252, 1252
    10329, 6329
    4005, 5
    5416, 1416
    6418, 2418
    4289, 289
    7979, 3979
    5964, 1964
    9265, 5265
    10997, 6997
    4323, 323
    9785, 5785
    4789, 789
    9755, 5755
    10562, 6562
    8703, 4703
    5022, 1022
    6152, 2152
    4320, 320
    8404, 4404
    8774, 4774
    10822, 6822
    6707, 2707
    9595, 5595
    10463, 6463
    9131, 5131
    4461, 461
    7771, 3771
    11706, 7706
    9534, 5534
    10635, 6635
    4294, 294
    8508, 4508
    11620, 7620
    10769, 6769
    8464, 4464
    10694, 6694
    8899, 4899
    8542, 4542
    5579, 1579
    11222, 7222
    5195, 1195
    11924, 7924
    11810, 7810
    4984, 984
    7820, 3820
    6365, 2365
    8750, 4750
    6987, 2987
    11641, 7641
    10447, 6447
    8791, 4791
    6634, 2634
    10951, 6951
    6773, 2773
    5414, 1414
    11697, 7697
    4023, 23
    8412, 4412
    10611, 6611
    6815, 2815
    10284, 6284
    7209, 3209
    11291, 7291
    11824, 7824
    7971, 3971
    5473, 1473
    7792, 3792
    4002, 2
    6079, 2079
    6770, 2770
    11155, 7155
    6250, 2250
    10084, 6084
    5099, 1099
    9454, 5454
    4668, 668
    4871, 871
    9115, 5115
    10143, 6143
    6235, 2235
    10188, 6188
    6207, 2207
    4604, 604
    5881, 1881
    11171, 7171
    10845, 6845
    9910, 5910
    11318, 7318
    6194, 2194
    4956, 956
    5198, 1198
    7454, 3454
    11714, 7714
    10698, 6698
    5312, 1312
    8987, 4987
    9295, 5295
    5411, 1411
    10865, 6865
    11654, 7654
    10107, 6107
    10991, 6991
    10300, 6300
    4854, 854
    6133, 2133
    6846, 2846
    10377, 6377
    10684, 6684
    4074, 74
    10851, 6851
    7815, 3815
    6077, 2077
    11182, 7182
    11244, 7244
    5339, 1339
    6124, 2124
    5407, 1407
    7938, 3938
    6309, 2309
    7512, 3512
    5421, 1421
    6985, 2985
    5080, 1080
    8607, 4607
    8844, 4844
    10128, 6128
    11321, 7321
    9451, 5451
    6254, 2254
    7056, 3056
    7934, 3934
    7851, 3851
    5569, 1569
    5244, 1244
    8889, 4889
    6384, 2384
    6553, 2553
    10702, 6702
    8879, 4879
    11558, 7558
    7805, 3805
    7367, 3367
    4805, 805
    6003, 2003
    5245, 1245
    8157, 4157
    4791, 791
    11857, 7857
    9969, 5969
    10642, 6642
    11814, 7814
    11425, 7425
    11437, 7437
    10488, 6488
    7862, 3862
    6677, 2677
    9953, 5953
    7426, 3426
    6379, 2379
    11812, 7812
    8788, 4788
    8748, 4748
    4151, 151
    7010, 3010
    8863, 4863
    7453, 3453
    4076, 76
    4177, 177
    5010, 1010
    11351, 7351
    11299, 7299
    8762, 4762
    4036, 36
    6662, 2662
    10162, 6162
    9721, 5721
    11339, 7339
    11033, 7033
    4341, 341
    4571, 571
    10700, 6700
    7665, 3665
    4506, 506
    8634, 4634
    5107, 1107
    4885, 885
    11864, 7864
    5883, 1883
    5796, 1796
    5127, 1127
    7588, 3588
    10314, 6314
    9261, 5261
    9087, 5087
    10076, 6076
    5000, 1000
    10983, 6983
    10813, 6813
    11703, 7703
    5933, 1933
    4022, 22
    5428, 1428
    6853, 2853
    10966, 6966
    6703, 2703
    8951, 4951
    8138, 4138
    4080, 80
    7261, 3261
    5395, 1395
    11207, 7207
    4400, 400
    6642, 2642
    9793, 5793
    11466, 7466
    7434, 3434
    5951, 1951
    7031, 3031
    9208, 5208
    6593, 2593
    7596, 3596
    11449, 7449
    8628, 4628
    11116, 7116
    7686, 3686
    7515, 3515
    4295, 295
    9828, 5828
    6446, 2446
    7990, 3990
    4404, 404
    11173, 7173
    4253, 253
    9504, 5504
    7464, 3464
    10480, 6480
    5609, 1609
    8783, 4783
    10455, 6455
    8122, 4122
    7571, 3571
    8203, 4203
    11008, 7008
    11600, 7600
    8190, 4190
    6808, 2808
    4007, 7
    4807, 807
    11614, 7614
    7670, 3670
    10418, 6418
    11511, 7511
    9502, 5502
    11310, 7310
    4945, 945
    4787, 787
    6242, 2242
    5606, 1606
    6273, 2273
    7250, 3250
    7399, 3399
    4960, 960
    5382, 1382
    8166, 4166
    8997, 4997
    10092, 6092
    9708, 5708
    10583, 6583
    9088, 5088
    6740, 2740
    6409, 2409
    4809, 809
    4342, 342
    10362, 6362
    7528, 3528
    7808, 3808
    5869, 1869
    10013, 6013
    6868, 2868
    10634, 6634
    4556, 556
    4562, 562
    11548, 7548
    4222, 222
    7013, 3013
    7754, 3754
    11403, 7403
    11853, 7853
    11106, 7106
    4508, 508
    9958, 5958
    6157, 2157
    5651, 1651
    9101, 5101
    5955, 1955
    10357, 6357
    5566, 1566
    8083, 4083
    10762, 6762
    9092, 5092
    9076, 5076
    8778, 4778
    7472, 3472
    10575, 6575
    6450, 2450
    7163, 3163
    6920, 2920
    6521, 2521
    10955, 6955
    9898, 5898
    6763, 2763
    9787, 5787
    4524, 524
    7834, 3834
    10605, 6605
    7157, 3157
    8939, 4939
    10227, 6227
    10858, 6858
    6300, 2300
    10416, 6416
    4185, 185
    6646, 2646
    10904, 6904
    7353, 3353
    8942, 4942
    5188, 1188
    10443, 6443
    8405, 4405
    11357, 7357
    6734, 2734
    8265, 4265
    9673, 5673
    7110, 3110
    4170, 170
    8167, 4167
    9786, 5786
    10566, 6566
    7960, 3960
    9592, 5592
    9348, 5348
    9641, 5641
    5692, 1692
    11549, 7549
    7132, 3132
    7488, 3488
    9835, 5835
    5532, 1532
    8364, 4364
    7264, 3264
    8990, 4990
    8828, 4828
    4645, 645
    5445, 1445
    5225, 1225
    5681, 1681
    10743, 6743
    5927, 1927
    11151, 7151
    4589, 589
    8539, 4539
    8897, 4897
    9032, 5032
    4293, 293
    7034, 3034
    10913, 6913
    10213, 6213
    8906, 4906
    10831, 6831
    9006, 5006
    4903, 903
    7541, 3541
    8705, 4705
    4365, 365
    4538, 538
    4126, 126
    11518, 7518
    6372, 2372
    8155, 4155
    5013, 1013
    8215, 4215
    4013, 13
    6294, 2294
    11731, 7731
    11981, 7981
    8100, 4100
    11805, 7805
    8221, 4221
    11816, 7816
    7852, 3852
    5650, 1650
    4241, 241
    10476, 6476
    9765, 5765
    8111, 4111
    11859, 7859
    11023, 7023
    10947, 6947
    7452, 3452
    5023, 1023
    5534, 1534
    6471, 2471
    11646, 7646
    4647, 647
    11598, 7598
    6083, 2083
    7888, 3888
    9114, 5114
    7336, 3336
    8739, 4739
    10948, 6948
    4937, 937
    7703, 3703
    10466, 6466
    5438, 1438
    8743, 4743
    6427, 2427
    6894, 2894
    11077, 7077
    5740, 1740
    11014, 7014
    4957, 957
    9513, 5513
    7618, 3618
    11777, 7777
    7664, 3664
    7420, 3420
    8272, 4272
    9315, 5315
    5049, 1049
    7549, 3549
    8296, 4296
    4139, 139
    8238, 4238
    6339, 2339
    10273, 6273
    10804, 6804
    6728, 2728
    7299, 3299
    7919, 3919
    4755, 755
    5210, 1210
    9696, 5696
    4275, 275
    4250, 250
    10755, 6755
    8995, 4995
    6353, 2353
    11054, 7054
    11633, 7633
    9247, 5247
    6596, 2596
    5981, 1981
    9149, 5149
    5379, 1379
    10730, 6730
    10100, 6100
    6156, 2156
    9730, 5730
    6426, 2426
    11955, 7955
    6805, 2805
    10765, 6765
    11125, 7125
    5886, 1886
    7863, 3863
    7806, 3806
    11602, 7602
    10310, 6310
    5707, 1707
    7830, 3830
    5668, 1668
    8621, 4621
    10584, 6584
    5189, 1189
    7406, 3406
    9656, 5656
    9807, 5807
    9191, 5191
    9967, 5967
    5477, 1477
    5685, 1685
    6508, 2508
    8320, 4320
    6545, 2545
    7998, 3998
    7206, 3206
    10606, 6606
    4705, 705
    10106, 6106
    7099, 3099
    11880, 7880
    10716, 6716
    6497, 2497
    7519, 3519
    4614, 614
    8055, 4055
    10773, 6773
    6329, 2329
    11525, 7525
    6534, 2534
    6530, 2530
    6171, 2171
    4219, 219
    9625, 5625
    8092, 4092
    8913, 4913
    11665, 7665
    6382, 2382
    6275, 2275
    7714, 3714
    9764, 5764
    10795, 6795
    4985, 985
    4654, 654
    5747, 1747
    10701, 6701
    6932, 2932
    5459, 1459
    10051, 6051
    11104, 7104
    10699, 6699
    4374, 374
    6028, 2028
    9519, 5519
    11489, 7489
    9766, 5766
    4388, 388
    4800, 800
    4004, 4
    7902, 3902
    7956, 3956
    7988, 3988
    5285, 1285
    8555, 4555
    9791, 5791
    7865, 3865
    6889, 2889
    11211, 7211
    5052, 1052
    4698, 698
    7267, 3267
    5750, 1750
    5991, 1991
    6669, 2669
    7580, 3580
    8398, 4398
    4184, 184
    7490, 3490
    11441, 7441
    10071, 6071
    6362, 2362
    9157, 5157
    11848, 7848
    7684, 3684
    10161, 6161
    5297, 1297
    4434, 434
    5134, 1134
    11420, 7420
    5028, 1028
    7880, 3880
    8237, 4237
    6307, 2307
    10309, 6309
    4549, 549
    11247, 7247
    10535, 6535
    6731, 2731
    4734, 734
    10432, 6432
    9187, 5187
    11825, 7825
    7845, 3845
    5976, 1976
    6364, 2364
    11999, 7999
    6116, 2116
    8964, 4964
    5727, 1727
    11406, 7406
    10577, 6577
    8016, 4016
    7141, 3141
    5041, 1041
    5755, 1755
    4574, 574
    8081, 4081
    11761, 7761
    5919, 1919
    5262, 1262
    8747, 4747
    4421, 421
    7909, 3909
    8829, 4829
    4585, 585
    7840, 3840
    10998, 6998
    4091, 91
    4449, 449
    4073, 73
    7773, 3773
    7521, 3521
    5941, 1941
    9185, 5185
    4923, 923
    6854, 2854
    5839, 1839
    10537, 6537
    11229, 7229
    9802, 5802
    5564, 1564
    11063, 7063
    6210, 2210
    10028, 6028
    7562, 3562
    4459, 459
    9062, 5062
    10754, 6754
    8535, 4535
    8387, 4387
    7603, 3603
    11664, 7664
    6919, 2919
    5934, 1934
    10285, 6285
    11412, 7412
    10148, 6148
    6397, 2397
    4712, 712
    11209, 7209
    5277, 1277
    5224, 1224
    4469, 469
    6829, 2829
    10074, 6074
    10004, 6004
    10950, 6950
    10542, 6542
    11619, 7619
    8283, 4283
    9959, 5959
    4652, 652
    9894, 5894
    10253, 6253
    4693, 693
    10519, 6519
    7705, 3705
    9622, 5622
    4644, 644
    5374, 1374
    9358, 5358
    4682, 682
    7616, 3616
    11696, 7696
    9773, 5773
    8098, 4098
    6690, 2690
    7995, 3995
    10842, 6842
    10348, 6348
    6216, 2216
    4092, 92
    6633, 2633
    5906, 1906
    9713, 5713
    9335, 5335
    9011, 5011
    10756, 6756
    9827, 5827
    5008, 1008
    10347, 6347
    7348, 3348
    4470, 470
    8552, 4552
    5266, 1266
    6325, 2325
    11005, 7005
    5847, 1847
    8342, 4342
    11084, 7084
    8871, 4871
    10207, 6207
    8455, 4455
    9644, 5644
    5447, 1447
    11932, 7932
    9609, 5609
    5828, 1828
    11092, 7092
    8763, 4763
    7667, 3667
    10679, 6679
    8567, 4567
    8666, 4666
    11133, 7133
    6754, 2754
    7305, 3305
    8425, 4425
    4337, 337
    8834, 4834
    5936, 1936
    6626, 2626
    10298, 6298
    10495, 6495
    5791, 1791
    7944, 3944
    5816, 1816
    5803, 1803
    4107, 107
    4669, 669
    5215, 1215
    8945, 4945
    10248, 6248
    11360, 7360
    4732, 732
    9387, 5387
    7402, 3402
    6874, 2874
    11022, 7022
    6316, 2316
    8511, 4511
    9746, 5746
    5170, 1170
    9453, 5453
    10759, 6759
    6848, 2848
    4031, 31
    7234, 3234
    11802, 7802
    7741, 3741
    5088, 1088
    7098, 3098
    5475, 1475
    10866, 6866
    8250, 4250
    5874, 1874
    4676, 676
    4997, 997
    6288, 2288
    8220, 4220
    8507, 4507
    9158, 5158
    10057, 6057
    5904, 1904
    5387, 1387
    11875, 7875
    8461, 4461
    7192, 3192
    5193, 1193
    4402, 402
    10713, 6713
    5061, 1061
    4715, 715
    7858, 3858
    8124, 4124
    9177, 5177
    7355, 3355
    10514, 6514
    5007, 1007
    7404, 3404
    9792, 5792
    10779, 6779
    4681, 681
    11383, 7383
    8950, 4950
    6906, 2906
    10524, 6524
    7338, 3338
    4351, 351
    5114, 1114
    11975, 7975
    4515, 515
    4480, 480
    7172, 3172
    4372, 372
    10428, 6428
    7543, 3543
    6374, 2374
    9620, 5620
    8908, 4908
    7254, 3254
    11618, 7618
    8444, 4444
    5917, 1917
    6009, 2009
    8368, 4368
    4435, 435
    4375, 375
    7363, 3363
    4933, 933
    9754, 5754
    10211, 6211
    11323, 7323
    5120, 1120
    7922, 3922
    9433, 5433
    5848, 1848
    10465, 6465
    10516, 6516
    8317, 4317
    11134, 7134
    9529, 5529
    5481, 1481
    4978, 978
    4038, 38
    4193, 193
    8959, 4959
    9508, 5508
    9448, 5448
    7266, 3266
    4529, 529
    6564, 2564
    8319, 4319
    5102, 1102
    4941, 941
    4428, 428
    6494, 2494
    4904, 904
    5622, 1622
    7772, 3772
    10038, 6038
    10332, 6332
    11422, 7422
    6609, 2609
    10158, 6158
    6616, 2616
    8849, 4849
    10283, 6283
    10872, 6872
    8227, 4227
    8356, 4356
    11926, 7926
    7889, 3889
    7605, 3605
    5513, 1513
    5424, 1424
    8420, 4420
    5368, 1368
    8864, 4864
    8501, 4501
    6571, 2571
    11960, 7960
    9234, 5234
    10154, 6154
    10321, 6321
    6660, 2660
    8704, 4704
    6869, 2869
    7817, 3817
    6551, 2551
    8702, 4702
    7987, 3987
    11332, 7332
    8785, 4785
    4861, 861
    5567, 1567
    10669, 6669
    7595, 3595
    9916, 5916
    9768, 5768
    5498, 1498
    9347, 5347
    11781, 7781
    5483, 1483
    11290, 7290
    7788, 3788
    11432, 7432
    7996, 3996
    9578, 5578
    8633, 4633
    11187, 7187
    6485, 2485
    7087, 3087
    11377, 7377
    9750, 5750
    11860, 7860
    5163, 1163
    6144, 2144
    4838, 838
    6038, 2038
    10631, 6631
    6528, 2528
    8445, 4445
    11416, 7416
    10369, 6369
    9604, 5604
    8562, 4562
    7869, 3869
    6355, 2355
    6680, 2680
    4570, 570
    10722, 6722
    5657, 1657
    7715, 3715
    10286, 6286
    6381, 2381
    11366, 7366
    6263, 2263
    9872, 5872
    7465, 3465
    8793, 4793
    5173, 1173
    4711, 711
    7856, 3856
    9329, 5329
    9205, 5205
    9413, 5413
    10503, 6503
    5037, 1037
    6335, 2335
    5648, 1648
    10522, 6522
    6327, 2327
    10098, 6098
    6691, 2691
    6693, 2693
    5571, 1571
    6062, 2062
    10349, 6349
    7148, 3148
    7518, 3518
    10316, 6316
    5642, 1642
    4830, 830
    7740, 3740
    8130, 4130
    7424, 3424
    5914, 1914
    9524, 5524
    8472, 4472
    8891, 4891
    10957, 6957
    4172, 172
    4708, 708
    9631, 5631
    4068, 68
    8321, 4321
    8910, 4910
    4632, 632
    8311, 4311
    10975, 6975
    11990, 7990
    6491, 2491
    5594, 1594
    9758, 5758
    5254, 1254
    5772, 1772
    6012, 2012
    6967, 2967
    9425, 5425
    10907, 6907
    5784, 1784
    10518, 6518
    4839, 839
    6943, 2943
    11537, 7537
    5462, 1462
    5667, 1667
    8362, 4362
    9311, 5311
    4280, 280
    7859, 3859
    11329, 7329
    11903, 7903
    10064, 6064
    7523, 3523
    11025, 7025
    4992, 992
    6305, 2305
    6671, 2671
    6667, 2667
    6584, 2584
    7332, 3332
    5490, 1490
    10058, 6058
    4499, 499
    10093, 6093
    5605, 1605
    5712, 1712
    4433, 433
    11238, 7238
    6225, 2225
    8198, 4198
    8642, 4642
    9410, 5410
    7962, 3962
    11745, 7745
    5788, 1788
    6277, 2277
    11447, 7447
    6779, 2779
    5104, 1104
    8915, 4915
    7590, 3590
    5987, 1987
    5842, 1842
    5056, 1056
    10651, 6651
    8921, 4921
    7764, 3764
    11742, 7742
    8799, 4799
    6466, 2466
    10281, 6281
    8281, 4281
    11435, 7435
    7839, 3839
    6255, 2255
    8232, 4232
    4683, 683
    10061, 6061
    10340, 6340
    5611, 1611
    8614, 4614
    10380, 6380
    9271, 5271
    11060, 7060
    8754, 4754
    11263, 7263
    8127, 4127
    9975, 5975
    7568, 3568
    7896, 3896
    5792, 1792
    8061, 4061
    4032, 32
    10984, 6984
    10528, 6528
    11183, 7183
    11061, 7061
    6303, 2303
    6085, 2085
    11202, 7202
    6977, 2977
    6486, 2486
    7803, 3803
    11899, 7899
    9978, 5978
    4124, 124
    11920, 7920
    8270, 4270
    7525, 3525
    7874, 3874
    4601, 601
    4487, 487
    4192, 192
    6962, 2962
    4455, 455
    11260, 7260
    9753, 5753
    4273, 273
    6678, 2678
    10599, 6599
    7779, 3779
    8722, 4722
    4242, 242
    9738, 5738
    10629, 6629
    9364, 5364
    4528, 528
    4872, 872
    5389, 1389
    6215, 2215
    9235, 5235
    9442, 5442
    6283, 2283
    11243, 7243
    4890, 890
    11480, 7480
    5259, 1259
    9800, 5800
    11732, 7732
    10235, 6235
    4884, 884
    10450, 6450
    11698, 7698
    7417, 3417
    6776, 2776
    9009, 5009
    4875, 875
    11868, 7868
    6344, 2344
    7048, 3048
    8715, 4715
    10569, 6569
    10025, 6025
    11348, 7348
    9833, 5833
    7291, 3291
    11028, 7028
    5774, 1774
    5209, 1209
    7697, 3697
    4780, 780
    8928, 4928
    4914, 914
    8402, 4402
    10311, 6311
    4490, 490
    10185, 6185
    10427, 6427
    11593, 7593
    4133, 133
    6705, 2705
    9862, 5862
    11569, 7569
    11246, 7246
    9490, 5490
    10717, 6717
    7550, 3550
    10632, 6632
    8434, 4434
    8572, 4572
    11754, 7754
    5300, 1300
    6490, 2490
    9796, 5796
    9111, 5111
    6817, 2817
    9478, 5478
    5166, 1166
    9327, 5327
    4017, 17
    8594, 4594
    5607, 1607
    9778, 5778
    7021, 3021
    11631, 7631
    10908, 6908
    5356, 1356
    8199, 4199
    4526, 526
    7842, 3842
    5046, 1046
    8817, 4817
    6065, 2065
    7819, 3819
    10421, 6421
    6337, 2337
    11785, 7785
    7901, 3901
    11967, 7967
    10909, 6909
    9727, 5727
    7846, 3846
    4384, 384
    11193, 7193
    8822, 4822
    4000, 0
    7124, 3124
    4730, 730
    10108, 6108
    9029, 5029
    11186, 7186
    7597, 3597
    5858, 1858
    6114, 2114
    8032, 4032
    6039, 2039
    9698, 5698
    8986, 4986
    8491, 4491
    8855, 4855
    11475, 7475
    7017, 3017
    9473, 5473
    4776, 776
    7089, 3089
    10361, 6361
    8285, 4285
    5859, 1859
    8326, 4326
    5165, 1165
    11158, 7158
    11624, 7624
    4440, 440
    4695, 695
    7620, 3620
    7284, 3284
    4147, 147
    6911, 2911
    5219, 1219
    9486, 5486
    4199, 199
    9749, 5749
    9460, 5460
    5334, 1334
    11962, 7962
    4502, 502
    5590, 1590
    9901, 5901
    6637, 2637
    7838, 3838
    4360, 360
    10195, 6195
    10375, 6375
    4335, 335
    8363, 4363
    9976, 5976
    10239, 6239
    8182, 4182
    5377, 1377
    8911, 4911
    8263, 4263
    5014, 1014
    10956, 6956
    10089, 6089
    9286, 5286
    9565, 5565
    4471, 471
    8195, 4195
    10753, 6753
    4016, 16
    6400, 2400
    11075, 7075
    4988, 988
    7032, 3032
    4206, 206
    11455, 7455
    9027, 5027
    10862, 6862
    10870, 6870
    7914, 3914
    9138, 5138
    7577, 3577
    6438, 2438
    7536, 3536
    11188, 7188
    8247, 4247
    7892, 3892
    10304, 6304
    7325, 3325
    11866, 7866
    10052, 6052
    10625, 6625
    4591, 591
    6833, 2833
    11345, 7345
    6506, 2506
    5126, 1126
    10156, 6156
    8339, 4339
    7382, 3382
    10435, 6435
    4919, 919
    11647, 7647
    5340, 1340
    9649, 5649
    8815, 4815
    6604, 2604
    5873, 1873
    8661, 4661
    9722, 5722
    10727, 6727
    8400, 4400
    7479, 3479
    8337, 4337
    11542, 7542
    5588, 1588
    7505, 3505
    6055, 2055
    6663, 2663
    4602, 602
    6208, 2208
    11947, 7947
    8969, 4969
    8134, 4134
    8848, 4848
    6396, 2396
    9598, 5598
    5980, 1980
    9182, 5182
    10193, 6193
    4947, 947
    4540, 540
    10177, 6177
    5289, 1289
    4593, 593
    8519, 4519
    6649, 2649
    8294, 4294
    10326, 6326
    8545, 4545
    9272, 5272
    4071, 71
    7504, 3504
    10504, 6504
    8026, 4026
    6652, 2652
    9528, 5528
    7629, 3629
    10034, 6034
    5779, 1779
    7615, 3615
    11472, 7472
    5200, 1200
    7967, 3967
    10992, 6992
    5343, 1343
    7457, 3457
    5538, 1538
    10448, 6448
    10492, 6492
    7849, 3849
    10496, 6496
    8541, 4541
    5081, 1081
    9825, 5825
    10592, 6592
    6910, 2910
    10530, 6530
    9078, 5078
    9346, 5346
    7610, 3610
    9252, 5252
    11532, 7532
    4567, 567
    4847, 847
    8094, 4094
    4879, 879
    6264, 2264
    10636, 6636
    8512, 4512
    7274, 3274
    11021, 7021
    6682, 2682
    8734, 4734
    7415, 3415
    8006, 4006
    10673, 6673
    7480, 3480
    10834, 6834
    7322, 3322
    7617, 3617
    5082, 1082
    7168, 3168
    8573, 4573
    11564, 7564
    7751, 3751
    7607, 3607
    4214, 214
    7054, 3054
    11221, 7221
    9515, 5515
    10150, 6150
    9695, 5695
    5282, 1282
    4160, 160
    4318, 318
    9801, 5801
    9982, 5982
    8672, 4672
    7531, 3531
    7968, 3968
    8839, 4839
    5352, 1352
    11052, 7052
    11249, 7249
    4965, 965
    9363, 5363
    9854, 5854
    9340, 5340
    9229, 5229
    8262, 4262
    10525, 6525
    11501, 7501
    5745, 1745
    10341, 6341
    6696, 2696
    4422, 422
    8924, 4924
    9728, 5728
    4100, 100
    8574, 4574
    7638, 3638
    8087, 4087
    5502, 1502
    9355, 5355
    6182, 2182
    4628, 628
    11907, 7907
    6810, 2810
    4492, 492
    11027, 7027
    8239, 4239
    5766, 1766
    9947, 5947
    10796, 6796
    11739, 7739
    9962, 5962
    9554, 5554
    6531, 2531
    10172, 6172
    11072, 7072
    8367, 4367
    11068, 7068
    9589, 5589
    7635, 3635
    9889, 5889
    6602, 2602
    5239, 1239
    8526, 4526
    5323, 1323
    10282, 6282
    6314, 2314
    5348, 1348
    7229, 3229
    10424, 6424
    5268, 1268
    10470, 6470
    7180, 3180
    5431, 1431
    5394, 1394
    4129, 129
    8965, 4965
    8469, 4469
    4764, 764
    4974, 974
    4106, 106
    11181, 7181
    8223, 4223
    7059, 3059
    10905, 6905
    4760, 760
    11250, 7250
    11643, 7643
    11144, 7144
    9218, 5218
    8902, 4902
    4927, 927
    7419, 3419
    11495, 7495
    4616, 616
    11245, 7245
    8082, 4082
    4352, 352
    5294, 1294
    5115, 1115
    11132, 7132
    7506, 3506
    8550, 4550
    5698, 1698
    7241, 3241
    9569, 5569
    6980, 2980
    11789, 7789
    9349, 5349
    10708, 6708
    9441, 5441
    8592, 4592
    9873, 5873
    5574, 1574
    6237, 2237
    5832, 1832
    8619, 4619
    9548, 5548
    6029, 2029
    9686, 5686
    5616, 1616
    4713, 713
    5527, 1527
    7425, 3425
    6001, 2001
    6229, 2229
    4798, 798
    6735, 2735
    6107, 2107
    7461, 3461
    9212, 5212
    4186, 186
    11196, 7196
    4961, 961
    7093, 3093
    7906, 3906
    7533, 3533
    10718, 6718
    6053, 2053
    10471, 6471
    5397, 1397
    9714, 5714
    11551, 7551
    11415, 7415
    9892, 5892
    10262, 6262
    4520, 520
    8255, 4255
    11957, 7957
    5048, 1048
    8106, 4106
    10149, 6149
    4603, 603
    4458, 458
    8926, 4926
    9838, 5838
    9112, 5112
    8941, 4941
    11841, 7841
    7147, 3147
    10920, 6920
    6345, 2345
    7814, 3814
    5680, 1680
    8966, 4966
    8677, 4677
    5396, 1396
    9422, 5422
    6674, 2674
    5017, 1017
    8088, 4088
    8658, 4658
    5243, 1243
    7223, 3223
    4559, 559
    4474, 474
    10386, 6386
    8175, 4175
    5853, 1853
    5156, 1156
    10075, 6075
    10065, 6065
    10875, 6875
    6331, 2331
    7328, 3328
    9368, 5368
    9570, 5570
    8585, 4585
    9146, 5146
    5850, 1850
    9627, 5627
    5286, 1286
    5575, 1575
    7608, 3608
    11707, 7707
    7632, 3632
    9497, 5497
    9155, 5155
    11506, 7506
    6709, 2709
    7333, 3333
    11094, 7094
    4840, 840
    7208, 3208
    9550, 5550
    4183, 183
    8269, 4269
    6234, 2234
    4260, 260
    4564, 564
    9025, 5025
    8439, 4439
    8331, 4331
    11498, 7498
    11471, 7471
    7379, 3379
    8514, 4514
    11216, 7216
    10323, 6323
    6093, 2093
    9210, 5210
    5728, 1728
    7349, 3349
    7677, 3677
    11699, 7699
    7542, 3542
    5084, 1084
    7787, 3787
    6514, 2514
    6852, 2852
    5785, 1785
    6270, 2270
    7188, 3188
    8534, 4534
    5823, 1823
    8521, 4521
    7917, 3917
    8604, 4604
    9913, 5913
    5690, 1690
    6811, 2811
    10589, 6589
    6416, 2416
    11730, 7730
    6507, 2507
    7907, 3907
    6291, 2291
    11987, 7987
    9388, 5388
    9933, 5933
    5721, 1721
    4981, 981
    11370, 7370
    9476, 5476
    6549, 2549
    8070, 4070
    4307, 307
    7984, 3984
    9507, 5507
    10226, 6226
    11708, 7708
    11485, 7485
    10856, 6856
    11965, 7965
    5085, 1085
    4003, 3
    11862, 7862
    4690, 690
    9487, 5487
    7173, 3173
    11236, 7236
    11688, 7688
    10640, 6640
    8325, 4325
    5589, 1589
    11306, 7306
    11492, 7492
    6725, 2725
    7055, 3055
    11374, 7374
    9767, 5767
    5809, 1809
    8806, 4806
    4027, 27
    4853, 853
    8123, 4123
    6505, 2505
    11312, 7312
    6629, 2629
    7989, 3989
    4928, 928
    7758, 3758
    9174, 5174
    5948, 1948
    6141, 2141
    9887, 5887
    5600, 1600
    11653, 7653
    6436, 2436
    10363, 6363
    11434, 7434
    8480, 4480
    9390, 5390
    10848, 6848
    7778, 3778
    7061, 3061
    8575, 4575
    5892, 1892
    5295, 1295
    7397, 3397
    5055, 1055
    7743, 3743
    7143, 3143
    9905, 5905
    11776, 7776
    7410, 3410
    6759, 2759
    7162, 3162
    11301, 7301
    9864, 5864
    4283, 283
    11283, 7283
    10906, 6906
    8784, 4784
    7682, 3682
    4405, 405
    5855, 1855
    10688, 6688
    7883, 3883
    7039, 3039
    7875, 3875
    6535, 2535
    8503, 4503
    9197, 5197
    8059, 4059
    8738, 4738
    7954, 3954
    4745, 745
    11873, 7873
    8116, 4116
    6627, 2627
    7462, 3462
    5916, 1916
    4584, 584
    8886, 4886
    4181, 181
    8424, 4424
    6538, 2538
    8547, 4547
    9203, 5203
    9444, 5444
    6802, 2802
    9471, 5471
    5723, 1723
    9890, 5890
    10510, 6510
    9186, 5186
    10793, 6793
    6246, 2246
    10485, 6485
    5439, 1439
    5614, 1614
    7416, 3416
    4630, 630
    9064, 5064
    7974, 3974
    7095, 3095
    6244, 2244
    6394, 2394
    6722, 2722
    6515, 2515
    9981, 5981
    6090, 2090
    11024, 7024
    6996, 2996
    4274, 274
    10317, 6317
    9226, 5226
    9343, 5343
    9532, 5532
    11398, 7398
    11168, 7168
    8408, 4408
    7205, 3205
    11073, 7073
    6689, 2689
    5836, 1836
    5220, 1220
    8878, 4878
    5456, 1456
    4326, 326
    4156, 156
    10502, 6502
    9403, 5403
    10327, 6327
    4098, 98
    5242, 1242
    9099, 5099
    5749, 1749
    8869, 4869
    4239, 239
    4431, 431
    7236, 3236
    5558, 1558
    7437, 3437
    5398, 1398
    11218, 7218
    9351, 5351
    8629, 4629
    11764, 7764
    4212, 212
    6373, 2373
    11413, 7413
    7993, 3993
    4195, 195
    7796, 3796
    6733, 2733
    11877, 7877
    4282, 282
    5834, 1834
    9219, 5219
    4512, 512
    11845, 7845
    6547, 2547
    6103, 2103
    4448, 448
    4702, 702
    11392, 7392
    4385, 385
    7836, 3836
    8622, 4622
    4125, 125
    9299, 5299
    11837, 7837
    6875, 2875
    9037, 5037
    6378, 2378
    6495, 2495
    9904, 5904
    7655, 3655
    9331, 5331
    4944, 944
    7894, 3894
    10877, 6877
    5845, 1845
    11009, 7009
    10978, 6978
    9803, 5803
    4599, 599
    9666, 5666
    6664, 2664
    4233, 233
    11467, 7467
    6582, 2582
    10444, 6444
    6631, 2631
    4344, 344
    11678, 7678
    7387, 3387
    4408, 408
    10682, 6682
    5854, 1854
    6937, 2937
    9613, 5613
    5626, 1626
    8346, 4346
    7018, 3018
    10613, 6613
    5075, 1075
    5047, 1047
    7357, 3357
    11270, 7270
    11020, 7020
    9720, 5720
    6969, 2969
    8554, 4554
    8060, 4060
    8071, 4071
    5617, 1617
    9703, 5703
    8780, 4780
    5819, 1819
    8803, 4803
    8137, 4137
    5645, 1645
    4912, 912
    10531, 6531
    5103, 1103
    6155, 2155
    8089, 4089
    5214, 1214
    4876, 876
    9581, 5581
    11705, 7705
    10852, 6852
    5725, 1725
    5993, 1993
    4889, 889
    5091, 1091
    5694, 1694
    8561, 4561
    7548, 3548
    10021, 6021
    4596, 596
    9279, 5279
    10602, 6602
    5018, 1018
    8838, 4838
    8110, 4110
    4767, 767
    9380, 5380
    7756, 3756
    8587, 4587
    7591, 3591
    5530, 1530
    10829, 6829
    6238, 2238
    9736, 5736
    11793, 7793
    10449, 6449
    11407, 7407
    9949, 5949
    4724, 724
    9079, 5079
    8498, 4498
    4144, 144
    6587, 2587
    5546, 1546
    5995, 1995
    5703, 1703
    7004, 3004
    7202, 3202
    9068, 5068
    9681, 5681
    8148, 4148
    6590, 2590
    9119, 5119
    4339, 339
    6013, 2013
    6064, 2064
    4061, 61
    8126, 4126
    10558, 6558
    5601, 1601
    7601, 3601
    7854, 3854
    4942, 942
    4263, 263
    4143, 143
    6714, 2714
    7500, 3500
    8027, 4027
    6895, 2895
    4612, 612
    10268, 6268
    8798, 4798
    7876, 3876
    9159, 5159
    7101, 3101
    11851, 7851
    4161, 161
    8981, 4981
    4627, 627
    11045, 7045
    9964, 5964
    11914, 7914
    4277, 277
    7509, 3509
    4389, 389
    4806, 806
    6306, 2306
    4157, 157
    5491, 1491
    9516, 5516
    7106, 3106
    7886, 3886
    7225, 3225
    10333, 6333
    5954, 1954
    10008, 6008
    6697, 2697
    5361, 1361
    9236, 5236
    5071, 1071
    6278, 2278
    11459, 7459
    10958, 6958
    10752, 6752
    9883, 5883
    5197, 1197
    8298, 4298
    9254, 5254
    6084, 2084
    5474, 1474
    4077, 77
    4649, 649
    4699, 699
    4852, 852
    8612, 4612
    8301, 4301
    5631, 1631
    4899, 899
    11030, 7030
    4488, 488
    7744, 3744
    8856, 4856
    8204, 4204
    11195, 7195
    7448, 3448
    4975, 975
    5315, 1315
    10897, 6897
    5320, 1320
    4175, 175
    8328, 4328
    5548, 1548
    10876, 6876
    11156, 7156
    4918, 918
    5735, 1735
    8254, 4254
    5338, 1338
    8825, 4825
    5306, 1306
    11906, 7906
    8058, 4058
    11722, 7722
    9591, 5591
    4416, 416
    9735, 5735
    10891, 6891
    5560, 1560
    7915, 3915
    7511, 3511
    11616, 7616
    6591, 2591
    7411, 3411
    7745, 3745
    5673, 1673
    7656, 3656
    6774, 2774
    9819, 5819
    4111, 111
    8407, 4407
    11050, 7050
    9915, 5915
    11589, 7589
    10591, 6591
    6786, 2786
    5492, 1492
    6544, 2544
    5487, 1487
    10086, 6086
    8927, 4927
    11185, 7185
    6449, 2449
    9599, 5599
    7926, 3926
    11682, 7682
    11594, 7594
    4248, 248
    6487, 2487
    9725, 5725
    4729, 729
    10896, 6896
    7977, 3977
    7366, 3366
    4922, 922
    9935, 5935
    11637, 7637
    8962, 4962
    6750, 2750
    9616, 5616
    8235, 4235
    11528, 7528
    4311, 311
    7770, 3770
    5324, 1324
    8104, 4104
    5973, 1973
    4576, 576
    5311, 1311
    5247, 1247
    8179, 4179
    9794, 5794
    10112, 6112
    5482, 1482
    8960, 4960
    10196, 6196
    11330, 7330
    6243, 2243
    8359, 4359
    10079, 6079
    7762, 3762
    6845, 2845
    10646, 6646
    9202, 5202
    4802, 802
    6983, 2983
    7841, 3841
    8431, 4431
    10867, 6867
    6349, 2349
    5413, 1413
    9015, 5015
    8041, 4041
    10943, 6943
    11833, 7833
    10152, 6152
    10741, 6741
    10944, 6944
    11969, 7969
    4862, 862
    5999, 1999
    8578, 4578
    11792, 7792
    11861, 7861
    7376, 3376
    10405, 6405
    8918, 4918
    8448, 4448
    5659, 1659
    11621, 7621
    7850, 3850
    8121, 4121
    4865, 865
    6855, 2855
    9587, 5587
    11042, 7042
    6915, 2915
    11228, 7228
    10857, 6857
    4366, 366
    6109, 2109
    8741, 4741
    5256, 1256
    4623, 623
    5119, 1119
    8700, 4700
    9028, 5028
    9525, 5525
    6870, 2870
    8315, 4315
    9779, 5779
    11524, 7524
    9137, 5137
    11580, 7580
    4968, 968
    10073, 6073
    7217, 3217
    6658, 2658
    4894, 894
    11394, 7394
    7044, 3044
    8582, 4582
    5822, 1822
    6256, 2256
    11510, 7510
    8033, 4033
    11258, 7258
    6377, 2377
    10468, 6468
    4714, 714
    6861, 2861
    4446, 446
    4237, 237
    5789, 1789
    11778, 7778
    9552, 5552
    11827, 7827
    6469, 2469
    10178, 6178
    5337, 1337
    11713, 7713
    5708, 1708
    5683, 1683
    5586, 1586
    7149, 3149
    10968, 6968
    11984, 7984
    6670, 2670
    8681, 4681
    5543, 1543
    6830, 2830
    6218, 2218
    10123, 6123
    5988, 1988
    8019, 4019
    11539, 7539
    6019, 2019
    5328, 1328
    6406, 2406
    5827, 1827
    8361, 4361
    11241, 7241
    10571, 6571
    11691, 7691
    7330, 3330
    11364, 7364
    8164, 4164
    5223, 1223
    7698, 3698
    9612, 5612
    6783, 2783
    10337, 6337
    6149, 2149
    4439, 439
    11636, 7636
    10850, 6850
    7316, 3316
    11910, 7910
    4940, 940
    10729, 6729
    9927, 5927
    11645, 7645
    10374, 6374
    8772, 4772
    6499, 2499
    4482, 482
    5805, 1805
    9357, 5357
    9965, 5965
    7853, 3853
    4188, 188
    11727, 7727
    4053, 53
    6878, 2878
    9689, 5689
    11058, 7058
    4269, 269
    10686, 6686
    10538, 6538
    7661, 3661
    6838, 2838
    11277, 7277
    7728, 3728
    9003, 5003
    9313, 5313
    6421, 2421
    11038, 7038
    8381, 4381
    4765, 765
    11382, 7382
    7594, 3594
    6989, 2989
    8050, 4050
    6648, 2648
    10541, 6541
    6809, 2809
    8025, 4025
    6807, 2807
    9123, 5123
    11679, 7679
    7582, 3582
    7436, 3436
    10820, 6820
    9879, 5879
    11766, 7766
    10772, 6772
    7396, 3396
    11521, 7521
    7694, 3694
    6867, 2867
    6423, 2423
    7304, 3304
    6651, 2651
    11159, 7159
    5113, 1113
    6498, 2498
    6791, 2791
    11113, 7113
    11771, 7771
    9100, 5100
    5618, 1618
    11500, 7500
    7631, 3631
    6520, 2520
    9241, 5241
    9602, 5602
    8851, 4851
    9324, 5324
    8816, 4816
    8047, 4047
    8266, 4266
    5969, 1969
    5280, 1280
    6401, 2401
    6665, 2665
    7559, 3559
    8719, 4719
    9629, 5629
    5309, 1309
    5679, 1679
    11376, 7376
    9160, 5160
    9944, 5944
    9488, 5488
    6440, 2440
    8931, 4931
    9070, 5070
    4950, 950
    6606, 2606
    7435, 3435
    6034, 2034
    7482, 3482
    8804, 4804
    8947, 4947
    9189, 5189
    8991, 4991
    10173, 6173
    6594, 2594
    4757, 757
    5759, 1759
    8821, 4821
    9954, 5954
    5706, 1706
    4057, 57
    6139, 2139
    7370, 3370
    6913, 2913
    7269, 3269
    9308, 5308
    8949, 4949
    8996, 4996
    6164, 2164
    4855, 855
    8012, 4012
    8384, 4384
    7368, 3368
    9734, 5734
    7249, 3249
    9404, 5404
    4514, 514
    8884, 4884
    10798, 6798
    9593, 5593
    4867, 867
    7579, 3579
    5488, 1488
    11838, 7838
    11638, 7638
    6410, 2410
    5279, 1279
    5591, 1591
    10459, 6459
    10320, 6320
    10933, 6933
    11491, 7491
    8907, 4907
    8813, 4813
    5928, 1928
    7980, 3980
    9259, 5259
    6681, 2681
    4256, 256
    9152, 5152
    5846, 1846
    7477, 3477
    9472, 5472
    7929, 3929
    7975, 3975
    10500, 6500
    9510, 5510
    8713, 4713
    5393, 1393
    4814, 814
    8456, 4456
    6769, 2769
    7719, 3719
    6195, 2195
    9989, 5989
    11424, 7424
    7855, 3855
    9458, 5458
    4371, 371
    9010, 5010
    4090, 90
    5565, 1565
    11393, 7393
    5460, 1460
    7785, 3785
    5453, 1453
    11577, 7577
    5360, 1360
    10205, 6205
    8695, 4695
    11773, 7773
    8352, 4352
    4045, 45
    9579, 5579
    9506, 5506
    6489, 2489
    8646, 4646
    8710, 4710
    11930, 7930
    10800, 6800
    7356, 3356
    11342, 7342
    7102, 3102
    4891, 891
    4477, 477
    8312, 4312
    9719, 5719
    11018, 7018
    9260, 5260
    7813, 3813
    4674, 674
    4189, 189
    7069, 3069
    4110, 110
    6573, 2573
    8397, 4397
    10230, 6230
    10420, 6420
    5190, 1190
    8502, 4502
    10111, 6111
    10910, 6910
    10563, 6563
    5349, 1349
    6822, 2822
    9434, 5434
    9647, 5647
    4078, 78
    9038, 5038
    6433, 2433
    4059, 59
    7043, 3043
    6917, 2917
    11775, 7775
    8901, 4901
    5696, 1696
    5677, 1677
    4622, 622
    9564, 5564
    4537, 537
    11191, 7191
    7727, 3727
    4135, 135
    5887, 1887
    8510, 4510
    10885, 6885
    4768, 768
    10886, 6886
    11774, 7774
    6371, 2371
    5001, 1001
    5666, 1666
    6666, 2666
    9017, 5017
    11280, 7280
    4245, 245
    11681, 7681
    10023, 6023
    6886, 2886
    8427, 4427
    7352, 3352
    10080, 6080
    7800, 3800
    5130, 1130
    7699, 3699
    11803, 7803
    7502, 3502
    6639, 2639
    6368, 2368
    6458, 2458
    6782, 2782
    10768, 6768
    7781, 3781
    10618, 6618
    5344, 1344
    5251, 1251
    6988, 2988
    4380, 380
    8493, 4493
    8956, 4956
    9884, 5884
    4516, 516
    7094, 3094
    6761, 2761
    4398, 398
    5583, 1583
    5500, 1500
    5699, 1699
    11129, 7129
    4560, 560
    5700, 1700
    5551, 1551
    9400, 5400
    9499, 5499
    7176, 3176
    10445, 6445
    7058, 3058
    5087, 1087
    9619, 5619
    7063, 3063
    10614, 6614
    7187, 3187
    11605, 7605
    10250, 6250
    7473, 3473
    4201, 201
    8933, 4933
    6796, 2796
    6565, 2565
    8979, 4979
    6879, 2879
    5610, 1610
    7626, 3626
    11958, 7958
    8139, 4139
    7826, 3826
    9709, 5709
    8626, 4626
    9816, 5816
    7783, 3783
    5763, 1763
    6927, 2927
    4479, 479
    7104, 3104
    8102, 4102
    10489, 6489
    4727, 727
    8532, 4532
    10186, 6186
    5441, 1441
    11379, 7379
    4597, 597
    9545, 5545
    6844, 2844
    9842, 5842
    4620, 620
    5675, 1675
    5806, 1806
    6748, 2748
    8009, 4009
    9729, 5729
    11527, 7527
    6292, 2292
    6968, 2968
    11493, 7493
    9546, 5546
    10576, 6576
    4442, 442
    6995, 2995
    6189, 2189
    6963, 2963
    9109, 5109
    4966, 966
    8459, 4459
    10164, 6164
    4906, 906
    10355, 6355
    8841, 4841
    6221, 2221
    10652, 6652
    5915, 1915
    9341, 5341
    4873, 873
    11419, 7419
    7822, 3822
    6096, 2096
    10255, 6255
    11519, 7519
    4917, 917
    11386, 7386
    11629, 7629
    10509, 6509
    4271, 271
    10739, 6739
    4138, 138
    5932, 1932
    6583, 2583
    8691, 4691
    6227, 2227
    8632, 4632
    4254, 254
    8579, 4579
    7346, 3346
    4403, 403
    5526, 1526
    9527, 5527
    7262, 3262
    7046, 3046
    4908, 908
    5253, 1253
    8340, 4340
    10458, 6458
    8165, 4165
    7468, 3468
    11651, 7651
    11794, 7794
    4829, 829
    4551, 551
    6897, 2897
    5518, 1518
    10394, 6394
    6031, 2031
    9443, 5443
    9567, 5567
    8217, 4217
    9852, 5852
    11375, 7375
    10037, 6037
    9021, 5021
    8375, 4375
    9237, 5237
    8279, 4279
    6608, 2608
    7033, 3033
    4655, 655
    10507, 6507
    11650, 7650
    10835, 6835
    6140, 2140
    11735, 7735
    4079, 79
    10265, 6265
    9304, 5304
    9600, 5600
    11354, 7354
    11252, 7252
    8882, 4882
    4505, 505
    4588, 588
    5241, 1241
    6718, 2718
    8002, 4002
    7678, 3678
    4503, 503
    11695, 7695
    8419, 4419
    5793, 1793
    5959, 1959
    5777, 1777
    11784, 7784
    7585, 3585
    9268, 5268
    6060, 2060
    4155, 155
    4548, 548
    4386, 386
    8963, 4963
    7884, 3884
    10198, 6198
    10280, 6280
    6190, 2190
    11755, 7755
    11135, 7135
    10826, 6826
    11994, 7994
    11669, 7669
    11831, 7831
    9462, 5462
    7467, 3467
    6037, 2037
    4379, 379
    4268, 268
    11622, 7622
    7581, 3581
    10926, 6926
    9381, 5381
    7561, 3561
    11788, 7788
    10512, 6512
    6276, 2276
    7955, 3955
    8549, 4549
    11367, 7367
    10809, 6809
    10146, 6146
    8576, 4576
    10814, 6814
    11380, 7380
    4664, 664
    6343, 2343
    8305, 4305
    11554, 7554
    8808, 4808
    9874, 5874
    9301, 5301
    6106, 2106
    4527, 527
    9928, 5928
    11076, 7076
    5185, 1185
    7624, 3624
    6881, 2881
    7795, 3795
    7428, 3428
    5724, 1724
    10438, 6438
    4572, 572
    9073, 5073
    9577, 5577
    7003, 3003
    8540, 4540
    7824, 3824
    6385, 2385
    11817, 7817
    4563, 563
    8039, 4039
    4015, 15
    11224, 7224
    10295, 6295
    9317, 5317
    8409, 4409
    10423, 6423
    6051, 2051
    10007, 6007
    11430, 7430
    11288, 7288
    8008, 4008
    9322, 5322
    10692, 6692
    7730, 3730
    10475, 6475
    9016, 5016
    8640, 4640
    4656, 656
    5467, 1467
    6622, 2622
    9128, 5128
    7381, 3381
    11796, 7796
    9402, 5402
    10711, 6711
    4035, 35
    10927, 6927
    5318, 1318
    7872, 3872
    10965, 6965
    10787, 6787
    10899, 6899
    11599, 7599
    5674, 1674
    8057, 4057
    5643, 1643
    7564, 3564
    9700, 5700
    4557, 557
    4024, 24
    4811, 811
    6369, 2369
    6541, 2541
    5563, 1563
    11486, 7486
    6934, 2934
    4828, 828
    11566, 7566
    8765, 4765
    10689, 6689
    11121, 7121
    11750, 7750
    7750, 3750
    11427, 7427
    11453, 7453
    9023, 5023
    10554, 6554
    7131, 3131
    7982, 3982
    6441, 2441
    5671, 1671
    11815, 7815
    9646, 5646
    6527, 2527
    6360, 2360
    11723, 7723
    5192, 1192
    10918, 6918
    9637, 5637
    7463, 3463
    7255, 3255
    7243, 3243
    5898, 1898
    4642, 642
    9648, 5648
    5896, 1896
    7696, 3696
    5508, 1508
    5316, 1316
    6301, 2301
    5682, 1682
    6022, 2022
    11595, 7595
    4298, 298
    8650, 4650
    8800, 4800
    8653, 4653
    10269, 6269
    8129, 4129
    5599, 1599
    11783, 7783
    6281, 2281
    7077, 3077
    10799, 6799
    4343, 343
    5761, 1761
    6683, 2683
    4747, 747
    9585, 5585
    8631, 4631
    6901, 2901
    11309, 7309
    7289, 3289
    6201, 2201
    5888, 1888
    7432, 3432
    7006, 3006
    10302, 6302
    5364, 1364
    4084, 84
    8509, 4509
    7574, 3574
    7507, 3507
    4345, 345
    4026, 26
    10251, 6251
    7671, 3671
    10397, 6397
    6461, 2461
    11170, 7170
    11169, 7169
    4301, 301
    5076, 1076
    7146, 3146
    6330, 2330
    10680, 6680
    8206, 4206
    4451, 451
    6172, 2172
    5687, 1687
    9653, 5653
    6324, 2324
    5612, 1612
    4279, 279
    11959, 7959
    10622, 6622
    5117, 1117
    10372, 6372
    8153, 4153
    9154, 5154
    7641, 3641
    5802, 1802
    4361, 361
    8589, 4589
    11108, 7108
    8877, 4877
    10373, 6373
    8473, 4473
    7633, 3633
    8641, 4641
    9198, 5198
    9831, 5831
    5155, 1155
    6315, 2315
    11505, 7505
    7487, 3487
    6819, 2819
    4278, 278
    8598, 4598
    7345, 3345
    11694, 7694
    7128, 3128
    5201, 1201
    9140, 5140
    11032, 7032
    11405, 7405
    4606, 606
    7763, 3763
    9373, 5373
    8716, 4716
    9900, 5900
    7444, 3444
    11704, 7704
    8257, 4257
    10395, 6395
    8158, 4158
    10624, 6624
    6899, 2899
    11948, 7948
    6883, 2883
    6057, 2057
    10596, 6596
    11404, 7404
    11226, 7226
    6768, 2768
    5347, 1347
    11225, 7225
    9716, 5716
    4930, 930
    10881, 6881
    7612, 3612
    9269, 5269
    11615, 7615
    5070, 1070
    7067, 3067
    10415, 6415
    9851, 5851
    11423, 7423
    6311, 2311
    9008, 5008
    7725, 3725
    11904, 7904
    7027, 3027
    8688, 4688
    11035, 7035
    5884, 1884
    4447, 447
    9757, 5757
    8740, 4740
    8357, 4357
    8957, 4957
    9658, 5658
    5628, 1628
    7524, 3524
    10398, 6398
    11690, 7690
    8316, 4316
    4304, 304
    5419, 1419
    7563, 3563
    6049, 2049
    9797, 5797
    7916, 3916
    4187, 187
    7760, 3760
    10791, 6791
    10047, 6047
    8795, 4795
    10252, 6252
    4709, 709
    10127, 6127
    10042, 6042
    4486, 486
    8893, 4893
    5891, 1891
    6271, 2271
    6635, 2635
    7275, 3275
    8580, 4580
    9150, 5150
    5782, 1782
    11210, 7210
    9991, 5991
    8224, 4224
    8442, 4442
    11535, 7535
    9168, 5168
    10999, 6999
    5357, 1357
    8001, 4001
    7688, 3688
    10472, 6472
    4484, 484
    7088, 3088
    6120, 2120
    10806, 6806
    8170, 4170
    7786, 3786
    11275, 7275
    6567, 2567
    4750, 750
    6902, 2902
    7272, 3272
    10325, 6325
    9824, 5824
    9356, 5356
    9692, 5692
    4315, 315
    5375, 1375
    9342, 5342
    9045, 5045
    7823, 3823
    7121, 3121
    4166, 166
    8309, 4309
    6470, 2470
    6262, 2262
    7619, 3619
    4227, 227
    10683, 6683
    5101, 1101
    6018, 2018
    5585, 1585
    11912, 7912
    5204, 1204
    6206, 2206
    4611, 611
    9225, 5225
    6021, 2021
    7985, 3985
    11835, 7835
    8142, 4142
    11571, 7571
    9834, 5834
    6721, 2721
    5345, 1345
    5938, 1938
    8581, 4581
    10668, 6668
    5236, 1236
    4290, 290
    10062, 6062
    11190, 7190
    8836, 4836
    8690, 4690
    9416, 5416
    7878, 3878
    6187, 2187
    4332, 332
    7111, 3111
    10748, 6748
    6729, 2729
    7486, 3486
    7407, 3407
    4495, 495
    10938, 6938
    8946, 4946
    4203, 203
    5629, 1629
    7219, 3219
    10473, 6473
    4070, 70
    6170, 2170
    11820, 7820
    10339, 6339
    4987, 987
    9232, 5232
    10392, 6392
    9737, 5737
    11433, 7433
    7903, 3903
    8794, 4794
    4542, 542
    7215, 3215
    6986, 2986
    8282, 4282
    6249, 2249
    6005, 2005
    7807, 3807
    11112, 7112
    11961, 7961
    6586, 2586
    9876, 5876
    8373, 4373
    7347, 3347
    10451, 6451
    11983, 7983
    5598, 1598
    6451, 2451
    10697, 6697
    11110, 7110
    5701, 1701
    6621, 2621
    11337, 7337
    7117, 3117
    6392, 2392
    6231, 2231
    7558, 3558
    8188, 4188
    5965, 1965
    10847, 6847
    10478, 6478
    5944, 1944
    8108, 4108
    8380, 4380
    6448, 2448
    4525, 525
    9618, 5618
    8366, 4366
    9242, 5242
    11198, 7198
    7447, 3447
    11234, 7234
    7736, 3736
    10660, 6660
    7930, 3930
    8775, 4775
    7164, 3164
    11575, 7575
    9662, 5662
    11885, 7885
    9633, 5633
    11074, 7074
    11055, 7055
    7198, 3198
    9440, 5440
    8525, 4525
    4302, 302
    8500, 4500
    5572, 1572
    9685, 5685
    6099, 2099
    7443, 3443
    8021, 4021
    9509, 5509
    10430, 6430
    9621, 5621
    9640, 5640
    5870, 1870
    6017, 2017
    10469, 6469
    11741, 7741
    9401, 5401
    10442, 6442
    5065, 1065
    5871, 1871
    11840, 7840
    7997, 3997
    8341, 4341
    8276, 4276
    4418, 418
    5672, 1672
    7277, 3277
    6129, 2129
    8954, 4954
    7957, 3957
    10142, 6142
    5958, 1958
    8543, 4543
    5273, 1273
    10892, 6892
    5480, 1480
    11359, 7359
    4825, 825
    6290, 2290
    7374, 3374
    10151, 6151
    8850, 4850
    10170, 6170
    4281, 281
    10113, 6113
    8692, 4692
    10359, 6359
    9164, 5164
    8307, 4307
    9162, 5162
    4114, 114
    9083, 5083
    4970, 970
    9439, 5439
    9523, 5523
    9354, 5354
    10202, 6202
    4511, 511
    10678, 6678
    6777, 2777
    4357, 357
    6240, 2240
    7446, 3446
    4869, 869
    7129, 3129
    11632, 7632
    10782, 6782
    9273, 5273
    11067, 7067
    7711, 3711
    6463, 2463
    9717, 5717
    7334, 3334
    4437, 437
    4395, 395
    4179, 179
    11308, 7308
    9120, 5120
    8687, 4687
    4207, 207
    10587, 6587
    4286, 286
    6951, 2951
    4200, 200
    6579, 2579
    9760, 5760
    11658, 7658
    5841, 1841
    10345, 6345
    5734, 1734
    7654, 3654
    6503, 2503
    11230, 7230
    6265, 2265
    10996, 6996
    9588, 5588
    6828, 2828
    8985, 4985
    5920, 1920
    4900, 900
    8015, 4015
    8437, 4437
    8887, 4887
    5072, 1072
    5369, 1369
    7199, 3199
    6147, 2147
    7522, 3522
    6873, 2873
    11954, 7954
    8669, 4669
    11189, 7189
    8937, 4937
    11056, 7056
    9481, 5481
    10900, 6900
    5561, 1561
    7923, 3923
    11832, 7832
    7899, 3899
    11993, 7993
    5653, 1653
    7692, 3692
    7679, 3679
    4835, 835
    10545, 6545
    11387, 7387
    10221, 6221
    10024, 6024
    9105, 5105
    5781, 1781
    6027, 2027
    7475, 3475
    5926, 1926
    8520, 4520
    8481, 4481
    7904, 3904
    7831, 3831
    4443, 443
    10818, 6818
    11235, 7235
    5129, 1129
    5949, 1949
    9877, 5877
    5843, 1843
    11324, 7324
    5222, 1222
    7933, 3933
    7207, 3207
    4792, 792
    4531, 531
    8673, 4673
    6482, 2482
    10593, 6593
    4801, 801
    10785, 6785
    9091, 5091
    4938, 938
    6708, 2708
    6685, 2685
    11131, 7131
    4306, 306
    4831, 831
    10184, 6184
    7540, 3540
    10144, 6144
    4886, 886
    11977, 7977
    8638, 4638
    4419, 419
    8637, 4637
    5737, 1737
    8745, 4745
    8086, 4086
    10821, 6821
    8172, 4172
    11867, 7867
    6727, 2727
    9199, 5199
    6973, 2973
    9046, 5046
    4833, 833
    8174, 4174
    5762, 1762
    11368, 7368
    11215, 7215
    11124, 7124
    4093, 93
    5665, 1665
    5630, 1630
    11085, 7085
    7151, 3151
    5764, 1764
    10784, 6784
    9384, 5384
    5930, 1930
    6239, 2239
    9943, 5943
    11854, 7854
    4741, 741
    10145, 6145
    5697, 1697
    7371, 3371
    4949, 949
    9289, 5289
    10194, 6194
    11118, 7118
    11150, 7150
    5702, 1702
    6903, 2903
    9216, 5216
    4267, 267
    10228, 6228
    4336, 336
    5182, 1182
    7296, 3296
    8546, 4546
    9263, 5263
    6644, 2644
    5730, 1730
    5581, 1581
    11809, 7809
    9061, 5061
    10659, 6659
    4910, 910
    8416, 4416
    7268, 3268
    8852, 4852
    8853, 4853
    11361, 7361
    11826, 7826
    7052, 3052
    10696, 6696
    6990, 2990
    7165, 3165
    5032, 1032
    4075, 75
    4330, 330
    5230, 1230
    6816, 2816
    8468, 4468
    10171, 6171
    8854, 4854
    4685, 685
    10413, 6413
    7455, 3455
    9974, 5974
    4977, 977
    5875, 1875
    8811, 4811
    11513, 7513
    6601, 2601
    11891, 7891
    8975, 4975
    11504, 7504
    6797, 2797
    4243, 243
    4463, 463
    8566, 4566
    8544, 4544
    10650, 6650
    6135, 2135
    11057, 7057
    10153, 6153
    8596, 4596
    8880, 4880
    9844, 5844
    6738, 2738
    6134, 2134
    7388, 3388
    4883, 883
    10655, 6655
    10811, 6811
    6285, 2285
    9971, 5971
    5521, 1521
    6322, 2322
    6347, 2347
    8708, 4708
    11596, 7596
    5036, 1036
    4858, 858
    10667, 6667
    11834, 7834
    8857, 4857
    8726, 4726
    5713, 1713
    6843, 2843
    5342, 1342
    5068, 1068
    6517, 2517
    5714, 1714
    5234, 1234
    10532, 6532
    6214, 2214
    6532, 2532
    4849, 849
    10548, 6548
    9654, 5654
    6395, 2395
    8314, 4314
    5658, 1658
    7359, 3359
    4309, 309
    7735, 3735
    8068, 4068
    5497, 1497
    9674, 5674
    5655, 1655
    7784, 3784
    11031, 7031
    10091, 6091
    9812, 5812
    7253, 3253
    10474, 6474
    8085, 4085
    6376, 2376
    5167, 1167
    11456, 7456
    6826, 2826
    7469, 3469
    11533, 7533
    7245, 3245
    8909, 4909
    9995, 5995
    5106, 1106
    9881, 5881
    9019, 5019
    7847, 3847
    9518, 5518
    6958, 2958
    7935, 3935
    9421, 5421
    8625, 4625
    7196, 3196
    5026, 1026
    5634, 1634
    8536, 4536
    8728, 4728
    9206, 5206
    9918, 5918
    6076, 2076
    5090, 1090
    7169, 3169
    11017, 7017
    5807, 1807
    4054, 54
    5856, 1856
    7535, 3535
    9106, 5106
    11726, 7726
    4127, 127
    10015, 6015
    10009, 6009
    6222, 2222
    11138, 7138
    9699, 5699
    10192, 6192
    4234, 234
    9992, 5992
    6558, 2558
    11481, 7481
    8161, 4161
    6851, 2851
    11748, 7748
    6569, 2569
    7748, 3748
    4145, 145
    11836, 7836
    11889, 7889
    10446, 6446
    5866, 1866
    7194, 3194
    8712, 4712
    5303, 1303
    7680, 3680
    10922, 6922
    11572, 7572
    10607, 6607
    11683, 7683
    5370, 1370
    10168, 6168
    6539, 2539
    4500, 500
    11918, 7918
    7303, 3303
    7483, 3483
    11729, 7729
    8044, 4044
    7973, 3973
    9033, 5033
    11043, 7043
    5878, 1878
    9024, 5024
    11096, 7096
    4025, 25
    7529, 3529
    10643, 6643
    9651, 5651
    9118, 5118
    6370, 2370
    7181, 3181
    10224, 6224
    4775, 775
    8649, 4649
    7351, 3351
    7613, 3613
    4252, 252
    5118, 1118
    6994, 2994
    11451, 7451
    6000, 2000
    11822, 7822
    8805, 4805
    9397, 5397
    7497, 3497
    8870, 4870
    7766, 3766
    8769, 4769
    5291, 1291
    5636, 1636
    5695, 1695
    7391, 3391
    5216, 1216
    6882, 2882
    11464, 7464
    10815, 6815
    7062, 3062
    7065, 3065
    4662, 662
    7666, 3666
    6753, 2753
    5469, 1469
    6125, 2125
    10118, 6118
    6598, 2598
    11613, 7613
    6952, 2952
    7429, 3429
    7235, 3235
    5514, 1514
    7658, 3658
    10243, 6243
    11545, 7545
    6092, 2092
    6930, 2930
    5355, 1355
    9050, 5050
    4786, 786
    9084, 5084
    9122, 5122
    10737, 6737
    8773, 4773
    8766, 4766
    10238, 6238
    4913, 913
    8141, 4141
    11985, 7985
    8917, 4917
    5519, 1519
    11737, 7737
    5743, 1743
    10861, 6861
    6066, 2066
    8711, 4711
    6956, 2956
    5537, 1537
    7354, 3354
    4530, 530
    11530, 7530
    7038, 3038
    9614, 5614
    9539, 5539
    8707, 4707
    4706, 706
    6804, 2804
    7009, 3009
    7011, 3011
    4081, 81
    8818, 4818
    5943, 1943
    4130, 130
    8616, 4616
    6820, 2820
    6361, 2361
    7024, 3024
    11266, 7266
    7186, 3186
    7337, 3337
    5529, 1529
    8487, 4487
    5237, 1237
    5143, 1143
    4643, 643
    5269, 1269
    8746, 4746
    5332, 1332
    8372, 4372
    10356, 6356
    4158, 158
    5351, 1351
    8618, 4618
    6704, 2704
    8903, 4903
    5112, 1112
    4821, 821
    11049, 7049
    4485, 485
    4044, 44
    11426, 7426
    5876, 1876
    6245, 2245
    9130, 5130
    10513, 6513
    10030, 6030
    6420, 2420
    9533, 5533
    6954, 2954
    10830, 6830
    11782, 7782
    6150, 2150
    10371, 6371
    11894, 7894
    11953, 7953
    8045, 4045
    8429, 4429
    10767, 6767
    8686, 4686
    5974, 1974
    9860, 5860
    5226, 1226
    6563, 2563
    8414, 4414
    10006, 6006
    11808, 7808
    10364, 6364
    11296, 7296
    4935, 935
    10054, 6054
    9861, 5861
    11661, 7661
    8295, 4295
    11790, 7790
    6610, 2610
    11807, 7807
    11821, 7821
    10456, 6456
    9795, 5795
    8287, 4287
    7622, 3622
    5950, 1950
    8259, 4259
    11180, 7180
    4387, 387
    5895, 1895
    10854, 6854
    6174, 2174
    6772, 2772
    8787, 4787
    7945, 3945
    6732, 2732
    10556, 6556
    11670, 7670
    10440, 6440
    9411, 5411
    8297, 4297
    7466, 3466
    6110, 2110
    4085, 85
    4478, 478
    5123, 1123
    4857, 857
    10970, 6970
    4456, 456
    11871, 7871
    7278, 3278
    10313, 6313
    9697, 5697
    4841, 841
    7811, 3811
    5442, 1442
    9706, 5706
    5738, 1738
    6048, 2048
    7761, 3761
    4103, 103
    9555, 5555
    11644, 7644
    6657, 2657
    4300, 300
    8904, 4904
    9296, 5296
    11429, 7429
    7646, 3646
    7113, 3113
    10764, 6764
    9249, 5249
    11804, 7804
    5911, 1911
    6847, 2847
    5998, 1998
    5292, 1292
    7649, 3649
    4014, 14
    11208, 7208
    6166, 2166
    9690, 5690
    6413, 2413
    9042, 5042
    6940, 2940
    5423, 1423
    9098, 5098
    7676, 3676
    4162, 162
    6859, 2859
    4615, 615
    6620, 2620
    9134, 5134
    10855, 6855
    10671, 6671
    6615, 2615
    6480, 2480
    11322, 7322
    8428, 4428
    4363, 363
    7900, 3900
    10774, 6774
    10600, 6600
    6795, 2795
    9491, 5491
    7144, 3144
    4467, 467
    6948, 2948
    6723, 2723
    6950, 2950
    6056, 2056
    4427, 427
    11007, 7007
    5412, 1412
    9628, 5628
    4680, 680
    11410, 7410
    7897, 3897
    6122, 2122
    11585, 7585
    10810, 6810
    8515, 4515
    5499, 1499
    9813, 5813
    5814, 1814
    10131, 6131
    10641, 6641
    9117, 5117
    6280, 2280
    6856, 2856
    6148, 2148
    7738, 3738
    7153, 3153
    5258, 1258
    4746, 746
    11922, 7922
    6799, 2799
    4874, 874
    6411, 2411
    8923, 4923
    10261, 6261
    8720, 4720
    10214, 6214
    4122, 122
    6711, 2711
    6513, 2513
    7905, 3905
    7660, 3660
    8943, 4943
    7288, 3288
    10097, 6097
    5644, 1644
    6163, 2163
    6468, 2468
    8216, 4216
    6247, 2247
    5937, 1937
    10068, 6068
    8093, 4093
    4163, 163
    9455, 5455
    8233, 4233
    11305, 7305
    7789, 3789
    10133, 6133
    6540, 2540
    4148, 148
    11316, 7316
    4041, 41
    10384, 6384
    9514, 5514
    8676, 4676
    5608, 1608
    8564, 4564
    4863, 863
    8823, 4823
    6695, 2695
    9856, 5856
    4888, 888
    4055, 55
    10087, 6087
    6792, 2792
    7569, 3569
    10898, 6898
    4624, 624
    9636, 5636
    6643, 2643
    6548, 2548
    11161, 7161
    11540, 7540
    7659, 3659
    7704, 3704
    6188, 2188
    11663, 7663
    10408, 6408
    10977, 6977
    9772, 5772
    8696, 4696
    6572, 2572
    11578, 7578
    10045, 6045
    6519, 2519
    9427, 5427
    8560, 4560
    11583, 7583
    7216, 3216
    6026, 2026
    8643, 4643
    8674, 4674
    7752, 3752
    4411, 411
    10751, 6751
    11687, 7687
    8872, 4872
    7292, 3292
    9511, 5511
    10654, 6654
    8537, 4537
    6453, 2453
    9002, 5002
    5038, 1038
    5726, 1726
    8277, 4277
    9761, 5761
    10921, 6921
    10550, 6550
    8293, 4293
    9209, 5209
    10246, 6246
    9049, 5049
    10929, 6929
    4115, 115
    7239, 3239
    11490, 7490
    9328, 5328
    11609, 7609
    7552, 3552
    9036, 5036
    9951, 5951
    8833, 4833
    11921, 7921
    8584, 4584
    8919, 4919
    4340, 340
    4864, 864
    10582, 6582
    4804, 804
    5901, 1901
    5744, 1744
    10070, 6070
    11950, 7950
    5997, 1997
    4409, 409
    10353, 6353
    8143, 4143
    9052, 5052
    11606, 7606
    9723, 5723
    11855, 7855
    9361, 5361
    6568, 2568
    8394, 4394
    9362, 5362
    10032, 6032
    7068, 3068
    8635, 4635
    6556, 2556
    6091, 2091
    8066, 4066
    10849, 6849
    5838, 1838
    9470, 5470
    4444, 444
    10288, 6288
    7029, 3029
    4752, 752
    4406, 406
    9568, 5568
    11929, 7929
    5365, 1365
    4021, 21
    5293, 1293
    4089, 89
    7710, 3710
    9941, 5941
    5314, 1314
    10882, 6882
    7125, 3125
    11874, 7874
    6253, 2253
    10574, 6574
    4532, 532
    4169, 169
    6348, 2348
    11557, 7557
    9702, 5702
    9188, 5188
    9277, 5277
    11287, 7287
    7546, 3546
    9469, 5469
    11232, 7232
    10257, 6257
    4678, 678
    8630, 4630
    5985, 1985
    6961, 2961
    9366, 5366
    10175, 6175
    5613, 1613
    6390, 2390
    8557, 4557
    9377, 5377
    4415, 415
    5024, 1024
    4759, 759
    5174, 1174
    11153, 7153
    4198, 198
    6574, 2574
    10931, 6931
    8465, 4465
    4180, 180
    8938, 4938
    10824, 6824
    6524, 2524
    8410, 4410
    8759, 4759
    9148, 5148
    10561, 6561
    4142, 142
    5649, 1649
    7073, 3073
    9882, 5882
    6936, 2936
    6965, 2965
    9986, 5986
    11911, 7911
    5986, 1986
    9227, 5227
    6632, 2632
    10001, 6001
    6812, 2812
    4146, 146
    11201, 7201
    6082, 2082
    10508, 6508
    10555, 6555
    10934, 6934
    9806, 5806
    7598, 3598
    11478, 7478
    9500, 5500
    11147, 7147
    5042, 1042
    7687, 3687
    10939, 6939
    9741, 5741
    10101, 6101
    10412, 6412
    9922, 5922
    6132, 2132
    6787, 2787
    10888, 6888
    5800, 1800
    6785, 2785
    9821, 5821
    8196, 4196
    6121, 2121
    7309, 3309
    9192, 5192
    4338, 338
    5710, 1710
    4742, 742
    9048, 5048
    6745, 2745
    6346, 2346
    8042, 4042
    9718, 5718
    9039, 5039
    8284, 4284
    7911, 3911
    9597, 5597
    10031, 6031
    4851, 851
    11268, 7268
    10103, 6103
    11892, 7892
    4837, 837
    6030, 2030
    11610, 7610
    11331, 7331
    8205, 4205
    4842, 842
    5227, 1227
    11759, 7759
    4178, 178
    11763, 7763
    10232, 6232
    5485, 1485
    6798, 2798
    5531, 1531
    8905, 4905
    8900, 4900
    10832, 6832
    11916, 7916
    7539, 3539
    6016, 2016
    8184, 4184
    7976, 3976
    10588, 6588
    11317, 7317
    11509, 7509
    11675, 7675
    8385, 4385
    11462, 7462
    4887, 887
    9339, 5339
    9353, 5353
    5335, 1335
    6010, 2010
    10354, 6354
    5862, 1862
    7012, 3012
    11806, 7806
    7378, 3378
    10077, 6077
    7311, 3311
    4401, 401
    11923, 7923
    4255, 255
    8433, 4433
    6419, 2419
    8779, 4779
    9135, 5135
    7484, 3484
    4878, 878
    9126, 5126
    6391, 2391
    5894, 1894
    11582, 7582
    4924, 924
    10249, 6249
    4558, 558
    5454, 1454
    8861, 4861
    10581, 6581
    4543, 543
    10946, 6946
    10812, 6812
    7364, 3364
    4373, 373
    6321, 2321
    5154, 1154
    7965, 3965
    10962, 6962
    8994, 4994
    6612, 2612
    7949, 3949
    10290, 6290
    7285, 3285
    7775, 3775
    10272, 6272
    11254, 7254
    11573, 7573
    8150, 4150
    11879, 7879
    9139, 5139
    7797, 3797
    5150, 1150
    10484, 6484
    4846, 846
    11457, 7457
    6200, 2200
    7493, 3493
    6935, 2935
    5578, 1578
    10559, 6559
    7912, 3912
    10915, 6915
    5970, 1970
    9650, 5650
    8753, 4753
    8415, 4415
    6024, 2024
    6412, 2412
    7981, 3981
    11302, 7302
    6414, 2414
    11458, 7458
    10055, 6055
    11648, 7648
    9993, 5993
    6352, 2352
    4998, 998
    10802, 6802
    5207, 1207
    5470, 1470
    6891, 2891
    8528, 4528
    9522, 5522
    11952, 7952
    8097, 4097
    4856, 856
    4703, 703
    10033, 6033
    11769, 7769
    8187, 4187
    10776, 6776
    11411, 7411
    10590, 6590
    6080, 2080
    4897, 897
    9610, 5610
    7553, 3553
    8379, 4379
    10803, 6803
    9480, 5480
    8371, 4371
    4220, 220
    7200, 3200
    6837, 2837
    5383, 1383
    9446, 5446
    6059, 2059
    8382, 4382
    4996, 996
    7100, 3100
    9611, 5611
    10873, 6873
    10868, 6868
    5975, 1975
    5905, 1905
    6789, 2789
    5595, 1595
    6332, 2332
    6942, 2942
    4882, 882
    9710, 5710
    6169, 2169
    4476, 476
    10816, 6816
    7040, 3040
    8031, 4031
    6196, 2196
    9688, 5688
    4860, 860
    9457, 5457
    6762, 2762
    5582, 1582
    6181, 2181
    8827, 4827
    6041, 2041
    10155, 6155
    4491, 491
    10342, 6342
    7414, 3414
    10385, 6385
    6212, 2212
    9022, 5022
    10917, 6917
    11474, 7474
    9859, 5859
    5770, 1770
    8219, 4219
    4364, 364
    5128, 1128
    7001, 3001
    10460, 6460
    10271, 6271
    4108, 108
    6100, 2100
    7408, 3408
    8476, 4476
    5472, 1472
    11143, 7143
    11760, 7760
    8327, 4327
    9223, 5223
    9072, 5072
    5074, 1074
    4932, 932
    6614, 2614
    4230, 230
    6484, 2484
    5353, 1353
    5255, 1255
    4909, 909
    8426, 4426
    4640, 640
    9970, 5970
    8683, 4683
    5837, 1837
    11515, 7515
    7273, 3273
    8202, 4202
    10903, 6903
    5865, 1865
    8299, 4299
    11333, 7333
    9270, 5270
    4376, 376
    6970, 2970
    10666, 6666
    9642, 5642
    11315, 7315
    7625, 3625
    9175, 5175
    8588, 4588
    11850, 7850
    7171, 3171
    10240, 6240
    7358, 3358
    5818, 1818
    10433, 6433
    7112, 3112
    11101, 7101
    11487, 7487
    8077, 4077
    10493, 6493
    11231, 7231
    10199, 6199
    4905, 905
    11013, 7013
    10534, 6534
    7134, 3134
    4452, 452
    6258, 2258
    7400, 3400
    9902, 5902
    8721, 4721
    11529, 7529
    5178, 1178
    10506, 6506
    6496, 2496
    10003, 6003
    11541, 7541
    11876, 7876
    10204, 6204
    10940, 6940
    4976, 976
    10763, 6763
    4292, 292
    5739, 1739
    5615, 1615
    10863, 6863
    5507, 1507
    9963, 5963
    7749, 3749
    6771, 2771
    5638, 1638
    4390, 390
    9163, 5163
    8201, 4201
    8034, 4034
    7401, 3401
    4264, 264
    9551, 5551
    11488, 7488
    8881, 4881
    11465, 7465
    10925, 6925
    11667, 7667
    5646, 1646
    8249, 4249
    7440, 3440
    9161, 5161
    6611, 2611
    9492, 5492
    4215, 215
    7115, 3115
    5402, 1402
    6318, 2318
    10687, 6687
    7320, 3320
    7231, 3231
    11883, 7883
    4244, 244
    4880, 880
    8489, 4489
    9332, 5332
    5801, 1801
    10012, 6012
    5435, 1435
    8896, 4896
    11071, 7071
    7222, 3222
    5043, 1043
    4744, 744
    10533, 6533
    4358, 358
    9479, 5479
    4112, 112
    10360, 6360
    9307, 5307
    11044, 7044
    8406, 4406
    7721, 3721
    8693, 4693
    9652, 5652
    5437, 1437
    4034, 34
    10657, 6657
    6407, 2407
    11496, 7496
    8671, 4671
    7527, 3527
    10724, 6724
    5912, 1912
    11514, 7514
    4069, 69
    7280, 3280
    10703, 6703
    8890, 4890
    9258, 5258
    4118, 118
    9924, 5924
    10963, 6963
    6884, 2884
    5221, 1221
    8620, 4620
    6460, 2460
    4822, 822
    11974, 7974
    6834, 2834
    10279, 6279
    10771, 6771
    6293, 2293
    6692, 2692
    4580, 580
    6900, 2900
    7380, 3380
    8701, 4701
    4099, 99
    6488, 2488
    8757, 4757
    11349, 7349
    11753, 7753
    11293, 7293
    6537, 2537
    9370, 5370
    6739, 2739
    9081, 5081
    4006, 6
    10477, 6477
    10616, 6616
    8467, 4467
    7053, 3053
    5231, 1231
    4717, 717
    8652, 4652
    10067, 6067
    8709, 4709
    6383, 2383
    8267, 4267
    11746, 7746
    9394, 5394
    10182, 6182
    8035, 4035
    5403, 1403
    5540, 1540
    8867, 4867
    4399, 399
    9314, 5314
    4137, 137
    4600, 600
    8043, 4043
    4498, 498
    11544, 7544
    5751, 1751
    6131, 2131
    10358, 6358
    7587, 3587
    4396, 396
    8983, 4983
    8819, 4819
    8961, 4961
    11255, 7255
    5307, 1307
    10639, 6639
    5388, 1388
    10330, 6330
    4803, 803
    10505, 6505
    8978, 4978
    9867, 5867
    8570, 4570
    7708, 3708
    10081, 6081
    6654, 2654
    5768, 1768
    4552, 552
    8388, 4388
    6047, 2047
    8664, 4664
    9542, 5542
    11982, 7982
    11956, 7956
    7372, 3372
    7197, 3197
    5522, 1522
    10744, 6744
    4636, 636
    10749, 6749
    9464, 5464
    11010, 7010
    7323, 3323
    5373, 1373
    10780, 6780
    9102, 5102
    9822, 5822
    6094, 2094
    11443, 7443
    6472, 2472
    11479, 7479
    7096, 3096
    10029, 6029
    6887, 2887
    4973, 973
    11355, 7355
    5635, 1635
    6302, 2302
    9869, 5869
    9950, 5950
    5450, 1450
    5333, 1333
    10560, 6560
    6405, 2405
    6858, 2858
    8609, 4609
    5756, 1756
    6760, 2760
    11006, 7006
    10553, 6553
    9845, 5845
    7240, 3240
    9977, 5977
    8883, 4883
    10715, 6715
    8274, 4274
    11728, 7728
    7881, 3881
    10102, 6102
    11233, 7233
    11160, 7160
    5825, 1825
    10928, 6928
    7551, 3551
    11964, 7964
    6552, 2552
    4314, 314
    10140, 6140
    8253, 4253
    7628, 3628
    6069, 2069
    8832, 4832
    6908, 2908
    6165, 2165
    6701, 2701
    7081, 3081
    10499, 6499
    4226, 226
    5568, 1568
    9360, 5360
    11597, 7597
    11966, 7966
    7918, 3918
    5656, 1656
    4920, 920
    5984, 1984
    4761, 761
    4675, 675
    10663, 6663
    5380, 1380
    8840, 4840
    6945, 2945
    8600, 4600
    9667, 5667
    5083, 1083
    6781, 2781
    10728, 6728
    7441, 3441
    5135, 1135
    10378, 6378
    9256, 5256
    11199, 7199
    10676, 6676
    7709, 3709
    8193, 4193
    10200, 6200
    11684, 7684
    4641, 641
    5283, 1283
    10648, 6648
    10612, 6612
    8731, 4731
    5461, 1461
    10974, 6974
    11184, 7184
    4218, 218
    10615, 6615
    7392, 3392
    5271, 1271
    11099, 7099
    8989, 4989
    4056, 56
    7642, 3642
    11590, 7590
    8007, 4007
    5274, 1274
    8971, 4971
    6439, 2439
    6699, 2699
    6462, 2462
    10706, 6706
    10609, 6609
    5079, 1079
    4911, 911
    10644, 6644
    7732, 3732
    11206, 7206
    4194, 194
    11034, 7034
    11780, 7780
    4238, 238
    6320, 2320
    7835, 3835
    6226, 2226
    10710, 6710
    7191, 3191
    11200, 7200
    4553, 553
    9679, 5679
    11276, 7276
    7720, 3720
    10094, 6094
    9571, 5571
    11396, 7396
    8647, 4647
    11700, 7700
    10017, 6017
    5157, 1157
    11178, 7178
    5308, 1308
    9124, 5124
    9082, 5082
    10649, 6649
    10486, 6486
    4050, 50
    7753, 3753
    6261, 2261
    8590, 4590
    4735, 735
    5384, 1384
    6716, 2716
    6825, 2825
    4483, 483
    9853, 5853
    7142, 3142
    6007, 2007
    6432, 2432
    8040, 4040
    11668, 7668
    7946, 3946
    4536, 536
    6688, 2688
    5015, 1015
    8826, 4826
    7501, 3501
    11282, 7282
    10572, 6572
    6033, 2033
    7565, 3565
    11327, 7327
    5545, 1545
    4510, 510
    4094, 94
    7246, 3246
    4740, 740
    10181, 6181
    4819, 819
    8474, 4474
    6752, 2752
    9820, 5820
    7650, 3650
    5385, 1385
    6659, 2659
    9540, 5540
    10491, 6491
    11888, 7888
    6176, 2176
    9634, 5634
    5457, 1457
    5067, 1067
    9875, 5875
    5544, 1544
    10136, 6136
    4782, 782
    10879, 6879
    7427, 3427
    5149, 1149
    4781, 781
    6350, 2350
    8940, 4940
    7637, 3637
    8670, 4670
    8892, 4892
    10254, 6254
    5833, 1833
    8974, 4974
    5664, 1664
    8278, 4278
    8697, 4697
    6749, 2749
    11346, 7346
    8000, 4000
    7085, 3085
    4784, 784
    4818, 818
    6999, 2999
    6941, 2941
    9292, 5292
    5719, 1719
    8611, 4611
    5205, 1205
    5125, 1125
    8843, 4843
    4773, 773
    11828, 7828
    10114, 6114
    10467, 6467
    4736, 736
    10039, 6039
    9759, 5759
    4313, 313
    8226, 4226
    4445, 445
    10911, 6911
    4952, 952
    5504, 1504
    7555, 3555
    11941, 7941
    7942, 3942
    4994, 994
    7972, 3972
    9417, 5417
    11625, 7625
    11517, 7517
    8810, 4810
    5341, 1341
    8147, 4147
    10889, 6889
    8117, 4117
    6217, 2217
    11747, 7747
    11562, 7562
    5580, 1580
    9116, 5116
    5399, 1399
    5559, 1559
    7910, 3910
    5465, 1465
    5063, 1063
    9590, 5590
    10656, 6656
    11015, 7015
    10778, 6778
    10060, 6060
    10056, 6056
    7510, 3510
    7302, 3302
    6447, 2447
    10166, 6166
    7825, 3825
    9847, 5847
    10887, 6887
    5753, 1753
    4116, 116
    9707, 5707
    6296, 2296
    10190, 6190
    11384, 7384
    6747, 2747
    9493, 5493
    7287, 3287
    6720, 2720
    8376, 4376
    10482, 6482
    7634, 3634
    6493, 2493
    11127, 7127
    8230, 4230
    6180, 2180
    10627, 6627
    6700, 2700
    8023, 4023
    11720, 7720
    11436, 7436
    6803, 2803
    7706, 3706
    10365, 6365
    6415, 2415
    6298, 2298
    10147, 6147
    6592, 2592
    10453, 6453
    5059, 1059
    9211, 5211
    8742, 4742
    4519, 519
    5647, 1647
    10352, 6352
    5257, 1257
    7398, 3398
    4088, 88
    10044, 6044
    7653, 3653
    4060, 60
    8660, 4660
    5826, 1826
    10036, 6036
    8885, 4885
    4324, 324
    9895, 5895
    7212, 3212
    5718, 1718
    11751, 7751
    7015, 3015
    9558, 5558
    9075, 5075
    11298, 7298
    9320, 5320
    7136, 3136
    6947, 2947
    10429, 6429
    5452, 1452
    9996, 5996
    5882, 1882
    10212, 6212
    4392, 392
    9531, 5531
    4513, 513
    10274, 6274
    5587, 1587
    9468, 5468
    11304, 7304
    6630, 2630
    4450, 450
    4896, 896
    11136, 7136
    10266, 6266
    5133, 1133
    10982, 6982
    4153, 153
    11917, 7917
    8603, 4603
    4688, 688
    4011, 11
    5145, 1145
    10603, 6603
    7947, 3947
    10049, 6049
    4213, 213
    10919, 6919
    10043, 6043
    9914, 5914
    8256, 4256
    5186, 1186
    11721, 7721
    6710, 2710
    11819, 7819
    6767, 2767
    10521, 6521
    8982, 4982
    6600, 2600
    7439, 3439
    11128, 7128
    7078, 3078
    9398, 5398
    10040, 6040
    11928, 7928
    8610, 4610
    9018, 5018
    8599, 4599
    8329, 4329
    8343, 4343
    7729, 3729
    4397, 397
    4898, 898
    5425, 1425
    7602, 3602
    6554, 2554
    4902, 902
    10825, 6825
    9809, 5809
    8492, 4492
    8099, 4099
    5603, 1603
    6224, 2224
    5476, 1476
    9093, 5093
    9606, 5606
    9103, 5103
    4149, 149
    6424, 2424
    10338, 6338
    6211, 2211
    11192, 7192
    9431, 5431
    8131, 4131
    7941, 3941
    11016, 7016
    9222, 5222
    8831, 4831
    6813, 2813
    11048, 7048
    8067, 4067
    9409, 5409
    6576, 2576
    8482, 4482
    9053, 5053
    5940, 1940
    11801, 7801
    5097, 1097
    6640, 2640
    4991, 991
    5840, 1840
    10157, 6157
    11586, 7586
    4815, 815
    7557, 3557
    7604, 3604
    10264, 6264
    5029, 1029
    4533, 533
    5893, 1893
    5852, 1852
    8091, 4091
    5436, 1436
    6860, 2860
    5147, 1147
    4460, 460
    10626, 6626
    7757, 3757
    6476, 2476
    10461, 6461
    10529, 6529
    11680, 7680
    8229, 4229
    11844, 7844
    4743, 743
    10838, 6838
    9395, 5395
    11119, 7119
    7734, 3734
    10026, 6026
    9535, 5535
    6929, 2929
    10277, 6277
    10690, 6690
    8260, 4260
    9220, 5220
    5731, 1731
    11649, 7649
    9934, 5934
    10758, 6758
    11717, 7717
    5451, 1451
    11335, 7335
    11313, 7313
    6137, 2137
    7306, 3306
    10623, 6623
    9298, 5298
    5430, 1430
    9133, 5133
    6766, 2766
    10259, 6259
    11881, 7881
    9756, 5756
    7707, 3707
    8350, 4350
    5409, 1409
    11389, 7389
    7301, 3301
    10766, 6766
    10923, 6923
    6475, 2475
    11369, 7369
    10124, 6124
    10990, 6990
    5776, 1776
    4816, 816
    8756, 4756
    8724, 4724
    4670, 670
    6304, 2304
    4769, 769
    11307, 7307
    11979, 7979
    7310, 3310
    10839, 6839
    4980, 980
    9178, 5178
    5238, 1238
    4926, 926
    4472, 472
    5152, 1152
    9790, 5790
    5153, 1153
    9432, 5432
    7970, 3970
    7799, 3799
    7203, 3203
    4731, 731
    10096, 6096
    11460, 7460
    4417, 417
    4866, 866
    9776, 5776
    11344, 7344
    6126, 2126
    11334, 7334
    8289, 4289
    9840, 5840
    4650, 650
    5972, 1972
    7893, 3893
    5302, 1302
    8569, 4569
    10945, 6945
    5390, 1390
    5528, 1528
    9238, 5238
    11550, 7550
    9321, 5321
    9393, 5393
    5550, 1550
    4012, 12
    11078, 7078
    10242, 6242
    11012, 7012
    6730, 2730
    6536, 2536
    6684, 2684
    10216, 6216
    6638, 2638
    7103, 3103
    4921, 921
    4955, 955
    9843, 5843
    9426, 5426
    6918, 2918
    11659, 7659
    5336, 1336
    6589, 2589
    9414, 5414
    4716, 716
    5426, 1426
    6605, 2605
    11939, 7939
    11712, 7712
    8952, 4952
    8802, 4802
    8396, 4396
    4793, 793
    5264, 1264
    8073, 4073
    5794, 1794
    10580, 6580
    11568, 7568
    9774, 5774
    5044, 1044
    7777, 3777
    5329, 1329
    6015, 2015
    6814, 2814
    7685, 3685
    10638, 6638
    10552, 6552
    6386, 2386
    6972, 2972
    6636, 2636
    7809, 3809
    11897, 7897
    10630, 6630
    4587, 587
    11829, 7829
    5573, 1573
    10315, 6315
    9145, 5145
    7474, 3474
    10241, 6241
    5684, 1684
    11702, 7702
    7516, 3516
    11570, 7570
    7086, 3086
    11265, 7265
    11642, 7642
    9483, 5483
    7538, 3538
    7983, 3983
    6185, 2185
    11002, 7002
    7422, 3422
    4748, 748
    5752, 1752
    9184, 5184
    7314, 3314
    7317, 3317
    7891, 3891
    10180, 6180
    9383, 5383
    4058, 58
    10312, 6312
    5478, 1478
    6992, 2992
    8752, 4752
    6525, 2525
    9385, 5385
    6510, 2510
    4901, 901
    9547, 5547
    9113, 5113
    4824, 824
    11546, 7546
    4845, 845
    6702, 2702
    4350, 350
    7036, 3036
    11477, 7477
    7833, 3833
    11223, 7223
    5069, 1069
    11536, 7536
    6922, 2922
    6477, 2477
    4663, 663
    6115, 2115
    11555, 7555
    5109, 1109
    8613, 4613
    7821, 3821
    11608, 7608
    5141, 1141
    4414, 414
    8288, 4288
    8699, 4699
    4638, 638
    7857, 3857
    8011, 4011
    4221, 221
    4362, 362
    5593, 1593
    6784, 2784
    4523, 523
    5191, 1191
    5144, 1144
    8128, 4128
    5062, 1062
    11325, 7325
    11925, 7925
    4788, 788
    8875, 4875
    11338, 7338
    9326, 5326
    8383, 4383
    11878, 7878
    7226, 3226
    6161, 2161
    8183, 4183
    11556, 7556
    6955, 2955
    4367, 367
    10350, 6350
    5835, 1835
    10557, 6557
    9925, 5925
    8300, 4300
    9811, 5811
    6794, 2794
    8024, 4024
    6067, 2067
    10924, 6924
    10410, 6410
    8003, 4003
    5265, 1265
    9691, 5691
    11046, 7046
    7606, 3606
    10930, 6930
    6585, 2585
    8072, 4072
    5054, 1054
    9151, 5151
    7712, 3712
    8967, 4967
    10457, 6457
    5354, 1354
    4797, 797
    5795, 1795
    4546, 546
    7526, 3526
    6522, 2522
    5722, 1722
    6914, 2914
    8973, 4973
    4204, 204
    10183, 6183
    8809, 4809
    10604, 6604
    5515, 1515
    8736, 4736
    7890, 3890
    11371, 7371
    9762, 5762
    10005, 6005
    10095, 6095
    8553, 4553
    7644, 3644
    8291, 4291
    7864, 3864
    8499, 4499
    6864, 2864
    8370, 4370
    7195, 3195
    10633, 6633
    11715, 7715
    8037, 4037
    4240, 240
    4208, 208
    10647, 6647
    9836, 5836
    6279, 2279
    10539, 6539
    4701, 701
    8551, 4551
    7395, 3395
    4176, 176
    4296, 296
    11744, 7744
    7331, 3331
    10236, 6236
    9375, 5375
    9988, 5988
    6230, 2230
    7456, 3456
    5662, 1662
    8113, 4113
    8208, 4208
    9293, 5293
    8095, 4095
    4190, 190
    8209, 4209
    8980, 4980
    7075, 3075
    6333, 2333
    9912, 5912
    6068, 2068
    6105, 2105
    6581, 2581
    8958, 4958
    6054, 2054
    4982, 982
    7801, 3801
    8018, 4018
    7476, 3476
    9966, 5966
    8411, 4411
    6624, 2624
    7450, 3450
    9282, 5282
    11395, 7395
    8273, 4273
    6102, 2102
    7259, 3259
    5444, 1444
    6050, 2050
    5263, 1263
    4808, 808
    5512, 1512
    10134, 6134
    11463, 7463
    6464, 2464
    4018, 18
    8657, 4657
    11442, 7442
    5296, 1296
    11640, 7640
    9743, 5743
    4517, 517
    6070, 2070
    5758, 1758
    10135, 6135
    11772, 7772
    9903, 5903
    10035, 6035
    10777, 6777
    7643, 3643
    7123, 3123
    7513, 3513
    9560, 5560
    5260, 1260
    5325, 1325
    7213, 3213
    10206, 6206
    7386, 3386
    8049, 4049
    10130, 6130
    9035, 5035
    5541, 1541
    11626, 7626
    11115, 7115
    9463, 5463
    4121, 121
    8914, 4914
    10260, 6260
    7154, 3154
    11543, 7543
    11388, 7388
    9173, 5173
    11281, 7281
    9938, 5938
    10129, 6129
    11378, 7378
    10598, 6598
    9215, 5215
    11062, 7062
    10011, 6011
    9576, 5576
    9917, 5917
    5868, 1868
    11381, 7381
    11122, 7122
    7931, 3931
    5524, 1524
    6979, 2979
    7430, 3430
    4136, 136
    10487, 6487
    10319, 6319
    4958, 958
    6991, 2991
    6839, 2839
    10733, 6733
    6742, 2742
    9071, 5071
    8859, 4859
    7683, 3683
    9392, 5392
    8478, 4478
    11174, 7174
    7718, 3718
    11865, 7865
    11297, 7297
    11026, 7026
    10169, 6169
    8449, 4449
    9266, 5266
    4258, 258
    11933, 7933
    5621, 1621
    10704, 6704
    8494, 4494
    8776, 4776
    5918, 1918
    7313, 3313
    11289, 7289
    5408, 1408
    6698, 2698
    5299, 1299
    8970, 4970
    10544, 6544
    4246, 246
    4042, 42
    6113, 2113
    4349, 349
    9557, 5557
    9683, 5683
    10664, 6664
    6336, 2336
    7342, 3342
    4605, 605
    8860, 4860
    8998, 4998
    8644, 4644
    11140, 7140
    5632, 1632
    8074, 4074
    5400, 1400
    4929, 929
    9193, 5193
    8290, 4290
    10738, 6738
    11787, 7787
    11591, 7591
    7025, 3025
    6075, 2075
    5468, 1468
    9805, 5805
    10381, 6381
    11051, 7051
    10709, 6709
    11635, 7635
    9371, 5371
    5857, 1857
    6184, 2184
    9556, 5556
    10336, 6336
    4063, 63
    7412, 3412
    9312, 5312
    6743, 2743
    4651, 651
    9920, 5920
    6192, 2192
    10099, 6099
    4382, 382
    6145, 2145
    11534, 7534
    5304, 1304
    10551, 6551
    10376, 6376
    6213, 2213
    8399, 4399
    7449, 3449
    10203, 6203
    4276, 276
    7228, 3228
    5897, 1897
    6719, 2719
    9224, 5224
    4262, 262
    6923, 2923
    8565, 4565
    7177, 3177
    11607, 7607
    10346, 6346
    6251, 2251
    11843, 7843
    4844, 844
    10303, 6303
    7271, 3271
    10547, 6547
    6888, 2888
    5990, 1990
    9655, 5655
    9495, 5495
    9059, 5059
    11895, 7895
    9200, 5200
    5552, 1552
    6628, 2628
    6058, 2058
    9179, 5179
    5184, 1184
    8054, 4054
    10498, 6498
    8109, 4109
    4778, 778
    9183, 5183
    5639, 1639
    6650, 2650
    10119, 6119
    10661, 6661
    6877, 2877
    9378, 5378
    11516, 7516
    5410, 1410
    4334, 334
    11145, 7145
    5137, 1137
    10695, 6695
    6136, 2136
    6257, 2257
    5030, 1030
    9461, 5461
    7964, 3964
    10018, 6018
    8010, 4010
    10786, 6786
    11976, 7976
    5525, 1525
    5121, 1121
    11399, 7399
    9345, 5345
    5716, 1716
    9675, 5675
    9582, 5582
    10066, 6066
    6111, 2111
    5172, 1172
    4010, 10
    4065, 65
    4171, 171
    7060, 3060
    8140, 4140
    6890, 2890
    11719, 7719
    6323, 2323
    10022, 6022
    6984, 2984
    10368, 6368
    10961, 6961
    7318, 3318
    8955, 4955
    5249, 1249
    4749, 749
    9680, 5680
    8636, 4636
    5983, 1983
    6512, 2512
    11444, 7444
    7214, 3214
    8477, 4477
    8684, 4684
    9724, 5724
    8601, 4601
    6655, 2655
    11494, 7494
    8330, 4330
    7045, 3045
    11343, 7343
    7097, 3097
    10481, 6481
    9973, 5973
    4772, 772
    6032, 2032
    8530, 4530
    11203, 7203
    9983, 5983
    4287, 287
    11849, 7849
    8149, 4149
    9132, 5132
    4661, 661
    5064, 1064
    8189, 4189
    7458, 3458
    10960, 6960
    9979, 5979
    7051, 3051
    11004, 7004
    5132, 1132
    4834, 834
    8422, 4422
    5376, 1376
    11274, 7274
    9956, 5956
    8107, 4107
    7651, 3651
    11041, 7041
    9878, 5878
    7879, 3879
    4943, 943
    4657, 657
    7545, 3545
    7991, 3991
    11655, 7655
    4820, 820
    10723, 6723
    5652, 1652
    4948, 948
    9415, 5415
    10366, 6366
    8976, 4976
    4535, 535
    9808, 5808
    4629, 629
    4832, 832
    10517, 6517
    5105, 1105
    8593, 4593
    10082, 6082
    11762, 7762
    4165, 165
    5140, 1140
    8796, 4796
    4665, 665
    9319, 5319
    7848, 3848
    5386, 1386
    11109, 7109
    8865, 4865
    11167, 7167
    5276, 1276
}
