R(a, b) = {
    2314, 2314
    3128, 3128
    1211, 1211
    666, 666
    1266, 1266
    1627, 1627
    2831, 2831
    2975, 2975
    3163, 3163
    2836, 2836
    2967, 2967
    2585, 2585
    1291, 1291
    621, 621
    3825, 3825
    2794, 2794
    61, 61
    195, 195
    1001, 1001
    3722, 3722
    1132, 1132
    997, 997
    3708, 3708
    2564, 2564
    1816, 1816
    2363, 2363
    877, 877
    732, 732
    2010, 2010
    1566, 1566
    3625, 3625
    1529, 1529
    1659, 1659
    872, 872
    3504, 3504
    85, 85
    870, 870
    1171, 1171
    668, 668
    2584, 2584
    396, 396
    2418, 2418
    3888, 3888
    3941, 3941
    3197, 3197
    3572, 3572
    1614, 1614
    3868, 3868
    2631, 2631
    2274, 2274
    1103, 1103
    865, 865
    68, 68
    351, 351
    3044, 3044
    2092, 2092
    1377, 1377
    3052, 3052
    3115, 3115
    190, 190
    600, 600
    3445, 3445
    3995, 3995
    2372, 2372
    3645, 3645
    3345, 3345
    1151, 1151
    3130, 3130
    2235, 2235
    2127, 2127
    2643, 2643
    1005, 1005
    2592, 2592
    1282, 1282
    1789, 1789
    506, 506
    298, 298
    3493, 3493
    2765, 2765
    3377, 3377
    1494, 1494
    391, 391
    348, 348
    1231, 1231
    1976, 1976
    1846, 1846
    3559, 3559
    3519, 3519
    2696, 2696
    2221, 2221
    3425, 3425
    560, 560
    3813, 3813
    1210, 1210
    2898, 2898
    2474, 2474
    3608, 3608
    1350, 1350
    2648, 2648
    1475, 1475
    1582, 1582
    1327, 1327
    2791, 2791
    2746, 2746
    1648, 1648
    1500, 1500
    930, 930
    1797, 1797
    2835, 2835
    433, 433
    1507, 1507
    2676, 2676
    823, 823
    3523, 3523
    207, 207
    1775, 1775
    2144, 2144
    447, 447
    2163, 2163
    389, 389
    2310, 2310
    1437, 1437
    3511, 3511
    595, 595
    2503, 2503
    3172, 3172
    3111, 3111
    1221, 1221
    941, 941
    2963, 2963
    462, 462
    1484, 1484
    1397, 1397
    961, 961
    2325, 2325
    3801, 3801
    1395, 1395
    2635, 2635
    2161, 2161
    2504, 2504
    22, 22
    2849, 2849
    866, 866
    2058, 2058
    2361, 2361
    2377, 2377
    697, 697
    3365, 3365
    3770, 3770
    3137, 3137
    1279, 1279
    3198, 3198
    3012, 3012
    3731, 3731
    622, 622
    2949, 2949
    1764, 1764
    357, 357
    3998, 3998
    2198, 2198
    559, 559
    1872, 1872
    3618, 3618
    3443, 3443
    270, 270
    1980, 1980
    2469, 2469
    3084, 3084
    3175, 3175
    1561, 1561
    1888, 1888
    1084, 1084
    544, 544
    1030, 1030
    3989, 3989
    873, 873
    920, 920
    868, 868
    2024, 2024
    1071, 1071
    2204, 2204
    2173, 2173
    2797, 2797
    422, 422
    3067, 3067
    398, 398
    2728, 2728
    516, 516
    3902, 3902
    2197, 2197
    1904, 1904
    3554, 3554
    3265, 3265
    3476, 3476
    94, 94
    1062, 1062
    1726, 1726
    2822, 2822
    306, 306
    3226, 3226
    2079, 2079
    305, 305
    1854, 1854
    2256, 2256
    2624, 2624
    2086, 2086
    1551, 1551
    2725, 2725
    3348, 3348
    1370, 1370
    25, 25
    1267, 1267
    1341, 1341
    500, 500
    2390, 2390
    2191, 2191
    2177, 2177
    222, 222
    2183, 2183
    1115, 1115
    2792, 2792
    3836, 3836
    2578, 2578
    2344, 2344
    1801, 1801
    437, 437
    2986, 2986
    1559, 1559
    3594, 3594
    175, 175
    1599, 1599
    1537, 1537
    3064, 3064
    1640, 1640
    3077, 3077
    1237, 1237
    2355, 2355
    1182, 1182
    252, 252
    1209, 1209
    1815, 1815
    517, 517
    418, 418
    869, 869
    276, 276
    623, 623
    1163, 1163
    53, 53
    1656, 1656
    3251, 3251
    860, 860
    2944, 2944
    3939, 3939
    2958, 2958
    499, 499
    1172, 1172
    3178, 3178
    3870, 3870
    3304, 3304
    1730, 1730
    2519, 2519
    1949, 1949
    3893, 3893
    2396, 2396
    364, 364
    2368, 2368
    1044, 1044
    2683, 2683
    2179, 2179
    1008, 1008
    455, 455
    3193, 3193
    3896, 3896
    3454, 3454
    2222, 2222
    3169, 3169
    2572, 2572
    3900, 3900
    1604, 1604
    754, 754
    2825, 2825
    527, 527
    2093, 2093
    878, 878
    2393, 2393
    1422, 1422
    3501, 3501
    1501, 1501
    2467, 2467
    3159, 3159
    1580, 1580
    676, 676
    2131, 2131
    3087, 3087
    2834, 2834
    615, 615
    1771, 1771
    2548, 2548
    1947, 1947
    183, 183
    3332, 3332
    1415, 1415
    3878, 3878
    1741, 1741
    1054, 1054
    1679, 1679
    2118, 2118
    2973, 2973
    569, 569
    1831, 1831
    1461, 1461
    2369, 2369
    3196, 3196
    2521, 2521
    2848, 2848
    3157, 3157
    3447, 3447
    773, 773
    1554, 1554
    2960, 2960
    2895, 2895
    2999, 2999
    2513, 2513
    2272, 2272
    248, 248
    101, 101
    492, 492
    423, 423
    947, 947
    2694, 2694
    3325, 3325
    720, 720
    3053, 3053
    2301, 2301
    1638, 1638
    1336, 1336
    3469, 3469
    547, 547
    1654, 1654
    2682, 2682
    545, 545
    1759, 1759
    2690, 2690
    229, 229
    875, 875
    3482, 3482
    3131, 3131
    2840, 2840
    74, 74
    3496, 3496
    1890, 1890
    3029, 3029
    134, 134
    1539, 1539
    1690, 1690
    936, 936
    1560, 1560
    3185, 3185
    3957, 3957
    3167, 3167
    152, 152
    2915, 2915
    1367, 1367
    1176, 1176
    819, 819
    1649, 1649
    863, 863
    3693, 3693
    2668, 2668
    3805, 3805
    1863, 1863
    1851, 1851
    1101, 1101
    593, 593
    603, 603
    1216, 1216
    1181, 1181
    1136, 1136
    3194, 3194
    1493, 1493
    126, 126
    438, 438
    369, 369
    2446, 2446
    45, 45
    3986, 3986
    2364, 2364
    611, 611
    1637, 1637
    11, 11
    2838, 2838
    937, 937
    3505, 3505
    656, 656
    2187, 2187
    2514, 2514
    1045, 1045
    2560, 2560
    1625, 1625
    988, 988
    906, 906
    2566, 2566
    2901, 2901
    1704, 1704
    3239, 3239
    2827, 2827
    295, 295
    239, 239
    2428, 2428
    1530, 1530
    1619, 1619
    2500, 2500
    3700, 3700
    3047, 3047
    876, 876
    3945, 3945
    3778, 3778
    3244, 3244
    808, 808
    1025, 1025
    1505, 1505
    3529, 3529
    2700, 2700
    990, 990
    307, 307
    3743, 3743
    3109, 3109
    115, 115
    1861, 1861
    585, 585
    3876, 3876
    332, 332
    3231, 3231
    81, 81
    1712, 1712
    3903, 3903
    3038, 3038
    3309, 3309
    421, 421
    1281, 1281
    2423, 2423
    3218, 3218
    2056, 2056
    2317, 2317
    2283, 2283
    1860, 1860
    3697, 3697
    946, 946
    700, 700
    2972, 2972
    809, 809
    3728, 3728
    3973, 3973
    1793, 1793
    2862, 2862
    301, 301
    1810, 1810
    2669, 2669
    363, 363
    818, 818
    2158, 2158
    3760, 3760
    266, 266
    2231, 2231
    253, 253
    3946, 3946
    1519, 1519
    971, 971
    1825, 1825
    2800, 2800
    1843, 1843
    2806, 2806
    777, 777
    2022, 2022
    1048, 1048
    19, 19
    846, 846
    3832, 3832
    1884, 1884
    918, 918
    3985, 3985
    750, 750
    1758, 1758
    1097, 1097
    1083, 1083
    3783, 3783
    59, 59
    2151, 2151
    522, 522
    3712, 3712
    1848, 1848
    2285, 2285
    729, 729
    3541, 3541
    2141, 2141
    3390, 3390
    3685, 3685
    3435, 3435
    3191, 3191
    3716, 3716
    1476, 1476
    3929, 3929
    2162, 2162
    2843, 2843
    3026, 3026
    933, 933
    3923, 3923
    1389, 1389
    1985, 1985
    1330, 1330
    2407, 2407
    2671, 2671
    434, 434
    2559, 2559
    205, 205
    1347, 1347
    368, 368
    77, 77
    2269, 2269
    2388, 2388
    1188, 1188
    793, 793
    573, 573
    3241, 3241
    634, 634
    986, 986
    1122, 1122
    2340, 2340
    1999, 1999
    2070, 2070
    235, 235
    535, 535
    3484, 3484
    1924, 1924
    1853, 1853
    2037, 2037
    1596, 1596
    2320, 2320
    3413, 3413
    2039, 2039
    1262, 1262
    3510, 3510
    1117, 1117
    1093, 1093
    1161, 1161
    2104, 2104
    2075, 2075
    3122, 3122
    1067, 1067
    2912, 2912
    3494, 3494
    3220, 3220
    3389, 3389
    210, 210
    1966, 1966
    672, 672
    2132, 2132
    482, 482
    3280, 3280
    1891, 1891
    441, 441
    532, 532
    1359, 1359
    2245, 2245
    739, 739
    1038, 1038
    3670, 3670
    703, 703
    503, 503
    2660, 2660
    2190, 2190
    3199, 3199
    217, 217
    2266, 2266
    3810, 3810
    2210, 2210
    1082, 1082
    1823, 1823
    806, 806
    3546, 3546
    762, 762
    3639, 3639
    1558, 1558
    1545, 1545
    717, 717
    124, 124
    910, 910
    955, 955
    3202, 3202
    1535, 1535
    3907, 3907
    3248, 3248
    2250, 2250
    767, 767
    2268, 2268
    1007, 1007
    3730, 3730
    3222, 3222
    3306, 3306
    2761, 2761
    155, 155
    2323, 2323
    2343, 2343
    128, 128
    1959, 1959
    1139, 1139
    3767, 3767
    3132, 3132
    2051, 2051
    2852, 2852
    385, 385
    1514, 1514
    1956, 1956
    1932, 1932
    1371, 1371
    2771, 2771
    1840, 1840
    1276, 1276
    2430, 2430
    432, 432
    2788, 2788
    3281, 3281
    141, 141
    1496, 1496
    2385, 2385
    2538, 2538
    3270, 3270
    1564, 1564
    1112, 1112
    1544, 1544
    3432, 3432
    3350, 3350
    292, 292
    3080, 3080
    289, 289
    1882, 1882
    2679, 2679
    361, 361
    2511, 2511
    501, 501
    358, 358
    102, 102
    2629, 2629
    1675, 1675
    3803, 3803
    1247, 1247
    324, 324
    1439, 1439
    3314, 3314
    859, 859
    1531, 1531
    1379, 1379
    2695, 2695
    1308, 1308
    2640, 2640
    683, 683
    1013, 1013
    1032, 1032
    1946, 1946
    591, 591
    2946, 2946
    2678, 2678
    3238, 3238
    723, 723
    3988, 3988
    2422, 2422
    1473, 1473
    2774, 2774
    914, 914
    1428, 1428
    1223, 1223
    1908, 1908
    359, 359
    2234, 2234
    1584, 1584
    2742, 2742
    186, 186
    853, 853
    139, 139
    3605, 3605
    2040, 2040
    3045, 3045
    3030, 3030
    1170, 1170
    310, 310
    3330, 3330
    1800, 1800
    3715, 3715
    133, 133
    1133, 1133
    2688, 2688
    2976, 2976
    1669, 1669
    162, 162
    3188, 3188
    3626, 3626
    202, 202
    1152, 1152
    2032, 2032
    3550, 3550
    131, 131
    891, 891
    1214, 1214
    1623, 1623
    1499, 1499
    2558, 2558
    1527, 1527
    20, 20
    240, 240
    3260, 3260
    98, 98
    1692, 1692
    1847, 1847
    1644, 1644
    3219, 3219
    675, 675
    17, 17
    2208, 2208
    3891, 3891
    815, 815
    749, 749
    3372, 3372
    1518, 1518
    1448, 1448
    3502, 3502
    1315, 1315
    2956, 2956
    1923, 1923
    316, 316
    448, 448
    3974, 3974
    2734, 2734
    2634, 2634
    3189, 3189
    1119, 1119
    3921, 3921
    3283, 3283
    1906, 1906
    2455, 2455
    3237, 3237
    3701, 3701
    2536, 2536
    3049, 3049
    3745, 3745
    1996, 1996
    705, 705
    3293, 3293
    2316, 2316
    256, 256
    952, 952
    469, 469
    1445, 1445
    1438, 1438
    3509, 3509
    3392, 3392
    196, 196
    1031, 1031
    3010, 3010
    748, 748
    2968, 2968
    416, 416
    3917, 3917
    206, 206
    3571, 3571
    1477, 1477
    399, 399
    3533, 3533
    1776, 1776
    1986, 1986
    553, 553
    1435, 1435
    3144, 3144
    2152, 2152
    3016, 3016
    1098, 1098
    3772, 3772
    3786, 3786
    708, 708
    3075, 3075
    841, 841
    2338, 2338
    976, 976
    1756, 1756
    1795, 1795
    721, 721
    1095, 1095
    2710, 2710
    1333, 1333
    3809, 3809
    1472, 1472
    814, 814
    1609, 1609
    3720, 3720
    3764, 3764
    2047, 2047
    1456, 1456
    1989, 1989
    1228, 1228
    2408, 2408
    466, 466
    1299, 1299
    2192, 2192
    3990, 3990
    2108, 2108
    3408, 3408
    1000, 1000
    3632, 3632
    1183, 1183
    390, 390
    3634, 3634
    2606, 2606
    3576, 3576
    2715, 2715
    1852, 1852
    938, 938
    2930, 2930
    3808, 3808
    2945, 2945
    440, 440
    335, 335
    2515, 2515
    2615, 2615
    452, 452
    2060, 2060
    1921, 1921
    686, 686
    3295, 3295
    3549, 3549
    1738, 1738
    2087, 2087
    1184, 1184
    3894, 3894
    495, 495
    594, 594
    3915, 3915
    1003, 1003
    3649, 3649
    2939, 2939
    2884, 2884
    674, 674
    538, 538
    1757, 1757
    756, 756
    3644, 3644
    3374, 3374
    1321, 1321
    1241, 1241
    2911, 2911
    2646, 2646
    822, 822
    3558, 3558
    1108, 1108
    2237, 2237
    3021, 3021
    911, 911
    1021, 1021
    2174, 2174
    241, 241
    1041, 1041
    3354, 3354
    2360, 2360
    3173, 3173
    1195, 1195
    3201, 3201
    3710, 3710
    1206, 1206
    2798, 2798
    2964, 2964
    3235, 3235
    1090, 1090
    3138, 3138
    2520, 2520
    3018, 3018
    3889, 3889
    3587, 3587
    1954, 1954
    942, 942
    2409, 2409
    3224, 3224
    249, 249
    633, 633
    784, 784
    3470, 3470
    376, 376
    3205, 3205
    2750, 2750
    3947, 3947
    2414, 2414
    1850, 1850
    3451, 3451
    3729, 3729
    1374, 1374
    2202, 2202
    3657, 3657
    2319, 2319
    2175, 2175
    742, 742
    3134, 3134
    514, 514
    2828, 2828
    3714, 3714
    353, 353
    2720, 2720
    2923, 2923
    3006, 3006
    1917, 1917
    761, 761
    1070, 1070
    1714, 1714
    605, 605
    3895, 3895
    2965, 2965
    744, 744
    1425, 1425
    681, 681
    360, 360
    1096, 1096
    1391, 1391
    1314, 1314
    992, 992
    2594, 2594
    680, 680
    2773, 2773
    578, 578
    660, 660
    2392, 2392
    35, 35
    2048, 2048
    3498, 3498
    72, 72
    900, 900
    151, 151
    320, 320
    523, 523
    3003, 3003
    2481, 2481
    3472, 3472
    1012, 1012
    3263, 3263
    224, 224
    3437, 3437
    2169, 2169
    1480, 1480
    1547, 1547
    1934, 1934
    2637, 2637
    3687, 3687
    3916, 3916
    2380, 2380
    2207, 2207
    3311, 3311
    2936, 2936
    3420, 3420
    86, 86
    3061, 3061
    1123, 1123
    3771, 3771
    1431, 1431
    1826, 1826
    2306, 2306
    2526, 2526
    2085, 2085
    1011, 1011
    1244, 1244
    2672, 2672
    3616, 3616
    1988, 1988
    3492, 3492
    338, 338
    1017, 1017
    3086, 3086
    331, 331
    2652, 2652
    2386, 2386
    3650, 3650
    1334, 1334
    117, 117
    960, 960
    1191, 1191
    1177, 1177
    2262, 2262
    3677, 3677
    3250, 3250
    2252, 2252
    3622, 3622
    291, 291
    3140, 3140
    2293, 2293
    1509, 1509
    2907, 2907
    1760, 1760
    792, 792
    536, 536
    2215, 2215
    2807, 2807
    1977, 1977
    885, 885
    3628, 3628
    2046, 2046
    2816, 2816
    2611, 2611
    3468, 3468
    1533, 1533
    1964, 1964
    2711, 2711
    2113, 2113
    91, 91
    1693, 1693
    2804, 2804
    3291, 3291
    1524, 1524
    212, 212
    659, 659
    130, 130
    923, 923
    1255, 1255
    574, 574
    2842, 2842
    2055, 2055
    1864, 1864
    456, 456
    856, 856
    760, 760
    112, 112
    1280, 1280
    2573, 2573
    2052, 2052
    3334, 3334
    1361, 1361
    2425, 2425
    56, 56
    1202, 1202
    3388, 3388
    1301, 1301
    2603, 2603
    2966, 2966
    1086, 1086
    2419, 2419
    1305, 1305
    3046, 3046
    2961, 2961
    1557, 1557
    3042, 3042
    1284, 1284
    2217, 2217
    30, 30
    3905, 3905
    2717, 2717
    2264, 2264
    1641, 1641
    3139, 3139
    226, 226
    3317, 3317
    537, 537
    2645, 2645
    3604, 3604
    602, 602
    2714, 2714
    380, 380
    228, 228
    230, 230
    258, 258
    1085, 1085
    1963, 1963
    1650, 1650
    917, 917
    1856, 1856
    2205, 2205
    3551, 3551
    3741, 3741
    2556, 2556
    3035, 3035
    3485, 3485
    2277, 2277
    677, 677
    1808, 1808
    1957, 1957
    561, 561
    647, 647
    2126, 2126
    3373, 3373
    3127, 3127
    387, 387
    1164, 1164
    2486, 2486
    1666, 1666
    1987, 1987
    3426, 3426
    277, 277
    1311, 1311
    2692, 2692
    110, 110
    5, 5
    1950, 1950
    3011, 3011
    3275, 3275
    3662, 3662
    2405, 2405
    366, 366
    377, 377
    653, 653
    3664, 3664
    1492, 1492
    427, 427
    3499, 3499
    2974, 2974
    2760, 2760
    2796, 2796
    352, 352
    2579, 2579
    3829, 3829
    1785, 1785
    3307, 3307
    3617, 3617
    743, 743
    3092, 3092
    804, 804
    2739, 2739
    2294, 2294
    3459, 3459
    42, 42
    33, 33
    1830, 1830
    2315, 2315
    2308, 2308
    355, 355
    378, 378
    2180, 2180
    3822, 3822
    525, 525
    3102, 3102
    3914, 3914
    2464, 2464
    2106, 2106
    939, 939
    526, 526
    397, 397
    2630, 2630
    1078, 1078
    3177, 3177
    2713, 2713
    3019, 3019
    530, 530
    699, 699
    974, 974
    1036, 1036
    2424, 2424
    1945, 1945
    2439, 2439
    2482, 2482
    3419, 3419
    1053, 1053
    3246, 3246
    443, 443
    2793, 2793
    386, 386
    481, 481
    1156, 1156
    610, 610
    1734, 1734
    1796, 1796
    3344, 3344
    3807, 3807
    2303, 2303
    1387, 1387
    2545, 2545
    973, 973
    285, 285
    2879, 2879
    2517, 2517
    2381, 2381
    1440, 1440
    812, 812
    3655, 3655
    3262, 3262
    3898, 3898
    1871, 1871
    2533, 2533
    2044, 2044
    608, 608
    751, 751
    733, 733
    719, 719
    2013, 2013
    27, 27
    592, 592
    2756, 2756
    3887, 3887
    1454, 1454
    1300, 1300
    1611, 1611
    2657, 2657
    2023, 2023
    3340, 3340
    92, 92
    2107, 2107
    496, 496
    1356, 1356
    3312, 3312
    3434, 3434
    3438, 3438
    707, 707
    1486, 1486
    3718, 3718
    922, 922
    3387, 3387
    1532, 1532
    1984, 1984
    1907, 1907
    2166, 2166
    1287, 1287
    3414, 3414
    2432, 2432
    1665, 1665
    1705, 1705
    1077, 1077
    1092, 1092
    788, 788
    435, 435
    794, 794
    1628, 1628
    3880, 3880
    3078, 3078
    843, 843
    1534, 1534
    409, 409
    943, 943
    1490, 1490
    613, 613
    2577, 2577
    2667, 2667
    2913, 2913
    1190, 1190
    1910, 1910
    2211, 2211
    2494, 2494
    2535, 2535
    2605, 2605
    2373, 2373
    2366, 2366
    2434, 2434
    1114, 1114
    3066, 3066
    1961, 1961
    381, 381
    3942, 3942
    616, 616
    2334, 2334
    309, 309
    510, 510
    414, 414
    731, 731
    3278, 3278
    336, 336
    119, 119
    1792, 1792
    2437, 2437
    3865, 3865
    2074, 2074
    2449, 2449
    1023, 1023
    3126, 3126
    3821, 3821
    1642, 1642
    847, 847
    1076, 1076
    1981, 1981
    2244, 2244
    3361, 3361
    2990, 2990
    3768, 3768
    201, 201
    2367, 2367
    2980, 2980
    488, 488
    3329, 3329
    785, 785
    1606, 1606
    473, 473
    105, 105
    1376, 1376
    347, 347
    766, 766
    867, 867
    2411, 2411
    3815, 3815
    1474, 1474
    2633, 2633
    3635, 3635
    2680, 2680
    461, 461
    3085, 3085
    3212, 3212
    857, 857
    2896, 2896
    3328, 3328
    3002, 3002
    2140, 2140
    3744, 3744
    2280, 2280
    3213, 3213
    1735, 1735
    588, 588
    1636, 1636
    1740, 1740
    641, 641
    3342, 3342
    1355, 1355
    1307, 1307
    1716, 1716
    46, 46
    2398, 2398
    587, 587
    3978, 3978
    2045, 2045
    2933, 2933
    1874, 1874
    3442, 3442
    3709, 3709
    948, 948
    3349, 3349
    2527, 2527
    1612, 1612
    1944, 1944
    2805, 2805
    2762, 2762
    2059, 2059
    3401, 3401
    919, 919
    2027, 2027
    1135, 1135
    3819, 3819
    1418, 1418
    563, 563
    340, 340
    2621, 2621
    598, 598
    2478, 2478
    2751, 2751
    3540, 3540
    71, 71
    662, 662
    2200, 2200
    3746, 3746
    3182, 3182
    1689, 1689
    2510, 2510
    3671, 3671
    1634, 1634
    2212, 2212
    1939, 1939
    2632, 2632
    2378, 2378
    1120, 1120
    1357, 1357
    3588, 3588
    3679, 3679
    713, 713
    899, 899
    2546, 2546
    3475, 3475
    2267, 2267
    3409, 3409
    1506, 1506
    2636, 2636
    3036, 3036
    2719, 2719
    198, 198
    3824, 3824
    457, 457
    1701, 1701
    70, 70
    2000, 2000
    2228, 2228
    1200, 1200
    153, 153
    3073, 3073
    3489, 3489
    2304, 2304
    1925, 1925
    3535, 3535
    2612, 2612
    1149, 1149
    1256, 1256
    2686, 2686
    3407, 3407
    281, 281
    3367, 3367
    528, 528
    1526, 1526
    2362, 2362
    1014, 1014
    2305, 2305
    28, 28
    1130, 1130
    2088, 2088
    2061, 2061
    122, 122
    3398, 3398
    1109, 1109
    3972, 3972
    1304, 1304
    2100, 2100
    1914, 1914
    597, 597
    1770, 1770
    2043, 2043
    3839, 3839
    2073, 2073
    2259, 2259
    2330, 2330
    65, 65
    3758, 3758
    880, 880
    243, 243
    2661, 2661
    1661, 1661
    273, 273
    1360, 1360
    1243, 1243
    3421, 3421
    3261, 3261
    3828, 3828
    2785, 2785
    3694, 3694
    890, 890
    3956, 3956
    1079, 1079
    3633, 3633
    3781, 3781
    3975, 3975
    1972, 1972
    1283, 1283
    646, 646
    1585, 1585
    2539, 2539
    2752, 2752
    2091, 2091
    1208, 1208
    1603, 1603
    1635, 1635
    2722, 2722
    1761, 1761
    3352, 3352
    449, 449
    3976, 3976
    2493, 2493
    2709, 2709
    3319, 3319
    2928, 2928
    3118, 3118
    314, 314
    1677, 1677
    1049, 1049
    1919, 1919
    3079, 3079
    2365, 2365
    489, 489
    47, 47
    2555, 2555
    2460, 2460
    2006, 2006
    1263, 1263
    3579, 3579
    3593, 3593
    3004, 3004
    1009, 1009
    1709, 1709
    3612, 3612
    2201, 2201
    1100, 1100
    2371, 2371
    2412, 2412
    3940, 3940
    1002, 1002
    1316, 1316
    2302, 2302
    279, 279
    3996, 3996
    8, 8
    1553, 1553
    2871, 2871
    1495, 1495
    1574, 1574
    1166, 1166
    2529, 2529
    3302, 3302
    1593, 1593
    2321, 2321
    831, 831
    1935, 1935
    95, 95
    3223, 3223
    3082, 3082
    1687, 1687
    1897, 1897
    2969, 2969
    950, 950
    2808, 2808
    3214, 3214
    232, 232
    3097, 3097
    300, 300
    3315, 3315
    1578, 1578
    1540, 1540
    1549, 1549
    898, 898
    3227, 3227
    2345, 2345
    1469, 1469
    3516, 3516
    2436, 2436
    763, 763
    3256, 3256
    1572, 1572
    1403, 1403
    3640, 3640
    2081, 2081
    3725, 3725
    3133, 3133
    2009, 2009
    2218, 2218
    871, 871
    1056, 1056
    223, 223
    1798, 1798
    3524, 3524
    2109, 2109
    1249, 1249
    3465, 3465
    2675, 2675
    1543, 1543
    3953, 3953
    2069, 2069
    3901, 3901
    2979, 2979
    402, 402
    1497, 1497
    1881, 1881
    650, 650
    3453, 3453
    998, 998
    3145, 3145
    2232, 2232
    3039, 3039
    2919, 2919
    2199, 2199
    1168, 1168
    1358, 1358
    2540, 2540
    3322, 3322
    3812, 3812
    2258, 2258
    2065, 2065
    888, 888
    2995, 2995
    1217, 1217
    2837, 2837
    3508, 3508
    3536, 3536
    3875, 3875
    3495, 3495
    3362, 3362
    2426, 2426
    3938, 3938
    1396, 1396
    2812, 2812
    2103, 2103
    96, 96
    800, 800
    343, 343
    393, 393
    3056, 3056
    3538, 3538
    2850, 2850
    1388, 1388
    2454, 2454
    959, 959
    1568, 1568
    2206, 2206
    1273, 1273
    684, 684
    75, 75
    1842, 1842
    2243, 2243
    3142, 3142
    2583, 2583
    1378, 1378
    1292, 1292
    1893, 1893
    2530, 2530
    384, 384
    2803, 2803
    2413, 2413
    2702, 2702
    304, 304
    1227, 1227
    3806, 3806
    1337, 1337
    737, 737
    2410, 2410
    902, 902
    467, 467
    2902, 2902
    1922, 1922
    2282, 2282
    518, 518
    2927, 2927
    879, 879
    2155, 2155
    1772, 1772
    1621, 1621
    3965, 3965
    1918, 1918
    3684, 3684
    2549, 2549
    3384, 3384
    915, 915
    48, 48
    840, 840
    3675, 3675
    3150, 3150
    718, 718
    508, 508
    2049, 2049
    1718, 1718
    687, 687
    2370, 2370
    1927, 1927
    160, 160
    3774, 3774
    3269, 3269
    3284, 3284
    263, 263
    2433, 2433
    1121, 1121
    931, 931
    1725, 1725
    962, 962
    916, 916
    1982, 1982
    2932, 2932
    1691, 1691
    2490, 2490
    216, 216
    3569, 3569
    2906, 2906
    2745, 2745
    1955, 1955
    3909, 3909
    3792, 3792
    654, 654
    2655, 2655
    1173, 1173
    3971, 3971
    776, 776
    2953, 2953
    2472, 2472
    3119, 3119
    1271, 1271
    3477, 3477
    1417, 1417
    49, 49
    558, 558
    1667, 1667
    1779, 1779
    3883, 3883
    2445, 2445
    2063, 2063
    1058, 1058
    3379, 3379
    275, 275
    1312, 1312
    929, 929
    1386, 1386
    690, 690
    2905, 2905
    1441, 1441
    2830, 2830
    1193, 1193
    3601, 3601
    551, 551
    3481, 3481
    2487, 2487
    2562, 2562
    1817, 1817
    430, 430
    2914, 2914
    3288, 3288
    2220, 2220
    2542, 2542
    3014, 3014
    2952, 2952
    1836, 1836
    3802, 3802
    362, 362
    1099, 1099
    2839, 2839
    850, 850
    3818, 3818
    2703, 2703
    3749, 3749
    2735, 2735
    3683, 3683
    1517, 1517
    167, 167
    2935, 2935
    3277, 3277
    3285, 3285
    3343, 3343
    2590, 2590
    2673, 2673
    3581, 3581
    1094, 1094
    3527, 3527
    16, 16
    3560, 3560
    478, 478
    3932, 3932
    3286, 3286
    2851, 2851
    1632, 1632
    1899, 1899
    231, 231
    365, 365
    2954, 2954
    1485, 1485
    3566, 3566
    539, 539
    2461, 2461
    2910, 2910
    3296, 3296
    1579, 1579
    3877, 3877
    2781, 2781
    2899, 2899
    1680, 1680
    465, 465
    1902, 1902
    2463, 2463
    966, 966
    1880, 1880
    3, 3
    3440, 3440
    3993, 3993
    2431, 2431
    476, 476
    1968, 1968
    1833, 1833
    1028, 1028
    817, 817
    2194, 2194
    2072, 2072
    1265, 1265
    1696, 1696
    2950, 2950
    945, 945
    3615, 3615
    3959, 3959
    2394, 2394
    3411, 3411
    2102, 2102
    225, 225
    1844, 1844
    2602, 2602
    692, 692
    3179, 3179
    2123, 2123
    2685, 2685
    3578, 3578
    3259, 3259
    3643, 3643
    247, 247
    3170, 3170
    1911, 1911
    2802, 2802
    1774, 1774
    1806, 1806
    3817, 3817
    1569, 1569
    3273, 3273
    820, 820
    2375, 2375
    568, 568
    3181, 3181
    734, 734
    3033, 3033
    2853, 2853
    2353, 2353
    2537, 2537
    1965, 1965
    3834, 3834
    3949, 3949
    1024, 1024
    727, 727
    821, 821
    244, 244
    2356, 2356
    3338, 3338
    264, 264
    1254, 1254
    3648, 3648
    579, 579
    3480, 3480
    2116, 2116
    2030, 2030
    3913, 3913
    985, 985
    3656, 3656
    3320, 3320
    408, 408
    589, 589
    3555, 3555
    297, 297
    3785, 3785
    1762, 1762
    2230, 2230
    752, 752
    1513, 1513
    463, 463
    864, 864
    3548, 3548
    624, 624
    2290, 2290
    3676, 3676
    3797, 3797
    3282, 3282
    726, 726
    2147, 2147
    2337, 2337
    2096, 2096
    2832, 2832
    3449, 3449
    3827, 3827
    1019, 1019
    3171, 3171
    2983, 2983
    2012, 2012
    1404, 1404
    2479, 2479
    1787, 1787
    702, 702
    2165, 2165
    1791, 1791
    711, 711
    1145, 1145
    2403, 2403
    219, 219
    1413, 1413
    2053, 2053
    2354, 2354
    1232, 1232
    1546, 1546
    1433, 1433
    1143, 1143
    828, 828
    2452, 2452
    3129, 3129
    14, 14
    3627, 3627
    1144, 1144
    2456, 2456
    280, 280
    2766, 2766
    2821, 2821
    116, 116
    1769, 1769
    1348, 1348
    283, 283
    3556, 3556
    3376, 3376
    736, 736
    2962, 2962
    3355, 3355
    1994, 1994
    1668, 1668
    2066, 2066
    3924, 3924
    1900, 1900
    188, 188
    1138, 1138
    2020, 2020
    1159, 1159
    805, 805
    979, 979
    2747, 2747
    2485, 2485
    2399, 2399
    3742, 3742
    3568, 3568
    1703, 1703
    1246, 1246
    3795, 3795
    3031, 3031
    2900, 2900
    3567, 3567
    2880, 2880
    3542, 3542
    370, 370
    3236, 3236
    968, 968
    807, 807
    3580, 3580
    3837, 3837
    1004, 1004
    2298, 2298
    1706, 1706
    2948, 2948
    208, 208
    1269, 1269
    2753, 2753
    80, 80
    932, 932
    1788, 1788
    1037, 1037
    477, 477
    685, 685
    1937, 1937
    1204, 1204
    1997, 1997
    177, 177
    2925, 2925
    1903, 1903
    2440, 2440
    3217, 3217
    2111, 2111
    1157, 1157
    3800, 3800
    1812, 1812
    2981, 2981
    795, 795
    1883, 1883
    274, 274
    3206, 3206
    43, 43
    3069, 3069
    829, 829
    1400, 1400
    2918, 2918
    897, 897
    426, 426
    1353, 1353
    1245, 1245
    3944, 3944
    2005, 2005
    2844, 2844
    3595, 3595
    1739, 1739
    3255, 3255
    1960, 1960
    52, 52
    3166, 3166
    1814, 1814
    1885, 1885
    2484, 2484
    1753, 1753
    2551, 2551
    3610, 3610
    2859, 2859
    1694, 1694
    2124, 2124
    3674, 3674
    325, 325
    1889, 1889
    3001, 3001
    1588, 1588
    1663, 1663
    996, 996
    3507, 3507
    3930, 3930
    1426, 1426
    1196, 1196
    755, 755
    926, 926
    1384, 1384
    3849, 3849
    2099, 2099
    3967, 3967
    2885, 2885
    2563, 2563
    741, 741
    3028, 3028
    3050, 3050
    21, 21
    73, 73
    3204, 3204
    174, 174
    2764, 2764
    345, 345
    1258, 1258
    3136, 3136
    3112, 3112
    3552, 3552
    3264, 3264
    1051, 1051
    1235, 1235
    1319, 1319
    3060, 3060
    3370, 3370
    1429, 1429
    1325, 1325
    3934, 3934
    1427, 1427
    218, 218
    1059, 1059
    2240, 2240
    1915, 1915
    2557, 2557
    3871, 3871
    1219, 1219
    2608, 2608
    2270, 2270
    3958, 3958
    2729, 2729
    1993, 1993
    1399, 1399
    200, 200
    3532, 3532
    3882, 3882
    839, 839
    3310, 3310
    3404, 3404
    3383, 3383
    965, 965
    2101, 2101
    799, 799
    709, 709
    3866, 3866
    2531, 2531
    1803, 1803
    3705, 3705
    2291, 2291
    1137, 1137
    3799, 3799
    1515, 1515
    2826, 2826
    3598, 3598
    1868, 1868
    2749, 2749
    2339, 2339
    1091, 1091
    679, 679
    1983, 1983
    3696, 3696
    1286, 1286
    2550, 2550
    3711, 3711
    1072, 1072
    2552, 2552
    485, 485
    3105, 3105
    3619, 3619
    2071, 2071
    2019, 2019
    2647, 2647
    121, 121
    934, 934
    2376, 2376
    849, 849
    3845, 3845
    3979, 3979
    3987, 3987
    1742, 1742
    318, 318
    311, 311
    1898, 1898
    2977, 2977
    2891, 2891
    127, 127
    3623, 3623
    3690, 3690
    451, 451
    3547, 3547
    549, 549
    1420, 1420
    3107, 3107
    1536, 1536
    1102, 1102
    1681, 1681
    142, 142
    3412, 3412
    2457, 2457
    169, 169
    1556, 1556
    1212, 1212
    3151, 3151
    2727, 2727
    2628, 2628
    801, 801
    2819, 2819
    2916, 2916
    2988, 2988
    2903, 2903
    3141, 3141
    3418, 3418
    3114, 3114
    3735, 3735
    1162, 1162
    2189, 2189
    1683, 1683
    1942, 1942
    3020, 3020
    694, 694
    661, 661
    2705, 2705
    2741, 2741
    3165, 3165
    1773, 1773
    1610, 1610
    1724, 1724
    3186, 3186
    1607, 1607
    590, 590
    199, 199
    436, 436
    1600, 1600
    1317, 1317
    3994, 3994
    1131, 1131
    970, 970
    1943, 1943
    3478, 3478
    2934, 2934
    1129, 1129
    1033, 1033
    3858, 3858
    1626, 1626
    3467, 3467
    2674, 2674
    3490, 3490
    3333, 3333
    1563, 1563
    2644, 2644
    1006, 1006
    2149, 2149
    1767, 1767
    395, 395
    3363, 3363
    1670, 1670
    2653, 2653
    3070, 3070
    1639, 1639
    887, 887
    2416, 2416
    1491, 1491
    3658, 3658
    3022, 3022
    1363, 1363
    3738, 3738
    1715, 1715
    108, 108
    1555, 1555
    627, 627
    2322, 2322
    458, 458
    193, 193
    2997, 2997
    3842, 3842
    2089, 2089
    1324, 1324
    2352, 2352
    79, 79
    3323, 3323
    704, 704
    1597, 1597
    23, 23
    2512, 2512
    2219, 2219
    2358, 2358
    565, 565
    1488, 1488
    1896, 1896
    1723, 1723
    3271, 3271
    2940, 2940
    2718, 2718
    975, 975
    3299, 3299
    3473, 3473
    1153, 1153
    984, 984
    927, 927
    2251, 2251
    3630, 3630
    1978, 1978
    97, 97
    1344, 1344
    2471, 2471
    651, 651
    3023, 3023
    657, 657
    3089, 3089
    642, 642
    2253, 2253
    2524, 2524
    2, 2
    150, 150
    3267, 3267
    3885, 3885
    631, 631
    3863, 3863
    2993, 2993
    403, 403
    2627, 2627
    2278, 2278
    2768, 2768
    392, 392
    2112, 2112
    3405, 3405
    2496, 2496
    1646, 1646
    3861, 3861
    211, 211
    3899, 3899
    2276, 2276
    2489, 2489
    2295, 2295
    2778, 2778
    3062, 3062
    2453, 2453
    725, 725
    87, 87
    1436, 1436
    107, 107
    2929, 2929
    394, 394
    1464, 1464
    262, 262
    3791, 3791
    3195, 3195
    1081, 1081
    2617, 2617
    3158, 3158
    740, 740
    2743, 2743
    2786, 2786
    1268, 1268
    1047, 1047
    1453, 1453
    1805, 1805
    221, 221
    1672, 1672
    317, 317
    1465, 1465
    688, 688
    213, 213
    2847, 2847
    1274, 1274
    3793, 3793
    2733, 2733
    180, 180
    791, 791
    3925, 3925
    2391, 2391
    3088, 3088
    747, 747
    3933, 3933
    1297, 1297
    557, 557
    2698, 2698
    1482, 1482
    2288, 2288
    3385, 3385
    3847, 3847
    3403, 3403
    3147, 3147
    1751, 1751
    425, 425
    327, 327
    10, 10
    1406, 1406
    2120, 2120
    3816, 3816
    2427, 2427
    234, 234
    3859, 3859
    3673, 3673
    1366, 1366
    652, 652
    2139, 2139
    3521, 3521
    3906, 3906
    1870, 1870
    790, 790
    293, 293
    2856, 2856
    138, 138
    2098, 2098
    2565, 2565
    3850, 3850
    625, 625
    3943, 3943
    3562, 3562
    2651, 2651
    1869, 1869
    2119, 2119
    3375, 3375
    1039, 1039
    2348, 2348
    3416, 3416
    2763, 2763
    1087, 1087
    714, 714
    2921, 2921
    3096, 3096
    339, 339
    2459, 2459
    2724, 2724
    1586, 1586
    2273, 2273
    2447, 2447
    2128, 2128
    3624, 3624
    2618, 2618
    548, 548
    2326, 2326
    2620, 2620
    245, 245
    2095, 2095
    1253, 1253
    1655, 1655
    2858, 2858
    3125, 3125
    1664, 1664
    1126, 1126
    513, 513
    3577, 3577
    3534, 3534
    3008, 3008
    1288, 1288
    176, 176
    1929, 1929
    3843, 3843
    453, 453
    781, 781
    284, 284
    18, 18
    3513, 3513
    1423, 1423
    3613, 3613
    2920, 2920
    170, 170
    554, 554
    2136, 2136
    1940, 1940
    3844, 3844
    99, 99
    3713, 3713
    3543, 3543
    2311, 2311
    519, 519
    2329, 2329
    3058, 3058
    1905, 1905
    157, 157
    1594, 1594
    1784, 1784
    3247, 3247
    1629, 1629
    830, 830
    2706, 2706
    44, 44
    3823, 3823
    3153, 3153
    1257, 1257
    3603, 3603
    1342, 1342
    1458, 1458
    1790, 1790
    1035, 1035
    1113, 1113
    1616, 1616
    3455, 3455
    267, 267
    2731, 2731
    673, 673
    771, 771
    411, 411
    2084, 2084
    1841, 1841
    3083, 3083
    3641, 3641
    2347, 2347
    3072, 3072
    3174, 3174
    758, 758
    1124, 1124
    3869, 3869
    2341, 2341
    2955, 2955
    78, 78
    2035, 2035
    1451, 1451
    796, 796
    649, 649
    3032, 3032
    3106, 3106
    64, 64
    935, 935
    1686, 1686
    2300, 2300
    2522, 2522
    1901, 1901
    3491, 3491
    2607, 2607
    2307, 2307
    636, 636
    3991, 3991
    24, 24
    580, 580
    3024, 3024
    2770, 2770
    1401, 1401
    1302, 1302
    2271, 2271
    2159, 2159
    3517, 3517
    3110, 3110
    1148, 1148
    1755, 1755
    55, 55
    1167, 1167
    3692, 3692
    1088, 1088
    1780, 1780
    2639, 2639
    2225, 2225
    2064, 2064
    450, 450
    3826, 3826
    644, 644
    259, 259
    695, 695
    3707, 3707
    712, 712
    3257, 3257
    1736, 1736
    2248, 2248
    287, 287
    768, 768
    1055, 1055
    2666, 2666
    38, 38
    1398, 1398
    515, 515
    2708, 2708
    178, 178
    2328, 2328
    3406, 3406
    3922, 3922
    696, 696
    3156, 3156
    3830, 3830
    2619, 2619
    1323, 1323
    3040, 3040
    3402, 3402
    1487, 1487
    1411, 1411
    3724, 3724
    2554, 2554
    3294, 3294
    3424, 3424
    2748, 2748
    2878, 2878
    626, 626
    665, 665
    2587, 2587
    2182, 2182
    2400, 2400
    993, 993
    1349, 1349
    3168, 3168
    2883, 2883
    2854, 2854
    3706, 3706
    1581, 1581
    2525, 2525
    2817, 2817
    3051, 3051
    3663, 3663
    2951, 2951
    2383, 2383
    1040, 1040
    140, 140
    1118, 1118
    3074, 3074
    209, 209
    2031, 2031
    3229, 3229
    1653, 1653
    491, 491
    2887, 2887
    1867, 1867
    3100, 3100
    1074, 1074
    2261, 2261
    2336, 2336
    2178, 2178
    143, 143
    1920, 1920
    2254, 2254
    1180, 1180
    2172, 2172
    1272, 1272
    3853, 3853
    1608, 1608
    2016, 2016
    1105, 1105
    3506, 3506
    1657, 1657
    2596, 2596
    1457, 1457
    2078, 2078
    967, 967
    1876, 1876
    617, 617
    1199, 1199
    1467, 1467
    3857, 3857
    2033, 2033
    148, 148
    111, 111
    3303, 3303
    3359, 3359
    2970, 2970
    164, 164
    3258, 3258
    2697, 2697
    614, 614
    1873, 1873
    424, 424
    2448, 2448
    1749, 1749
    3148, 3148
    2866, 2866
    3614, 3614
    691, 691
    3015, 3015
    1010, 1010
    722, 722
    972, 972
    1351, 1351
    326, 326
    2860, 2860
    2707, 2707
    566, 566
    2050, 2050
    12, 12
    2663, 2663
    1598, 1598
    1674, 1674
    502, 502
    2313, 2313
    171, 171
    1895, 1895
    2943, 2943
    2186, 2186
    1080, 1080
    1676, 1676
    3360, 3360
    1567, 1567
    3048, 3048
    1346, 1346
    2650, 2650
    1277, 1277
    3982, 3982
    3117, 3117
    3176, 3176
    1838, 1838
    886, 886
    556, 556
    1731, 1731
    1412, 1412
    3272, 3272
    2994, 2994
    1338, 1338
    924, 924
    3682, 3682
    184, 184
    989, 989
    3120, 3120
    251, 251
    2571, 2571
    2011, 2011
    90, 90
    3522, 3522
    3382, 3382
    2582, 2582
    238, 238
    2209, 2209
    2349, 2349
    1459, 1459
    69, 69
    1248, 1248
    664, 664
    1409, 1409
    3851, 3851
    925, 925
    3043, 3043
    1405, 1405
    2723, 2723
    1290, 1290
    3200, 3200
    854, 854
    242, 242
    3232, 3232
    1194, 1194
    1296, 1296
    3910, 3910
    3590, 3590
    2475, 2475
    2662, 2662
    3620, 3620
    322, 322
    1285, 1285
    2236, 2236
    1969, 1969
    2026, 2026
    3955, 3955
    2275, 2275
    2721, 2721
    51, 51
    1264, 1264
    2776, 2776
    2003, 2003
    3410, 3410
    2441, 2441
    2156, 2156
    106, 106
    2523, 2523
    442, 442
    3368, 3368
    3000, 3000
    3659, 3659
    2924, 2924
    3698, 3698
    1447, 1447
    3525, 3525
    957, 957
    3076, 3076
    963, 963
    2732, 2732
    2332, 2332
    3152, 3152
    845, 845
    555, 555
    313, 313
    2090, 2090
    724, 724
    635, 635
    1620, 1620
    3488, 3488
    103, 103
    3775, 3775
    3766, 3766
    1503, 1503
    1343, 1343
    3977, 3977
    3101, 3101
    63, 63
    562, 562
    701, 701
    2384, 2384
    1174, 1174
    1967, 1967
    2574, 2574
    1528, 1528
    3292, 3292
    1340, 1340
    1259, 1259
    2122, 2122
    265, 265
    3672, 3672
    907, 907
    1155, 1155
    2239, 2239
    3225, 3225
    1470, 1470
    3446, 3446
    2957, 2957
    2701, 2701
    2642, 2642
    2757, 2757
    498, 498
    2841, 2841
    1754, 1754
    2110, 2110
    3300, 3300
    2886, 2886
    2823, 2823
    893, 893
    1018, 1018
    3471, 3471
    706, 706
    405, 405
    2518, 2518
    486, 486
    67, 67
    949, 949
    1116, 1116
    1069, 1069
    2598, 2598
    2196, 2196
    3005, 3005
    2476, 2476
    2105, 2105
    1809, 1809
    1215, 1215
    824, 824
    2216, 2216
    2498, 2498
    1169, 1169
    2281, 2281
    439, 439
    1781, 1781
    1309, 1309
    3669, 3669
    1142, 1142
    524, 524
    2846, 2846
    2810, 2810
    1022, 1022
    3737, 3737
    3335, 3335
    1615, 1615
    2289, 2289
    1748, 1748
    315, 315
    3814, 3814
    1804, 1804
    3638, 3638
    1695, 1695
    629, 629
    3960, 3960
    987, 987
    3358, 3358
    3856, 3856
    483, 483
    1802, 1802
    1886, 1886
    3835, 3835
    1688, 1688
    194, 194
    1794, 1794
    2028, 2028
    2869, 2869
    37, 37
    296, 296
    2260, 2260
    1252, 1252
    3190, 3190
    982, 982
    1408, 1408
    1974, 1974
    2809, 2809
    1575, 1575
    2117, 2117
    3607, 3607
    3892, 3892
    3717, 3717
    1029, 1029
    825, 825
    769, 769
    1416, 1416
    3838, 3838
    858, 858
    3848, 3848
    1510, 1510
    778, 778
    181, 181
    2138, 2138
    118, 118
    3242, 3242
    1331, 1331
    1866, 1866
    2195, 2195
    1322, 1322
    1306, 1306
    350, 350
    3773, 3773
    419, 419
    3573, 3573
    1390, 1390
    789, 789
    1858, 1858
    3436, 3436
    2284, 2284
    3563, 3563
    2492, 2492
    909, 909
    3779, 3779
    1752, 1752
    260, 260
    575, 575
    3124, 3124
    2681, 2681
    3428, 3428
    2881, 2881
    1432, 1432
    667, 667
    215, 215
    179, 179
    3393, 3393
    1089, 1089
    1381, 1381
    882, 882
    3912, 3912
    1043, 1043
    2007, 2007
    1862, 1862
    3093, 3093
    1763, 1763
    3879, 3879
    2656, 2656
    3702, 3702
    2114, 2114
    2985, 2985
    220, 220
    3386, 3386
    1685, 1685
    1446, 1446
    1165, 1165
    2097, 2097
    3013, 3013
    2508, 2508
    1218, 1218
    2501, 2501
    954, 954
    710, 710
    2775, 2775
    2613, 2613
    233, 233
    1489, 1489
    3864, 3864
    3057, 3057
    3596, 3596
    958, 958
    136, 136
    1590, 1590
    203, 203
    2402, 2402
    836, 836
    1799, 1799
    803, 803
    3417, 3417
    1595, 1595
    2015, 2015
    1750, 1750
    1592, 1592
    1430, 1430
    1819, 1819
    3116, 3116
    855, 855
    529, 529
    1294, 1294
    2146, 2146
    604, 604
    1832, 1832
    606, 606
    1782, 1782
    2815, 2815
    2654, 2654
    3025, 3025
    3326, 3326
    689, 689
    3881, 3881
    3992, 3992
    3321, 3321
    1777, 1777
    3789, 3789
    783, 783
    3667, 3667
    2346, 2346
    576, 576
    928, 928
    3855, 3855
    3457, 3457
    3520, 3520
    1107, 1107
    15, 15
    3660, 3660
    3999, 3999
    3564, 3564
    1479, 1479
    26, 26
    1618, 1618
    2740, 2740
    3155, 3155
    3561, 3561
    2813, 2813
    272, 272
    2157, 2157
    41, 41
    1601, 1601
    3699, 3699
    3017, 3017
    104, 104
    883, 883
    2544, 2544
    214, 214
    3371, 3371
    584, 584
    1229, 1229
    1818, 1818
    3221, 3221
    2670, 2670
    2018, 2018
    3356, 3356
    2054, 2054
    2845, 2845
    2002, 2002
    3113, 3113
    892, 892
    3161, 3161
    1936, 1936
    3216, 3216
    1450, 1450
    1224, 1224
    2737, 2737
    3952, 3952
    571, 571
    1916, 1916
    2420, 2420
    1643, 1643
    1562, 1562
    493, 493
    2855, 2855
    505, 505
    643, 643
    564, 564
    2575, 2575
    3636, 3636
    3041, 3041
    3703, 3703
    1197, 1197
    1141, 1141
    1652, 1652
    2226, 2226
    2599, 2599
    1682, 1682
    3233, 3233
    2176, 2176
    861, 861
    2568, 2568
    3531, 3531
    2351, 2351
    550, 550
    2129, 2129
    1158, 1158
    3464, 3464
    1699, 1699
    278, 278
    669, 669
    1020, 1020
    2171, 2171
    484, 484
    1392, 1392
    2185, 2185
    1251, 1251
    1075, 1075
    3135, 3135
    3353, 3353
    349, 349
    2438, 2438
    802, 802
    2754, 2754
    1160, 1160
    3950, 3950
    3149, 3149
    417, 417
    3055, 3055
    1622, 1622
    2908, 2908
    2382, 2382
    2154, 2154
    1631, 1631
    3396, 3396
    1, 1
    3331, 3331
    2738, 2738
    1106, 1106
    494, 494
    3935, 3935
    3500, 3500
    1147, 1147
    1660, 1660
    2227, 2227
    951, 951
    3456, 3456
    2777, 2777
    379, 379
    1930, 1930
    2892, 2892
    1737, 1737
    3160, 3160
    2495, 2495
    2233, 2233
    3740, 3740
    2576, 2576
    468, 468
    1222, 1222
    895, 895
    31, 31
    1892, 1892
    2534, 2534
    1839, 1839
    2863, 2863
    7, 7
    1207, 1207
    834, 834
    1979, 1979
    354, 354
    3642, 3642
    2586, 2586
    1894, 1894
    1455, 1455
    3904, 3904
    2143, 2143
    1394, 1394
    1857, 1857
    1015, 1015
    715, 715
    1768, 1768
    1727, 1727
    3680, 3680
    3928, 3928
    1827, 1827
    2877, 2877
    630, 630
    2818, 2818
    3763, 3763
    2286, 2286
    459, 459
    1134, 1134
    444, 444
    759, 759
    372, 372
    3243, 3243
    3123, 3123
    1522, 1522
    835, 835
    1807, 1807
    1313, 1313
    2982, 2982
    3154, 3154
    34, 34
    1673, 1673
    1541, 1541
    236, 236
    2167, 2167
    3794, 3794
    1512, 1512
    2591, 2591
    1821, 1821
    1016, 1016
    3337, 3337
    1452, 1452
    2609, 2609
    1220, 1220
    1729, 1729
    2421, 2421
    582, 582
    3287, 3287
    1707, 1707
    2255, 2255
    1226, 1226
    1721, 1721
    540, 540
    299, 299
    2876, 2876
    319, 319
    3606, 3606
    84, 84
    2462, 2462
    541, 541
    189, 189
    2716, 2716
    1719, 1719
    3518, 3518
    3512, 3512
    3098, 3098
    969, 969
    994, 994
    2082, 2082
    1293, 1293
    912, 912
    512, 512
    3962, 3962
    1542, 1542
    640, 640
    1260, 1260
    2379, 2379
    2184, 2184
    420, 420
    3651, 3651
    2429, 2429
    3867, 3867
    1339, 1339
    2604, 2604
    2265, 2265
    3209, 3209
    1198, 1198
    1938, 1938
    3452, 3452
    1483, 1483
    852, 852
    114, 114
    3854, 3854
    1057, 1057
    2897, 2897
    1410, 1410
    3983, 3983
    460, 460
    1859, 1859
    765, 765
    581, 581
    953, 953
    2477, 2477
    100, 100
    2824, 2824
    1511, 1511
    3487, 3487
    29, 29
    3063, 3063
    504, 504
    2998, 2998
    3637, 3637
    2699, 2699
    838, 838
    3586, 3586
    3515, 3515
    586, 586
    3732, 3732
    3146, 3146
    1498, 1498
    944, 944
    40, 40
    728, 728
    1424, 1424
    1414, 1414
    120, 120
    2833, 2833
    3665, 3665
    3203, 3203
    288, 288
    1443, 1443
    321, 321
    1034, 1034
    2959, 2959
    1329, 1329
    2034, 2034
    123, 123
    1708, 1708
    2811, 2811
    1765, 1765
    1829, 1829
    125, 125
    3007, 3007
    639, 639
    3599, 3599
    406, 406
    3911, 3911
    1702, 1702
    3381, 3381
    344, 344
    1728, 1728
    2318, 2318
    1744, 1744
    596, 596
    464, 464
    1250, 1250
    2077, 2077
    1720, 1720
    2145, 2145
    3798, 3798
    3316, 3316
    2569, 2569
    3931, 3931
    940, 940
    3919, 3919
    2342, 2342
    3721, 3721
    2730, 2730
    2130, 2130
    3884, 3884
    1046, 1046
    1991, 1991
    163, 163
    182, 182
    308, 308
    2588, 2588
    1460, 1460
    1865, 1865
    3575, 3575
    3099, 3099
    1521, 1521
    1820, 1820
    1605, 1605
    156, 156
    774, 774
    3429, 3429
    497, 497
    3537, 3537
    3054, 3054
    1203, 1203
    1587, 1587
    520, 520
    1213, 1213
    2547, 2547
    2922, 2922
    2795, 2795
    3460, 3460
    2664, 2664
    1383, 1383
    2589, 2589
    2516, 2516
    3734, 3734
    2870, 2870
    3668, 3668
    246, 246
    454, 454
    2008, 2008
    3184, 3184
    3180, 3180
    3208, 3208
    1570, 1570
    798, 798
    1419, 1419
    3691, 3691
    2249, 2249
    2867, 2867
    431, 431
    1326, 1326
    2580, 2580
    543, 543
    2528, 2528
    2450, 2450
    132, 132
    82, 82
    3253, 3253
    3187, 3187
    1928, 1928
    3747, 3747
    192, 192
    1879, 1879
    1583, 1583
    1909, 1909
    2505, 2505
    144, 144
    1684, 1684
    1444, 1444
    620, 620
    3647, 3647
    3831, 3831
    334, 334
    2937, 2937
    3984, 3984
    2014, 2014
    577, 577
    3298, 3298
    1971, 1971
    147, 147
    227, 227
    1368, 1368
    2987, 2987
    1175, 1175
    978, 978
    521, 521
    3394, 3394
    670, 670
    3937, 3937
    1571, 1571
    1573, 1573
    1671, 1671
    3164, 3164
    1240, 1240
    1073, 1073
    3920, 3920
    268, 268
    3796, 3796
    1042, 1042
    2335, 2335
    2076, 2076
    3631, 3631
    745, 745
    3034, 3034
    3611, 3611
    2691, 2691
    83, 83
    3463, 3463
    956, 956
    2401, 2401
    3526, 3526
    3689, 3689
    3240, 3240
    1975, 1975
    1711, 1711
    2451, 2451
    2193, 2193
    1186, 1186
    844, 844
    3090, 3090
    1746, 1746
    3357, 3357
    312, 312
    2458, 2458
    3997, 3997
    2121, 2121
    3936, 3936
    3252, 3252
    3589, 3589
    371, 371
    3784, 3784
    137, 137
    2057, 2057
    2170, 2170
    1565, 1565
    2068, 2068
    1520, 1520
    1887, 1887
    2687, 2687
    609, 609
    3754, 3754
    658, 658
    1354, 1354
    3427, 3427
    3108, 3108
    62, 62
    1230, 1230
    3539, 3539
    3592, 3592
    921, 921
    3339, 3339
    3733, 3733
    2115, 2115
    3439, 3439
    3557, 3557
    271, 271
    3723, 3723
    3305, 3305
    2893, 2893
    3759, 3759
    1205, 1205
    2387, 2387
    1552, 1552
    638, 638
    3211, 3211
    2468, 2468
    1052, 1052
    3926, 3926
    2150, 2150
    145, 145
    1318, 1318
    3351, 3351
    1303, 1303
    3059, 3059
    2890, 2890
    1393, 1393
    39, 39
    3787, 3787
    2497, 2497
    2223, 2223
    827, 827
    2744, 2744
    2601, 2601
    2042, 2042
    2041, 2041
    1320, 1320
    3474, 3474
    2029, 2029
    2134, 2134
    1733, 1733
    2784, 2784
    2614, 2614
    1662, 1662
    2309, 2309
    607, 607
    1998, 1998
    3874, 3874
    429, 429
    619, 619
    2238, 2238
    1481, 1481
    1548, 1548
    1877, 1877
    810, 810
    428, 428
    3790, 3790
    2553, 2553
    884, 884
    3266, 3266
    3530, 3530
    2625, 2625
    848, 848
    3918, 3918
    1630, 1630
    2036, 2036
    3574, 3574
    826, 826
    2772, 2772
    3081, 3081
    1849, 1849
    2153, 2153
    113, 113
    2875, 2875
    3366, 3366
    3621, 3621
    3545, 3545
    3968, 3968
    786, 786
    1766, 1766
    3448, 3448
    3183, 3183
    2397, 2397
    1068, 1068
    901, 901
    1508, 1508
    342, 342
    1732, 1732
    889, 889
    3752, 3752
    2926, 2926
    2395, 2395
    3228, 3228
    2001, 2001
    1837, 1837
    1187, 1187
    2125, 2125
    2279, 2279
    1613, 1613
    401, 401
    32, 32
    3872, 3872
    3736, 3736
    905, 905
    3071, 3071
    811, 811
    346, 346
    3308, 3308
    269, 269
    356, 356
    2616, 2616
    3301, 3301
    3514, 3514
    2312, 2312
    2567, 2567
    682, 682
    637, 637
    2814, 2814
    3009, 3009
    1372, 1372
    1236, 1236
    154, 154
    1747, 1747
    2038, 2038
    2865, 2865
    3765, 3765
    3757, 3757
    3776, 3776
    1407, 1407
    3600, 3600
    3873, 3873
    3444, 3444
    1380, 1380
    1941, 1941
    1970, 1970
    2297, 2297
    407, 407
    445, 445
    1698, 1698
    1225, 1225
    1345, 1345
    3422, 3422
    1651, 1651
    1239, 1239
    290, 290
    2984, 2984
    2142, 2142
    735, 735
    1261, 1261
    197, 197
    981, 981
    2992, 2992
    1958, 1958
    470, 470
    1201, 1201
    531, 531
    3597, 3597
    1617, 1617
    1478, 1478
    1185, 1185
    3981, 3981
    3852, 3852
    671, 671
    1104, 1104
    168, 168
    146, 146
    3748, 3748
    3192, 3192
    1385, 1385
    383, 383
    2942, 2942
    1504, 1504
    3234, 3234
    1382, 1382
    1365, 1365
    1111, 1111
    618, 618
    567, 567
    36, 36
    3890, 3890
    3811, 3811
    1538, 1538
    851, 851
    730, 730
    2203, 2203
    1525, 1525
    1783, 1783
    2622, 2622
    1878, 1878
    2638, 2638
    2917, 2917
    3609, 3609
    2684, 2684
    2488, 2488
    2872, 2872
    3068, 3068
    3466, 3466
    172, 172
    3833, 3833
    3629, 3629
    1502, 1502
    1289, 1289
    2287, 2287
    1063, 1063
    2789, 2789
    842, 842
    166, 166
    173, 173
    76, 76
    3486, 3486
    1140, 1140
    632, 632
    471, 471
    1421, 1421
    2641, 2641
    3980, 3980
    3347, 3347
    2133, 2133
    2677, 2677
    546, 546
    1050, 1050
    3528, 3528
    474, 474
    3245, 3245
    3276, 3276
    1855, 1855
    1125, 1125
    89, 89
    333, 333
    2570, 2570
    1624, 1624
    3661, 3661
    1948, 1948
    410, 410
    746, 746
    2820, 2820
    1146, 1146
    1238, 1238
    813, 813
    2659, 2659
    2491, 2491
    487, 487
    780, 780
    400, 400
    2507, 2507
    2164, 2164
    2767, 2767
    3602, 3602
    9, 9
    3091, 3091
    2938, 2938
    58, 58
    874, 874
    13, 13
    3948, 3948
    1710, 1710
    2779, 2779
    1645, 1645
    60, 60
    534, 534
    2971, 2971
    3430, 3430
    341, 341
    2593, 2593
    2246, 2246
    770, 770
    1700, 1700
    3327, 3327
    3897, 3897
    3369, 3369
    3313, 3313
    204, 204
    1912, 1912
    3688, 3688
    1278, 1278
    1335, 1335
    2025, 2025
    159, 159
    0, 0
    3094, 3094
    2473, 2473
    2299, 2299
    1995, 1995
    2160, 2160
    1828, 1828
    645, 645
    2873, 2873
    1061, 1061
    261, 261
    1824, 1824
    678, 678
    191, 191
    2904, 2904
    2712, 2712
    3162, 3162
    1713, 1713
    3908, 3908
    2874, 2874
    3570, 3570
    1647, 1647
    129, 129
    3654, 3654
    3582, 3582
    2327, 2327
    2759, 2759
    3585, 3585
    3927, 3927
    1550, 1550
    1835, 1835
    2610, 2610
    913, 913
    980, 980
    655, 655
    1369, 1369
    2861, 2861
    787, 787
    2435, 2435
    6, 6
    330, 330
    2665, 2665
    3395, 3395
    1697, 1697
    3065, 3065
    1589, 1589
    3961, 3961
    2931, 2931
    542, 542
    2543, 2543
    3497, 3497
    2595, 2595
    3653, 3653
    2417, 2417
    1471, 1471
    2758, 2758
    1179, 1179
    2499, 2499
    1442, 1442
    1973, 1973
    3121, 3121
    983, 983
    552, 552
    1150, 1150
    3750, 3750
    187, 187
    3027, 3027
    1375, 1375
    323, 323
    3037, 3037
    1875, 1875
    50, 50
    2829, 2829
    2296, 2296
    628, 628
    1027, 1027
    2693, 2693
    3840, 3840
    1591, 1591
    1462, 1462
    2658, 2658
    1275, 1275
    2083, 2083
    3583, 3583
    2331, 2331
    3686, 3686
    1678, 1678
    2790, 2790
    1931, 1931
    54, 54
    716, 716
    2726, 2726
    1811, 1811
    2444, 2444
    480, 480
    3969, 3969
    2168, 2168
    1402, 1402
    663, 663
    3462, 3462
    648, 648
    2769, 2769
    3230, 3230
    237, 237
    3143, 3143
    833, 833
    2755, 2755
    3788, 3788
    693, 693
    2333, 2333
    3963, 3963
    3433, 3433
    1926, 1926
    3804, 3804
    3704, 3704
    1468, 1468
    3860, 3860
    816, 816
    3769, 3769
    3846, 3846
    413, 413
    2443, 2443
    161, 161
    1913, 1913
    2062, 2062
    3753, 3753
    738, 738
    1786, 1786
    1434, 1434
    1233, 1233
    2649, 2649
    294, 294
    904, 904
    286, 286
    1064, 1064
    3423, 3423
    415, 415
    2541, 2541
    1743, 1743
    2229, 2229
    93, 93
    2782, 2782
    250, 250
    3279, 3279
    2978, 2978
    862, 862
    1962, 1962
    507, 507
    2941, 2941
    757, 757
    797, 797
    88, 88
    2480, 2480
    149, 149
    475, 475
    3415, 3415
    1516, 1516
    374, 374
    3841, 3841
    490, 490
    2359, 2359
    3400, 3400
    2483, 2483
    772, 772
    2600, 2600
    509, 509
    109, 109
    303, 303
    2787, 2787
    2466, 2466
    2188, 2188
    3727, 3727
    2597, 2597
    2350, 2350
    3346, 3346
    185, 185
    896, 896
    2857, 2857
    3503, 3503
    599, 599
    3207, 3207
    3951, 3951
    254, 254
    3341, 3341
    1745, 1745
    3886, 3886
    698, 698
    3254, 3254
    1523, 1523
    903, 903
    2889, 2889
    479, 479
    1110, 1110
    2996, 2996
    66, 66
    995, 995
    779, 779
    3461, 3461
    1373, 1373
    2581, 2581
    2404, 2404
    1992, 1992
    472, 472
    3862, 3862
    1328, 1328
    337, 337
    1463, 1463
    3249, 3249
    3755, 3755
    2868, 2868
    2626, 2626
    2704, 2704
    2017, 2017
    1845, 1845
    1127, 1127
    2374, 2374
    1717, 1717
    3380, 3380
    2415, 2415
    2783, 2783
    3666, 3666
    881, 881
    3479, 3479
    964, 964
    3324, 3324
    2137, 2137
    1128, 1128
    2148, 2148
    3966, 3966
    3431, 3431
    1602, 1602
    2799, 2799
    2214, 2214
    3397, 3397
    3780, 3780
    2864, 2864
    3678, 3678
    328, 328
    3450, 3450
    158, 158
    3782, 3782
    612, 612
    3591, 3591
    533, 533
    3103, 3103
    2780, 2780
    367, 367
    282, 282
    1951, 1951
    1065, 1065
    2689, 2689
    2509, 2509
    135, 135
    764, 764
    3364, 3364
    775, 775
    753, 753
    1189, 1189
    991, 991
    2357, 2357
    1298, 1298
    1576, 1576
    3268, 3268
    2442, 2442
    375, 375
    1822, 1822
    1178, 1178
    2406, 2406
    2241, 2241
    2470, 2470
    3970, 3970
    832, 832
    2213, 2213
    3777, 3777
    3336, 3336
    1362, 1362
    2242, 2242
    511, 511
    2894, 2894
    1192, 1192
    2257, 2257
    1234, 1234
    446, 446
    2004, 2004
    3820, 3820
    2080, 2080
    3584, 3584
    1310, 1310
    329, 329
    373, 373
    1834, 1834
    2224, 2224
    3289, 3289
    583, 583
    3290, 3290
    977, 977
    908, 908
    2324, 2324
    3756, 3756
    782, 782
    257, 257
    3565, 3565
    2882, 2882
    1332, 1332
    2991, 2991
    999, 999
    1364, 1364
    3553, 3553
    3391, 3391
    2021, 2021
    2506, 2506
    4, 4
    2561, 2561
    2736, 2736
    3215, 3215
    3378, 3378
    2909, 2909
    1633, 1633
    3441, 3441
    2947, 2947
    382, 382
    57, 57
    3751, 3751
    2247, 2247
    3762, 3762
    3297, 3297
    255, 255
    1066, 1066
    2135, 2135
    3544, 3544
    1813, 1813
    1953, 1953
    2263, 2263
    837, 837
    3739, 3739
    2623, 2623
    2502, 2502
    1295, 1295
    1778, 1778
    1449, 1449
    412, 412
    2292, 2292
    1933, 1933
    1352, 1352
    2801, 2801
    3483, 3483
    3681, 3681
    302, 302
    2989, 2989
    404, 404
    1270, 1270
    601, 601
    3695, 3695
    2465, 2465
    3318, 3318
    2888, 2888
    2181, 2181
    3726, 3726
    1026, 1026
    3274, 3274
    2532, 2532
    388, 388
    3095, 3095
    572, 572
    1154, 1154
    570, 570
    2067, 2067
    894, 894
    3719, 3719
    3652, 3652
    2389, 2389
    1466, 1466
    1952, 1952
    3964, 3964
    1242, 1242
    3399, 3399
    3210, 3210
    3761, 3761
    1658, 1658
    1990, 1990
    2094, 2094
    3954, 3954
    1060, 1060
    165, 165
    1722, 1722
    3646, 3646
    3104, 3104
    1577, 1577
    3458, 3458
}

S(b, c) = {
    846, 1693
    2977, 5955
    598, 1196
    3736, 7473
    3663, 7326
    2384, 4768
    2568, 5136
    3635, 7271
    2953, 5907
    2709, 5419
    2959, 5919
    1888, 3776
    714, 1429
    2571, 5143
    1610, 3220
    1059, 2119
    3709, 7418
    3655, 7311
    3618, 7237
    3285, 6570
    3365, 6731
    3468, 6936
    228, 457
    702, 1405
    2297, 4595
    23, 46
    2665, 5330
    3300, 6601
    1290, 2580
    874, 1748
    2172, 4344
    2195, 4390
    1130, 2260
    1240, 2481
    2932, 5865
    1845, 3691
    812, 1624
    493, 986
    980, 1960
    3440, 6880
    2940, 5880
    512, 1025
    2543, 5086
    481, 963
    3842, 7685
    778, 1557
    2216, 4432
    972, 1945
    1979, 3958
    2066, 4133
    1684, 3369
    3353, 6707
    2829, 5659
    3326, 6653
    767, 1535
    3619, 7239
    2907, 5814
    1446, 2892
    486, 972
    136, 272
    2960, 5921
    973, 1947
    522, 1045
    820, 1640
    1871, 3742
    955, 1910
    2066, 4132
    3282, 6564
    1312, 2625
    3858, 7716
    1536, 3072
    473, 946
    360, 720
    1580, 3160
    3199, 6399
    1744, 3489
    158, 317
    3446, 6893
    525, 1051
    2598, 5196
    3373, 6746
    56, 113
    1289, 2578
    2980, 5960
    2908, 5817
    2872, 5745
    232, 464
    2627, 5255
    1201, 2403
    3143, 6287
    3519, 7039
    376, 753
    2431, 4862
    1535, 3070
    1869, 3739
    2264, 4529
    3574, 7148
    2252, 4504
    1208, 2417
    3309, 6619
    52, 104
    3792, 7584
    880, 1760
    2637, 5275
    569, 1139
    2738, 5477
    1820, 3640
    1187, 2375
    1846, 3693
    962, 1925
    3532, 7064
    408, 817
    3700, 7400
    2527, 5054
    3489, 6979
    2095, 4191
    2813, 5626
    3137, 6275
    2666, 5333
    1962, 3925
    2476, 4953
    2562, 5125
    2358, 4717
    2744, 5489
    2415, 4830
    755, 1511
    220, 441
    317, 634
    453, 907
    1596, 3193
    2855, 5711
    3274, 6549
    2327, 4655
    2365, 4730
    2515, 5031
    2564, 5129
    3994, 7988
    3630, 7261
    3034, 6069
    2527, 5055
    1735, 3471
    1823, 3647
    3070, 6141
    2161, 4322
    2253, 4506
    346, 692
    3545, 7091
    1916, 3832
    98, 197
    1909, 3818
    2537, 5074
    1271, 2542
    2946, 5893
    2870, 5740
    177, 355
    1751, 3503
    3636, 7272
    3866, 7733
    2942, 5885
    1418, 2836
    636, 1272
    3885, 7770
    1535, 3071
    163, 327
    291, 583
    501, 1002
    3583, 7166
    333, 666
    2953, 5906
    329, 659
    2894, 5789
    3998, 7997
    105, 210
    2010, 4020
    2380, 4760
    2090, 4180
    1001, 2002
    3268, 6536
    2266, 4533
    930, 1860
    1542, 3084
    983, 1967
    864, 1729
    1308, 2617
    1671, 3343
    1336, 2672
    868, 1736
    3260, 6520
    2220, 4441
    3843, 7686
    2278, 4556
    1561, 3122
    2971, 5942
    388, 777
    620, 1240
    644, 1288
    3062, 6125
    1964, 3928
    135, 270
    313, 626
    375, 751
    835, 1670
    3447, 6894
    2223, 4447
    2032, 4064
    2231, 4462
    587, 1175
    3754, 7508
    3500, 7001
    2706, 5412
    369, 739
    1788, 3576
    176, 353
    3973, 7946
    323, 646
    1448, 2896
    2175, 4351
    1018, 2036
    3963, 7927
    310, 621
    130, 261
    1868, 3737
    2151, 4302
    240, 481
    1847, 3695
    1908, 3816
    3025, 6050
    3700, 7401
    1226, 2452
    562, 1124
    3486, 6973
    237, 475
    2120, 4241
    1311, 2623
    3541, 7083
    1460, 2921
    1663, 3326
    1778, 3556
    3394, 6788
    1619, 3238
    1211, 2422
    2028, 4056
    52, 105
    3404, 6808
    2340, 4680
    1828, 3657
    3543, 7087
    1251, 2502
    980, 1961
    3923, 7846
    2640, 5281
    2669, 5338
    2752, 5505
    2920, 5841
    2434, 4868
    3794, 7588
    1672, 3344
    949, 1899
    1143, 2287
    2325, 4651
    2079, 4159
    3565, 7130
    3395, 6790
    951, 1903
    3263, 6526
    25, 51
    3535, 7070
    717, 1434
    2828, 5657
    3100, 6201
    1141, 2282
    1589, 3178
    614, 1228
    2515, 5030
    883, 1767
    2836, 5672
    1177, 2354
    3899, 7798
    185, 370
    3647, 7295
    2787, 5575
    3148, 6297
    2391, 4782
    2703, 5407
    1785, 3570
    1266, 2533
    1030, 2061
    3606, 7212
    3776, 7553
    2025, 4051
    284, 569
    2467, 4935
    1969, 3939
    2624, 5248
    363, 726
    2571, 5142
    967, 1935
    3024, 6048
    2689, 5379
    3836, 7673
    529, 1058
    1856, 3713
    2619, 5239
    1259, 2518
    2874, 5748
    3122, 6245
    3782, 7565
    2154, 4308
    707, 1415
    405, 810
    746, 1493
    2693, 5386
    112, 225
    2429, 4858
    2226, 4453
    1088, 2177
    2885, 5771
    3413, 6827
    1322, 2645
    1114, 2228
    991, 1982
    1523, 3047
    3631, 7262
    3426, 6853
    1071, 2142
    2188, 4377
    1416, 2832
    41, 83
    3387, 6775
    293, 586
    2209, 4418
    1044, 2089
    299, 598
    3943, 7887
    655, 1310
    1037, 2074
    3646, 7292
    1670, 3341
    1294, 2588
    3900, 7800
    3981, 7963
    2008, 4017
    1099, 2199
    854, 1709
    1098, 2197
    1528, 3057
    1136, 2272
    2974, 5948
    1396, 2793
    132, 265
    2742, 5485
    2468, 4936
    1554, 3109
    2842, 5684
    539, 1078
    233, 466
    479, 959
    591, 1183
    61, 123
    1050, 2101
    3950, 7901
    2327, 4654
    994, 1989
    70, 141
    711, 1422
    369, 738
    413, 826
    3975, 7951
    424, 848
    1167, 2334
    3434, 6869
    2590, 5181
    2771, 5543
    608, 1217
    614, 1229
    149, 299
    3466, 6932
    792, 1584
    2871, 5742
    1663, 3327
    83, 167
    2394, 4789
    3447, 6895
    1662, 3324
    41, 82
    2888, 5777
    2288, 4577
    1799, 3599
    1043, 2086
    1716, 3433
    1766, 3532
    377, 754
    1239, 2479
    811, 1623
    2503, 5007
    3518, 7036
    3360, 6721
    510, 1021
    335, 671
    2484, 4968
    3128, 6256
    3831, 7662
    3549, 7098
    3676, 7352
    24, 48
    3780, 7561
    3808, 7617
    2226, 4452
    2045, 4090
    2718, 5436
    3870, 7740
    774, 1549
    1933, 3867
    336, 672
    2311, 4623
    3576, 7152
    2968, 5937
    2722, 5445
    3232, 6464
    1507, 3014
    3093, 6187
    703, 1406
    3625, 7251
    3629, 7259
    3974, 7949
    2182, 4365
    2014, 4029
    1568, 3137
    216, 432
    3331, 6662
    3723, 7446
    3001, 6002
    1110, 2220
    2586, 5172
    2322, 4645
    1297, 2595
    2218, 4436
    3215, 6431
    3414, 6828
    2866, 5732
    1749, 3498
    2943, 5886
    1076, 2153
    1813, 3627
    1794, 3589
    2832, 5664
    593, 1187
    3679, 7358
    2676, 5352
    3695, 7390
    1605, 3210
    2109, 4218
    3943, 7886
    287, 575
    3357, 6714
    580, 1161
    3083, 6167
    125, 251
    1701, 3403
    1432, 2865
    681, 1363
    1101, 2202
    1452, 2905
    440, 881
    1777, 3554
    3726, 7452
    589, 1179
    3657, 7314
    3340, 6681
    1472, 2944
    1576, 3152
    645, 1290
    788, 1576
    2263, 4527
    2313, 4627
    317, 635
    2496, 4993
    3060, 6120
    1930, 3860
    3670, 7341
    810, 1620
    1742, 3485
    2572, 5144
    3418, 6837
    2792, 5584
    2499, 4999
    304, 609
    3626, 7253
    3624, 7248
    1692, 3384
    3846, 7692
    1368, 2736
    2648, 5297
    425, 850
    506, 1012
    3041, 6083
    2221, 4443
    1377, 2755
    616, 1233
    1858, 3716
    1010, 2020
    2948, 5897
    348, 696
    1553, 3107
    3893, 7786
    2194, 4389
    2770, 5541
    1999, 3999
    838, 1676
    3598, 7197
    2850, 5701
    2655, 5310
    1514, 3028
    983, 1966
    625, 1250
    950, 1900
    1511, 3022
    1462, 2925
    2494, 4988
    3942, 7884
    1043, 2087
    723, 1446
    2262, 4524
    1899, 3798
    855, 1711
    1966, 3932
    2804, 5608
    1572, 3145
    3935, 7870
    1930, 3861
    3647, 7294
    2780, 5561
    1569, 3139
    1190, 2380
    465, 931
    2395, 4790
    2098, 4197
    1411, 2823
    1511, 3023
    1566, 3133
    922, 1844
    3801, 7603
    77, 154
    3202, 6404
    2786, 5572
    343, 687
    1134, 2269
    2105, 4211
    2597, 5195
    1793, 3586
    2344, 4689
    2295, 4591
    893, 1786
    484, 969
    989, 1979
    3934, 7869
    1715, 3431
    3874, 7749
    1343, 2686
    2464, 4929
    1280, 2561
    3814, 7628
    1659, 3319
    1339, 2679
    3813, 7627
    2585, 5171
    1071, 2143
    3471, 6942
    2633, 5267
    2307, 4615
    1975, 3950
    2642, 5285
    1602, 3204
    326, 653
    2522, 5044
    1845, 3690
    3986, 7972
    2533, 5066
    3220, 6441
    291, 582
    2712, 5424
    1368, 2737
    2500, 5001
    381, 762
    1629, 3258
    3057, 6115
    508, 1016
    3423, 6846
    87, 174
    3422, 6844
    750, 1501
    1935, 3870
    1865, 3731
    3971, 7942
    1181, 2363
    3796, 7592
    1079, 2158
    48, 97
    890, 1780
    2847, 5694
    1464, 2928
    3485, 6971
    702, 1404
    3218, 6437
    1202, 2404
    3819, 7639
    2500, 5000
    2949, 5899
    2359, 4718
    1862, 3724
    491, 983
    2217, 4435
    910, 1821
    3208, 6417
    2865, 5731
    915, 1831
    162, 325
    1485, 2971
    379, 758
    685, 1371
    297, 594
    1093, 2186
    2177, 4355
    1466, 2933
    724, 1448
    2756, 5512
    2051, 4103
    2228, 4457
    3193, 6387
    1758, 3517
    355, 710
    2302, 4605
    3108, 6217
    378, 756
    2291, 4583
    2892, 5784
    1754, 3508
    144, 288
    1687, 3375
    2520, 5041
    1639, 3279
    1279, 2559
    2628, 5257
    3985, 7970
    1373, 2746
    546, 1093
    3338, 6677
    1091, 2183
    3052, 6105
    1647, 3295
    3416, 6833
    3397, 6794
    3476, 6952
    2683, 5367
    3009, 6019
    1022, 2045
    2472, 4944
    1075, 2151
    1760, 3520
    844, 1689
    1199, 2399
    601, 1203
    658, 1317
    1989, 3978
    2339, 4679
    1831, 3662
    1501, 3002
    389, 779
    248, 497
    2758, 5517
    84, 168
    2245, 4490
    3911, 7823
    1648, 3297
    771, 1542
    2830, 5661
    3304, 6608
    2822, 5645
    1786, 3573
    1850, 3701
    3664, 7328
    3261, 6523
    82, 164
    2606, 5213
    2600, 5201
    2830, 5660
    2456, 4912
    267, 534
    3239, 6479
    3573, 7146
    785, 1570
    3031, 6063
    277, 554
    3763, 7526
    3675, 7350
    3380, 6760
    1031, 2063
    2733, 5466
    3283, 6567
    2227, 4454
    1239, 2478
    3289, 6578
    1895, 3790
    2210, 4421
    1116, 2232
    3336, 6672
    164, 329
    3826, 7652
    3000, 6000
    2177, 4354
    3082, 6165
    2608, 5217
    1221, 2442
    3582, 7165
    1116, 2233
    397, 795
    2357, 4714
    3811, 7623
    2211, 4423
    2284, 4568
    996, 1992
    2496, 4992
    656, 1313
    2918, 5837
    1049, 2098
    1052, 2104
    3490, 6980
    3905, 7811
    1963, 3927
    1879, 3759
    3986, 7973
    1913, 3827
    1747, 3495
    1569, 3138
    3138, 6276
    2668, 5336
    1263, 2526
    2366, 4732
    831, 1663
    2623, 5246
    1156, 2312
    3789, 7579
    2269, 4538
    3550, 7100
    839, 1678
    2167, 4334
    733, 1466
    3318, 6637
    1047, 2095
    3628, 7257
    2285, 4571
    1147, 2295
    1622, 3244
    988, 1977
    2018, 4036
    1158, 2317
    1625, 3251
    2126, 4252
    1478, 2957
    2800, 5601
    304, 608
    581, 1162
    280, 561
    2460, 4920
    2955, 5911
    1805, 3611
    3398, 6797
    2037, 4075
    777, 1554
    1363, 2726
    2532, 5065
    2553, 5107
    1410, 2821
    2590, 5180
    528, 1057
    3107, 6215
    2650, 5300
    1993, 3986
    635, 1270
    845, 1691
    2076, 4152
    3044, 6088
    1358, 2717
    568, 1136
    469, 939
    32, 64
    1142, 2284
    1891, 3782
    724, 1449
    1400, 2801
    2528, 5056
    342, 684
    908, 1817
    275, 550
    2084, 4169
    1960, 3920
    813, 1627
    1214, 2429
    866, 1732
    2492, 4984
    2990, 5980
    3995, 7991
    1615, 3230
    2215, 4430
    1560, 3120
    3698, 7397
    446, 893
    359, 718
    309, 618
    16, 33
    3391, 6783
    3560, 7120
    2258, 4516
    3734, 7468
    2200, 4401
    3298, 6597
    1378, 2756
    102, 205
    3761, 7523
    2486, 4972
    1722, 3445
    1232, 2465
    2765, 5530
    2229, 4458
    2919, 5839
    1850, 3700
    3203, 6406
    2421, 4842
    2223, 4446
    158, 316
    709, 1418
    2768, 5537
    2686, 5372
    1491, 2982
    2968, 5936
    3112, 6225
    877, 1754
    3493, 6986
    1956, 3913
    1217, 2435
    3167, 6334
    1120, 2241
    1557, 3114
    1649, 3298
    3439, 6878
    727, 1455
    2279, 4558
    1178, 2356
    2869, 5739
    891, 1783
    114, 228
    1613, 3227
    387, 774
    2166, 4333
    3541, 7082
    1488, 2976
    3871, 7743
    2966, 5932
    435, 870
    2625, 5250
    2474, 4948
    246, 493
    3494, 6989
    3367, 6735
    2973, 5946
    1156, 2313
    758, 1516
    128, 257
    3802, 7604
    2528, 5057
    165, 331
    2819, 5639
    3563, 7126
    1228, 2457
    526, 1053
    2390, 4781
    66, 132
    3552, 7105
    1309, 2619
    585, 1171
    3749, 7499
    914, 1829
    1487, 2974
    2458, 4916
    924, 1849
    161, 322
    978, 1956
    1221, 2443
    1922, 3844
    2573, 5147
    1196, 2393
    3787, 7574
    3219, 6439
    686, 1372
    3270, 6540
    476, 953
    2835, 5670
    1469, 2939
    716, 1432
    2075, 4151
    1901, 3802
    2366, 4733
    3284, 6568
    2393, 4786
    2423, 4847
    2184, 4369
    2595, 5190
    1822, 3645
    33, 66
    547, 1095
    3007, 6014
    3212, 6425
    3984, 7968
    3122, 6244
    3356, 6712
    343, 686
    2180, 4360
    2334, 4668
    3400, 6801
    1164, 2328
    3175, 6351
    2252, 4505
    2023, 4046
    226, 453
    1647, 3294
    1984, 3969
    1183, 2366
    1338, 2676
    659, 1319
    2060, 4120
    2242, 4485
    1686, 3373
    1682, 3365
    2621, 5243
    3529, 7059
    1628, 3256
    318, 637
    1800, 3600
    1039, 2078
    272, 544
    2122, 4244
    1840, 3681
    2396, 4792
    843, 1686
    2797, 5594
    788, 1577
    3271, 6543
    3967, 7934
    3582, 7164
    1440, 2880
    173, 346
    1159, 2319
    2106, 4212
    1646, 3293
    1073, 2146
    2597, 5194
    3023, 6046
    1587, 3175
    2324, 4648
    3570, 7141
    1765, 3530
    2168, 4336
    3172, 6344
    3094, 6189
    3514, 7029
    2078, 4156
    2363, 4727
    3490, 6981
    2622, 5245
    530, 1060
    2279, 4559
    2583, 5166
    3533, 7066
    3371, 6742
    3474, 6949
    2342, 4685
    1968, 3936
    1971, 3943
    1914, 3829
    1356, 2712
    2873, 5747
    1323, 2647
    3544, 7088
    497, 995
    2643, 5287
    33, 67
    3159, 6318
    731, 1463
    142, 284
    218, 436
    3153, 6307
    188, 377
    2248, 4496
    1824, 3648
    2911, 5823
    329, 658
    1035, 2071
    3144, 6289
    381, 763
    477, 954
    513, 1027
    123, 247
    605, 1211
    260, 521
    2461, 4922
    1476, 2953
    2715, 5430
    1482, 2964
    637, 1275
    3968, 7936
    79, 159
    1783, 3567
    1866, 3733
    2072, 4145
    3394, 6789
    1218, 2437
    2417, 4835
    3897, 7795
    3868, 7736
    873, 1746
    254, 509
    584, 1168
    3164, 6328
    154, 308
    197, 394
    1570, 3140
    3581, 7163
    3500, 7000
    3708, 7417
    939, 1879
    1729, 3459
    166, 333
    898, 1797
    14, 29
    2383, 4767
    3039, 6078
    1502, 3005
    3586, 7172
    3557, 7114
    2835, 5671
    269, 539
    1884, 3768
    2026, 4053
    1747, 3494
    1199, 2398
    23, 47
    2885, 5770
    519, 1039
    1420, 2840
    1227, 2454
    816, 1633
    1600, 3201
    3209, 6419
    1012, 2025
    942, 1885
    20, 40
    752, 1505
    1201, 2402
    2231, 4463
    3497, 6995
    350, 700
    1433, 2866
    1772, 3544
    503, 1006
    2308, 4617
    2019, 4038
    305, 610
    758, 1517
    1594, 3189
    661, 1322
    1540, 3080
    3609, 7219
    2964, 5929
    1095, 2191
    195, 391
    2265, 4531
    2364, 4729
    1171, 2342
    3013, 6027
    2436, 4873
    3263, 6527
    312, 625
    1545, 3091
    3551, 7103
    2124, 4248
    2529, 5058
    1834, 3668
    1521, 3042
    1283, 2566
    308, 617
    1638, 3276
    3730, 7461
    1508, 3016
    116, 232
    2662, 5325
    2834, 5668
    1215, 2431
    3068, 6137
    3116, 6233
    1807, 3614
    2120, 4240
    2603, 5207
    3738, 7476
    1968, 3937
    3936, 7872
    2905, 5810
    164, 328
    3445, 6890
    1083, 2167
    1563, 3127
    3505, 7011
    1592, 3185
    1532, 3064
    1499, 2998
    1065, 2130
    878, 1757
    1021, 2042
    571, 1142
    1118, 2236
    1691, 3383
    2647, 5294
    776, 1553
    148, 297
    2714, 5428
    1626, 3252
    3704, 7408
    1063, 2127
    391, 783
    2894, 5788
    3761, 7522
    3191, 6383
    2039, 4079
    2162, 4324
    1458, 2916
    574, 1148
    1301, 2603
    3457, 6914
    1489, 2978
    2980, 5961
    3429, 6859
    3889, 7779
    1498, 2997
    3972, 7945
    3430, 6860
    98, 196
    3634, 7269
    1579, 3158
    2819, 5638
    2615, 5230
    544, 1089
    3923, 7847
    3342, 6685
    142, 285
    3058, 6117
    2092, 4185
    2513, 5026
    2026, 4052
    640, 1281
    748, 1496
    3231, 6462
    282, 565
    1061, 2123
    24, 49
    580, 1160
    1246, 2492
    3878, 7756
    1102, 2205
    2105, 4210
    2156, 4313
    2924, 5849
    3111, 6223
    3418, 6836
    3926, 7852
    1773, 3547
    2256, 4513
    2331, 4662
    597, 1194
    953, 1907
    773, 1547
    3104, 6209
    3005, 6010
    754, 1509
    1058, 2117
    2002, 4004
    3484, 6969
    1887, 3774
    2838, 5676
    2547, 5095
    2385, 4770
    3054, 6109
    1695, 3390
    1837, 3674
    1425, 2850
    3200, 6400
    1252, 2504
    1431, 2863
    3131, 6263
    3954, 7909
    766, 1533
    1589, 3179
    2935, 5871
    3332, 6665
    1654, 3308
    2808, 5617
    3226, 6452
    1415, 2831
    2852, 5705
    1641, 3282
    1579, 3159
    956, 1913
    3442, 6884
    2406, 4812
    1299, 2599
    133, 266
    406, 813
    1079, 2159
    1757, 3514
    3574, 7149
    747, 1495
    1657, 3315
    2776, 5553
    3139, 6278
    3862, 7725
    3899, 7799
    2367, 4735
    1124, 2248
    3111, 6222
    2050, 4101
    2607, 5214
    1126, 2252
    3456, 6912
    1378, 2757
    2914, 5829
    2068, 4136
    1725, 3451
    2703, 5406
    2349, 4698
    3154, 6308
    3534, 7069
    1250, 2501
    210, 420
    418, 836
    2954, 5909
    2729, 5459
    3588, 7177
    3458, 6916
    818, 1637
    1462, 2924
    2368, 4737
    3052, 6104
    3836, 7672
    19, 39
    971, 1942
    1087, 2175
    3257, 6515
    1520, 3041
    1337, 2675
    2999, 5998
    1309, 2618
    1059, 2118
    1389, 2778
    915, 1830
    1017, 2035
    1905, 3810
    2969, 5939
    2006, 4013
    1086, 2173
    3692, 7385
    1298, 2597
    681, 1362
    3999, 7998
    3183, 6367
    2235, 4471
    3686, 7372
    2502, 5004
    713, 1427
    2418, 4837
    1394, 2788
    1326, 2653
    1133, 2266
    1287, 2575
    1719, 3438
    3450, 6901
    886, 1773
    1271, 2543
    1914, 3828
    2684, 5369
    912, 1824
    3045, 6090
    3608, 7217
    2769, 5538
    2031, 4062
    2872, 5744
    3741, 7482
    1748, 3496
    2155, 4310
    1796, 3592
    1943, 3887
    2347, 4694
    852, 1705
    579, 1159
    3602, 7204
    2970, 5940
    3148, 6296
    2332, 4665
    15, 30
    319, 639
    212, 425
    413, 827
    3403, 6807
    2698, 5396
    781, 1562
    3780, 7560
    3069, 6138
    599, 1199
    2353, 4706
    796, 1592
    114, 229
    2811, 5623
    2931, 5863
    3058, 6116
    1413, 2827
    1089, 2178
    3793, 7587
    1026, 2052
    1974, 3948
    938, 1877
    196, 393
    3544, 7089
    961, 1923
    3993, 7986
    1587, 3174
    4, 8
    3110, 6220
    160, 321
    1681, 3362
    178, 356
    215, 430
    3195, 6391
    3185, 6370
    3437, 6874
    2437, 4874
    515, 1031
    124, 249
    3553, 7107
    3862, 7724
    1628, 3257
    468, 936
    1036, 2072
    1688, 3377
    1372, 2744
    547, 1094
    214, 429
    2077, 4154
    590, 1180
    3727, 7454
    3520, 7040
    1635, 3270
    2812, 5624
    1048, 2097
    2726, 5452
    1746, 3492
    2891, 5783
    2407, 4814
    3751, 7503
    1768, 3537
    26, 52
    1745, 3491
    2506, 5012
    1353, 2706
    2361, 4723
    1643, 3286
    2929, 5858
    606, 1213
    1250, 2500
    1236, 2473
    3883, 7767
    2100, 4200
    2530, 5060
    1612, 3224
    3773, 7547
    954, 1909
    1873, 3747
    1563, 3126
    3854, 7709
    1539, 3079
    2978, 5957
    3135, 6270
    173, 347
    2902, 5804
    964, 1929
    3633, 7267
    1375, 2751
    2225, 4450
    2196, 4392
    3211, 6422
    2517, 5034
    1144, 2289
    2555, 5110
    981, 1962
    395, 790
    2992, 5984
    392, 785
    111, 223
    3636, 7273
    1525, 3050
    95, 191
    729, 1458
    361, 723
    1996, 3992
    2547, 5094
    3310, 6620
    3247, 6494
    2088, 4176
    3956, 7913
    1826, 3652
    2380, 4761
    1844, 3689
    2852, 5704
    1554, 3108
    2791, 5583
    931, 1863
    2533, 5067
    2815, 5630
    289, 578
    283, 566
    3686, 7373
    3509, 7019
    3483, 6967
    1214, 2428
    3411, 6823
    1228, 2456
    1621, 3242
    735, 1471
    3639, 7278
    338, 677
    2153, 4306
    3681, 7363
    1023, 2046
    1970, 3940
    2466, 4932
    2891, 5782
    3523, 7047
    1861, 3722
    2048, 4096
    2783, 5566
    584, 1169
    1469, 2938
    58, 117
    2772, 5544
    2560, 5121
    1382, 2765
    1036, 2073
    665, 1330
    2241, 4483
    2694, 5389
    2682, 5365
    2329, 4659
    48, 96
    3602, 7205
    1044, 2088
    3783, 7567
    501, 1003
    290, 581
    2339, 4678
    446, 892
    3149, 6299
    533, 1066
    2653, 5306
    1500, 3000
    2652, 5305
    2807, 5615
    3390, 6781
    2659, 5318
    1558, 3116
    3213, 6426
    502, 1005
    1449, 2898
    485, 971
    2382, 4764
    3486, 6972
    2129, 4258
    3036, 6072
    1834, 3669
    588, 1176
    3722, 7445
    1786, 3572
    272, 545
    0, 1
    1583, 3167
    3859, 7718
    489, 979
    3781, 7563
    1877, 3755
    2014, 4028
    1976, 3952
    616, 1232
    2801, 5603
    2945, 5891
    3129, 6258
    1837, 3675
    710, 1420
    105, 211
    2097, 4194
    2107, 4214
    1104, 2209
    2304, 4608
    2602, 5204
    1390, 2780
    3695, 7391
    609, 1218
    1356, 2713
    2237, 4475
    43, 86
    211, 423
    76, 152
    206, 413
    2576, 5153
    2103, 4207
    2658, 5316
    2220, 4440
    3972, 7944
    2239, 4479
    3526, 7053
    1237, 2474
    36, 72
    2072, 4144
    2093, 4186
    538, 1077
    1680, 3361
    743, 1486
    3719, 7439
    1400, 2800
    3719, 7438
    1143, 2286
    721, 1443
    3467, 6935
    1517, 3035
    1541, 3082
    569, 1138
    543, 1086
    3855, 7710
    2622, 5244
    104, 209
    944, 1889
    2261, 4522
    3753, 7507
    3117, 6234
    3250, 6501
    2259, 4518
    1336, 2673
    3477, 6954
    270, 541
    1431, 2862
    633, 1267
    2640, 5280
    1595, 3190
    3898, 7797
    1792, 3584
    3970, 7940
    2856, 5712
    108, 216
    2122, 4245
    525, 1050
    3610, 7220
    259, 518
    2747, 5494
    2913, 5826
    177, 354
    3171, 6343
    1420, 2841
    3997, 7995
    2821, 5643
    1421, 2842
    50, 101
    3815, 7630
    2615, 5231
    1583, 3166
    2303, 4606
    3227, 6454
    10, 20
    3152, 6305
    1496, 2993
    330, 660
    406, 812
    91, 182
    2244, 4488
    3375, 6750
    1412, 2824
    3607, 7214
    1559, 3118
    1721, 3442
    2626, 5253
    2750, 5501
    2174, 4348
    1941, 3882
    295, 590
    184, 369
    3806, 7612
    2298, 4597
    1154, 2308
    882, 1765
    1273, 2546
    965, 1931
    1320, 2641
    2909, 5818
    2935, 5870
    2106, 4213
    777, 1555
    3756, 7512
    3952, 7905
    3360, 6720
    3751, 7502
    2965, 5930
    1696, 3393
    1787, 3575
    3945, 7890
    2642, 5284
    1675, 3350
    2944, 5888
    3906, 7813
    2719, 5438
    1275, 2550
    2372, 4744
    2688, 5376
    1357, 2715
    2915, 5830
    2502, 5005
    1660, 3321
    1702, 3405
    60, 120
    244, 489
    2961, 5923
    3632, 7264
    1559, 3119
    976, 1953
    695, 1391
    499, 999
    1513, 3026
    1227, 2455
    2042, 4084
    189, 378
    2641, 5283
    2779, 5559
    3701, 7402
    47, 95
    385, 771
    1149, 2299
    324, 648
    462, 925
    663, 1327
    3493, 6987
    54, 109
    1954, 3908
    352, 704
    1780, 3560
    778, 1556
    1740, 3481
    1099, 2198
    496, 993
    2781, 5562
    1942, 3885
    315, 631
    316, 633
    3725, 7450
    760, 1520
    2582, 5165
    1222, 2445
    3949, 7898
    2115, 4231
    561, 1122
    481, 962
    2863, 5726
    1815, 3630
    1436, 2872
    67, 134
    2563, 5127
    3996, 7992
    969, 1939
    1281, 2562
    2167, 4335
    1442, 2885
    70, 140
    2080, 4160
    3201, 6402
    2341, 4682
    502, 1004
    2534, 5069
    904, 1808
    1873, 3746
    2899, 5799
    1278, 2557
    2934, 5868
    2179, 4358
    3292, 6585
    3329, 6658
    885, 1771
    516, 1033
    3282, 6565
    145, 291
    3714, 7428
    3928, 7856
    2146, 4292
    1962, 3924
    212, 424
    830, 1661
    2816, 5632
    3479, 6959
    3844, 7689
    2998, 5997
    3681, 7362
    1656, 3312
    2235, 4470
    3589, 7179
    3115, 6231
    3551, 7102
    2687, 5374
    509, 1019
    3850, 7701
    3518, 7037
    494, 989
    205, 410
    3432, 6864
    3362, 6725
    3378, 6757
    1515, 3030
    2193, 4386
    360, 721
    3217, 6434
    234, 468
    820, 1641
    2899, 5798
    3587, 7175
    2056, 4112
    870, 1741
    3207, 6414
    1810, 3621
    930, 1861
    3370, 6740
    1592, 3184
    906, 1813
    309, 619
    2059, 4118
    802, 1604
    2834, 5669
    2151, 4303
    108, 217
    2552, 5104
    250, 501
    1585, 3170
    3846, 7693
    2410, 4820
    1285, 2570
    159, 319
    1255, 2511
    3066, 6132
    3989, 7978
    720, 1440
    3838, 7677
    2866, 5733
    510, 1020
    3998, 7996
    362, 725
    3470, 6941
    2197, 4395
    3114, 6229
    2331, 4663
    1483, 2966
    2531, 5063
    2081, 4162
    2876, 5752
    2174, 4349
    3969, 7938
    1022, 2044
    590, 1181
    3878, 7757
    3620, 7240
    2838, 5677
    297, 595
    3642, 7284
    3241, 6483
    3673, 7347
    3651, 7303
    2817, 5635
    1409, 2818
    2742, 5484
    1007, 2014
    2195, 4391
    2088, 4177
    3951, 7902
    2723, 5447
    429, 859
    1819, 3639
    1610, 3221
    2377, 4755
    2462, 4925
    2039, 4078
    2447, 4894
    504, 1009
    1546, 3092
    2379, 4758
    617, 1235
    3800, 7601
    18, 37
    3948, 7896
    830, 1660
    871, 1742
    2152, 4304
    1653, 3307
    2839, 5678
    1804, 3609
    1178, 2357
    603, 1206
    1632, 3265
    3855, 7711
    2679, 5359
    2668, 5337
    520, 1040
    3482, 6964
    3597, 7194
    3069, 6139
    1861, 3723
    2976, 5952
    1020, 2040
    1935, 3871
    2986, 5972
    3200, 6401
    1089, 2179
    1858, 3717
    2661, 5323
    1254, 2509
    2545, 5090
    3204, 6409
    1694, 3389
    3337, 6674
    3588, 7176
    2548, 5097
    3957, 7915
    219, 438
    3581, 7162
    3165, 6331
    3543, 7086
    1902, 3804
    2040, 4080
    2846, 5693
    984, 1968
    2972, 5945
    665, 1331
    675, 1350
    954, 1908
    434, 868
    155, 310
    247, 494
    2927, 5855
    3146, 6293
    3372, 6745
    3109, 6219
    2312, 4624
    973, 1946
    1921, 3843
    2614, 5228
    739, 1479
    3790, 7581
    3133, 6267
    2438, 4876
    2786, 5573
    2933, 5866
    3879, 7758
    3029, 6059
    940, 1880
    3402, 6805
    1480, 2960
    3352, 6705
    3098, 6197
    679, 1359
    887, 1775
    3895, 7791
    575, 1151
    1976, 3953
    2584, 5169
    2301, 4602
    2233, 4466
    2015, 4030
    2206, 4413
    129, 259
    288, 577
    284, 568
    447, 895
    2924, 5848
    3205, 6411
    899, 1799
    1882, 3765
    253, 507
    2031, 4063
    2993, 5987
    1789, 3578
    3191, 6382
    3146, 6292
    2114, 4228
    517, 1034
    517, 1035
    3909, 7818
    1650, 3300
    2398, 4797
    364, 728
    3539, 7079
    1641, 3283
    2057, 4115
    582, 1164
    3968, 7937
    1175, 2351
    303, 607
    1983, 3966
    554, 1108
    3569, 7139
    3558, 7117
    1003, 2006
    2637, 5274
    1183, 2367
    2831, 5663
    2997, 5994
    3540, 7080
    2790, 5580
    3248, 6497
    2667, 5334
    1575, 3150
    1504, 3008
    1069, 2138
    536, 1073
    3435, 6871
    2081, 4163
    3659, 7319
    1456, 2912
    2654, 5309
    2803, 5607
    2875, 5751
    1783, 3566
    3715, 7431
    1258, 2516
    558, 1116
    744, 1489
    624, 1248
    932, 1864
    3788, 7576
    2187, 4374
    1452, 2904
    1518, 3037
    3105, 6210
    1706, 3413
    1438, 2876
    2176, 4353
    3921, 7842
    3109, 6218
    2208, 4417
    2554, 5108
    31, 62
    475, 951
    3639, 7279
    2857, 5715
    2112, 4225
    2890, 5780
    2258, 4517
    2638, 5276
    1446, 2893
    747, 1494
    2651, 5303
    2954, 5908
    2073, 4146
    1739, 3478
    2999, 5999
    801, 1602
    277, 555
    3546, 7093
    3682, 7365
    3162, 6324
    3367, 6734
    9, 19
    639, 1278
    2507, 5014
    1453, 2907
    1179, 2359
    1233, 2467
    2781, 5563
    3451, 6902
    1767, 3534
    1096, 2193
    3545, 7090
    753, 1506
    1194, 2388
    1510, 3020
    997, 1994
    3837, 7674
    203, 407
    3577, 7154
    798, 1597
    2741, 5482
    2916, 5832
    981, 1963
    1382, 2764
    2995, 5990
    2444, 4888
    3882, 7765
    573, 1146
    1630, 3260
    3337, 6675
    1591, 3182
    1077, 2154
    3742, 7484
    2992, 5985
    1918, 3837
    3145, 6291
    3650, 7300
    2137, 4275
    1895, 3791
    3867, 7734
    2130, 4261
    3273, 6546
    761, 1523
    660, 1321
    2710, 5420
    3147, 6294
    2243, 4486
    1709, 3418
    59, 119
    1169, 2338
    812, 1625
    3488, 6976
    3441, 6883
    1836, 3672
    2841, 5682
    1605, 3211
    1836, 3673
    1395, 2790
    1997, 3994
    1109, 2219
    2645, 5291
    905, 1811
    2449, 4898
    1465, 2931
    3707, 7414
    3642, 7285
    2632, 5264
    3297, 6594
    3201, 6403
    889, 1778
    902, 1804
    252, 504
    1616, 3232
    2843, 5687
    1179, 2358
    3042, 6085
    3555, 7111
    3322, 6645
    2135, 4271
    1417, 2835
    2751, 5503
    3776, 7552
    3286, 6573
    64, 128
    700, 1401
    2711, 5423
    1645, 3290
    2588, 5176
    190, 381
    2143, 4286
    3884, 7768
    3833, 7666
    1204, 2408
    2890, 5781
    1229, 2459
    827, 1654
    3167, 6335
    2111, 4222
    3741, 7483
    2412, 4824
    112, 224
    3380, 6761
    3621, 7242
    3314, 6628
    458, 916
    483, 967
    3492, 6985
    3929, 7858
    3010, 6020
    3915, 7830
    1288, 2577
    2166, 4332
    1463, 2926
    1851, 3702
    118, 236
    3568, 7137
    2374, 4749
    3919, 7839
    3359, 6719
    3198, 6396
    2704, 5408
    3363, 6726
    1667, 3335
    555, 1110
    2242, 4484
    1796, 3593
    3931, 7863
    3496, 6993
    884, 1769
    191, 383
    3026, 6053
    482, 964
    2718, 5437
    1565, 3130
    3089, 6179
    2125, 4251
    495, 990
    206, 412
    2521, 5043
    2548, 5096
    2089, 4178
    809, 1619
    2059, 4119
    3769, 7538
    1624, 3248
    1362, 2724
    1303, 2607
    1403, 2806
    1193, 2387
    2768, 5536
    857, 1715
    1081, 2162
    3643, 7286
    565, 1131
    604, 1208
    925, 1851
    4, 9
    1981, 3963
    1194, 2389
    3081, 6163
    3724, 7448
    895, 1790
    3245, 6490
    844, 1688
    1064, 2128
    2173, 4347
    3079, 6159
    708, 1417
    3194, 6389
    2488, 4977
    3660, 7320
    588, 1177
    3628, 7256
    2084, 4168
    1428, 2857
    184, 368
    1883, 3767
    3060, 6121
    3828, 7657
    652, 1305
    1545, 3090
    2787, 5574
    2923, 5846
    549, 1098
    411, 823
    2007, 4014
    3194, 6388
    2737, 5475
    2506, 5013
    1334, 2668
    3055, 6110
    2544, 5089
    1680, 3360
    3971, 7943
    286, 573
    1906, 3812
    174, 348
    2032, 4065
    2274, 4548
    2728, 5456
    2121, 4243
    3289, 6579
    3408, 6817
    1134, 2268
    261, 522
    716, 1433
    679, 1358
    1212, 2425
    1567, 3135
    2433, 4866
    601, 1202
    852, 1704
    1552, 3105
    2034, 4069
    623, 1246
    960, 1921
    2062, 4125
    3150, 6301
    2639, 5278
    2724, 5449
    2774, 5549
    1306, 2613
    755, 1510
    1277, 2555
    2881, 5763
    1264, 2529
    951, 1902
    1102, 2204
    339, 679
    3063, 6126
    3838, 7676
    3954, 7908
    1933, 3866
    649, 1298
    555, 1111
    306, 613
    273, 547
    2086, 4173
    3088, 6176
    976, 1952
    1005, 2011
    1170, 2340
    2760, 5521
    1692, 3385
    690, 1381
    1936, 3873
    3869, 7738
    3548, 7097
    2510, 5020
    3959, 7919
    231, 462
    3950, 7900
    769, 1539
    1129, 2259
    1148, 2297
    548, 1096
    399, 799
    606, 1212
    2403, 4807
    2281, 4563
    2319, 4639
    2540, 5080
    858, 1717
    3476, 6953
    348, 697
    630, 1261
    1163, 2326
    421, 843
    236, 473
    3080, 6160
    505, 1011
    2011, 4022
    14, 28
    398, 796
    3678, 7356
    3668, 7336
    1474, 2949
    1710, 3421
    75, 150
    1011, 2023
    1343, 2687
    1670, 3340
    1137, 2274
    1577, 3155
    1697, 3394
    1261, 2523
    3297, 6595
    936, 1872
    366, 733
    3468, 6937
    2247, 4495
    117, 235
    3876, 7752
    2225, 4451
    2400, 4801
    2337, 4675
    3532, 7065
    1640, 3281
    3189, 6379
    3779, 7559
    2651, 5302
    2189, 4378
    2118, 4236
    2984, 5968
    1004, 2008
    151, 303
    3305, 6610
    232, 465
    1424, 2849
    2802, 5605
    3196, 6393
    1217, 2434
    3670, 7340
    2002, 4005
    1533, 3066
    3734, 7469
    3760, 7520
    696, 1392
    3087, 6174
    3710, 7421
    2388, 4777
    3420, 6841
    1884, 3769
    296, 592
    550, 1100
    156, 312
    683, 1367
    2328, 4656
    2159, 4318
    1947, 3895
    2620, 5240
    3613, 7227
    3676, 7353
    2763, 5526
    1490, 2981
    1890, 3780
    2293, 4586
    2725, 5450
    1054, 2108
    1537, 3074
    3835, 7671
    1897, 3794
    1215, 2430
    2709, 5418
    21, 43
    1280, 2560
    1241, 2483
    899, 1798
    1818, 3636
    51, 102
    2907, 5815
    1730, 3460
    1347, 2694
    2965, 5931
    907, 1815
    1578, 3156
    834, 1669
    1111, 2223
    2067, 4135
    683, 1366
    1711, 3423
    3561, 7123
    3308, 6617
    1975, 3951
    1330, 2661
    3946, 7893
    347, 694
    1618, 3237
    663, 1326
    961, 1922
    998, 1996
    860, 1720
    2616, 5233
    2201, 4403
    2542, 5085
    3547, 7095
    2583, 5167
    1791, 3583
    3061, 6122
    2467, 4934
    2702, 5405
    2422, 4845
    368, 737
    2362, 4725
    3805, 7611
    2887, 5775
    2672, 5344
    2085, 4171
    2610, 5221
    3540, 7081
    2523, 5047
    1664, 3329
    3735, 7470
    3293, 6586
    3153, 6306
    3748, 7497
    1979, 3959
    385, 770
    467, 934
    179, 359
    3578, 7157
    3817, 7634
    3161, 6322
    1387, 2775
    866, 1733
    1509, 3019
    689, 1378
    1503, 3007
    1669, 3339
    2538, 5077
    2963, 5926
    3828, 7656
    86, 173
    978, 1957
    2737, 5474
    2230, 4460
    1538, 3076
    2024, 4048
    2219, 4438
    43, 87
    2570, 5141
    1749, 3499
    2465, 4930
    546, 1092
    1084, 2168
    2052, 4105
    3571, 7142
    962, 1924
    2631, 5262
    2733, 5467
    457, 915
    1370, 2741
    906, 1812
    1591, 3183
    3345, 6691
    3123, 6247
    1056, 2112
    3501, 7003
    3195, 6390
    2057, 4114
    2832, 5665
    353, 707
    438, 877
    361, 722
    2090, 4181
    1980, 3961
    3368, 6736
    1473, 2946
    1616, 3233
    933, 1867
    3494, 6988
    2261, 4523
    3704, 7409
    905, 1810
    2793, 5586
    3396, 6792
    768, 1536
    2760, 5520
    3335, 6670
    2140, 4280
    910, 1820
    2585, 5170
    2169, 4338
    3421, 6843
    1623, 3247
    2948, 5896
    1101, 2203
    2132, 4264
    1487, 2975
    3366, 6732
    3606, 7213
    945, 1890
    345, 691
    2520, 5040
    333, 667
    3346, 6693
    3203, 6407
    2925, 5850
    650, 1301
    1949, 3898
    1863, 3726
    1435, 2871
    1704, 3409
    1454, 2909
    3497, 6994
    1328, 2656
    3385, 6770
    2038, 4076
    336, 673
    1831, 3663
    3218, 6436
    2691, 5382
    1631, 3263
    2699, 5399
    985, 1971
    3409, 6819
    3990, 7980
    2717, 5435
    383, 766
    1960, 3921
    3965, 7931
    1896, 3793
    1133, 2267
    2884, 5769
    2714, 5429
    344, 689
    3118, 6237
    3830, 7660
    2525, 5051
    643, 1287
    2578, 5156
    2749, 5498
    397, 794
    227, 454
    115, 231
    1155, 2310
    2096, 4192
    732, 1464
    1735, 3470
    579, 1158
    2196, 4393
    798, 1596
    289, 579
    2134, 4268
    642, 1284
    213, 426
    2423, 4846
    1379, 2758
    2385, 4771
    1541, 3083
    2172, 4345
    248, 496
    1609, 3218
    673, 1346
    2117, 4234
    1811, 3623
    1222, 2444
    1080, 2160
    1938, 3877
    2748, 5496
    3255, 6511
    3020, 6041
    101, 202
    3008, 6016
    2375, 4751
    2695, 5391
    1170, 2341
    893, 1787
    989, 1978
    3420, 6840
    3941, 7882
    65, 131
    3720, 7440
    2928, 5857
    3994, 7989
    1934, 3868
    1002, 2004
    3095, 6191
    359, 719
    2447, 4895
    2675, 5350
    2161, 4323
    2625, 5251
    742, 1484
    1021, 2043
    2248, 4497
    152, 305
    3765, 7531
    2644, 5288
    3967, 7935
    1040, 2081
    751, 1503
    2732, 5465
    1479, 2959
    3310, 6621
    3985, 7971
    3373, 6747
    3104, 6208
    2645, 5290
    2333, 4667
    2121, 4242
    2798, 5596
    1580, 3161
    2123, 4246
    1524, 3049
    626, 1252
    3164, 6329
    2, 5
    708, 1416
    1209, 2418
    144, 289
    1989, 3979
    982, 1964
    2632, 5265
    3498, 6997
    161, 323
    2892, 5785
    394, 789
    2877, 5755
    3281, 6562
    2351, 4703
    511, 1022
    1076, 2152
    160, 320
    2202, 4404
    2387, 4774
    3411, 6822
    1353, 2707
    2797, 5595
    3231, 6463
    2565, 5131
    230, 461
    1885, 3771
    3853, 7706
    2767, 5534
    3317, 6635
    147, 294
    2254, 4508
    3810, 7620
    3384, 6769
    2232, 4464
    3347, 6694
    2449, 4899
    2271, 4542
    789, 1579
    3611, 7222
    597, 1195
    3962, 7924
    3905, 7810
    492, 984
    1910, 3820
    1182, 2365
    2375, 4750
    1493, 2987
    3820, 7641
    3223, 6447
    2395, 4791
    1317, 2634
    3475, 6951
    1386, 2773
    707, 1414
    3848, 7697
    11, 23
    2206, 4412
    3305, 6611
    1407, 2815
    3142, 6284
    1604, 3209
    3645, 7291
    3912, 7824
    1985, 3971
    736, 1473
    1896, 3792
    1, 2
    1039, 2079
    1385, 2770
    3577, 7155
    1125, 2250
    3042, 6084
    549, 1099
    2727, 5454
    334, 668
    435, 871
    2557, 5115
    3071, 6143
    1117, 2235
    3094, 6188
    1103, 2207
    302, 604
    940, 1881
    3585, 7171
    3422, 6845
    2955, 5910
    3659, 7318
    1097, 2194
    478, 956
    599, 1198
    1727, 3454
    3857, 7714
    3349, 6698
    656, 1312
    2493, 4987
    2647, 5295
    705, 1411
    3432, 6865
    3827, 7654
    3053, 6107
    3495, 6991
    3150, 6300
    427, 854
    1066, 2133
    1423, 2846
    3188, 6377
    3342, 6684
    37, 74
    3425, 6851
    1907, 3815
    1038, 2077
    3591, 7182
    3622, 7244
    669, 1339
    1062, 2124
    703, 1407
    1969, 3938
    1154, 2309
    1756, 3512
    710, 1421
    1492, 2985
    540, 1080
    2303, 4607
    2422, 4844
    3064, 6128
    3660, 7321
    2725, 5451
    1127, 2254
    1528, 3056
    1967, 3934
    1925, 3851
    784, 1569
    622, 1244
    2444, 4889
    1192, 2384
    1276, 2553
    3351, 6702
    2439, 4879
    3779, 7558
    1902, 3805
    1683, 3367
    402, 805
    1001, 2003
    622, 1245
    2078, 4157
    395, 791
    3928, 7857
    2984, 5969
    3321, 6642
    3907, 7814
    3712, 7425
    3718, 7437
    3244, 6488
    1931, 3862
    1338, 2677
    2976, 5953
    1713, 3426
    1189, 2379
    3906, 7812
    2394, 4788
    2374, 4748
    75, 151
    1505, 3010
    2431, 4863
    1726, 3453
    38, 76
    88, 177
    505, 1010
    3675, 7351
    3649, 7299
    2381, 4762
    18, 36
    1331, 2662
    3081, 6162
    2860, 5721
    3669, 7339
    3516, 7033
    170, 341
    285, 571
    3350, 6700
    1832, 3665
    253, 506
    2317, 4634
    553, 1107
    442, 885
    3932, 7864
    941, 1883
    898, 1796
    563, 1127
    1794, 3588
    3157, 6314
    2630, 5261
    2543, 5087
    3038, 6076
    500, 1000
    3491, 6983
    3406, 6813
    3851, 7703
    966, 1933
    11, 22
    714, 1428
    1426, 2853
    3483, 6966
    1351, 2703
    2475, 4951
    2069, 4138
    40, 80
    1630, 3261
    697, 1395
    3603, 7207
    200, 400
    1321, 2642
    2896, 5793
    3733, 7466
    1717, 3434
    975, 1951
    1515, 3031
    2604, 5208
    1296, 2593
    1798, 3596
    3724, 7449
    2314, 4628
    3558, 7116
    1843, 3686
    1757, 3515
    147, 295
    2914, 5828
    1223, 2446
    1995, 3990
    202, 404
    3586, 7173
    126, 253
    2752, 5504
    1732, 3464
    3240, 6480
    804, 1609
    2391, 4783
    3227, 6455
    2061, 4122
    1785, 3571
    2101, 4203
    3504, 7008
    3800, 7600
    2095, 4190
    1404, 2808
    3, 7
    403, 807
    3807, 7614
    1835, 3670
    3209, 6418
    3755, 7511
    2751, 5502
    3655, 7310
    472, 945
    393, 787
    1121, 2242
    803, 1606
    1136, 2273
    1625, 3250
    1699, 3399
    480, 960
    691, 1382
    2083, 4166
    2498, 4997
    3046, 6092
    2854, 5708
    3291, 6583
    2544, 5088
    1370, 2740
    1204, 2409
    404, 809
    171, 342
    3181, 6362
    1764, 3528
    1904, 3808
    934, 1869
    3006, 6013
    1434, 2868
    3317, 6634
    278, 556
    281, 562
    3774, 7548
    111, 222
    1506, 3013
    1877, 3754
    3701, 7403
    3926, 7853
    3553, 7106
    254, 508
    2979, 5958
    1078, 2157
    825, 1651
    2550, 5101
    977, 1955
    3178, 6357
    783, 1566
    2041, 4083
    3381, 6762
    2546, 5092
    2538, 5076
    2389, 4778
    1736, 3472
    3287, 6575
    1225, 2450
    1581, 3163
    1460, 2920
    1260, 2521
    3477, 6955
    2949, 5898
    1381, 2763
    2893, 5787
    262, 524
    1917, 3834
    3302, 6605
    1578, 3157
    2469, 4939
    3113, 6227
    3429, 6858
    1150, 2300
    3208, 6416
    92, 185
    1323, 2646
    3452, 6904
    1676, 3353
    2471, 4942
    594, 1188
    3221, 6443
    2202, 4405
    3678, 7357
    1367, 2734
    2132, 4265
    2836, 5673
    1555, 3110
    85, 170
    2083, 4167
    2893, 5786
    3283, 6566
    1980, 3960
    2796, 5592
    2674, 5348
    2820, 5641
    846, 1692
    3774, 7549
    1566, 3132
    1744, 3488
    2917, 5835
    766, 1532
    2182, 4364
    1632, 3264
    2495, 4990
    2414, 4828
    322, 645
    722, 1445
    612, 1225
    840, 1681
    3371, 6743
    963, 1927
    3575, 7151
    294, 589
    2269, 4539
    2448, 4897
    2516, 5032
    146, 293
    1517, 3034
    3456, 6913
    3106, 6213
    2453, 4906
    3415, 6831
    2503, 5006
    451, 903
    1770, 3541
    2352, 4705
    182, 365
    269, 538
    63, 126
    3759, 7518
    1186, 2372
    2077, 4155
    506, 1013
    2107, 4215
    6, 13
    1147, 2294
    3865, 7731
    3990, 7981
    2050, 4100
    3902, 7805
    2110, 4221
    3908, 7816
    1926, 3852
    825, 1650
    120, 241
    3238, 6476
    2882, 5765
    2055, 4111
    3929, 7859
    3511, 7023
    3473, 6947
    1726, 3452
    511, 1023
    767, 1534
    1235, 2471
    3823, 7646
    323, 647
    3799, 7598
    1041, 2083
    1944, 3888
    2557, 5114
    1668, 3336
    2369, 4739
    3474, 6948
    468, 937
    1851, 3703
    3233, 6466
    719, 1438
    2371, 4743
    1213, 2427
    1447, 2894
    3538, 7077
    870, 1740
    3507, 7014
    478, 957
    2756, 5513
    1809, 3618
    3888, 7777
    1832, 3664
    1710, 3420
    2136, 4272
    2657, 5315
    524, 1049
    1774, 3549
    2148, 4296
    69, 139
    2119, 4238
    1169, 2339
    3136, 6273
    3402, 6804
    1364, 2728
    1649, 3299
    1959, 3919
    377, 755
    605, 1210
    2848, 5696
    137, 275
    125, 250
    3377, 6755
    2497, 4995
    1176, 2353
    3527, 7054
    3816, 7633
    2623, 5247
    1298, 2596
    990, 1981
    2574, 5149
    689, 1379
    3365, 6730
    3050, 6100
    1078, 2156
    2865, 5730
    1213, 2426
    3977, 7955
    1402, 2805
    3382, 6765
    3562, 7125
    943, 1886
    1931, 3863
    1903, 3806
    3801, 7602
    3155, 6310
    853, 1707
    1915, 3830
    834, 1668
    2310, 4621
    3292, 6584
    594, 1189
    1703, 3406
    2828, 5656
    2903, 5807
    2595, 5191
    2983, 5967
    738, 1477
    842, 1685
    1254, 2508
    2160, 4320
    1272, 2545
    1999, 3998
    1603, 3206
    3303, 6606
    352, 705
    3053, 6106
    1549, 3099
    3940, 7880
    3358, 6716
    1248, 2497
    1759, 3519
    307, 614
    2027, 4055
    3386, 6773
    1164, 2329
    3762, 7525
    1267, 2534
    1265, 2530
    1085, 2171
    109, 219
    2812, 5625
    2046, 4092
    2456, 4913
    3832, 7665
    1191, 2382
    1137, 2275
    1857, 3714
    2882, 5764
    3397, 6795
    492, 985
    327, 654
    873, 1747
    3350, 6701
    1466, 2932
    729, 1459
    3025, 6051
    3552, 7104
    3349, 6699
    187, 374
    1014, 2028
    2759, 5519
    3744, 7489
    2883, 5766
    194, 388
    400, 800
    2, 4
    1951, 3902
    1978, 3956
    1994, 3988
    642, 1285
    2277, 4555
    2895, 5791
    1932, 3865
    1444, 2889
    3605, 7211
    526, 1052
    349, 698
    1633, 3267
    875, 1750
    995, 1991
    1334, 2669
    1790, 3580
    2199, 4398
    92, 184
    1745, 3490
    3720, 7441
    3035, 6071
    1181, 2362
    2578, 5157
    3924, 7848
    1842, 3684
    3080, 6161
    648, 1297
    217, 434
    567, 1134
    3710, 7420
    514, 1028
    1940, 3880
    2118, 4237
    1153, 2307
    3154, 6309
    274, 549
    3623, 7247
    3267, 6535
    1365, 2731
    367, 734
    3216, 6432
    2593, 5187
    3912, 7825
    1922, 3845
    988, 1976
    1182, 2364
    3999, 7999
    1058, 2116
    2482, 4964
    863, 1727
    3703, 7406
    3288, 6577
    2008, 4016
    1570, 3141
    520, 1041
    877, 1755
    287, 574
    2040, 4081
    3880, 7761
    959, 1919
    631, 1262
    2373, 4747
    210, 421
    1954, 3909
    2414, 4829
    292, 585
    1920, 3840
    3499, 6998
    45, 91
    224, 449
    36, 73
    1886, 3773
    1760, 3521
    970, 1941
    2592, 5185
    461, 923
    1427, 2854
    919, 1839
    3268, 6537
    3614, 7229
    2901, 5802
    782, 1564
    3531, 7063
    1105, 2210
    3014, 6028
    1781, 3562
    229, 459
    2531, 5062
    3377, 6754
    2267, 4535
    2193, 4387
    1801, 3603
    3832, 7664
    1459, 2919
    967, 1934
    3142, 6285
    3706, 7412
    3074, 6148
    1198, 2397
    356, 712
    3604, 7209
    638, 1277
    612, 1224
    234, 469
    1414, 2829
    3037, 6074
    3002, 6004
    3475, 6950
    3271, 6542
    3809, 7619
    2141, 4283
    2979, 5959
    326, 652
    2947, 5894
    3126, 6253
    346, 693
    3259, 6519
    1852, 3705
    2811, 5622
    322, 644
    687, 1374
    2679, 5358
    341, 682
    1808, 3616
    3848, 7696
    2886, 5773
    2049, 4098
    1345, 2690
    1997, 3995
    3421, 6842
    3174, 6348
    1108, 2216
    46, 92
    1316, 2633
    953, 1906
    2856, 5713
    2667, 5335
    2505, 5011
    3378, 6756
    2913, 5827
    504, 1008
    3173, 6347
    1674, 3348
    235, 470
    2276, 4552
    633, 1266
    1162, 2325
    3502, 7005
    923, 1847
    2171, 4342
    3542, 7084
    2435, 4871
    3103, 6207
    2227, 4455
    2822, 5644
    723, 1447
    3966, 7932
    2804, 5609
    914, 1828
    3546, 7092
    2381, 4763
    1833, 3667
    3339, 6679
    2283, 4567
    2333, 4666
    3566, 7133
    1377, 2754
    1652, 3305
    2212, 4425
    168, 337
    2417, 4834
    968, 1936
    1313, 2626
    3149, 6298
    3247, 6495
    895, 1791
    1972, 3944
    908, 1816
    901, 1803
    53, 107
    334, 669
    607, 1215
    2472, 4945
    3124, 6248
    3680, 7360
    366, 732
    2693, 5387
    1701, 3402
    1437, 2874
    3511, 7022
    1158, 2316
    2255, 4511
    2873, 5746
    585, 1170
    2726, 5453
    3379, 6759
    1424, 2848
    15, 31
    1617, 3234
    3901, 7802
    1870, 3741
    544, 1088
    1549, 3098
    737, 1475
    3433, 6866
    2125, 4250
    937, 1874
    338, 676
    498, 997
    1144, 2288
    2110, 4220
    2253, 4507
    2579, 5158
    3028, 6057
    952, 1904
    693, 1387
    3937, 7875
    2230, 4461
    1596, 3192
    596, 1193
    201, 402
    3356, 6713
    530, 1061
    357, 715
    1929, 3858
    2062, 4124
    2588, 5177
    1677, 3355
    3257, 6514
    503, 1007
    1702, 3404
    2896, 5792
    3389, 6779
    340, 681
    3691, 7383
    2475, 4950
    1453, 2906
    3262, 6524
    1669, 3338
    175, 351
    557, 1114
    3987, 7975
    257, 515
    240, 480
    1586, 3172
    186, 372
    3214, 6428
    1771, 3543
    1187, 2374
    2810, 5620
    2454, 4908
    1627, 3254
    3809, 7618
    2222, 4444
    958, 1917
    1004, 2009
    2184, 4368
    217, 435
    187, 375
    1681, 3363
    466, 933
    2877, 5754
    3105, 6211
    3661, 7323
    560, 1120
    1961, 3922
    2716, 5433
    924, 1848
    3232, 6465
    3258, 6516
    2158, 4317
    3567, 7134
    2764, 5529
    740, 1481
    489, 978
    19, 38
    96, 193
    2479, 4959
    2754, 5508
    2724, 5448
    1633, 3266
    264, 529
    1282, 2564
    2159, 4319
    551, 1102
    470, 941
    214, 428
    1247, 2494
    452, 904
    811, 1622
    1886, 3772
    3019, 6038
    3166, 6332
    3711, 7422
    1304, 2609
    3079, 6158
    1308, 2616
    2424, 4849
    3141, 6283
    3436, 6872
    2113, 4227
    2178, 4356
    3963, 7926
    1944, 3889
    1802, 3605
    756, 1513
    712, 1424
    2210, 4420
    684, 1368
    2432, 4864
    2250, 4501
    1285, 2571
    3980, 7960
    2617, 5234
    3077, 6154
    3160, 6321
    1330, 2660
    2352, 4704
    1434, 2869
    1908, 3817
    1275, 2551
    2351, 4702
    1993, 3987
    3666, 7332
    2392, 4785
    430, 861
    783, 1567
    3334, 6669
    1797, 3595
    2958, 5916
    2884, 5768
    749, 1498
    2673, 5347
    3890, 7781
    741, 1483
    3645, 7290
    1894, 3788
    3716, 7432
    1998, 3996
    2789, 5578
    2316, 4633
    3593, 7187
    1242, 2485
    1543, 3087
    3688, 7377
    2875, 5750
    3930, 7860
    581, 1163
    1072, 2144
    419, 838
    1019, 2038
    3315, 6631
    1264, 2528
    2222, 4445
    3708, 7416
    3184, 6369
    2802, 5604
    2281, 4562
    1934, 3869
    1177, 2355
    1340, 2680
    285, 570
    3361, 6722
    828, 1657
    1857, 3715
    3143, 6286
    1190, 2381
    3683, 7366
    1131, 2263
    2936, 5872
    1732, 3465
    2396, 4793
    586, 1173
    355, 711
    1928, 3856
    2664, 5329
    2602, 5205
    2706, 5413
    3251, 6503
    518, 1037
    1167, 2335
    824, 1648
    3261, 6522
    1163, 2327
    3049, 6098
    1345, 2691
    1346, 2693
    785, 1571
    1031, 2062
    3174, 6349
    1574, 3148
    1759, 3518
    3158, 6316
    821, 1642
    415, 830
    1870, 3740
    2065, 4130
    1712, 3424
    957, 1914
    2762, 5524
    2236, 4472
    2445, 4891
    3478, 6957
    86, 172
    354, 708
    2815, 5631
    34, 68
    2160, 4321
    2455, 4910
    316, 632
    2155, 4311
    3487, 6975
    3995, 7990
    1245, 2491
    797, 1594
    2879, 5758
    627, 1254
    886, 1772
    1006, 2012
    1483, 2967
    2712, 5425
    3453, 6907
    892, 1784
    3259, 6518
    419, 839
    1471, 2943
    3768, 7537
    731, 1462
    833, 1667
    2181, 4362
    2655, 5311
    140, 280
    1929, 3859
    3664, 7329
    3951, 7903
    3032, 6064
    1761, 3523
    3512, 7025
    496, 992
    1152, 2305
    1335, 2671
    1333, 2667
    1292, 2584
    1666, 3332
    745, 1490
    3029, 6058
    249, 499
    3046, 6093
    802, 1605
    856, 1712
    216, 433
    3619, 7238
    1112, 2225
    2099, 4198
    2321, 4642
    2705, 5410
    1981, 3962
    3872, 7745
    894, 1788
    1138, 2277
    3723, 7447
    1389, 2779
    552, 1104
    2457, 4915
    1795, 3590
    993, 1987
    921, 1842
    528, 1056
    3325, 6651
    2460, 4921
    1882, 3764
    3871, 7742
    2399, 4799
    1233, 2466
    3140, 6281
    2140, 4281
    3717, 7435
    1919, 3839
    1127, 2255
    2116, 4232
    341, 683
    3030, 6061
    3170, 6340
    805, 1611
    2307, 4614
    3190, 6380
    2635, 5271
    3530, 7060
    2377, 4754
    3631, 7263
    2063, 4127
    2987, 5975
    1784, 3568
    1948, 3896
    896, 1792
    2030, 4061
    16, 32
    3492, 6984
    3264, 6528
    3591, 7183
    3530, 7061
    1151, 2303
    1042, 2085
    3601, 7202
    1488, 2977
    1243, 2486
    1901, 3803
    3949, 7899
    2989, 5978
    62, 124
    3960, 7920
    2135, 4270
    1762, 3525
    1937, 3874
    300, 601
    243, 487
    96, 192
    1481, 2962
    227, 455
    3630, 7260
    2876, 5753
    136, 273
    1339, 2678
    3299, 6599
    1889, 3779
    2361, 4722
    121, 242
    2869, 5738
    3314, 6629
    2682, 5364
    264, 528
    436, 872
    694, 1389
    1107, 2215
    2617, 5235
    2721, 5442
    1141, 2283
    3621, 7243
    445, 890
    3740, 7480
    629, 1259
    2900, 5800
    3866, 7732
    3117, 6235
    442, 884
    3225, 6450
    3849, 7698
    1708, 3417
    1388, 2776
    2504, 5009
    437, 875
    3934, 7868
    1172, 2344
    1524, 3048
    2357, 4715
    3284, 6569
    3012, 6025
    3674, 7348
    2916, 5833
    1645, 3291
    3514, 7028
    887, 1774
    604, 1209
    1848, 3697
    390, 780
    2464, 4928
    457, 914
    2201, 4402
    3155, 6311
    245, 490
    3092, 6185
    3213, 6427
    3796, 7593
    66, 133
    1352, 2705
    2931, 5862
    3784, 7569
    3623, 7246
    2745, 5490
    3358, 6717
    1775, 3550
    3316, 6632
    2217, 4434
    2286, 4572
    3877, 7754
    650, 1300
    1245, 2490
    2898, 5796
    2555, 5111
    1408, 2817
    2739, 5478
    583, 1166
    2663, 5327
    8, 17
    2297, 4594
    803, 1607
    2889, 5778
    1510, 3021
    3815, 7631
    3454, 6908
    678, 1356
    2099, 4199
    263, 526
    1921, 3842
    523, 1046
    2408, 4817
    1032, 2065
    1909, 3819
    3210, 6421
    1168, 2337
    3892, 7785
    1950, 3901
    3983, 7967
    3454, 6909
    2863, 5727
    1923, 3846
    192, 384
    3596, 7193
    2411, 4822
    0, 0
    1562, 3124
    365, 730
    3054, 6108
    2514, 5029
    3593, 7186
    1798, 3597
    929, 1858
    1057, 2114
    2016, 4032
    1019, 2039
    2849, 5698
    2493, 4986
    2245, 4491
    2427, 4855
    3737, 7475
    1508, 3017
    2736, 5473
    388, 776
    1544, 3089
    3180, 6361
    2142, 4285
    929, 1859
    2163, 4326
    582, 1165
    3579, 7158
    3812, 7624
    220, 440
    347, 695
    1810, 3620
    1642, 3284
    73, 147
    1455, 2911
    609, 1219
    2743, 5486
    99, 199
    2874, 5749
    2730, 5460
    667, 1334
    3981, 7962
    251, 502
    795, 1590
    2950, 5901
    1318, 2637
    1919, 3838
    180, 360
    3097, 6195
    3187, 6375
    167, 335
    2181, 4363
    2988, 5976
    3119, 6239
    2091, 4182
    688, 1377
    2455, 4911
    2131, 4263
    507, 1014
    3478, 6956
    3044, 6089
    2643, 5286
    2782, 5565
    235, 471
    2097, 4195
    3376, 6753
    8, 16
    1200, 2400
    3537, 7075
    494, 988
    1516, 3032
    103, 206
    3727, 7455
    2513, 5027
    3431, 6862
    3435, 6870
    1957, 3914
    2569, 5138
    1788, 3577
    1219, 2438
    1768, 3536
    3594, 7188
    2123, 4247
    1946, 3892
    3152, 6304
    1662, 3325
    3933, 7866
    3026, 6052
    3312, 6625
    295, 591
    1416, 2833
    3672, 7345
    1253, 2506
    563, 1126
    3078, 6156
    2169, 4339
    1691, 3382
    3217, 6435
    459, 919
    3823, 7647
    670, 1340
    2824, 5649
    2407, 4815
    1302, 2604
    936, 1873
    2330, 4661
    2861, 5722
    3363, 6727
    2200, 4400
    1739, 3479
    2168, 4337
    3771, 7542
    794, 1588
    1752, 3505
    1027, 2055
    1331, 2663
    301, 602
    1104, 2208
    3973, 7947
    2484, 4969
    2067, 4134
    2424, 4848
    1198, 2396
    2799, 5598
    990, 1980
    2591, 5182
    3096, 6193
    473, 947
    270, 540
    3088, 6177
    644, 1289
    296, 593
    2259, 4519
    1324, 2649
    2147, 4294
    3163, 6326
    2272, 4545
    2636, 5272
    35, 71
    1752, 3504
    3252, 6504
    2013, 4026
    1326, 2652
    2764, 5528
    1814, 3629
    3017, 6034
    889, 1779
    1807, 3615
    3736, 7472
    600, 1200
    1983, 3967
    3496, 6992
    671, 1343
    1728, 3457
    769, 1538
    3224, 6448
    3246, 6492
    1924, 3849
    3248, 6496
    2270, 4541
    540, 1081
    2912, 5825
    3296, 6592
    1455, 2910
    3265, 6530
    2539, 5078
    2673, 5346
    1805, 3610
    2626, 5252
    3766, 7532
    283, 567
    423, 847
    2047, 4094
    439, 879
    1132, 2264
    3318, 6636
    2256, 4512
    1637, 3274
    3510, 7021
    1341, 2682
    2367, 4734
    1707, 3415
    2003, 4006
    3336, 6673
    1740, 3480
    3417, 6834
    1661, 3322
    1808, 3617
    541, 1082
    1584, 3168
    2286, 4573
    3782, 7564
    1875, 3751
    1803, 3607
    107, 214
    1527, 3054
    3610, 7221
    2757, 5515
    3075, 6150
    2847, 5695
    641, 1282
    80, 160
    159, 318
    2900, 5801
    2991, 5982
    2336, 4672
    1765, 3531
    1984, 3968
    2419, 4839
    676, 1352
    3526, 7052
    3624, 7249
    482, 965
    2681, 5363
    2927, 5854
    2670, 5340
    2614, 5229
    2131, 4262
    3262, 6525
    3750, 7501
    872, 1745
    3170, 6341
    1348, 2696
    211, 422
    2462, 4924
    2864, 5728
    50, 100
    2287, 4574
    1819, 3638
    2043, 4087
    751, 1502
    2677, 5355
    1091, 2182
    314, 628
    3953, 7907
    1405, 2810
    246, 492
    3513, 7027
    2119, 4239
    883, 1766
    2973, 5947
    3398, 6796
    3869, 7739
    2981, 5962
    2777, 5554
    1265, 2531
    3086, 6172
    3536, 7072
    2183, 4367
    3534, 7068
    2794, 5589
    1817, 3635
    2944, 5889
    1301, 2602
    619, 1239
    2263, 4526
    661, 1323
    3141, 6282
    1157, 2314
    674, 1348
    1614, 3229
    3212, 6424
    634, 1268
    3235, 6470
    1590, 3180
    715, 1431
    697, 1394
    64, 129
    2482, 4965
    2234, 4469
    382, 764
    487, 974
    53, 106
    3590, 7181
    2111, 4223
    1529, 3059
    3452, 6905
    380, 760
    3625, 7250
    3821, 7643
    3572, 7144
    2609, 5218
    2451, 4902
    463, 927
    1709, 3419
    3747, 7495
    308, 616
    3622, 7245
    2041, 4082
    176, 352
    647, 1294
    557, 1115
    3566, 7132
    1753, 3506
    2275, 4550
    849, 1698
    1620, 3241
    2784, 5569
    1490, 2980
    3894, 7789
    2674, 5349
    3354, 6708
    2720, 5441
    2296, 4592
    2936, 5873
    787, 1574
    1118, 2237
    916, 1832
    2309, 4619
    2774, 5548
    1014, 2029
    2843, 5686
    808, 1616
    356, 713
    763, 1527
    1712, 3425
    1000, 2001
    1114, 2229
    399, 798
    1367, 2735
    1053, 2107
    1730, 3461
    2606, 5212
    93, 186
    3598, 7196
    480, 961
    1546, 3093
    1953, 3906
    1766, 3533
    3359, 6718
    1026, 2053
    3235, 6471
    698, 1397
    2857, 5714
    3775, 7551
    3707, 7415
    2946, 5892
    3131, 6262
    260, 520
    2127, 4255
    3978, 7957
    524, 1048
    2053, 4106
    3074, 6149
    301, 603
    229, 458
    2463, 4926
    2919, 5838
    2556, 5112
    2470, 4941
    3920, 7841
    1573, 3147
    3460, 6920
    1172, 2345
    1907, 3814
    840, 1680
    2483, 4966
    2338, 4677
    698, 1396
    2711, 5422
    1337, 2674
    508, 1017
    2044, 4088
    2329, 4658
    621, 1243
    1611, 3223
    279, 559
    237, 474
    3193, 6386
    2087, 4175
    926, 1853
    578, 1156
    3037, 6075
    3032, 6065
    3437, 6875
    1165, 2331
    1664, 3328
    2684, 5368
    2785, 5570
    2292, 4585
    2573, 5146
    925, 1850
    2813, 5627
    643, 1286
    787, 1575
    1804, 3608
    3853, 7707
    1816, 3632
    2748, 5497
    2577, 5155
    3753, 7506
    1354, 2709
    1666, 3333
    3547, 7094
    420, 840
    1604, 3208
    2775, 5550
    91, 183
    2134, 4269
    1117, 2234
    130, 260
    282, 564
    2512, 5025
    2219, 4439
    2165, 4331
    3749, 7498
    3735, 7471
    1689, 3379
    2257, 4514
    3608, 7216
    3161, 6323
    1046, 2093
    2605, 5210
    864, 1728
    1674, 3349
    1838, 3677
    3849, 7699
    1771, 3542
    542, 1084
    1893, 3787
    1257, 2514
    1426, 2852
    892, 1785
    1135, 2270
    1594, 3188
    2267, 4534
    911, 1823
    2260, 4521
    1958, 3917
    2302, 4604
    2956, 5913
    845, 1690
    1405, 2811
    3294, 6589
    1208, 2416
    3865, 7730
    1253, 2507
    1953, 3907
    1145, 2291
    3993, 7987
    2694, 5388
    2966, 5933
    860, 1721
    490, 981
    3685, 7370
    2738, 5476
    1274, 2549
    2035, 4070
    153, 307
    1992, 3984
    2753, 5507
    3113, 6226
    3854, 7708
    3742, 7485
    3428, 6856
    3982, 7965
    542, 1085
    1, 3
    3931, 7862
    345, 690
    2743, 5487
    1586, 3173
    3618, 7236
    3844, 7688
    3320, 6640
    2162, 4325
    794, 1589
    3653, 7306
    3746, 7492
    1362, 2725
    1527, 3055
    3687, 7374
    2883, 5767
    904, 1809
    2403, 4806
    13, 27
    426, 853
    2061, 4123
    1252, 2505
    3656, 7312
    1314, 2629
    1994, 3989
    464, 928
    1879, 3758
    2587, 5174
    974, 1948
    1070, 2141
    2943, 5887
    800, 1600
    3826, 7653
    1218, 2436
    3181, 6363
    3717, 7434
    2240, 4480
    2695, 5390
    3424, 6848
    1889, 3778
    1530, 3061
    2287, 4575
    946, 1892
    647, 1295
    1698, 3397
    527, 1055
    1871, 3743
    1571, 3143
    2952, 5905
    3888, 7776
    1705, 3410
    1379, 2759
    1581, 3162
    3650, 7301
    2932, 5864
    141, 283
    3641, 7283
    3453, 6906
    2392, 4784
    1841, 3682
    202, 405
    927, 1855
    3344, 6688
    1941, 3883
    1519, 3039
    1937, 3875
    1267, 2535
    2251, 4503
    2598, 5197
    2029, 4059
    2369, 4738
    1977, 3954
    372, 745
    3936, 7873
    2058, 4116
    1313, 2627
    1731, 3462
    958, 1916
    292, 584
    2443, 4886
    90, 181
    2212, 4424
    1269, 2538
    2273, 4547
    2601, 5203
    2722, 5444
    1401, 2802
    2735, 5471
    861, 1723
    2945, 5890
    3255, 6510
    2593, 5186
    3396, 6793
    1123, 2246
    3242, 6485
    719, 1439
    807, 1614
    1708, 3416
    315, 630
    2532, 5064
    1987, 3974
    1547, 3095
    1122, 2244
    1197, 2394
    1361, 2722
    1257, 2515
    2990, 5981
    1045, 2090
    3512, 7024
    1498, 2996
    137, 274
    3158, 6317
    2613, 5226
    2671, 5343
    2766, 5532
    3699, 7398
    3584, 7168
    2204, 4408
    1602, 3205
    3536, 7073
    1344, 2689
    918, 1836
    610, 1220
    2439, 4878
    728, 1456
    163, 326
    78, 156
    3251, 6502
    2701, 5403
    3163, 6327
    49, 98
    621, 1242
    2549, 5099
    874, 1749
    2434, 4869
    119, 239
    215, 431
    1618, 3236
    779, 1558
    1718, 3437
    699, 1398
    3609, 7218
    2675, 5351
    2314, 4629
    3882, 7764
    106, 212
    1186, 2373
    3706, 7413
    1996, 3993
    97, 195
    1898, 3796
    1366, 2733
    3938, 7877
    141, 282
    917, 1834
    2609, 5219
    256, 512
    3922, 7845
    1273, 2547
    1051, 2103
    224, 448
    351, 702
    3696, 7392
    192, 385
    1918, 3836
    2311, 4622
    62, 125
    2649, 5299
    3918, 7837
    1437, 2875
    2518, 5037
    1189, 2378
    1247, 2495
    2952, 5904
    1827, 3655
    2665, 5331
    472, 944
    1947, 3894
    3438, 6877
    922, 1845
    3504, 7009
    3489, 6978
    2901, 5803
    299, 599
    2833, 5666
    1332, 2664
    116, 233
    3733, 7467
    1291, 2582
    3222, 6444
    1315, 2631
    172, 344
    3839, 7678
    1693, 3387
    204, 408
    3341, 6682
    927, 1854
    1468, 2937
    2806, 5613
    813, 1626
    2173, 4346
    1509, 3018
    3306, 6613
    537, 1075
    523, 1047
    1678, 3357
    3635, 7270
    3510, 7020
    2860, 5720
    1484, 2969
    2277, 4554
    2030, 4060
    2035, 4071
    808, 1617
    2851, 5703
    2390, 4780
    909, 1819
    2401, 4803
    2068, 4137
    822, 1645
    456, 912
    3265, 6531
    551, 1103
    1077, 2155
    2044, 4089
    607, 1214
    438, 876
    2790, 5581
    3852, 7705
    3426, 6852
    862, 1725
    996, 1993
    444, 889
    545, 1091
    847, 1694
    2280, 4561
    1774, 3548
    3010, 6021
    298, 596
    2639, 5279
    3301, 6602
    509, 1018
    2419, 4838
    2055, 4110
    383, 767
    2690, 5380
    1878, 3756
    2293, 4587
    1795, 3591
    765, 1530
    3414, 6829
    1119, 2238
    2868, 5736
    3896, 7793
    3224, 6449
    3703, 7407
    2974, 5949
    362, 724
    2539, 5079
    2249, 4498
    72, 144
    1293, 2587
    773, 1546
    997, 1995
    851, 1703
    1502, 3004
    1601, 3202
    2534, 5068
    2840, 5681
    2074, 4148
    1295, 2590
    2559, 5119
    169, 339
    1006, 2013
    1032, 2064
    30, 61
    2063, 4126
    3279, 6558
    800, 1601
    1800, 3601
    1927, 3854
    471, 942
    131, 263
    71, 143
    1357, 2714
    1750, 3500
    2013, 4027
    1447, 2895
    306, 612
    3134, 6268
    2399, 4798
    1938, 3876
    2579, 5159
    1550, 3101
    3925, 7851
    80, 161
    2490, 4981
    313, 627
    3522, 7045
    2982, 5964
    3957, 7914
    138, 277
    1754, 3509
    194, 389
    403, 806
    1153, 2306
    78, 157
    745, 1491
    2758, 5516
    1553, 3106
    1943, 3886
    1612, 3225
    3166, 6333
    977, 1954
    3004, 6008
    1348, 2697
    680, 1361
    2618, 5236
    535, 1071
    1139, 2278
    3729, 7459
    3479, 6958
    3376, 6752
    2941, 5883
    598, 1197
    2149, 4298
    2627, 5254
    1042, 2084
    737, 1474
    38, 77
    324, 649
    349, 699
    426, 852
    2306, 4612
    2150, 4301
    815, 1631
    449, 899
    3515, 7030
    244, 488
    1872, 3744
    2428, 4856
    2102, 4204
    3597, 7195
    1724, 3448
    487, 975
    657, 1315
    3448, 6897
    660, 1320
    87, 175
    2164, 4328
    774, 1548
    3438, 6876
    3578, 7156
    459, 918
    867, 1735
    2127, 4254
    669, 1338
    2412, 4825
    653, 1306
    3953, 7906
    2029, 4058
    3861, 7722
    2795, 5591
    208, 416
    2867, 5735
    3445, 6891
    780, 1560
    1957, 3915
    1755, 3511
    3808, 7616
    1295, 2591
    1705, 3411
    1872, 3745
    836, 1673
    1828, 3656
    1387, 2774
    2909, 5819
    55, 111
    2203, 4407
    3525, 7050
    2957, 5915
    3794, 7589
    3295, 6591
    1393, 2786
    746, 1492
    1272, 2544
    743, 1487
    3043, 6086
    2463, 4927
    3592, 7185
    1224, 2449
    2799, 5599
    1963, 3926
    3841, 7682
    3797, 7594
    124, 248
    1243, 2487
    2862, 5725
    364, 729
    3448, 6896
    1988, 3977
    1683, 3366
    461, 922
    2967, 5935
    3818, 7637
    2481, 4962
    1375, 2750
    2808, 5616
    2117, 4235
    3764, 7528
    155, 311
    1885, 3770
    662, 1324
    2052, 4104
    986, 1973
    288, 576
    655, 1311
    623, 1247
    2089, 4179
    2897, 5794
    3056, 6112
    741, 1482
    2480, 4960
    3098, 6196
    3665, 7330
    1121, 2243
    2179, 4359
    3039, 6079
    1881, 3762
    1422, 2845
    3323, 6646
    2601, 5202
    401, 802
    1491, 2983
    1920, 3841
    2215, 4431
    3433, 6867
    1174, 2349
    706, 1413
    2507, 5015
    2020, 4041
    3471, 6943
    3916, 7833
    3076, 6152
    3370, 6741
    3472, 6944
    3984, 7969
    431, 862
    999, 1999
    2289, 4578
    3896, 7792
    3930, 7861
    1688, 3376
    3202, 6405
    2459, 4918
    2224, 4448
    829, 1659
    3810, 7621
    1925, 3850
    2060, 4121
    432, 865
    1427, 2855
    2793, 5587
    3521, 7042
    1457, 2915
    3614, 7228
    3428, 6857
    183, 366
    1054, 2109
    2370, 4741
    628, 1256
    311, 623
    559, 1119
    2350, 4700
    2514, 5028
    2762, 5525
    1435, 2870
    2157, 4315
    2889, 5779
    3762, 7524
    2568, 5137
    3790, 7580
    484, 968
    3036, 6073
    1608, 3217
    1329, 2658
    447, 894
    3697, 7394
    1522, 3044
    2291, 4582
    911, 1822
    1128, 2256
    3755, 7510
    2016, 4033
    3629, 7258
    1188, 2377
    3234, 6468
    357, 714
    1430, 2861
    223, 446
    118, 237
    894, 1789
    3889, 7778
    2776, 5552
    3913, 7827
    1234, 2469
    3089, 6178
    668, 1337
    3856, 7713
    854, 1708
    841, 1683
    793, 1586
    1574, 3149
    3484, 6968
    3992, 7984
    1335, 2670
    2340, 4681
    771, 1543
    1415, 2830
    1109, 2218
    3061, 6123
    994, 1988
    2009, 4019
    3769, 7539
    1009, 2019
    664, 1328
    1203, 2406
    913, 1827
    2180, 4361
    3620, 7241
    3285, 6571
    3845, 7691
    1665, 3330
    3682, 7364
    2082, 4164
    611, 1223
    1849, 3698
    2806, 5612
    1391, 2783
    3168, 6337
    1074, 2149
    219, 439
    3818, 7636
    3425, 6850
    1658, 3316
    3955, 7910
    470, 940
    3364, 6729
    2963, 5927
    3822, 7645
    3187, 6374
    2386, 4772
    1249, 2499
    241, 482
    902, 1805
    2678, 5357
    2982, 5965
    1926, 3853
    94, 188
    3863, 7727
    26, 53
    1439, 2878
    2844, 5689
    3529, 7058
    134, 269
    3343, 6686
    3269, 6538
    1830, 3661
    1419, 2838
    3638, 7277
    1864, 3728
    2501, 5003
    2656, 5313
    1210, 2421
    3519, 7038
    2190, 4381
    382, 765
    3691, 7382
    1797, 3594
    1494, 2989
    2025, 4050
    1324, 2648
    3270, 6541
    1404, 2809
    2012, 4025
    1403, 2807
    2561, 5123
    3839, 7679
    1791, 3582
    1718, 3436
    3410, 6820
    2939, 5879
    3883, 7766
    3386, 6772
    1698, 3396
    3760, 7521
    1847, 3694
    1433, 2867
    1211, 2423
    1652, 3304
    1325, 2651
    3579, 7159
    556, 1113
    1249, 2498
    1395, 2791
    3556, 7113
    3885, 7771
    2550, 5100
    809, 1618
    3750, 7500
    1815, 3631
    1260, 2520
    2620, 5241
    2801, 5602
    2425, 4851
    2662, 5324
    2408, 4816
    2023, 4047
    2133, 4266
    984, 1969
    640, 1280
    1200, 2401
    1332, 2665
    1779, 3559
    2359, 4719
    2814, 5629
    654, 1309
    839, 1679
    3688, 7376
    2580, 5160
    2972, 5944
    2744, 5488
    1220, 2440
    2465, 4931
    2535, 5070
    475, 950
    1303, 2606
    1717, 3435
    1017, 2034
    1741, 3482
    2402, 4804
    2473, 4947
    2594, 5189
    2495, 4991
    3086, 6173
    1297, 2594
    378, 757
    879, 1759
    2410, 4821
    2977, 5954
    853, 1706
    28, 57
    1069, 2139
    1685, 3370
    1456, 2913
    1634, 3269
    2654, 5308
    2474, 4949
    2498, 4996
    1082, 2164
    427, 855
    2006, 4012
    2192, 4384
    1684, 3368
    2867, 5734
    1624, 3249
    2702, 5404
    257, 514
    2442, 4884
    3399, 6798
    2796, 5593
    433, 867
    1789, 3579
    744, 1488
    3919, 7838
    3819, 7638
    1205, 2410
    639, 1279
    795, 1591
    3229, 6459
    3160, 6320
    3466, 6933
    3745, 7491
    2453, 4907
    2406, 4813
    964, 1928
    1990, 3980
    2629, 5259
    1340, 2681
    128, 256
    2576, 5152
    923, 1846
    1738, 3477
    2736, 5472
    1964, 3929
    1987, 3975
    3250, 6500
    2755, 5510
    2356, 4713
    696, 1393
    407, 814
    2228, 4456
    1384, 2769
    1859, 3719
    1097, 2195
    2994, 5989
    3712, 7424
    1927, 3855
    2729, 5458
    185, 371
    2505, 5010
    45, 90
    782, 1565
    3696, 7393
    730, 1460
    1892, 3785
    726, 1453
    3788, 7577
    680, 1360
    3102, 6205
    2347, 4695
    3886, 7773
    2176, 4352
    22, 45
    2789, 5579
    2753, 5506
    1244, 2489
    2323, 4646
    2355, 4710
    3965, 7930
    3400, 6800
    1678, 3356
    3671, 7342
    1551, 3102
    445, 891
    238, 477
    2156, 4312
    2859, 5719
    3509, 7018
    2630, 5260
    1906, 3813
    337, 674
    94, 189
    1534, 3069
    55, 110
    1286, 2573
    2198, 4397
    3115, 6230
    3210, 6420
    595, 1190
    2251, 4502
    3055, 6111
    3455, 6910
    3281, 6563
    674, 1349
    1411, 2822
    2717, 5434
    2823, 5647
    39, 78
    2519, 5038
    1216, 2433
    29, 59
    1521, 3043
    1458, 2917
    3887, 7775
    2450, 4901
    848, 1696
    838, 1677
    311, 622
    2782, 5564
    268, 537
    3595, 7191
    1863, 3727
    67, 135
    943, 1887
    2255, 4510
    3442, 6885
    384, 768
    3443, 6886
    3887, 7774
    1185, 2371
    500, 1001
    833, 1666
    1333, 2666
    2508, 5017
    3640, 7280
    122, 245
    3840, 7681
    3011, 6023
    1443, 2886
    2213, 4427
    1676, 3352
    3040, 6080
    1900, 3800
    565, 1130
    1849, 3699
    3901, 7803
    1751, 3502
    1319, 2639
    1184, 2368
    1229, 2458
    1391, 2782
    3384, 6768
    1890, 3781
    3309, 6618
    672, 1344
    625, 1251
    1494, 2988
    190, 380
    2246, 4493
    2478, 4956
    2942, 5884
    258, 516
    1547, 3094
    1380, 2761
    199, 398
    791, 1583
    750, 1500
    849, 1699
    3564, 7129
    280, 560
    850, 1700
    775, 1551
    2700, 5400
    2749, 5499
    1588, 3176
    3222, 6445
    1529, 3058
    543, 1087
    2809, 5619
    1531, 3063
    3307, 6614
    1593, 3187
    3802, 7605
    3125, 6250
    1736, 3473
    100, 201
    2466, 4933
    1398, 2796
    1282, 2565
    2489, 4979
    1439, 2879
    805, 1610
    1813, 3626
    3979, 7958
    2069, 4139
    1913, 3826
    2854, 5709
    2313, 4626
    2908, 5816
    1891, 3783
    881, 1763
    1463, 2927
    239, 479
    1552, 3104
    2051, 4102
    3244, 6489
    363, 727
    2266, 4532
    3093, 6186
    720, 1441
    3689, 7379
    298, 597
    2772, 5545
    1422, 2844
    2921, 5842
    310, 620
    837, 1675
    903, 1806
    1374, 2748
    2004, 4009
    2864, 5729
    3763, 7527
    1146, 2292
    1484, 2968
    3746, 7493
    2773, 5546
    3288, 6576
    221, 442
    1497, 2995
    1094, 2189
    1481, 2963
    2554, 5109
    483, 966
    2229, 4459
    3082, 6164
    453, 906
    3177, 6355
    2420, 4841
    1110, 2221
    3326, 6652
    957, 1915
    2670, 5341
    436, 873
    3709, 7419
    1911, 3822
    1048, 2096
    3127, 6255
    3759, 7519
    458, 917
    3693, 7386
    3814, 7629
    3254, 6509
    135, 271
    3369, 6739
    69, 138
    966, 1932
    1291, 2583
    2345, 4691
    1113, 2227
    2316, 4632
    127, 254
    2289, 4579
    1673, 3346
    201, 403
    763, 1526
    2763, 5527
    1631, 3262
    1523, 3046
    454, 908
    626, 1253
    2170, 4340
    3229, 6458
    2082, 4165
    1734, 3468
    3825, 7651
    3897, 7794
    414, 829
    275, 551
    1448, 2897
    759, 1518
    3197, 6394
    1015, 2031
    2721, 5443
    2783, 5567
    2108, 4217
    2926, 5852
    3687, 7375
    3018, 6037
    2510, 5021
    2187, 4375
    2618, 5237
    2139, 4279
    1304, 2608
    1516, 3033
    327, 655
    3253, 6507
    3825, 7650
    3417, 6835
    1070, 2140
    3867, 7735
    39, 79
    3132, 6265
    2652, 5304
    2800, 5600
    3677, 7354
    3626, 7252
    2441, 4882
    252, 505
    294, 588
    620, 1241
    1359, 2718
    2001, 4002
    1839, 3678
    251, 503
    3847, 7695
    2209, 4419
    896, 1793
    979, 1959
    888, 1777
    3892, 7784
    1792, 3585
    2634, 5268
    1030, 2060
    77, 155
    274, 548
    193, 386
    2481, 4963
    1942, 3884
    3099, 6198
    3140, 6280
    1095, 2190
    3877, 7755
    3567, 7135
    3413, 6826
    3997, 7994
    3834, 7669
    3915, 7831
    2731, 5462
    1733, 3467
    1018, 2037
    189, 379
    134, 268
    3811, 7622
    1790, 3581
    3463, 6926
    2690, 5381
    1780, 3561
    3894, 7788
    3256, 6512
    1138, 2276
    1977, 3955
    2274, 4549
    3683, 7367
    3404, 6809
    3073, 6146
    2288, 4576
    3407, 6814
    3690, 7380
    332, 664
    1171, 2343
    2152, 4305
    3777, 7554
    2404, 4808
    2937, 5874
    2650, 5301
    1053, 2106
    263, 527
    2964, 5928
    3538, 7076
    592, 1185
    1812, 3624
    1440, 2881
    1897, 3795
    1714, 3428
    862, 1724
    3219, 6438
    286, 572
    2536, 5073
    2788, 5577
    1501, 3003
    2270, 4540
    1912, 3824
    1192, 2385
    3908, 7817
    281, 563
    2019, 4039
    7, 15
    3612, 7224
    3147, 6295
    2658, 5317
    2204, 4409
    3211, 6423
    1025, 2051
    3003, 6007
    3715, 7430
    3644, 7288
    2004, 4008
    2661, 5322
    3346, 6692
    1865, 3730
    3237, 6475
    2508, 5016
    2320, 4640
    328, 656
    733, 1467
    1311, 2622
    2564, 5128
    1690, 3381
    3898, 7796
    2701, 5402
    3355, 6711
    17, 35
    3463, 6927
    659, 1318
    1936, 3872
    3482, 6965
    3393, 6787
    3449, 6899
    3799, 7599
    837, 1674
    2028, 4057
    821, 1643
    1782, 3564
    2850, 5700
    278, 557
    12, 24
    405, 811
    1184, 2369
    1270, 2541
    781, 1563
    3743, 7486
    1467, 2934
    414, 828
    3783, 7566
    2382, 4765
    3344, 6689
    3560, 7121
    3875, 7750
    1875, 3750
    3713, 7427
    3726, 7453
    2511, 5023
    3277, 6554
    1565, 3131
    1991, 3982
    1220, 2441
    835, 1671
    3907, 7815
    2823, 5646
    1263, 2527
    1180, 2360
    3861, 7723
    596, 1192
    3459, 6918
    2818, 5637
    1731, 3463
    1627, 3255
    1621, 3243
    949, 1898
    321, 642
    2824, 5648
    948, 1896
    1848, 3696
    754, 1508
    658, 1316
    1150, 2301
    841, 1682
    1011, 2022
    3797, 7595
    149, 298
    2325, 4650
    2400, 4800
    2326, 4653
    3134, 6269
    2064, 4129
    799, 1599
    3891, 7783
    1140, 2281
    1538, 3077
    3399, 6799
    171, 343
    880, 1761
    1341, 2683
    373, 747
    2792, 5585
    2315, 4631
    1450, 2901
    3654, 7309
    1644, 3289
    1100, 2201
    944, 1888
    1716, 3432
    1503, 3006
    3151, 6302
    682, 1364
    42, 84
    2254, 4509
    1787, 3574
    1753, 3507
    172, 345
    13, 26
    3125, 6251
    1835, 3671
    3198, 6397
    1230, 2461
    3585, 7170
    3584, 7169
    150, 301
    538, 1076
    1573, 3146
    1165, 2330
    3340, 6680
    2103, 4206
    225, 451
    1086, 2172
    843, 1687
    2826, 5653
    1162, 2324
    806, 1612
    139, 279
    3979, 7959
    3311, 6622
    558, 1117
    3186, 6372
    2076, 4153
    2577, 5154
    1820, 3641
    901, 1802
    180, 361
    2294, 4589
    3554, 7108
    2438, 4877
    3186, 6373
    2236, 4473
    1816, 3633
    2320, 4641
    2599, 5198
    2915, 5831
    577, 1155
    1157, 2315
    3752, 7505
    1743, 3487
    1409, 2819
    139, 278
    2299, 4598
    1672, 3345
    3847, 7694
    1564, 3128
    600, 1201
    2570, 5140
    3516, 7032
    3702, 7405
    303, 606
    1881, 3763
    2686, 5373
    2358, 4716
    2950, 5900
    1722, 3444
    3852, 7704
    2128, 4257
    3197, 6395
    2079, 4158
    3312, 6624
    1449, 2899
    3974, 7948
    1441, 2883
    1028, 2057
    3298, 6596
    3702, 7404
    3613, 7226
    1384, 2768
    673, 1347
    3612, 7225
    2858, 5716
    465, 930
    3440, 6881
    1806, 3612
    2634, 5269
    3807, 7615
    535, 1070
    1533, 3067
    3207, 6415
    2925, 5851
    3711, 7423
    1155, 2311
    2504, 5008
    1862, 3725
    3952, 7904
    1513, 3027
    2344, 4688
    3517, 7035
    942, 1884
    223, 447
    2878, 5757
    2370, 4740
    2178, 4357
    2478, 4957
    2829, 5658
    814, 1628
    1762, 3524
    3199, 6398
    3845, 7690
    2158, 4316
    152, 304
    709, 1419
    1781, 3563
    1024, 2049
    2898, 5797
    1958, 3916
    93, 187
    1880, 3760
    3395, 6791
    3023, 6047
    2397, 4795
    3126, 6252
    354, 709
    3063, 6127
    3021, 6042
    243, 486
    2446, 4893
    945, 1891
    1135, 2271
    1317, 2635
    1637, 3275
    2290, 4580
    2575, 5150
    891, 1782
    3605, 7210
    2995, 5991
    2112, 4224
    2221, 4442
    3767, 7535
    2584, 5168
    3499, 6999
    678, 1357
    2000, 4001
    1844, 3688
    3236, 6472
    242, 484
    1544, 3088
    1060, 2120
    3403, 6806
    2085, 4170
    1893, 3786
    3637, 7275
    1283, 2567
    375, 750
    1451, 2902
    1636, 3272
    3162, 6325
    2912, 5824
    2678, 5356
    2846, 5692
    157, 315
    687, 1375
    2671, 5342
    2522, 5045
    1911, 3823
    1560, 3121
    83, 166
    2154, 4309
    1235, 2470
    1131, 2262
    1809, 3619
    113, 227
    3341, 6683
    550, 1101
    1009, 2018
    792, 1585
    3956, 7912
    602, 1204
    1103, 2206
    305, 611
    2612, 5225
    1010, 2021
    1992, 3985
    3917, 7835
    2071, 4142
    3785, 7571
    2917, 5834
    1360, 2721
    672, 1345
    969, 1938
    2290, 4581
    3334, 6668
    618, 1236
    145, 290
    3031, 6062
    3595, 7190
    2418, 4836
    2345, 4690
    2708, 5416
    1939, 3878
    1093, 2187
    166, 332
    1555, 3111
    3374, 6748
    1364, 2729
    1743, 3486
    1703, 3407
    247, 495
    3469, 6938
    2473, 4946
    101, 203
    814, 1629
    1609, 3219
    3236, 6473
    35, 70
    1085, 2170
    3910, 7820
    3169, 6339
    493, 987
    2616, 5232
    3196, 6392
    2868, 5737
    3716, 7433
    1951, 3903
    2397, 4794
    271, 542
    1607, 3215
    1493, 2986
    2141, 4282
    1124, 2249
    1002, 2005
    1903, 3807
    3556, 7112
    3980, 7961
    1293, 2586
    2938, 5876
    2186, 4373
    1673, 3347
    3225, 6451
    3991, 7983
    799, 1598
    1225, 2451
    3348, 6697
    3555, 7110
    850, 1701
    1310, 2621
    3668, 7337
    1558, 3117
    1196, 2392
    1115, 2231
    1779, 3558
    2094, 4188
    982, 1965
    3423, 6847
    3239, 6478
    972, 1944
    2054, 4108
    2190, 4380
    1224, 2448
    262, 525
    2809, 5618
    2183, 4366
    2621, 5242
    3599, 7198
    1723, 3447
    3617, 7234
    1868, 3736
    3330, 6660
    1965, 3930
    2387, 4775
    1582, 3164
    3787, 7575
    2831, 5662
    3942, 7885
    2816, 5633
    3537, 7074
    3527, 7055
    1599, 3198
    2720, 5440
    2262, 4525
    151, 302
    2250, 4500
    786, 1572
    2842, 5685
    1049, 2099
    1721, 3443
    2010, 4021
    2754, 5509
    3215, 6430
    2810, 5621
    2820, 5640
    935, 1870
    1008, 2017
    3234, 6469
    3870, 7741
    2700, 5401
    3221, 6442
    532, 1065
    935, 1871
    3920, 7840
    1998, 3997
    2170, 4341
    2138, 4276
    209, 418
    836, 1672
    1638, 3277
    1064, 2129
    2477, 4954
    1978, 3957
    3071, 6142
    979, 1958
    2271, 4543
    636, 1273
    3446, 6892
    740, 1480
    3679, 7359
    412, 825
    1145, 2290
    1687, 3374
    3075, 6151
    2425, 4850
    3085, 6170
    140, 281
    3056, 6113
    2346, 4692
    3179, 6359
    2582, 5164
    2153, 4307
    2581, 5162
    57, 114
    2541, 5083
    485, 970
    2719, 5439
    2761, 5523
    2677, 5354
    3101, 6202
    255, 511
    3339, 6678
    1388, 2777
    178, 357
    1120, 2240
    1723, 3446
    434, 869
    1564, 3129
    3816, 7632
    3391, 6782
    2636, 5273
    3533, 7067
    1855, 3711
    1231, 2463
    2858, 5717
    1667, 3334
    218, 437
    197, 395
    89, 179
    3654, 7308
    2560, 5120
    2343, 4687
    103, 207
    3293, 6587
    143, 286
    1475, 2951
    100, 200
    1289, 2579
    2880, 5760
    3829, 7658
    920, 1841
    3172, 6345
    867, 1734
    1827, 3654
    1251, 2503
    3615, 7230
    1132, 2265
    3498, 6996
    2794, 5588
    1414, 2828
    2492, 4985
    960, 1920
    450, 900
    2007, 4015
    2218, 4437
    2443, 4887
    536, 1072
    684, 1369
    1599, 3199
    1073, 2147
    1761, 3522
    1436, 2873
    3977, 7954
    2334, 4669
    3594, 7189
    2468, 4937
    3528, 7056
    2740, 5481
    3450, 6900
    780, 1561
    1961, 3923
    3916, 7832
    1949, 3899
    3996, 7993
    826, 1653
    1846, 3692
    1839, 3679
    417, 835
    3272, 6545
    3693, 7387
    3110, 6221
    3012, 6024
    2552, 5105
    890, 1781
    1013, 2027
    1737, 3475
    963, 1926
    2260, 4520
    2240, 4481
    1952, 3904
    1915, 3831
    221, 443
    3409, 6818
    3617, 7235
    564, 1129
    974, 1949
    2938, 5877
    921, 1843
    3662, 7324
    611, 1222
    1966, 3933
    1603, 3207
    396, 792
    265, 531
    2336, 4673
    1241, 2482
    3296, 6593
    400, 801
    3392, 6785
    2545, 5091
    469, 938
    1354, 2708
    1342, 2685
    3565, 7131
    153, 306
    415, 831
    3092, 6184
    1770, 3540
    3072, 6144
    443, 886
    3988, 7977
    2319, 4638
    209, 419
    2318, 4637
    868, 1737
    2372, 4745
    2043, 4086
    3410, 6821
    2086, 4172
    3933, 7867
    1363, 2727
    2599, 5199
    1486, 2973
    2523, 5046
    416, 833
    2087, 4174
    881, 1762
    3684, 7368
    3607, 7215
    3562, 7124
    46, 93
    832, 1665
    815, 1630
    3542, 7085
    1575, 3151
    882, 1764
    3392, 6784
    2692, 5384
    965, 1930
    1119, 2239
    2971, 5943
    3927, 7854
    370, 741
    3072, 6145
    848, 1697
    1685, 3371
    474, 949
    2644, 5289
    3097, 6194
    3559, 7118
    3575, 7150
    851, 1702
    1451, 2903
    2608, 5216
    133, 267
    3114, 6228
    168, 336
    591, 1182
    1648, 3296
    2273, 4546
    2631, 5263
    1322, 2644
    865, 1730
    790, 1581
    3904, 7809
    2530, 5061
    3329, 6659
    455, 910
    2208, 4416
    1634, 3268
    2426, 4852
    2426, 4853
    3680, 7361
    3913, 7826
    1526, 3052
    3348, 6696
    1495, 2990
    1582, 3165
    516, 1032
    37, 75
    165, 330
    615, 1230
    1408, 2816
    2234, 4468
    3085, 6171
    2427, 4854
    342, 685
    3206, 6413
    1727, 3455
    2987, 5974
    488, 977
    937, 1875
    2405, 4811
    3756, 7513
    1300, 2601
    3945, 7891
    2487, 4975
    3752, 7504
    1398, 2797
    121, 243
    231, 463
    2283, 4566
    2272, 4544
    3325, 6650
    1067, 2135
    3528, 7057
    3076, 6153
    2298, 4596
    2440, 4880
    2922, 5844
    1369, 2738
    1067, 2134
    1694, 3388
    441, 883
    3327, 6655
    3405, 6811
    1142, 2285
    2985, 5971
    760, 1521
    1161, 2322
    1173, 2347
    2354, 4708
    3798, 7596
    518, 1036
    429, 858
    3333, 6667
    3917, 7834
    2428, 4857
    2363, 4726
    856, 1713
    1421, 2843
    671, 1342
    534, 1068
    1258, 2517
    857, 1714
    617, 1234
    3266, 6532
    1107, 2214
    1266, 2532
    424, 849
    3274, 6548
    2827, 5654
    1197, 2395
    2157, 4314
    829, 1658
    1679, 3359
    154, 309
    1867, 3735
    2034, 4068
    748, 1497
    2837, 5674
    827, 1655
    1892, 3784
    3515, 7031
    3045, 6091
    2906, 5812
    1626, 3253
    3237, 6474
    2042, 4085
    1188, 2376
    583, 1167
    3728, 7456
    1413, 2826
    1734, 3469
    3766, 7533
    1622, 3245
    2454, 4909
    2997, 5995
    553, 1106
    2940, 5881
    2509, 5019
    1923, 3847
    2759, 5518
    1479, 2958
    1967, 3935
    2710, 5421
    2312, 4625
    1598, 3196
    513, 1026
    817, 1634
    2268, 4536
    2364, 4728
    2603, 5206
    2959, 5918
    1038, 2076
    545, 1090
    1584, 3169
    3508, 7017
    903, 1807
    27, 54
    928, 1856
    1767, 3535
    2553, 5106
    3863, 7726
    63, 127
    3007, 6015
    3004, 6009
    1111, 2222
    3569, 7138
    2849, 5699
    3096, 6192
    117, 234
    2996, 5992
    1279, 2558
    3740, 7481
    2080, 4161
    1425, 2851
    3874, 7748
    1284, 2569
    1874, 3748
    72, 145
    3918, 7836
    3944, 7889
    3223, 6446
    933, 1866
    1597, 3194
    2356, 4712
    651, 1303
    1840, 3680
    3461, 6922
    3786, 7572
    3303, 6607
    3841, 7683
    685, 1370
    3084, 6168
    1269, 2539
    250, 500
    3959, 7918
    1651, 3303
    1741, 3483
    3864, 7729
    2022, 4044
    1986, 3973
    2516, 5033
    3521, 7043
    939, 1878
    2512, 5024
    3548, 7096
    12, 25
    1764, 3529
    3321, 6643
    2825, 5651
    2559, 5118
    1185, 2370
    1590, 3181
    3112, 6224
    387, 775
    2324, 4649
    1675, 3351
    1806, 3613
    126, 252
    559, 1118
    1497, 2994
    3725, 7451
    1000, 2000
    3911, 7822
    2402, 4805
    2698, 5397
    1748, 3497
    2435, 4870
    1883, 3766
    2384, 4769
    645, 1291
    818, 1636
    847, 1695
    1695, 3391
    608, 1216
    1441, 2882
    3732, 7464
    3407, 6815
    1531, 3062
    1532, 3065
    331, 662
    1833, 3666
    1376, 2753
    734, 1469
    1062, 2125
    3059, 6118
    1299, 2598
    3806, 7613
    1476, 2952
    1714, 3429
    1617, 3235
    757, 1514
    1829, 3658
    3121, 6243
    3772, 7545
    1046, 2092
    1465, 2930
    677, 1355
    2525, 5050
    393, 786
    2542, 5084
    2561, 5122
    3368, 6737
    2386, 4773
    2383, 4766
    3119, 6238
    456, 913
    2070, 4141
    3992, 7985
    2458, 4917
    759, 1519
    3868, 7737
    871, 1743
    3430, 6861
    1033, 2066
    2355, 4711
    1478, 2956
    768, 1537
    1677, 3354
    265, 530
    3765, 7530
    1519, 3038
    2807, 5614
    2769, 5539
    2353, 4707
    353, 706
    1402, 2804
    1504, 3009
    1505, 3011
    40, 81
    2409, 4818
    971, 1943
    65, 130
    2308, 4616
    1410, 2820
    1180, 2361
    1512, 3024
    3633, 7266
    1593, 3186
    1668, 3337
    764, 1529
    2243, 4487
    618, 1237
    571, 1143
    321, 643
    634, 1269
    2373, 4746
    666, 1332
    2186, 4372
    3178, 6356
    79, 158
    675, 1351
    2309, 4618
    1352, 2704
    2451, 4903
    556, 1112
    410, 821
    3524, 7049
    242, 485
    22, 44
    3713, 7426
    938, 1876
    1122, 2245
    2565, 5130
    3256, 6513
    3015, 6030
    1210, 2420
    2766, 5533
    1477, 2954
    3415, 6830
    3891, 7782
    1075, 2150
    3185, 6371
    3947, 7894
    3976, 7953
    2022, 4045
    2214, 4429
    3383, 6767
    2343, 4686
    987, 1974
    2930, 5860
    613, 1226
    1281, 2563
    2207, 4414
    3003, 6006
    3904, 7808
    3182, 6364
    3648, 7296
    467, 935
    3027, 6054
    2930, 5861
    3830, 7661
    2147, 4295
    3895, 7790
    1305, 2610
    3903, 7807
    3910, 7821
    3228, 6456
    2897, 5795
    2143, 4287
    1811, 3622
    975, 1950
    2129, 4259
    3590, 7180
    193, 387
    947, 1895
    3427, 6854
    1087, 2174
    1386, 2772
    2393, 4787
    1972, 3945
    1366, 2732
    3278, 6556
    3835, 7670
    3220, 6440
    2705, 5411
    2148, 4297
    1733, 3466
    1055, 2110
    42, 85
    239, 478
    561, 1123
    428, 857
    3485, 6970
    228, 456
    3935, 7871
    1639, 3278
    3156, 6313
    2848, 5697
    420, 841
    1905, 3811
    721, 1442
    2853, 5706
    869, 1738
    1024, 2048
    1880, 3761
    51, 103
    2777, 5555
    3822, 7644
    1328, 2657
    150, 300
    2452, 4904
    2648, 5296
    3714, 7429
    1823, 3646
    1556, 3113
    3382, 6764
    2624, 5249
    3902, 7804
    955, 1911
    1423, 2847
    999, 1998
    646, 1292
    1824, 3649
    7, 14
    3604, 7208
    1083, 2166
    2845, 5690
    1206, 2413
    2521, 5042
    1470, 2940
    711, 1423
    2549, 5098
    1838, 3676
    81, 162
    1429, 2859
    307, 615
    1310, 2620
    2567, 5134
    3427, 6855
    3335, 6671
    1307, 2615
    1240, 2480
    3661, 7322
    2214, 4428
    181, 363
    1950, 3900
    3387, 6774
    3300, 6600
    1397, 2795
    2745, 5491
    1572, 3144
    233, 467
    1474, 2948
    1361, 2723
    1475, 2950
    1028, 2056
    213, 427
    3503, 7007
    706, 1412
    2814, 5628
    340, 680
    3705, 7410
    1948, 3897
    1061, 2122
    3792, 7585
    3405, 6810
    2257, 4515
    749, 1499
    2906, 5813
    907, 1814
    3065, 6131
    3320, 6641
    2558, 5117
    1140, 2280
    1428, 2856
    1074, 2148
    1869, 3738
    1576, 3153
    629, 1258
    373, 746
    3961, 7922
    1399, 2799
    437, 874
    1205, 2411
    2461, 4923
    3130, 6261
    2360, 4720
    3107, 6214
    61, 122
    1355, 2711
    1256, 2513
    1952, 3905
    1830, 3660
    2471, 4943
    1644, 3288
    3048, 6097
    822, 1644
    1081, 2163
    1234, 2468
    2108, 4216
    1123, 2247
    968, 1937
    3034, 6068
    2046, 4093
    81, 163
    2727, 5455
    2116, 4233
    3652, 7305
    1894, 3789
    3066, 6133
    1270, 2540
    74, 148
    3658, 7316
    20, 41
    3192, 6384
    2757, 5514
    2338, 4676
    804, 1608
    2282, 4564
    431, 863
    2411, 4823
    1347, 2695
    2928, 5856
    444, 888
    27, 55
    3043, 6087
    1396, 2792
    1784, 3569
    3449, 6898
    312, 624
    2818, 5636
    1321, 2643
    1274, 2548
    3580, 7161
    3770, 7540
    1829, 3659
    1852, 3704
    1094, 2188
    3831, 7663
    3204, 6408
    3488, 6977
    2886, 5772
    2348, 4696
    1286, 2572
    3789, 7578
    3022, 6045
    1259, 2519
    2713, 5427
    2280, 4560
    3791, 7583
    1608, 3216
    1013, 2026
    2321, 4643
    2337, 4674
    1876, 3752
    205, 411
    3375, 6751
    3843, 7687
    2436, 4872
    1646, 3292
    2755, 5511
    3327, 6654
    2268, 4537
    1226, 2453
    2501, 5002
    519, 1038
    863, 1726
    2138, 4277
    2880, 5761
    3460, 6921
    3275, 6550
    2146, 4293
    2604, 5209
    3123, 6246
    2524, 5049
    3464, 6929
    57, 115
    1619, 3239
    3745, 7490
    2664, 5328
    3804, 7609
    1776, 3552
    2518, 5036
    2975, 5951
    2416, 4833
    3960, 7921
    2292, 4584
    2459, 4919
    170, 340
    432, 864
    3291, 6582
    402, 804
    950, 1901
    872, 1744
    3035, 6070
    3975, 7950
    998, 1997
    204, 409
    3176, 6353
    2071, 4143
    2526, 5052
    3803, 7606
    2861, 5723
    3927, 7855
    2680, 5361
    1284, 2568
    2197, 4394
    2681, 5362
    3016, 6032
    1534, 3068
    2317, 4635
    1278, 2556
    1045, 2091
    2033, 4066
    3424, 6849
    919, 1838
    2735, 5470
    222, 444
    3144, 6288
    1514, 3029
    376, 752
    203, 406
    2784, 5568
    3964, 7929
    682, 1365
    10, 21
    646, 1293
    44, 89
    1855, 3710
    2970, 5941
    657, 1314
    3441, 6882
    1562, 3125
    3937, 7874
    1126, 2253
    3287, 6574
    266, 532
    84, 169
    1174, 2348
    3778, 7557
    2851, 5702
    2594, 5188
    2638, 5277
    3643, 7287
    1773, 3546
    2734, 5469
    3616, 7232
    3128, 6257
    339, 678
    2315, 4630
    992, 1985
    1480, 2961
    2683, 5366
    3087, 6175
    806, 1613
    1195, 2390
    2278, 4557
    2688, 5377
    207, 415
    512, 1024
    379, 759
    587, 1174
    3576, 7153
    99, 198
    1287, 2574
    3465, 6931
    2232, 4465
    90, 180
    2469, 4938
    3412, 6824
    1262, 2524
    2205, 4410
    2379, 4759
    2574, 5148
    3280, 6561
    71, 142
    824, 1649
    1536, 3073
    2941, 5882
    1468, 2936
    1482, 2965
    2993, 5986
    3955, 7911
    993, 1986
    2613, 5227
    1316, 2632
    3000, 6001
    1406, 2812
    73, 146
    3600, 7201
    1041, 2082
    3254, 6508
    3277, 6555
    3467, 6934
    2903, 5806
    1799, 3598
    3739, 7478
    2750, 5500
    3573, 7147
    521, 1042
    1843, 3687
    3469, 6939
    2870, 5741
    3050, 6101
    3206, 6412
    2961, 5922
    1066, 2132
    1393, 2787
    3444, 6888
    900, 1800
    1392, 2785
    2910, 5821
    2098, 4196
    1060, 2121
    1654, 3309
    2596, 5192
    169, 338
    855, 1710
    371, 742
    2524, 5048
    1372, 2745
    1173, 2346
    2021, 4042
    2859, 5718
    2519, 5039
    2142, 4284
    1955, 3911
    2798, 5597
    3015, 6031
    425, 851
    3634, 7268
    3051, 6103
    3946, 7892
    418, 837
    1015, 2030
    3805, 7610
    3665, 7331
    2102, 4205
    421, 842
    613, 1227
    3879, 7759
    89, 178
    3881, 7763
    3116, 6232
    742, 1485
    1399, 2798
    765, 1531
    2452, 4905
    2450, 4900
    3416, 6832
    3958, 7916
    1769, 3539
    1008, 2016
    2092, 4184
    1988, 3976
    3294, 6588
    3658, 7317
    3754, 7509
    3837, 7675
    2192, 4385
    3731, 7462
    443, 887
    2669, 5339
    2676, 5353
    667, 1335
    1005, 2010
    3177, 6354
    931, 1862
    1506, 3012
    3903, 7806
    1689, 3378
    3038, 6077
    1655, 3311
    200, 401
    3961, 7923
    127, 255
    2216, 4433
    1209, 2419
    2389, 4779
    2567, 5135
    1742, 3484
    439, 878
    2563, 5126
    1195, 2391
    947, 1894
    3791, 7582
    462, 924
    3124, 6249
    279, 558
    727, 1454
    2430, 4861
    3290, 6581
    271, 543
    3473, 6946
    3406, 6812
    1682, 3364
    186, 373
    1160, 2321
    577, 1154
    1982, 3965
    3481, 6962
    2497, 4994
    1306, 2612
    1974, 3949
    3145, 6290
    1642, 3285
    1887, 3775
    3136, 6272
    3627, 7254
    3786, 7573
    2075, 4150
    3939, 7879
    2569, 5139
    1898, 3797
    575, 1150
    3242, 6484
    423, 846
    3728, 7457
    1100, 2200
    1746, 3493
    1467, 2935
    789, 1578
    3279, 6559
    1956, 3912
    3457, 6915
    985, 1970
    2825, 5650
    2376, 4753
    2207, 4415
    1012, 2024
    1206, 2412
    1990, 3981
    3651, 7302
    1207, 2414
    3729, 7458
    3027, 6055
    3824, 7648
    2996, 5993
    1176, 2352
    499, 998
    3401, 6802
    603, 1207
    735, 1470
    1445, 2891
    2264, 4528
    2761, 5522
    3976, 7952
    2048, 4097
    428, 856
    351, 703
    3016, 6033
    3884, 7769
    2093, 4187
    3388, 6776
    3705, 7411
    3295, 6590
    1040, 2080
    448, 897
    2805, 5610
    1776, 3553
    2189, 4379
    3401, 6803
    2740, 5480
    2185, 4371
    110, 220
    1600, 3200
    1418, 2837
    691, 1383
    2723, 5446
    1029, 2059
    2191, 4382
    498, 996
    1550, 3100
    2805, 5611
    3436, 6873
    3434, 6868
    987, 1975
    952, 1905
    1394, 2789
    797, 1595
    1166, 2332
    1471, 2942
    441, 882
    2855, 5710
    1084, 2169
    238, 476
    3408, 6816
    1520, 3040
    2015, 4031
    1098, 2196
    2844, 5688
    430, 860
    2728, 5457
    1381, 2762
    791, 1582
    1090, 2181
    2413, 4827
    1020, 2041
    3077, 6155
    245, 491
    3171, 6342
    1707, 3414
    3192, 6385
    1106, 2212
    2511, 5022
    3458, 6917
    3737, 7474
    2929, 5859
    885, 1770
    2109, 4219
    182, 364
    564, 1128
    1500, 3001
    3230, 6460
    3135, 6271
    54, 108
    1050, 2100
    1704, 3408
    2238, 4476
    736, 1472
    3571, 7143
    3880, 7760
    2163, 4327
    2611, 5223
    2536, 5072
    537, 1074
    466, 932
    1307, 2614
    115, 230
    1242, 2484
    676, 1353
    627, 1255
    454, 909
    2213, 4426
    320, 640
    2985, 5970
    2341, 4683
    918, 1837
    3757, 7515
    1636, 3273
    2101, 4202
    3451, 6903
    932, 1865
    2149, 4299
    3666, 7333
    2635, 5270
    188, 376
    1485, 2970
    3333, 6666
    2821, 5642
    3657, 7315
    1812, 3625
    2587, 5175
    2294, 4588
    3925, 7850
    1585, 3171
    3120, 6240
    1679, 3358
    909, 1818
    3216, 6433
    1556, 3112
    3550, 7101
    3743, 7487
    2038, 4077
    3246, 6493
    3615, 7231
    3099, 6199
    452, 905
    3506, 7013
    3267, 6534
    1567, 3134
    226, 452
    1129, 2258
    1700, 3400
    2951, 5902
    2360, 4721
    3764, 7529
    589, 1178
    3253, 6506
    1248, 2496
    3001, 6003
    3770, 7541
    3938, 7876
    3102, 6204
    3470, 6940
    488, 976
    3381, 6763
    146, 292
    869, 1739
    807, 1615
    3431, 6863
    753, 1507
    2981, 5963
    1874, 3749
    1385, 2771
    819, 1638
    195, 390
    2581, 5163
    2100, 4201
    2017, 4034
    1700, 3401
    132, 264
    2775, 5551
    3744, 7488
    2440, 4881
    3732, 7465
    3462, 6925
    3833, 7667
    823, 1646
    2124, 4249
    1720, 3440
    2580, 5161
    1305, 2611
    2746, 5492
    107, 215
    1557, 3115
    701, 1402
    1159, 2318
    3343, 6687
    1660, 3320
    1615, 3231
    3941, 7883
    122, 244
    440, 880
    2244, 4489
    2666, 5332
    900, 1801
    3006, 6012
    717, 1435
    2448, 4896
    3535, 7071
    1611, 3222
    521, 1043
    372, 744
    3266, 6533
    179, 358
    2739, 5479
    56, 112
    3180, 6360
    2653, 5307
    3522, 7044
    2203, 4406
    1860, 3721
    2346, 4693
    2826, 5652
    718, 1437
    17, 34
    3328, 6657
    1203, 2407
    3748, 7496
    2335, 4671
    1763, 3527
    3362, 6724
    956, 1912
    3757, 7514
    34, 69
    1640, 3280
    3351, 6703
    2445, 4890
    2629, 5258
    59, 118
    2962, 5924
    3481, 6963
    1442, 2884
    610, 1221
    2310, 4620
    1230, 2460
    411, 822
    3987, 7974
    1417, 2834
    3139, 6279
    3385, 6771
    1146, 2293
    1346, 2692
    290, 580
    1450, 2900
    1690, 3380
    2350, 4701
    49, 99
    1244, 2488
    2378, 4757
    3674, 7349
    3876, 7753
    3646, 7293
    1268, 2537
    2685, 5370
    1369, 2739
    2540, 5081
    3, 6
    3238, 6477
    3308, 6616
    2233, 4467
    1526, 3053
    615, 1231
    358, 717
    2326, 4652
    3033, 6067
    2354, 4709
    1191, 2383
    2133, 4267
    3873, 7746
    2697, 5394
    3091, 6182
    2017, 4035
    701, 1403
    770, 1540
    2433, 4867
    199, 399
    2657, 5314
    68, 137
    300, 600
    2021, 4043
    249, 498
    3772, 7544
    875, 1751
    1065, 2131
    3179, 6358
    1793, 3587
    198, 396
    2491, 4983
    2409, 4819
    2480, 4961
    3627, 7255
    653, 1307
    3319, 6639
    694, 1388
    3165, 6330
    401, 803
    3252, 6505
    2489, 4978
    2933, 5867
    2285, 4570
    1854, 3708
    3040, 6081
    1327, 2654
    884, 1768
    276, 552
    2194, 4388
    1023, 2047
    2332, 4664
    2771, 5542
    3991, 7982
    3978, 7956
    1686, 3372
    1598, 3197
    761, 1522
    3372, 6744
    318, 636
    3374, 6749
    2732, 5464
    3505, 7010
    1661, 3323
    686, 1373
    3390, 6780
    2551, 5102
    2911, 5822
    1047, 2094
    3721, 7443
    1236, 2472
    3739, 7479
    1548, 3096
    3014, 6029
    1443, 2887
    486, 973
    3677, 7355
    817, 1635
    1151, 2302
    2934, 5869
    2975, 5950
    725, 1450
    666, 1333
    3280, 6560
    1202, 2405
    1429, 2858
    2304, 4609
    878, 1756
    1380, 2760
    3503, 7006
    3276, 6553
    2922, 5845
    1620, 3240
    2988, 5977
    2441, 4883
    3357, 6715
    2137, 4274
    3864, 7728
    1940, 3881
    3051, 6102
    3616, 7233
    3580, 7160
    912, 1825
    3464, 6928
    1775, 3551
    3982, 7964
    1276, 2552
    157, 314
    3070, 6140
    2126, 4253
    1814, 3628
    1034, 2069
    2416, 4832
    1454, 2908
    1082, 2165
    1350, 2701
    1540, 3081
    3249, 6499
    113, 226
    784, 1568
    2680, 5360
    3798, 7597
    3983, 7966
    1959, 3918
    828, 1656
    460, 920
    992, 1984
    380, 761
    337, 675
    3331, 6663
    690, 1380
    2420, 4840
    1472, 2945
    2300, 4600
    2833, 5667
    541, 1083
    1390, 2781
    3364, 6728
    1720, 3441
    567, 1135
    3189, 6378
    2628, 5256
    3599, 7199
    3338, 6676
    1854, 3709
    2096, 4193
    3100, 6200
    3842, 7684
    320, 641
    641, 1283
    3324, 6648
    3306, 6612
    2365, 4731
    730, 1461
    3487, 6974
    3592, 7184
    109, 218
    3307, 6615
    1696, 3392
    635, 1271
    3549, 7099
    2494, 4989
    28, 56
    1821, 3642
    3795, 7590
    2003, 4007
    637, 1274
    2485, 4971
    1219, 2439
    1349, 2699
    1231, 2462
    3353, 6706
    3304, 6609
    539, 1079
    455, 911
    3322, 6644
    1866, 3732
    3603, 7206
    97, 194
    3517, 7034
    3890, 7780
    119, 238
    1160, 2320
    1917, 3835
    1113, 2226
    3355, 6710
    1595, 3191
    3600, 7200
    276, 553
    2839, 5679
    3638, 7276
    1860, 3720
    3047, 6094
    2785, 5571
    3698, 7396
    2323, 4647
    3850, 7700
    3008, 6017
    578, 1157
    3589, 7178
    654, 1308
    2562, 5124
    2541, 5082
    3324, 6649
    3243, 6486
    25, 50
    1876, 3753
    1130, 2261
    2295, 4590
    367, 735
    692, 1384
    1358, 2716
    1412, 2825
    241, 483
    2926, 5853
    1571, 3142
    1003, 2007
    1216, 2432
    2020, 4040
    3834, 7668
    1973, 3946
    268, 536
    1344, 2688
    507, 1015
    2413, 4826
    1750, 3501
    3641, 7282
    3286, 6572
    1016, 2033
    1782, 3565
    3663, 7327
    772, 1545
    255, 510
    47, 94
    1623, 3246
    370, 740
    3090, 6181
    409, 819
    2237, 4474
    1376, 2752
    2910, 5820
    1825, 3650
    692, 1385
    1329, 2659
    2770, 5540
    3245, 6491
    3944, 7888
    1088, 2176
    2817, 5634
    728, 1457
    533, 1067
    2937, 5875
    772, 1544
    3068, 6136
    391, 782
    3439, 6879
    1713, 3427
    574, 1149
    390, 781
    1175, 2350
    2470, 4940
    1818, 3637
    2335, 4670
    2446, 4892
    3127, 6254
    916, 1833
    2487, 4974
    832, 1664
    2139, 4278
    2348, 4697
    1374, 2749
    3673, 7346
    2000, 4000
    1542, 3085
    392, 784
    409, 818
    1499, 2999
    1470, 2941
    2646, 5292
    859, 1719
    2305, 4611
    602, 1205
    562, 1125
    2421, 4843
    386, 773
    3914, 7828
    3057, 6114
    3233, 6467
    368, 736
    3019, 6039
    2879, 5759
    156, 313
    2113, 4226
    222, 445
    3455, 6911
    476, 952
    752, 1504
    1777, 3555
    3970, 7941
    1971, 3942
    497, 994
    1986, 3972
    2708, 5417
    3812, 7625
    3758, 7517
    2405, 4810
    670, 1341
    2073, 4147
    3444, 6889
    2058, 4117
    1108, 2217
    3873, 7747
    3781, 7562
    790, 1580
    2558, 5116
    699, 1399
    779, 1559
    1955, 3910
    732, 1465
    531, 1063
    2795, 5590
    3328, 6656
    3507, 7015
    3389, 6778
    3030, 6060
    3028, 6056
    1755, 3510
    1651, 3302
    1223, 2447
    3083, 6166
    1912, 3825
    2923, 5847
    3443, 6887
    876, 1753
    58, 116
    2853, 5707
    1148, 2296
    3095, 6190
    3692, 7384
    1373, 2747
    2746, 5493
    1643, 3287
    1360, 2720
    2188, 4376
    3241, 6482
    1817, 3634
    1246, 2493
    3563, 7127
    2115, 4230
    1090, 2180
    3313, 6627
    1350, 2700
    2011, 4023
    3860, 7720
    3718, 7436
    1401, 2803
    1853, 3706
    3182, 6365
    1207, 2415
    1149, 2298
    3073, 6147
    1296, 2592
    3226, 6453
    529, 1059
    2605, 5211
    2371, 4742
    259, 519
    823, 1647
    3176, 6352
    628, 1257
    1699, 3398
    44, 88
    3022, 6044
    1826, 3653
    30, 60
    2330, 4660
    913, 1826
    3018, 6036
    2442, 4885
    162, 324
    2947, 5895
    1606, 3212
    859, 1718
    3875, 7751
    1507, 3015
    2779, 5558
    2537, 5075
    3649, 7298
    2660, 5320
    1568, 3136
    1473, 2947
    3214, 6429
    726, 1452
    2998, 5996
    941, 1882
    3106, 6212
    196, 392
    2765, 5531
    256, 513
    3137, 6274
    793, 1587
    2734, 5468
    3652, 7304
    1315, 2630
    225, 450
    448, 896
    3568, 7136
    3133, 6266
    566, 1133
    3491, 6982
    76, 153
    3958, 7917
    2301, 4603
    344, 688
    5, 11
    572, 1145
    3301, 6603
    1973, 3947
    3024, 6049
    106, 213
    3459, 6919
    3021, 6043
    2957, 5914
    2128, 4256
    593, 1186
    3860, 7721
    1355, 2710
    3909, 7819
    1383, 2767
    3260, 6521
    2491, 4982
    1300, 2600
    1719, 3439
    3564, 7128
    1539, 3078
    2699, 5398
    3020, 6040
    3964, 7928
    2305, 4610
    2509, 5018
    2299, 4599
    2164, 4329
    2171, 4343
    1864, 3729
    198, 397
    449, 898
    712, 1425
    1801, 3602
    1277, 2554
    451, 902
    3412, 6825
    2904, 5809
    2246, 4492
    2049, 4099
    801, 1603
    1112, 2224
    738, 1476
    2546, 5093
    2803, 5606
    2551, 5103
    74, 149
    1212, 2424
    3169, 6338
    1105, 2211
    3596, 7192
    2715, 5431
    2065, 4131
    1970, 3941
    3508, 7016
    2611, 5222
    2415, 4831
    1406, 2813
    3524, 7048
    2033, 4067
    2704, 5409
    1288, 2576
    2241, 4482
    2526, 5053
    970, 1940
    3900, 7801
    548, 1097
    1320, 2640
    495, 991
    920, 1840
    3078, 6157
    3793, 7586
    407, 815
    1778, 3557
    1802, 3604
    3132, 6264
    514, 1029
    266, 533
    946, 1893
    926, 1852
    2045, 4091
    718, 1436
    1430, 2860
    573, 1147
    230, 460
    3313, 6626
    1878, 3757
    1238, 2476
    3230, 6461
    3264, 6529
    3840, 7680
    2114, 4229
    3922, 7844
    371, 743
    3419, 6838
    2697, 5395
    3559, 7119
    1867, 3734
    3013, 6026
    2767, 5535
    1464, 2929
    3138, 6277
    3345, 6690
    2130, 4260
    2610, 5220
    865, 1731
    3824, 7649
    2967, 5934
    3379, 6758
    3858, 7717
    725, 1451
    3667, 7335
    3656, 7313
    1068, 2137
    1653, 3306
    3311, 6623
    2649, 5298
    715, 1430
    2566, 5133
    1383, 2766
    3129, 6259
    3940, 7881
    2878, 5756
    1853, 3707
    2175, 4350
    704, 1409
    3694, 7389
    1650, 3301
    3383, 6766
    3461, 6923
    1237, 2475
    3684, 7369
    3062, 6124
    3495, 6990
    888, 1776
    408, 816
    2378, 4756
    2362, 4724
    335, 670
    1152, 2304
    384, 769
    3653, 7307
    3989, 7979
    1655, 3310
    3419, 6839
    490, 980
    2589, 5178
    619, 1238
    463, 926
    236, 472
    576, 1152
    2895, 5790
    576, 1153
    2716, 5432
    1985, 3970
    1899, 3799
    1601, 3203
    365, 731
    3048, 6096
    3730, 7460
    208, 417
    433, 866
    2888, 5776
    3672, 7344
    1063, 2126
    3667, 7334
    2144, 4289
    2920, 5840
    325, 650
    986, 1972
    1946, 3893
    651, 1302
    2284, 4569
    3472, 6945
    695, 1390
    764, 1528
    2619, 5238
    3775, 7550
    2660, 5321
    2696, 5393
    775, 1550
    6, 12
    3539, 7078
    3121, 6242
    3506, 7012
    1365, 2730
    1268, 2536
    1342, 2684
    3108, 6216
    1319, 2638
    1551, 3103
    460, 921
    477, 955
    2921, 5843
    2713, 5426
    1459, 2918
    3829, 7659
    668, 1336
    1294, 2589
    2707, 5414
    358, 716
    713, 1426
    1302, 2605
    3969, 7939
    3856, 7712
    2476, 4952
    2401, 4802
    2198, 4396
    396, 793
    632, 1264
    2036, 4073
    897, 1794
    3290, 6580
    3784, 7568
    2887, 5774
    522, 1044
    1888, 3777
    664, 1329
    1007, 2015
    1407, 2814
    1842, 3685
    3319, 6638
    3276, 6552
    1193, 2386
    1486, 2972
    1318, 2636
    1904, 3809
    3948, 7897
    3315, 6630
    293, 587
    3914, 7829
    786, 1573
    3157, 6315
    2572, 5145
    1737, 3474
    3120, 6241
    842, 1684
    3851, 7702
    1758, 3516
    3785, 7570
    1543, 3086
    3632, 7265
    3821, 7642
    2741, 5483
    1769, 3538
    1991, 3983
    1092, 2185
    3501, 7002
    1711, 3422
    374, 748
    876, 1752
    2592, 5184
    1657, 3314
    1658, 3317
    1945, 3891
    3090, 6180
    2691, 5383
    29, 58
    3156, 6312
    739, 1478
    1496, 2992
    2376, 4752
    1262, 2525
    2692, 5385
    1255, 2510
    450, 901
    2773, 5547
    2556, 5113
    412, 824
    3773, 7546
    422, 845
    1351, 2702
    175, 350
    1518, 3036
    3738, 7477
    1916, 3833
    3611, 7223
    534, 1069
    3768, 7536
    1461, 2922
    1238, 2477
    331, 663
    1057, 2115
    3777, 7555
    554, 1109
    2306, 4613
    1910, 3821
    3804, 7608
    570, 1141
    207, 414
    2144, 4288
    2349, 4699
    319, 638
    1928, 3857
    2005, 4011
    110, 221
    181, 362
    796, 1593
    1392, 2784
    261, 523
    595, 1191
    572, 1144
    2064, 4128
    531, 1062
    3662, 7325
    3962, 7925
    394, 788
    2437, 4875
    3669, 7338
    2663, 5326
    2191, 4383
    3939, 7878
    1613, 3226
    1080, 2161
    2091, 4183
    3778, 7556
    1477, 2955
    183, 367
    3175, 6350
    917, 1835
    3278, 6557
    2962, 5925
    2150, 4300
    2905, 5811
    1397, 2794
    2012, 4024
    1033, 2067
    3462, 6924
    3205, 6410
    2001, 4003
    632, 1265
    2845, 5691
    3523, 7046
    1803, 3606
    3465, 6930
    1292, 2585
    2036, 4072
    527, 1054
    2575, 5151
    1856, 3712
    2483, 4967
    3228, 6457
    677, 1354
    398, 797
    897, 1795
    273, 546
    1763, 3526
    1261, 2522
    861, 1722
    1457, 2914
    2486, 4973
    102, 204
    3091, 6183
    2404, 4809
    3302, 6604
    757, 1515
    2368, 4736
    1945, 3890
    3685, 7371
    2881, 5762
    3002, 6005
    3047, 6095
    2276, 4553
    1822, 3644
    2145, 4291
    1932, 3864
    2249, 4499
    1432, 2864
    2185, 4370
    1597, 3195
    3316, 6633
    3857, 7715
    2018, 4037
    120, 240
    104, 208
    3323, 6647
    2918, 5836
    1139, 2279
    3269, 6539
    350, 701
    2275, 4551
    1697, 3395
    88, 176
    148, 296
    3872, 7744
    1665, 3331
    3118, 6236
    2687, 5375
    2994, 5988
    1115, 2230
    1728, 3456
    831, 1662
    2056, 4113
    2104, 4208
    2646, 5293
    2047, 4095
    95, 190
    2104, 4209
    2490, 4980
    1537, 3075
    1166, 2333
    2956, 5912
    1034, 2068
    1052, 2105
    1290, 2581
    2479, 4958
    1027, 2054
    491, 982
    1900, 3801
    2009, 4018
    1738, 3476
    2983, 5966
    2205, 4411
    1312, 2624
    1725, 3450
    2641, 5282
    3697, 7395
    2136, 4273
    1051, 2102
    1629, 3259
    722, 1444
    1025, 2050
    631, 1263
    404, 808
    756, 1512
    3067, 6134
    3731, 7463
    1232, 2464
    9, 18
    2328, 4657
    3721, 7442
    648, 1296
    3820, 7640
    2871, 5743
    258, 517
    1035, 2070
    879, 1758
    3067, 6135
    3886, 7772
    2951, 5903
    3017, 6035
    3388, 6777
    1821, 3643
    1561, 3123
    1756, 3513
    2780, 5560
    630, 1260
    662, 1325
    1606, 3213
    3103, 6206
    1693, 3386
    2024, 4049
    3065, 6130
    2517, 5035
    770, 1541
    3813, 7626
    3557, 7115
    2731, 5463
    60, 121
    2457, 4914
    3130, 6260
    1577, 3154
    3771, 7543
    3694, 7388
    2586, 5173
    3640, 7281
    2969, 5938
    3064, 6129
    3689, 7378
    3299, 6598
    2607, 5215
    3531, 7062
    3005, 6011
    2788, 5576
    2958, 5917
    934, 1868
    3690, 7381
    3561, 7122
    1965, 3931
    762, 1524
    1489, 2979
    1715, 3430
    68, 136
    3243, 6487
    3159, 6319
    479, 958
    1495, 2991
    1419, 2839
    3366, 6733
    1371, 2742
    2535, 5071
    2429, 4859
    1841, 3683
    2696, 5392
    2239, 4478
    3587, 7174
    1859, 3718
    3932, 7865
    3648, 7297
    3513, 7026
    3084, 6169
    2224, 4449
    2633, 5266
    129, 258
    3966, 7933
    810, 1621
    3352, 6704
    2247, 4494
    2388, 4776
    959, 1918
    1656, 3313
    3644, 7289
    704, 1408
    1349, 2698
    649, 1299
    2485, 4970
    3272, 6544
    123, 246
    21, 42
    1056, 2113
    174, 349
    2778, 5557
    2841, 5683
    3332, 6664
    1168, 2336
    1671, 3342
    302, 605
    2430, 4860
    2499, 4998
    2322, 4644
    3570, 7140
    816, 1632
    2037, 4074
    700, 1400
    464, 929
    2596, 5193
    2145, 4290
    3369, 6738
    3893, 7787
    3795, 7591
    1512, 3025
    1037, 2075
    734, 1468
    2902, 5805
    3190, 6381
    3525, 7051
    3354, 6709
    3817, 7635
    2685, 5371
    928, 1857
    1092, 2184
    2778, 5556
    3168, 6336
    31, 63
    1706, 3412
    2656, 5312
    1371, 2743
    325, 651
    2960, 5920
    1096, 2192
    3049, 6099
    191, 382
    1072, 2145
    3767, 7534
    652, 1304
    3275, 6551
    3188, 6376
    1106, 2213
    2199, 4399
    1724, 3449
    3101, 6203
    138, 276
    1614, 3228
    948, 1897
    1359, 2719
    2612, 5224
    131, 262
    1461, 2923
    2282, 4565
    1588, 3177
    3803, 7607
    3173, 6346
    1125, 2251
    3921, 7843
    422, 844
    3151, 6303
    1635, 3271
    3273, 6547
    1444, 2888
    995, 1990
    2827, 5655
    2747, 5495
    2529, 5059
    3947, 7895
    2600, 5200
    776, 1552
    1314, 2628
    1029, 2058
    2589, 5179
    592, 1184
    2027, 4054
    3249, 6498
    2054, 4109
    389, 778
    2591, 5183
    819, 1639
    1325, 2650
    3059, 6119
    3330, 6661
    1438, 2877
    2689, 5378
    3758, 7516
    705, 1410
    167, 334
    3572, 7145
    568, 1137
    3347, 6695
    1068, 2136
    1128, 2257
    515, 1030
    2730, 5461
    1982, 3964
    3009, 6018
    2005, 4010
    3393, 6786
    3988, 7976
    762, 1525
    560, 1121
    3699, 7399
    2672, 5345
    858, 1716
    2837, 5675
    2791, 5582
    3033, 6066
    1055, 2111
    586, 1172
    5, 10
    32, 65
    85, 171
    1530, 3060
    2070, 4140
    1445, 2890
    3859, 7719
    1161, 2323
    3011, 6022
    1492, 2984
    3184, 6368
    3480, 6961
    1659, 3318
    2477, 4955
    624, 1249
    374, 749
    2840, 5680
    2318, 4636
    991, 1983
    1256, 2512
    3722, 7444
    1607, 3214
    2238, 4477
    2342, 4684
    2862, 5724
    2300, 4601
    1327, 2655
    3747, 7494
    2165, 4330
    1522, 3045
    3671, 7343
    1548, 3097
    3240, 6481
    2986, 5973
    386, 772
    1016, 2032
    2265, 4530
    3601, 7203
    2991, 5983
    143, 287
    3924, 7849
    2074, 4149
    2566, 5132
    330, 661
    532, 1064
    2094, 4189
    1729, 3458
    3480, 6960
    2989, 5979
    1525, 3051
    3502, 7004
    566, 1132
    417, 834
    2211, 4422
    688, 1376
    3637, 7274
    2978, 5956
    2053, 4107
    1825, 3651
    3520, 7041
    2939, 5878
    1939, 3879
    471, 943
    328, 657
    1772, 3545
    1995, 3991
    3827, 7655
    410, 820
    3361, 6723
    826, 1652
    474, 948
    2707, 5415
    3183, 6366
    2488, 4976
    267, 535
    2904, 5808
    314, 629
    416, 832
    3258, 6517
    552, 1105
    2296, 4593
    3041, 6082
    3881, 7762
    82, 165
    570, 1140
    2398, 4796
    332, 665
    2659, 5319
    1924, 3848
    693, 1386
    3554, 7109
    2432, 4865
    3583, 7167
    638, 1276
}
