R(a, b) = {
    2314, 2314
    3128, 3128
    1211, 1211
    666, 666
    1266, 1266
    1627, 1627
    2831, 2831
    2975, 2975
    3163, 3163
    2836, 2836
    2967, 2967
    2585, 2585
    1291, 1291
    621, 621
    3825, 3825
    2794, 2794
    61, 61
    195, 195
    1001, 1001
    3722, 3722
    1132, 1132
    997, 997
    3708, 3708
    2564, 2564
    1816, 1816
    2363, 2363
    877, 877
    732, 732
    2010, 2010
    1566, 1566
    3625, 3625
    1529, 1529
    1659, 1659
    872, 872
    3504, 3504
    85, 85
    870, 870
    1171, 1171
    668, 668
    2584, 2584
    396, 396
    2418, 2418
    3888, 3888
    3941, 3941
    3197, 3197
    3572, 3572
    1614, 1614
    3868, 3868
    2631, 2631
    2274, 2274
    1103, 1103
    865, 865
    68, 68
    351, 351
    3044, 3044
    2092, 2092
    1377, 1377
    3052, 3052
    3115, 3115
    190, 190
    600, 600
    3445, 3445
    3995, 3995
    2372, 2372
    3645, 3645
    3345, 3345
    1151, 1151
    3130, 3130
    2235, 2235
    2127, 2127
    2643, 2643
    1005, 1005
    2592, 2592
    1282, 1282
    1789, 1789
    506, 506
    298, 298
    3493, 3493
    2765, 2765
    3377, 3377
    1494, 1494
    391, 391
    348, 348
    1231, 1231
    1976, 1976
    1846, 1846
    3559, 3559
    3519, 3519
    2696, 2696
    2221, 2221
    3425, 3425
    560, 560
    3813, 3813
    1210, 1210
    2898, 2898
    2474, 2474
    3608, 3608
    1350, 1350
    2648, 2648
    1475, 1475
    1582, 1582
    1327, 1327
    2791, 2791
    2746, 2746
    1648, 1648
    1500, 1500
    930, 930
    1797, 1797
    2835, 2835
    433, 433
    1507, 1507
    2676, 2676
    823, 823
    3523, 3523
    207, 207
    1775, 1775
    2144, 2144
    447, 447
    2163, 2163
    389, 389
    2310, 2310
    1437, 1437
    3511, 3511
    595, 595
    2503, 2503
    3172, 3172
    3111, 3111
    1221, 1221
    941, 941
    2963, 2963
    462, 462
    1484, 1484
    1397, 1397
    961, 961
    2325, 2325
    3801, 3801
    1395, 1395
    2635, 2635
    2161, 2161
    2504, 2504
    22, 22
    2849, 2849
    866, 866
    2058, 2058
    2361, 2361
    2377, 2377
    697, 697
    3365, 3365
    3770, 3770
    3137, 3137
    1279, 1279
    3198, 3198
    3012, 3012
    3731, 3731
    622, 622
    2949, 2949
    1764, 1764
    357, 357
    3998, 3998
    2198, 2198
    559, 559
    1872, 1872
    3618, 3618
    3443, 3443
    270, 270
    1980, 1980
    2469, 2469
    3084, 3084
    3175, 3175
    1561, 1561
    1888, 1888
    1084, 1084
    544, 544
    1030, 1030
    3989, 3989
    873, 873
    920, 920
    868, 868
    2024, 2024
    1071, 1071
    2204, 2204
    2173, 2173
    2797, 2797
    422, 422
    3067, 3067
    398, 398
    2728, 2728
    516, 516
    3902, 3902
    2197, 2197
    1904, 1904
    3554, 3554
    3265, 3265
    3476, 3476
    94, 94
    1062, 1062
    1726, 1726
    2822, 2822
    306, 306
    3226, 3226
    2079, 2079
    305, 305
    1854, 1854
    2256, 2256
    2624, 2624
    2086, 2086
    1551, 1551
    2725, 2725
    3348, 3348
    1370, 1370
    25, 25
    1267, 1267
    1341, 1341
    500, 500
    2390, 2390
    2191, 2191
    2177, 2177
    222, 222
    2183, 2183
    1115, 1115
    2792, 2792
    3836, 3836
    2578, 2578
    2344, 2344
    1801, 1801
    437, 437
    2986, 2986
    1559, 1559
    3594, 3594
    175, 175
    1599, 1599
    1537, 1537
    3064, 3064
    1640, 1640
    3077, 3077
    1237, 1237
    2355, 2355
    1182, 1182
    252, 252
    1209, 1209
    1815, 1815
    517, 517
    418, 418
    869, 869
    276, 276
    623, 623
    1163, 1163
    53, 53
    1656, 1656
    3251, 3251
    860, 860
    2944, 2944
    3939, 3939
    2958, 2958
    499, 499
    1172, 1172
    3178, 3178
    3870, 3870
    3304, 3304
    1730, 1730
    2519, 2519
    1949, 1949
    3893, 3893
    2396, 2396
    364, 364
    2368, 2368
    1044, 1044
    2683, 2683
    2179, 2179
    1008, 1008
    455, 455
    3193, 3193
    3896, 3896
    3454, 3454
    2222, 2222
    3169, 3169
    2572, 2572
    3900, 3900
    1604, 1604
    754, 754
    2825, 2825
    527, 527
    2093, 2093
    878, 878
    2393, 2393
    1422, 1422
    3501, 3501
    1501, 1501
    2467, 2467
    3159, 3159
    1580, 1580
    676, 676
    2131, 2131
    3087, 3087
    2834, 2834
    615, 615
    1771, 1771
    2548, 2548
    1947, 1947
    183, 183
    3332, 3332
    1415, 1415
    3878, 3878
    1741, 1741
    1054, 1054
    1679, 1679
    2118, 2118
    2973, 2973
    569, 569
    1831, 1831
    1461, 1461
    2369, 2369
    3196, 3196
    2521, 2521
    2848, 2848
    3157, 3157
    3447, 3447
    773, 773
    1554, 1554
    2960, 2960
    2895, 2895
    2999, 2999
    2513, 2513
    2272, 2272
    248, 248
    101, 101
    492, 492
    423, 423
    947, 947
    2694, 2694
    3325, 3325
    720, 720
    3053, 3053
    2301, 2301
    1638, 1638
    1336, 1336
    3469, 3469
    547, 547
    1654, 1654
    2682, 2682
    545, 545
    1759, 1759
    2690, 2690
    229, 229
    875, 875
    3482, 3482
    3131, 3131
    2840, 2840
    74, 74
    3496, 3496
    1890, 1890
    3029, 3029
    134, 134
    1539, 1539
    1690, 1690
    936, 936
    1560, 1560
    3185, 3185
    3957, 3957
    3167, 3167
    152, 152
    2915, 2915
    1367, 1367
    1176, 1176
    819, 819
    1649, 1649
    863, 863
    3693, 3693
    2668, 2668
    3805, 3805
    1863, 1863
    1851, 1851
    1101, 1101
    593, 593
    603, 603
    1216, 1216
    1181, 1181
    1136, 1136
    3194, 3194
    1493, 1493
    126, 126
    438, 438
    369, 369
    2446, 2446
    45, 45
    3986, 3986
    2364, 2364
    611, 611
    1637, 1637
    11, 11
    2838, 2838
    937, 937
    3505, 3505
    656, 656
    2187, 2187
    2514, 2514
    1045, 1045
    2560, 2560
    1625, 1625
    988, 988
    906, 906
    2566, 2566
    2901, 2901
    1704, 1704
    3239, 3239
    2827, 2827
    295, 295
    239, 239
    2428, 2428
    1530, 1530
    1619, 1619
    2500, 2500
    3700, 3700
    3047, 3047
    876, 876
    3945, 3945
    3778, 3778
    3244, 3244
    808, 808
    1025, 1025
    1505, 1505
    3529, 3529
    2700, 2700
    990, 990
    307, 307
    3743, 3743
    3109, 3109
    115, 115
    1861, 1861
    585, 585
    3876, 3876
    332, 332
    3231, 3231
    81, 81
    1712, 1712
    3903, 3903
    3038, 3038
    3309, 3309
    421, 421
    1281, 1281
    2423, 2423
    3218, 3218
    2056, 2056
    2317, 2317
    2283, 2283
    1860, 1860
    3697, 3697
    946, 946
    700, 700
    2972, 2972
    809, 809
    3728, 3728
    3973, 3973
    1793, 1793
    2862, 2862
    301, 301
    1810, 1810
    2669, 2669
    363, 363
    818, 818
    2158, 2158
    3760, 3760
    266, 266
    2231, 2231
    253, 253
    3946, 3946
    1519, 1519
    971, 971
    1825, 1825
    2800, 2800
    1843, 1843
    2806, 2806
    777, 777
    2022, 2022
    1048, 1048
    19, 19
    846, 846
    3832, 3832
    1884, 1884
    918, 918
    3985, 3985
    750, 750
    1758, 1758
    1097, 1097
    1083, 1083
    3783, 3783
    59, 59
    2151, 2151
    522, 522
    3712, 3712
    1848, 1848
    2285, 2285
    729, 729
    3541, 3541
    2141, 2141
    3390, 3390
    3685, 3685
    3435, 3435
    3191, 3191
    3716, 3716
    1476, 1476
    3929, 3929
    2162, 2162
    2843, 2843
    3026, 3026
    933, 933
    3923, 3923
    1389, 1389
    1985, 1985
    1330, 1330
    2407, 2407
    2671, 2671
    434, 434
    2559, 2559
    205, 205
    1347, 1347
    368, 368
    77, 77
    2269, 2269
    2388, 2388
    1188, 1188
    793, 793
    573, 573
    3241, 3241
    634, 634
    986, 986
    1122, 1122
    2340, 2340
    1999, 1999
    2070, 2070
    235, 235
    535, 535
    3484, 3484
    1924, 1924
    1853, 1853
    2037, 2037
    1596, 1596
    2320, 2320
    3413, 3413
    2039, 2039
    1262, 1262
    3510, 3510
    1117, 1117
    1093, 1093
    1161, 1161
    2104, 2104
    2075, 2075
    3122, 3122
    1067, 1067
    2912, 2912
    3494, 3494
    3220, 3220
    3389, 3389
    210, 210
    1966, 1966
    672, 672
    2132, 2132
    482, 482
    3280, 3280
    1891, 1891
    441, 441
    532, 532
    1359, 1359
    2245, 2245
    739, 739
    1038, 1038
    3670, 3670
    703, 703
    503, 503
    2660, 2660
    2190, 2190
    3199, 3199
    217, 217
    2266, 2266
    3810, 3810
    2210, 2210
    1082, 1082
    1823, 1823
    806, 806
    3546, 3546
    762, 762
    3639, 3639
    1558, 1558
    1545, 1545
    717, 717
    124, 124
    910, 910
    955, 955
    3202, 3202
    1535, 1535
    3907, 3907
    3248, 3248
    2250, 2250
    767, 767
    2268, 2268
    1007, 1007
    3730, 3730
    3222, 3222
    3306, 3306
    2761, 2761
    155, 155
    2323, 2323
    2343, 2343
    128, 128
    1959, 1959
    1139, 1139
    3767, 3767
    3132, 3132
    2051, 2051
    2852, 2852
    385, 385
    1514, 1514
    1956, 1956
    1932, 1932
    1371, 1371
    2771, 2771
    1840, 1840
    1276, 1276
    2430, 2430
    432, 432
    2788, 2788
    3281, 3281
    141, 141
    1496, 1496
    2385, 2385
    2538, 2538
    3270, 3270
    1564, 1564
    1112, 1112
    1544, 1544
    3432, 3432
    3350, 3350
    292, 292
    3080, 3080
    289, 289
    1882, 1882
    2679, 2679
    361, 361
    2511, 2511
    501, 501
    358, 358
    102, 102
    2629, 2629
    1675, 1675
    3803, 3803
    1247, 1247
    324, 324
    1439, 1439
    3314, 3314
    859, 859
    1531, 1531
    1379, 1379
    2695, 2695
    1308, 1308
    2640, 2640
    683, 683
    1013, 1013
    1032, 1032
    1946, 1946
    591, 591
    2946, 2946
    2678, 2678
    3238, 3238
    723, 723
    3988, 3988
    2422, 2422
    1473, 1473
    2774, 2774
    914, 914
    1428, 1428
    1223, 1223
    1908, 1908
    359, 359
    2234, 2234
    1584, 1584
    2742, 2742
    186, 186
    853, 853
    139, 139
    3605, 3605
    2040, 2040
    3045, 3045
    3030, 3030
    1170, 1170
    310, 310
    3330, 3330
    1800, 1800
    3715, 3715
    133, 133
    1133, 1133
    2688, 2688
    2976, 2976
    1669, 1669
    162, 162
    3188, 3188
    3626, 3626
    202, 202
    1152, 1152
    2032, 2032
    3550, 3550
    131, 131
    891, 891
    1214, 1214
    1623, 1623
    1499, 1499
    2558, 2558
    1527, 1527
    20, 20
    240, 240
    3260, 3260
    98, 98
    1692, 1692
    1847, 1847
    1644, 1644
    3219, 3219
    675, 675
    17, 17
    2208, 2208
    3891, 3891
    815, 815
    749, 749
    3372, 3372
    1518, 1518
    1448, 1448
    3502, 3502
    1315, 1315
    2956, 2956
    1923, 1923
    316, 316
    448, 448
    3974, 3974
    2734, 2734
    2634, 2634
    3189, 3189
    1119, 1119
    3921, 3921
    3283, 3283
    1906, 1906
    2455, 2455
    3237, 3237
    3701, 3701
    2536, 2536
    3049, 3049
    3745, 3745
    1996, 1996
    705, 705
    3293, 3293
    2316, 2316
    256, 256
    952, 952
    469, 469
    1445, 1445
    1438, 1438
    3509, 3509
    3392, 3392
    196, 196
    1031, 1031
    3010, 3010
    748, 748
    2968, 2968
    416, 416
    3917, 3917
    206, 206
    3571, 3571
    1477, 1477
    399, 399
    3533, 3533
    1776, 1776
    1986, 1986
    553, 553
    1435, 1435
    3144, 3144
    2152, 2152
    3016, 3016
    1098, 1098
    3772, 3772
    3786, 3786
    708, 708
    3075, 3075
    841, 841
    2338, 2338
    976, 976
    1756, 1756
    1795, 1795
    721, 721
    1095, 1095
    2710, 2710
    1333, 1333
    3809, 3809
    1472, 1472
    814, 814
    1609, 1609
    3720, 3720
    3764, 3764
    2047, 2047
    1456, 1456
    1989, 1989
    1228, 1228
    2408, 2408
    466, 466
    1299, 1299
    2192, 2192
    3990, 3990
    2108, 2108
    3408, 3408
    1000, 1000
    3632, 3632
    1183, 1183
    390, 390
    3634, 3634
    2606, 2606
    3576, 3576
    2715, 2715
    1852, 1852
    938, 938
    2930, 2930
    3808, 3808
    2945, 2945
    440, 440
    335, 335
    2515, 2515
    2615, 2615
    452, 452
    2060, 2060
    1921, 1921
    686, 686
    3295, 3295
    3549, 3549
    1738, 1738
    2087, 2087
    1184, 1184
    3894, 3894
    495, 495
    594, 594
    3915, 3915
    1003, 1003
    3649, 3649
    2939, 2939
    2884, 2884
    674, 674
    538, 538
    1757, 1757
    756, 756
    3644, 3644
    3374, 3374
    1321, 1321
    1241, 1241
    2911, 2911
    2646, 2646
    822, 822
    3558, 3558
    1108, 1108
    2237, 2237
    3021, 3021
    911, 911
    1021, 1021
    2174, 2174
    241, 241
    1041, 1041
    3354, 3354
    2360, 2360
    3173, 3173
    1195, 1195
    3201, 3201
    3710, 3710
    1206, 1206
    2798, 2798
    2964, 2964
    3235, 3235
    1090, 1090
    3138, 3138
    2520, 2520
    3018, 3018
    3889, 3889
    3587, 3587
    1954, 1954
    942, 942
    2409, 2409
    3224, 3224
    249, 249
    633, 633
    784, 784
    3470, 3470
    376, 376
    3205, 3205
    2750, 2750
    3947, 3947
    2414, 2414
    1850, 1850
    3451, 3451
    3729, 3729
    1374, 1374
    2202, 2202
    3657, 3657
    2319, 2319
    2175, 2175
    742, 742
    3134, 3134
    514, 514
    2828, 2828
    3714, 3714
    353, 353
    2720, 2720
    2923, 2923
    3006, 3006
    1917, 1917
    761, 761
    1070, 1070
    1714, 1714
    605, 605
    3895, 3895
    2965, 2965
    744, 744
    1425, 1425
    681, 681
    360, 360
    1096, 1096
    1391, 1391
    1314, 1314
    992, 992
    2594, 2594
    680, 680
    2773, 2773
    578, 578
    660, 660
    2392, 2392
    35, 35
    2048, 2048
    3498, 3498
    72, 72
    900, 900
    151, 151
    320, 320
    523, 523
    3003, 3003
    2481, 2481
    3472, 3472
    1012, 1012
    3263, 3263
    224, 224
    3437, 3437
    2169, 2169
    1480, 1480
    1547, 1547
    1934, 1934
    2637, 2637
    3687, 3687
    3916, 3916
    2380, 2380
    2207, 2207
    3311, 3311
    2936, 2936
    3420, 3420
    86, 86
    3061, 3061
    1123, 1123
    3771, 3771
    1431, 1431
    1826, 1826
    2306, 2306
    2526, 2526
    2085, 2085
    1011, 1011
    1244, 1244
    2672, 2672
    3616, 3616
    1988, 1988
    3492, 3492
    338, 338
    1017, 1017
    3086, 3086
    331, 331
    2652, 2652
    2386, 2386
    3650, 3650
    1334, 1334
    117, 117
    960, 960
    1191, 1191
    1177, 1177
    2262, 2262
    3677, 3677
    3250, 3250
    2252, 2252
    3622, 3622
    291, 291
    3140, 3140
    2293, 2293
    1509, 1509
    2907, 2907
    1760, 1760
    792, 792
    536, 536
    2215, 2215
    2807, 2807
    1977, 1977
    885, 885
    3628, 3628
    2046, 2046
    2816, 2816
    2611, 2611
    3468, 3468
    1533, 1533
    1964, 1964
    2711, 2711
    2113, 2113
    91, 91
    1693, 1693
    2804, 2804
    3291, 3291
    1524, 1524
    212, 212
    659, 659
    130, 130
    923, 923
    1255, 1255
    574, 574
    2842, 2842
    2055, 2055
    1864, 1864
    456, 456
    856, 856
    760, 760
    112, 112
    1280, 1280
    2573, 2573
    2052, 2052
    3334, 3334
    1361, 1361
    2425, 2425
    56, 56
    1202, 1202
    3388, 3388
    1301, 1301
    2603, 2603
    2966, 2966
    1086, 1086
    2419, 2419
    1305, 1305
    3046, 3046
    2961, 2961
    1557, 1557
    3042, 3042
    1284, 1284
    2217, 2217
    30, 30
    3905, 3905
    2717, 2717
    2264, 2264
    1641, 1641
    3139, 3139
    226, 226
    3317, 3317
    537, 537
    2645, 2645
    3604, 3604
    602, 602
    2714, 2714
    380, 380
    228, 228
    230, 230
    258, 258
    1085, 1085
    1963, 1963
    1650, 1650
    917, 917
    1856, 1856
    2205, 2205
    3551, 3551
    3741, 3741
    2556, 2556
    3035, 3035
    3485, 3485
    2277, 2277
    677, 677
    1808, 1808
    1957, 1957
    561, 561
    647, 647
    2126, 2126
    3373, 3373
    3127, 3127
    387, 387
    1164, 1164
    2486, 2486
    1666, 1666
    1987, 1987
    3426, 3426
    277, 277
    1311, 1311
    2692, 2692
    110, 110
    5, 5
    1950, 1950
    3011, 3011
    3275, 3275
    3662, 3662
    2405, 2405
    366, 366
    377, 377
    653, 653
    3664, 3664
    1492, 1492
    427, 427
    3499, 3499
    2974, 2974
    2760, 2760
    2796, 2796
    352, 352
    2579, 2579
    3829, 3829
    1785, 1785
    3307, 3307
    3617, 3617
    743, 743
    3092, 3092
    804, 804
    2739, 2739
    2294, 2294
    3459, 3459
    42, 42
    33, 33
    1830, 1830
    2315, 2315
    2308, 2308
    355, 355
    378, 378
    2180, 2180
    3822, 3822
    525, 525
    3102, 3102
    3914, 3914
    2464, 2464
    2106, 2106
    939, 939
    526, 526
    397, 397
    2630, 2630
    1078, 1078
    3177, 3177
    2713, 2713
    3019, 3019
    530, 530
    699, 699
    974, 974
    1036, 1036
    2424, 2424
    1945, 1945
    2439, 2439
    2482, 2482
    3419, 3419
    1053, 1053
    3246, 3246
    443, 443
    2793, 2793
    386, 386
    481, 481
    1156, 1156
    610, 610
    1734, 1734
    1796, 1796
    3344, 3344
    3807, 3807
    2303, 2303
    1387, 1387
    2545, 2545
    973, 973
    285, 285
    2879, 2879
    2517, 2517
    2381, 2381
    1440, 1440
    812, 812
    3655, 3655
    3262, 3262
    3898, 3898
    1871, 1871
    2533, 2533
    2044, 2044
    608, 608
    751, 751
    733, 733
    719, 719
    2013, 2013
    27, 27
    592, 592
    2756, 2756
    3887, 3887
    1454, 1454
    1300, 1300
    1611, 1611
    2657, 2657
    2023, 2023
    3340, 3340
    92, 92
    2107, 2107
    496, 496
    1356, 1356
    3312, 3312
    3434, 3434
    3438, 3438
    707, 707
    1486, 1486
    3718, 3718
    922, 922
    3387, 3387
    1532, 1532
    1984, 1984
    1907, 1907
    2166, 2166
    1287, 1287
    3414, 3414
    2432, 2432
    1665, 1665
    1705, 1705
    1077, 1077
    1092, 1092
    788, 788
    435, 435
    794, 794
    1628, 1628
    3880, 3880
    3078, 3078
    843, 843
    1534, 1534
    409, 409
    943, 943
    1490, 1490
    613, 613
    2577, 2577
    2667, 2667
    2913, 2913
    1190, 1190
    1910, 1910
    2211, 2211
    2494, 2494
    2535, 2535
    2605, 2605
    2373, 2373
    2366, 2366
    2434, 2434
    1114, 1114
    3066, 3066
    1961, 1961
    381, 381
    3942, 3942
    616, 616
    2334, 2334
    309, 309
    510, 510
    414, 414
    731, 731
    3278, 3278
    336, 336
    119, 119
    1792, 1792
    2437, 2437
    3865, 3865
    2074, 2074
    2449, 2449
    1023, 1023
    3126, 3126
    3821, 3821
    1642, 1642
    847, 847
    1076, 1076
    1981, 1981
    2244, 2244
    3361, 3361
    2990, 2990
    3768, 3768
    201, 201
    2367, 2367
    2980, 2980
    488, 488
    3329, 3329
    785, 785
    1606, 1606
    473, 473
    105, 105
    1376, 1376
    347, 347
    766, 766
    867, 867
    2411, 2411
    3815, 3815
    1474, 1474
    2633, 2633
    3635, 3635
    2680, 2680
    461, 461
    3085, 3085
    3212, 3212
    857, 857
    2896, 2896
    3328, 3328
    3002, 3002
    2140, 2140
    3744, 3744
    2280, 2280
    3213, 3213
    1735, 1735
    588, 588
    1636, 1636
    1740, 1740
    641, 641
    3342, 3342
    1355, 1355
    1307, 1307
    1716, 1716
    46, 46
    2398, 2398
    587, 587
    3978, 3978
    2045, 2045
    2933, 2933
    1874, 1874
    3442, 3442
    3709, 3709
    948, 948
    3349, 3349
    2527, 2527
    1612, 1612
    1944, 1944
    2805, 2805
    2762, 2762
    2059, 2059
    3401, 3401
    919, 919
    2027, 2027
    1135, 1135
    3819, 3819
    1418, 1418
    563, 563
    340, 340
    2621, 2621
    598, 598
    2478, 2478
    2751, 2751
    3540, 3540
    71, 71
    662, 662
    2200, 2200
    3746, 3746
    3182, 3182
    1689, 1689
    2510, 2510
    3671, 3671
    1634, 1634
    2212, 2212
    1939, 1939
    2632, 2632
    2378, 2378
    1120, 1120
    1357, 1357
    3588, 3588
    3679, 3679
    713, 713
    899, 899
    2546, 2546
    3475, 3475
    2267, 2267
    3409, 3409
    1506, 1506
    2636, 2636
    3036, 3036
    2719, 2719
    198, 198
    3824, 3824
    457, 457
    1701, 1701
    70, 70
    2000, 2000
    2228, 2228
    1200, 1200
    153, 153
    3073, 3073
    3489, 3489
    2304, 2304
    1925, 1925
    3535, 3535
    2612, 2612
    1149, 1149
    1256, 1256
    2686, 2686
    3407, 3407
    281, 281
    3367, 3367
    528, 528
    1526, 1526
    2362, 2362
    1014, 1014
    2305, 2305
    28, 28
    1130, 1130
    2088, 2088
    2061, 2061
    122, 122
    3398, 3398
    1109, 1109
    3972, 3972
    1304, 1304
    2100, 2100
    1914, 1914
    597, 597
    1770, 1770
    2043, 2043
    3839, 3839
    2073, 2073
    2259, 2259
    2330, 2330
    65, 65
    3758, 3758
    880, 880
    243, 243
    2661, 2661
    1661, 1661
    273, 273
    1360, 1360
    1243, 1243
    3421, 3421
    3261, 3261
    3828, 3828
    2785, 2785
    3694, 3694
    890, 890
    3956, 3956
    1079, 1079
    3633, 3633
    3781, 3781
    3975, 3975
    1972, 1972
    1283, 1283
    646, 646
    1585, 1585
    2539, 2539
    2752, 2752
    2091, 2091
    1208, 1208
    1603, 1603
    1635, 1635
    2722, 2722
    1761, 1761
    3352, 3352
    449, 449
    3976, 3976
    2493, 2493
    2709, 2709
    3319, 3319
    2928, 2928
    3118, 3118
    314, 314
    1677, 1677
    1049, 1049
    1919, 1919
    3079, 3079
    2365, 2365
    489, 489
    47, 47
    2555, 2555
    2460, 2460
    2006, 2006
    1263, 1263
    3579, 3579
    3593, 3593
    3004, 3004
    1009, 1009
    1709, 1709
    3612, 3612
    2201, 2201
    1100, 1100
    2371, 2371
    2412, 2412
    3940, 3940
    1002, 1002
    1316, 1316
    2302, 2302
    279, 279
    3996, 3996
    8, 8
    1553, 1553
    2871, 2871
    1495, 1495
    1574, 1574
    1166, 1166
    2529, 2529
    3302, 3302
    1593, 1593
    2321, 2321
    831, 831
    1935, 1935
    95, 95
    3223, 3223
    3082, 3082
    1687, 1687
    1897, 1897
    2969, 2969
    950, 950
    2808, 2808
    3214, 3214
    232, 232
    3097, 3097
    300, 300
    3315, 3315
    1578, 1578
    1540, 1540
    1549, 1549
    898, 898
    3227, 3227
    2345, 2345
    1469, 1469
    3516, 3516
    2436, 2436
    763, 763
    3256, 3256
    1572, 1572
    1403, 1403
    3640, 3640
    2081, 2081
    3725, 3725
    3133, 3133
    2009, 2009
    2218, 2218
    871, 871
    1056, 1056
    223, 223
    1798, 1798
    3524, 3524
    2109, 2109
    1249, 1249
    3465, 3465
    2675, 2675
    1543, 1543
    3953, 3953
    2069, 2069
    3901, 3901
    2979, 2979
    402, 402
    1497, 1497
    1881, 1881
    650, 650
    3453, 3453
    998, 998
    3145, 3145
    2232, 2232
    3039, 3039
    2919, 2919
    2199, 2199
    1168, 1168
    1358, 1358
    2540, 2540
    3322, 3322
    3812, 3812
    2258, 2258
    2065, 2065
    888, 888
    2995, 2995
    1217, 1217
    2837, 2837
    3508, 3508
    3536, 3536
    3875, 3875
    3495, 3495
    3362, 3362
    2426, 2426
    3938, 3938
    1396, 1396
    2812, 2812
    2103, 2103
    96, 96
    800, 800
    343, 343
    393, 393
    3056, 3056
    3538, 3538
    2850, 2850
    1388, 1388
    2454, 2454
    959, 959
    1568, 1568
    2206, 2206
    1273, 1273
    684, 684
    75, 75
    1842, 1842
    2243, 2243
    3142, 3142
    2583, 2583
    1378, 1378
    1292, 1292
    1893, 1893
    2530, 2530
    384, 384
    2803, 2803
    2413, 2413
    2702, 2702
    304, 304
    1227, 1227
    3806, 3806
    1337, 1337
    737, 737
    2410, 2410
    902, 902
    467, 467
    2902, 2902
    1922, 1922
    2282, 2282
    518, 518
    2927, 2927
    879, 879
    2155, 2155
    1772, 1772
    1621, 1621
    3965, 3965
    1918, 1918
    3684, 3684
    2549, 2549
    3384, 3384
    915, 915
    48, 48
    840, 840
    3675, 3675
    3150, 3150
    718, 718
    508, 508
    2049, 2049
    1718, 1718
    687, 687
    2370, 2370
    1927, 1927
    160, 160
    3774, 3774
    3269, 3269
    3284, 3284
    263, 263
    2433, 2433
    1121, 1121
    931, 931
    1725, 1725
    962, 962
    916, 916
    1982, 1982
    2932, 2932
    1691, 1691
    2490, 2490
    216, 216
    3569, 3569
    2906, 2906
    2745, 2745
    1955, 1955
    3909, 3909
    3792, 3792
    654, 654
    2655, 2655
    1173, 1173
    3971, 3971
    776, 776
    2953, 2953
    2472, 2472
    3119, 3119
    1271, 1271
    3477, 3477
    1417, 1417
    49, 49
    558, 558
    1667, 1667
    1779, 1779
    3883, 3883
    2445, 2445
    2063, 2063
    1058, 1058
    3379, 3379
    275, 275
    1312, 1312
    929, 929
    1386, 1386
    690, 690
    2905, 2905
    1441, 1441
    2830, 2830
    1193, 1193
    3601, 3601
    551, 551
    3481, 3481
    2487, 2487
    2562, 2562
    1817, 1817
    430, 430
    2914, 2914
    3288, 3288
    2220, 2220
    2542, 2542
    3014, 3014
    2952, 2952
    1836, 1836
    3802, 3802
    362, 362
    1099, 1099
    2839, 2839
    850, 850
    3818, 3818
    2703, 2703
    3749, 3749
    2735, 2735
    3683, 3683
    1517, 1517
    167, 167
    2935, 2935
    3277, 3277
    3285, 3285
    3343, 3343
    2590, 2590
    2673, 2673
    3581, 3581
    1094, 1094
    3527, 3527
    16, 16
    3560, 3560
    478, 478
    3932, 3932
    3286, 3286
    2851, 2851
    1632, 1632
    1899, 1899
    231, 231
    365, 365
    2954, 2954
    1485, 1485
    3566, 3566
    539, 539
    2461, 2461
    2910, 2910
    3296, 3296
    1579, 1579
    3877, 3877
    2781, 2781
    2899, 2899
    1680, 1680
    465, 465
    1902, 1902
    2463, 2463
    966, 966
    1880, 1880
    3, 3
    3440, 3440
    3993, 3993
    2431, 2431
    476, 476
    1968, 1968
    1833, 1833
    1028, 1028
    817, 817
    2194, 2194
    2072, 2072
    1265, 1265
    1696, 1696
    2950, 2950
    945, 945
    3615, 3615
    3959, 3959
    2394, 2394
    3411, 3411
    2102, 2102
    225, 225
    1844, 1844
    2602, 2602
    692, 692
    3179, 3179
    2123, 2123
    2685, 2685
    3578, 3578
    3259, 3259
    3643, 3643
    247, 247
    3170, 3170
    1911, 1911
    2802, 2802
    1774, 1774
    1806, 1806
    3817, 3817
    1569, 1569
    3273, 3273
    820, 820
    2375, 2375
    568, 568
    3181, 3181
    734, 734
    3033, 3033
    2853, 2853
    2353, 2353
    2537, 2537
    1965, 1965
    3834, 3834
    3949, 3949
    1024, 1024
    727, 727
    821, 821
    244, 244
    2356, 2356
    3338, 3338
    264, 264
    1254, 1254
    3648, 3648
    579, 579
    3480, 3480
    2116, 2116
    2030, 2030
    3913, 3913
    985, 985
    3656, 3656
    3320, 3320
    408, 408
    589, 589
    3555, 3555
    297, 297
    3785, 3785
    1762, 1762
    2230, 2230
    752, 752
    1513, 1513
    463, 463
    864, 864
    3548, 3548
    624, 624
    2290, 2290
    3676, 3676
    3797, 3797
    3282, 3282
    726, 726
    2147, 2147
    2337, 2337
    2096, 2096
    2832, 2832
    3449, 3449
    3827, 3827
    1019, 1019
    3171, 3171
    2983, 2983
    2012, 2012
    1404, 1404
    2479, 2479
    1787, 1787
    702, 702
    2165, 2165
    1791, 1791
    711, 711
    1145, 1145
    2403, 2403
    219, 219
    1413, 1413
    2053, 2053
    2354, 2354
    1232, 1232
    1546, 1546
    1433, 1433
    1143, 1143
    828, 828
    2452, 2452
    3129, 3129
    14, 14
    3627, 3627
    1144, 1144
    2456, 2456
    280, 280
    2766, 2766
    2821, 2821
    116, 116
    1769, 1769
    1348, 1348
    283, 283
    3556, 3556
    3376, 3376
    736, 736
    2962, 2962
    3355, 3355
    1994, 1994
    1668, 1668
    2066, 2066
    3924, 3924
    1900, 1900
    188, 188
    1138, 1138
    2020, 2020
    1159, 1159
    805, 805
    979, 979
    2747, 2747
    2485, 2485
    2399, 2399
    3742, 3742
    3568, 3568
    1703, 1703
    1246, 1246
    3795, 3795
    3031, 3031
    2900, 2900
    3567, 3567
    2880, 2880
    3542, 3542
    370, 370
    3236, 3236
    968, 968
    807, 807
    3580, 3580
    3837, 3837
    1004, 1004
    2298, 2298
    1706, 1706
    2948, 2948
    208, 208
    1269, 1269
    2753, 2753
    80, 80
    932, 932
    1788, 1788
    1037, 1037
    477, 477
    685, 685
    1937, 1937
    1204, 1204
    1997, 1997
    177, 177
    2925, 2925
    1903, 1903
    2440, 2440
    3217, 3217
    2111, 2111
    1157, 1157
    3800, 3800
    1812, 1812
    2981, 2981
    795, 795
    1883, 1883
    274, 274
    3206, 3206
    43, 43
    3069, 3069
    829, 829
    1400, 1400
    2918, 2918
    897, 897
    426, 426
    1353, 1353
    1245, 1245
    3944, 3944
    2005, 2005
    2844, 2844
    3595, 3595
    1739, 1739
    3255, 3255
    1960, 1960
    52, 52
    3166, 3166
    1814, 1814
    1885, 1885
    2484, 2484
    1753, 1753
    2551, 2551
    3610, 3610
    2859, 2859
    1694, 1694
    2124, 2124
    3674, 3674
    325, 325
    1889, 1889
    3001, 3001
    1588, 1588
    1663, 1663
    996, 996
    3507, 3507
    3930, 3930
    1426, 1426
    1196, 1196
    755, 755
    926, 926
    1384, 1384
    3849, 3849
    2099, 2099
    3967, 3967
    2885, 2885
    2563, 2563
    741, 741
    3028, 3028
    3050, 3050
    21, 21
    73, 73
    3204, 3204
    174, 174
    2764, 2764
    345, 345
    1258, 1258
    3136, 3136
    3112, 3112
    3552, 3552
    3264, 3264
    1051, 1051
    1235, 1235
    1319, 1319
    3060, 3060
    3370, 3370
    1429, 1429
    1325, 1325
    3934, 3934
    1427, 1427
    218, 218
    1059, 1059
    2240, 2240
    1915, 1915
    2557, 2557
    3871, 3871
    1219, 1219
    2608, 2608
    2270, 2270
    3958, 3958
    2729, 2729
    1993, 1993
    1399, 1399
    200, 200
    3532, 3532
    3882, 3882
    839, 839
    3310, 3310
    3404, 3404
    3383, 3383
    965, 965
    2101, 2101
    799, 799
    709, 709
    3866, 3866
    2531, 2531
    1803, 1803
    3705, 3705
    2291, 2291
    1137, 1137
    3799, 3799
    1515, 1515
    2826, 2826
    3598, 3598
    1868, 1868
    2749, 2749
    2339, 2339
    1091, 1091
    679, 679
    1983, 1983
    3696, 3696
    1286, 1286
    2550, 2550
    3711, 3711
    1072, 1072
    2552, 2552
    485, 485
    3105, 3105
    3619, 3619
    2071, 2071
    2019, 2019
    2647, 2647
    121, 121
    934, 934
    2376, 2376
    849, 849
    3845, 3845
    3979, 3979
    3987, 3987
    1742, 1742
    318, 318
    311, 311
    1898, 1898
    2977, 2977
    2891, 2891
    127, 127
    3623, 3623
    3690, 3690
    451, 451
    3547, 3547
    549, 549
    1420, 1420
    3107, 3107
    1536, 1536
    1102, 1102
    1681, 1681
    142, 142
    3412, 3412
    2457, 2457
    169, 169
    1556, 1556
    1212, 1212
    3151, 3151
    2727, 2727
    2628, 2628
    801, 801
    2819, 2819
    2916, 2916
    2988, 2988
    2903, 2903
    3141, 3141
    3418, 3418
    3114, 3114
    3735, 3735
    1162, 1162
    2189, 2189
    1683, 1683
    1942, 1942
    3020, 3020
    694, 694
    661, 661
    2705, 2705
    2741, 2741
    3165, 3165
    1773, 1773
    1610, 1610
    1724, 1724
    3186, 3186
    1607, 1607
    590, 590
    199, 199
    436, 436
    1600, 1600
    1317, 1317
    3994, 3994
    1131, 1131
    970, 970
    1943, 1943
    3478, 3478
    2934, 2934
    1129, 1129
    1033, 1033
    3858, 3858
    1626, 1626
    3467, 3467
    2674, 2674
    3490, 3490
    3333, 3333
    1563, 1563
    2644, 2644
    1006, 1006
    2149, 2149
    1767, 1767
    395, 395
    3363, 3363
    1670, 1670
    2653, 2653
    3070, 3070
    1639, 1639
    887, 887
    2416, 2416
    1491, 1491
    3658, 3658
    3022, 3022
    1363, 1363
    3738, 3738
    1715, 1715
    108, 108
    1555, 1555
    627, 627
    2322, 2322
    458, 458
    193, 193
    2997, 2997
    3842, 3842
    2089, 2089
    1324, 1324
    2352, 2352
    79, 79
    3323, 3323
    704, 704
    1597, 1597
    23, 23
    2512, 2512
    2219, 2219
    2358, 2358
    565, 565
    1488, 1488
    1896, 1896
    1723, 1723
    3271, 3271
    2940, 2940
    2718, 2718
    975, 975
    3299, 3299
    3473, 3473
    1153, 1153
    984, 984
    927, 927
    2251, 2251
    3630, 3630
    1978, 1978
    97, 97
    1344, 1344
    2471, 2471
    651, 651
    3023, 3023
    657, 657
    3089, 3089
    642, 642
    2253, 2253
    2524, 2524
    2, 2
    150, 150
    3267, 3267
    3885, 3885
    631, 631
    3863, 3863
    2993, 2993
    403, 403
    2627, 2627
    2278, 2278
    2768, 2768
    392, 392
    2112, 2112
    3405, 3405
    2496, 2496
    1646, 1646
    3861, 3861
    211, 211
    3899, 3899
    2276, 2276
    2489, 2489
    2295, 2295
    2778, 2778
    3062, 3062
    2453, 2453
    725, 725
    87, 87
    1436, 1436
    107, 107
    2929, 2929
    394, 394
    1464, 1464
    262, 262
    3791, 3791
    3195, 3195
    1081, 1081
    2617, 2617
    3158, 3158
    740, 740
    2743, 2743
    2786, 2786
    1268, 1268
    1047, 1047
    1453, 1453
    1805, 1805
    221, 221
    1672, 1672
    317, 317
    1465, 1465
    688, 688
    213, 213
    2847, 2847
    1274, 1274
    3793, 3793
    2733, 2733
    180, 180
    791, 791
    3925, 3925
    2391, 2391
    3088, 3088
    747, 747
    3933, 3933
    1297, 1297
    557, 557
    2698, 2698
    1482, 1482
    2288, 2288
    3385, 3385
    3847, 3847
    3403, 3403
    3147, 3147
    1751, 1751
    425, 425
    327, 327
    10, 10
    1406, 1406
    2120, 2120
    3816, 3816
    2427, 2427
    234, 234
    3859, 3859
    3673, 3673
    1366, 1366
    652, 652
    2139, 2139
    3521, 3521
    3906, 3906
    1870, 1870
    790, 790
    293, 293
    2856, 2856
    138, 138
    2098, 2098
    2565, 2565
    3850, 3850
    625, 625
    3943, 3943
    3562, 3562
    2651, 2651
    1869, 1869
    2119, 2119
    3375, 3375
    1039, 1039
    2348, 2348
    3416, 3416
    2763, 2763
    1087, 1087
    714, 714
    2921, 2921
    3096, 3096
    339, 339
    2459, 2459
    2724, 2724
    1586, 1586
    2273, 2273
    2447, 2447
    2128, 2128
    3624, 3624
    2618, 2618
    548, 548
    2326, 2326
    2620, 2620
    245, 245
    2095, 2095
    1253, 1253
    1655, 1655
    2858, 2858
    3125, 3125
    1664, 1664
    1126, 1126
    513, 513
    3577, 3577
    3534, 3534
    3008, 3008
    1288, 1288
    176, 176
    1929, 1929
    3843, 3843
    453, 453
    781, 781
    284, 284
    18, 18
    3513, 3513
    1423, 1423
    3613, 3613
    2920, 2920
    170, 170
    554, 554
    2136, 2136
    1940, 1940
    3844, 3844
    99, 99
    3713, 3713
    3543, 3543
    2311, 2311
    519, 519
    2329, 2329
    3058, 3058
    1905, 1905
    157, 157
    1594, 1594
    1784, 1784
    3247, 3247
    1629, 1629
    830, 830
    2706, 2706
    44, 44
    3823, 3823
    3153, 3153
    1257, 1257
    3603, 3603
    1342, 1342
    1458, 1458
    1790, 1790
    1035, 1035
    1113, 1113
    1616, 1616
    3455, 3455
    267, 267
    2731, 2731
    673, 673
    771, 771
    411, 411
    2084, 2084
    1841, 1841
    3083, 3083
    3641, 3641
    2347, 2347
    3072, 3072
    3174, 3174
    758, 758
    1124, 1124
    3869, 3869
    2341, 2341
    2955, 2955
    78, 78
    2035, 2035
    1451, 1451
    796, 796
    649, 649
    3032, 3032
    3106, 3106
    64, 64
    935, 935
    1686, 1686
    2300, 2300
    2522, 2522
    1901, 1901
    3491, 3491
    2607, 2607
    2307, 2307
    636, 636
    3991, 3991
    24, 24
    580, 580
    3024, 3024
    2770, 2770
    1401, 1401
    1302, 1302
    2271, 2271
    2159, 2159
    3517, 3517
    3110, 3110
    1148, 1148
    1755, 1755
    55, 55
    1167, 1167
    3692, 3692
    1088, 1088
    1780, 1780
    2639, 2639
    2225, 2225
    2064, 2064
    450, 450
    3826, 3826
    644, 644
    259, 259
    695, 695
    3707, 3707
    712, 712
    3257, 3257
    1736, 1736
    2248, 2248
    287, 287
    768, 768
    1055, 1055
    2666, 2666
    38, 38
    1398, 1398
    515, 515
    2708, 2708
    178, 178
    2328, 2328
    3406, 3406
    3922, 3922
    696, 696
    3156, 3156
    3830, 3830
    2619, 2619
    1323, 1323
    3040, 3040
    3402, 3402
    1487, 1487
    1411, 1411
    3724, 3724
    2554, 2554
    3294, 3294
    3424, 3424
    2748, 2748
    2878, 2878
    626, 626
    665, 665
    2587, 2587
    2182, 2182
    2400, 2400
    993, 993
    1349, 1349
    3168, 3168
    2883, 2883
    2854, 2854
    3706, 3706
    1581, 1581
    2525, 2525
    2817, 2817
    3051, 3051
    3663, 3663
    2951, 2951
    2383, 2383
    1040, 1040
    140, 140
    1118, 1118
    3074, 3074
    209, 209
    2031, 2031
    3229, 3229
    1653, 1653
    491, 491
    2887, 2887
    1867, 1867
    3100, 3100
    1074, 1074
    2261, 2261
    2336, 2336
    2178, 2178
    143, 143
    1920, 1920
    2254, 2254
    1180, 1180
    2172, 2172
    1272, 1272
    3853, 3853
    1608, 1608
    2016, 2016
    1105, 1105
    3506, 3506
    1657, 1657
    2596, 2596
    1457, 1457
    2078, 2078
    967, 967
    1876, 1876
    617, 617
    1199, 1199
    1467, 1467
    3857, 3857
    2033, 2033
    148, 148
    111, 111
    3303, 3303
    3359, 3359
    2970, 2970
    164, 164
    3258, 3258
    2697, 2697
    614, 614
    1873, 1873
    424, 424
    2448, 2448
    1749, 1749
    3148, 3148
    2866, 2866
    3614, 3614
    691, 691
    3015, 3015
    1010, 1010
    722, 722
    972, 972
    1351, 1351
    326, 326
    2860, 2860
    2707, 2707
    566, 566
    2050, 2050
    12, 12
    2663, 2663
    1598, 1598
    1674, 1674
    502, 502
    2313, 2313
    171, 171
    1895, 1895
    2943, 2943
    2186, 2186
    1080, 1080
    1676, 1676
    3360, 3360
    1567, 1567
    3048, 3048
    1346, 1346
    2650, 2650
    1277, 1277
    3982, 3982
    3117, 3117
    3176, 3176
    1838, 1838
    886, 886
    556, 556
    1731, 1731
    1412, 1412
    3272, 3272
    2994, 2994
    1338, 1338
    924, 924
    3682, 3682
    184, 184
    989, 989
    3120, 3120
    251, 251
    2571, 2571
    2011, 2011
    90, 90
    3522, 3522
    3382, 3382
    2582, 2582
    238, 238
    2209, 2209
    2349, 2349
    1459, 1459
    69, 69
    1248, 1248
    664, 664
    1409, 1409
    3851, 3851
    925, 925
    3043, 3043
    1405, 1405
    2723, 2723
    1290, 1290
    3200, 3200
    854, 854
    242, 242
    3232, 3232
    1194, 1194
    1296, 1296
    3910, 3910
    3590, 3590
    2475, 2475
    2662, 2662
    3620, 3620
    322, 322
    1285, 1285
    2236, 2236
    1969, 1969
    2026, 2026
    3955, 3955
    2275, 2275
    2721, 2721
    51, 51
    1264, 1264
    2776, 2776
    2003, 2003
    3410, 3410
    2441, 2441
    2156, 2156
    106, 106
    2523, 2523
    442, 442
    3368, 3368
    3000, 3000
    3659, 3659
    2924, 2924
    3698, 3698
    1447, 1447
    3525, 3525
    957, 957
    3076, 3076
    963, 963
    2732, 2732
    2332, 2332
    3152, 3152
    845, 845
    555, 555
    313, 313
    2090, 2090
    724, 724
    635, 635
    1620, 1620
    3488, 3488
    103, 103
    3775, 3775
    3766, 3766
    1503, 1503
    1343, 1343
    3977, 3977
    3101, 3101
    63, 63
    562, 562
    701, 701
    2384, 2384
    1174, 1174
    1967, 1967
    2574, 2574
    1528, 1528
    3292, 3292
    1340, 1340
    1259, 1259
    2122, 2122
    265, 265
    3672, 3672
    907, 907
    1155, 1155
    2239, 2239
    3225, 3225
    1470, 1470
    3446, 3446
    2957, 2957
    2701, 2701
    2642, 2642
    2757, 2757
    498, 498
    2841, 2841
    1754, 1754
    2110, 2110
    3300, 3300
    2886, 2886
    2823, 2823
    893, 893
    1018, 1018
    3471, 3471
    706, 706
    405, 405
    2518, 2518
    486, 486
    67, 67
    949, 949
    1116, 1116
    1069, 1069
    2598, 2598
    2196, 2196
    3005, 3005
    2476, 2476
    2105, 2105
    1809, 1809
    1215, 1215
    824, 824
    2216, 2216
    2498, 2498
    1169, 1169
    2281, 2281
    439, 439
    1781, 1781
    1309, 1309
    3669, 3669
    1142, 1142
    524, 524
    2846, 2846
    2810, 2810
    1022, 1022
    3737, 3737
    3335, 3335
    1615, 1615
    2289, 2289
    1748, 1748
    315, 315
    3814, 3814
    1804, 1804
    3638, 3638
    1695, 1695
    629, 629
    3960, 3960
    987, 987
    3358, 3358
    3856, 3856
    483, 483
    1802, 1802
    1886, 1886
    3835, 3835
    1688, 1688
    194, 194
    1794, 1794
    2028, 2028
    2869, 2869
    37, 37
    296, 296
    2260, 2260
    1252, 1252
    3190, 3190
    982, 982
    1408, 1408
    1974, 1974
    2809, 2809
    1575, 1575
    2117, 2117
    3607, 3607
    3892, 3892
    3717, 3717
    1029, 1029
    825, 825
    769, 769
    1416, 1416
    3838, 3838
    858, 858
    3848, 3848
    1510, 1510
    778, 778
    181, 181
    2138, 2138
    118, 118
    3242, 3242
    1331, 1331
    1866, 1866
    2195, 2195
    1322, 1322
    1306, 1306
    350, 350
    3773, 3773
    419, 419
    3573, 3573
    1390, 1390
    789, 789
    1858, 1858
    3436, 3436
    2284, 2284
    3563, 3563
    2492, 2492
    909, 909
    3779, 3779
    1752, 1752
    260, 260
    575, 575
    3124, 3124
    2681, 2681
    3428, 3428
    2881, 2881
    1432, 1432
    667, 667
    215, 215
    179, 179
    3393, 3393
    1089, 1089
    1381, 1381
    882, 882
    3912, 3912
    1043, 1043
    2007, 2007
    1862, 1862
    3093, 3093
    1763, 1763
    3879, 3879
    2656, 2656
    3702, 3702
    2114, 2114
    2985, 2985
    220, 220
    3386, 3386
    1685, 1685
    1446, 1446
    1165, 1165
    2097, 2097
    3013, 3013
    2508, 2508
    1218, 1218
    2501, 2501
    954, 954
    710, 710
    2775, 2775
    2613, 2613
    233, 233
    1489, 1489
    3864, 3864
    3057, 3057
    3596, 3596
    958, 958
    136, 136
    1590, 1590
    203, 203
    2402, 2402
    836, 836
    1799, 1799
    803, 803
    3417, 3417
    1595, 1595
    2015, 2015
    1750, 1750
    1592, 1592
    1430, 1430
    1819, 1819
    3116, 3116
    855, 855
    529, 529
    1294, 1294
    2146, 2146
    604, 604
    1832, 1832
    606, 606
    1782, 1782
    2815, 2815
    2654, 2654
    3025, 3025
    3326, 3326
    689, 689
    3881, 3881
    3992, 3992
    3321, 3321
    1777, 1777
    3789, 3789
    783, 783
    3667, 3667
    2346, 2346
    576, 576
    928, 928
    3855, 3855
    3457, 3457
    3520, 3520
    1107, 1107
    15, 15
    3660, 3660
    3999, 3999
    3564, 3564
    1479, 1479
    26, 26
    1618, 1618
    2740, 2740
    3155, 3155
    3561, 3561
    2813, 2813
    272, 272
    2157, 2157
    41, 41
    1601, 1601
    3699, 3699
    3017, 3017
    104, 104
    883, 883
    2544, 2544
    214, 214
    3371, 3371
    584, 584
    1229, 1229
    1818, 1818
    3221, 3221
    2670, 2670
    2018, 2018
    3356, 3356
    2054, 2054
    2845, 2845
    2002, 2002
    3113, 3113
    892, 892
    3161, 3161
    1936, 1936
    3216, 3216
    1450, 1450
    1224, 1224
    2737, 2737
    3952, 3952
    571, 571
    1916, 1916
    2420, 2420
    1643, 1643
    1562, 1562
    493, 493
    2855, 2855
    505, 505
    643, 643
    564, 564
    2575, 2575
    3636, 3636
    3041, 3041
    3703, 3703
    1197, 1197
    1141, 1141
    1652, 1652
    2226, 2226
    2599, 2599
    1682, 1682
    3233, 3233
    2176, 2176
    861, 861
    2568, 2568
    3531, 3531
    2351, 2351
    550, 550
    2129, 2129
    1158, 1158
    3464, 3464
    1699, 1699
    278, 278
    669, 669
    1020, 1020
    2171, 2171
    484, 484
    1392, 1392
    2185, 2185
    1251, 1251
    1075, 1075
    3135, 3135
    3353, 3353
    349, 349
    2438, 2438
    802, 802
    2754, 2754
    1160, 1160
    3950, 3950
    3149, 3149
    417, 417
    3055, 3055
    1622, 1622
    2908, 2908
    2382, 2382
    2154, 2154
    1631, 1631
    3396, 3396
    1, 1
    3331, 3331
    2738, 2738
    1106, 1106
    494, 494
    3935, 3935
    3500, 3500
    1147, 1147
    1660, 1660
    2227, 2227
    951, 951
    3456, 3456
    2777, 2777
    379, 379
    1930, 1930
    2892, 2892
    1737, 1737
    3160, 3160
    2495, 2495
    2233, 2233
    3740, 3740
    2576, 2576
    468, 468
    1222, 1222
    895, 895
    31, 31
    1892, 1892
    2534, 2534
    1839, 1839
    2863, 2863
    7, 7
    1207, 1207
    834, 834
    1979, 1979
    354, 354
    3642, 3642
    2586, 2586
    1894, 1894
    1455, 1455
    3904, 3904
    2143, 2143
    1394, 1394
    1857, 1857
    1015, 1015
    715, 715
    1768, 1768
    1727, 1727
    3680, 3680
    3928, 3928
    1827, 1827
    2877, 2877
    630, 630
    2818, 2818
    3763, 3763
    2286, 2286
    459, 459
    1134, 1134
    444, 444
    759, 759
    372, 372
    3243, 3243
    3123, 3123
    1522, 1522
    835, 835
    1807, 1807
    1313, 1313
    2982, 2982
    3154, 3154
    34, 34
    1673, 1673
    1541, 1541
    236, 236
    2167, 2167
    3794, 3794
    1512, 1512
    2591, 2591
    1821, 1821
    1016, 1016
    3337, 3337
    1452, 1452
    2609, 2609
    1220, 1220
    1729, 1729
    2421, 2421
    582, 582
    3287, 3287
    1707, 1707
    2255, 2255
    1226, 1226
    1721, 1721
    540, 540
    299, 299
    2876, 2876
    319, 319
    3606, 3606
    84, 84
    2462, 2462
    541, 541
    189, 189
    2716, 2716
    1719, 1719
    3518, 3518
    3512, 3512
    3098, 3098
    969, 969
    994, 994
    2082, 2082
    1293, 1293
    912, 912
    512, 512
    3962, 3962
    1542, 1542
    640, 640
    1260, 1260
    2379, 2379
    2184, 2184
    420, 420
    3651, 3651
    2429, 2429
    3867, 3867
    1339, 1339
    2604, 2604
    2265, 2265
    3209, 3209
    1198, 1198
    1938, 1938
    3452, 3452
    1483, 1483
    852, 852
    114, 114
    3854, 3854
    1057, 1057
    2897, 2897
    1410, 1410
    3983, 3983
    460, 460
    1859, 1859
    765, 765
    581, 581
    953, 953
    2477, 2477
    100, 100
    2824, 2824
    1511, 1511
    3487, 3487
    29, 29
    3063, 3063
    504, 504
    2998, 2998
    3637, 3637
    2699, 2699
    838, 838
    3586, 3586
    3515, 3515
    586, 586
    3732, 3732
    3146, 3146
    1498, 1498
    944, 944
    40, 40
    728, 728
    1424, 1424
    1414, 1414
    120, 120
    2833, 2833
    3665, 3665
    3203, 3203
    288, 288
    1443, 1443
    321, 321
    1034, 1034
    2959, 2959
    1329, 1329
    2034, 2034
    123, 123
    1708, 1708
    2811, 2811
    1765, 1765
    1829, 1829
    125, 125
    3007, 3007
    639, 639
    3599, 3599
    406, 406
    3911, 3911
    1702, 1702
    3381, 3381
    344, 344
    1728, 1728
    2318, 2318
    1744, 1744
    596, 596
    464, 464
    1250, 1250
    2077, 2077
    1720, 1720
    2145, 2145
    3798, 3798
    3316, 3316
    2569, 2569
    3931, 3931
    940, 940
    3919, 3919
    2342, 2342
    3721, 3721
    2730, 2730
    2130, 2130
    3884, 3884
    1046, 1046
    1991, 1991
    163, 163
    182, 182
    308, 308
    2588, 2588
    1460, 1460
    1865, 1865
    3575, 3575
    3099, 3099
    1521, 1521
    1820, 1820
    1605, 1605
    156, 156
    774, 774
    3429, 3429
    497, 497
    3537, 3537
    3054, 3054
    1203, 1203
    1587, 1587
    520, 520
    1213, 1213
    2547, 2547
    2922, 2922
    2795, 2795
    3460, 3460
    2664, 2664
    1383, 1383
    2589, 2589
    2516, 2516
    3734, 3734
    2870, 2870
    3668, 3668
    246, 246
    454, 454
    2008, 2008
    3184, 3184
    3180, 3180
    3208, 3208
    1570, 1570
    798, 798
    1419, 1419
    3691, 3691
    2249, 2249
    2867, 2867
    431, 431
    1326, 1326
    2580, 2580
    543, 543
    2528, 2528
    2450, 2450
    132, 132
    82, 82
    3253, 3253
    3187, 3187
    1928, 1928
    3747, 3747
    192, 192
    1879, 1879
    1583, 1583
    1909, 1909
    2505, 2505
    144, 144
    1684, 1684
    1444, 1444
    620, 620
    3647, 3647
    3831, 3831
    334, 334
    2937, 2937
    3984, 3984
    2014, 2014
    577, 577
    3298, 3298
    1971, 1971
    147, 147
    227, 227
    1368, 1368
    2987, 2987
    1175, 1175
    978, 978
    521, 521
    3394, 3394
    670, 670
    3937, 3937
    1571, 1571
    1573, 1573
    1671, 1671
    3164, 3164
    1240, 1240
    1073, 1073
    3920, 3920
    268, 268
    3796, 3796
    1042, 1042
    2335, 2335
    2076, 2076
    3631, 3631
    745, 745
    3034, 3034
    3611, 3611
    2691, 2691
    83, 83
    3463, 3463
    956, 956
    2401, 2401
    3526, 3526
    3689, 3689
    3240, 3240
    1975, 1975
    1711, 1711
    2451, 2451
    2193, 2193
    1186, 1186
    844, 844
    3090, 3090
    1746, 1746
    3357, 3357
    312, 312
    2458, 2458
    3997, 3997
    2121, 2121
    3936, 3936
    3252, 3252
    3589, 3589
    371, 371
    3784, 3784
    137, 137
    2057, 2057
    2170, 2170
    1565, 1565
    2068, 2068
    1520, 1520
    1887, 1887
    2687, 2687
    609, 609
    3754, 3754
    658, 658
    1354, 1354
    3427, 3427
    3108, 3108
    62, 62
    1230, 1230
    3539, 3539
    3592, 3592
    921, 921
    3339, 3339
    3733, 3733
    2115, 2115
    3439, 3439
    3557, 3557
    271, 271
    3723, 3723
    3305, 3305
    2893, 2893
    3759, 3759
    1205, 1205
    2387, 2387
    1552, 1552
    638, 638
    3211, 3211
    2468, 2468
    1052, 1052
    3926, 3926
    2150, 2150
    145, 145
    1318, 1318
    3351, 3351
    1303, 1303
    3059, 3059
    2890, 2890
    1393, 1393
    39, 39
    3787, 3787
    2497, 2497
    2223, 2223
    827, 827
    2744, 2744
    2601, 2601
    2042, 2042
    2041, 2041
    1320, 1320
    3474, 3474
    2029, 2029
    2134, 2134
    1733, 1733
    2784, 2784
    2614, 2614
    1662, 1662
    2309, 2309
    607, 607
    1998, 1998
    3874, 3874
    429, 429
    619, 619
    2238, 2238
    1481, 1481
    1548, 1548
    1877, 1877
    810, 810
    428, 428
    3790, 3790
    2553, 2553
    884, 884
    3266, 3266
    3530, 3530
    2625, 2625
    848, 848
    3918, 3918
    1630, 1630
    2036, 2036
    3574, 3574
    826, 826
    2772, 2772
    3081, 3081
    1849, 1849
    2153, 2153
    113, 113
    2875, 2875
    3366, 3366
    3621, 3621
    3545, 3545
    3968, 3968
    786, 786
    1766, 1766
    3448, 3448
    3183, 3183
    2397, 2397
    1068, 1068
    901, 901
    1508, 1508
    342, 342
    1732, 1732
    889, 889
    3752, 3752
    2926, 2926
    2395, 2395
    3228, 3228
    2001, 2001
    1837, 1837
    1187, 1187
    2125, 2125
    2279, 2279
    1613, 1613
    401, 401
    32, 32
    3872, 3872
    3736, 3736
    905, 905
    3071, 3071
    811, 811
    346, 346
    3308, 3308
    269, 269
    356, 356
    2616, 2616
    3301, 3301
    3514, 3514
    2312, 2312
    2567, 2567
    682, 682
    637, 637
    2814, 2814
    3009, 3009
    1372, 1372
    1236, 1236
    154, 154
    1747, 1747
    2038, 2038
    2865, 2865
    3765, 3765
    3757, 3757
    3776, 3776
    1407, 1407
    3600, 3600
    3873, 3873
    3444, 3444
    1380, 1380
    1941, 1941
    1970, 1970
    2297, 2297
    407, 407
    445, 445
    1698, 1698
    1225, 1225
    1345, 1345
    3422, 3422
    1651, 1651
    1239, 1239
    290, 290
    2984, 2984
    2142, 2142
    735, 735
    1261, 1261
    197, 197
    981, 981
    2992, 2992
    1958, 1958
    470, 470
    1201, 1201
    531, 531
    3597, 3597
    1617, 1617
    1478, 1478
    1185, 1185
    3981, 3981
    3852, 3852
    671, 671
    1104, 1104
    168, 168
    146, 146
    3748, 3748
    3192, 3192
    1385, 1385
    383, 383
    2942, 2942
    1504, 1504
    3234, 3234
    1382, 1382
    1365, 1365
    1111, 1111
    618, 618
    567, 567
    36, 36
    3890, 3890
    3811, 3811
    1538, 1538
    851, 851
    730, 730
    2203, 2203
    1525, 1525
    1783, 1783
    2622, 2622
    1878, 1878
    2638, 2638
    2917, 2917
    3609, 3609
    2684, 2684
    2488, 2488
    2872, 2872
    3068, 3068
    3466, 3466
    172, 172
    3833, 3833
    3629, 3629
    1502, 1502
    1289, 1289
    2287, 2287
    1063, 1063
    2789, 2789
    842, 842
    166, 166
    173, 173
    76, 76
    3486, 3486
    1140, 1140
    632, 632
    471, 471
    1421, 1421
    2641, 2641
    3980, 3980
    3347, 3347
    2133, 2133
    2677, 2677
    546, 546
    1050, 1050
    3528, 3528
    474, 474
    3245, 3245
    3276, 3276
    1855, 1855
    1125, 1125
    89, 89
    333, 333
    2570, 2570
    1624, 1624
    3661, 3661
    1948, 1948
    410, 410
    746, 746
    2820, 2820
    1146, 1146
    1238, 1238
    813, 813
    2659, 2659
    2491, 2491
    487, 487
    780, 780
    400, 400
    2507, 2507
    2164, 2164
    2767, 2767
    3602, 3602
    9, 9
    3091, 3091
    2938, 2938
    58, 58
    874, 874
    13, 13
    3948, 3948
    1710, 1710
    2779, 2779
    1645, 1645
    60, 60
    534, 534
    2971, 2971
    3430, 3430
    341, 341
    2593, 2593
    2246, 2246
    770, 770
    1700, 1700
    3327, 3327
    3897, 3897
    3369, 3369
    3313, 3313
    204, 204
    1912, 1912
    3688, 3688
    1278, 1278
    1335, 1335
    2025, 2025
    159, 159
    0, 0
    3094, 3094
    2473, 2473
    2299, 2299
    1995, 1995
    2160, 2160
    1828, 1828
    645, 645
    2873, 2873
    1061, 1061
    261, 261
    1824, 1824
    678, 678
    191, 191
    2904, 2904
    2712, 2712
    3162, 3162
    1713, 1713
    3908, 3908
    2874, 2874
    3570, 3570
    1647, 1647
    129, 129
    3654, 3654
    3582, 3582
    2327, 2327
    2759, 2759
    3585, 3585
    3927, 3927
    1550, 1550
    1835, 1835
    2610, 2610
    913, 913
    980, 980
    655, 655
    1369, 1369
    2861, 2861
    787, 787
    2435, 2435
    6, 6
    330, 330
    2665, 2665
    3395, 3395
    1697, 1697
    3065, 3065
    1589, 1589
    3961, 3961
    2931, 2931
    542, 542
    2543, 2543
    3497, 3497
    2595, 2595
    3653, 3653
    2417, 2417
    1471, 1471
    2758, 2758
    1179, 1179
    2499, 2499
    1442, 1442
    1973, 1973
    3121, 3121
    983, 983
    552, 552
    1150, 1150
    3750, 3750
    187, 187
    3027, 3027
    1375, 1375
    323, 323
    3037, 3037
    1875, 1875
    50, 50
    2829, 2829
    2296, 2296
    628, 628
    1027, 1027
    2693, 2693
    3840, 3840
    1591, 1591
    1462, 1462
    2658, 2658
    1275, 1275
    2083, 2083
    3583, 3583
    2331, 2331
    3686, 3686
    1678, 1678
    2790, 2790
    1931, 1931
    54, 54
    716, 716
    2726, 2726
    1811, 1811
    2444, 2444
    480, 480
    3969, 3969
    2168, 2168
    1402, 1402
    663, 663
    3462, 3462
    648, 648
    2769, 2769
    3230, 3230
    237, 237
    3143, 3143
    833, 833
    2755, 2755
    3788, 3788
    693, 693
    2333, 2333
    3963, 3963
    3433, 3433
    1926, 1926
    3804, 3804
    3704, 3704
    1468, 1468
    3860, 3860
    816, 816
    3769, 3769
    3846, 3846
    413, 413
    2443, 2443
    161, 161
    1913, 1913
    2062, 2062
    3753, 3753
    738, 738
    1786, 1786
    1434, 1434
    1233, 1233
    2649, 2649
    294, 294
    904, 904
    286, 286
    1064, 1064
    3423, 3423
    415, 415
    2541, 2541
    1743, 1743
    2229, 2229
    93, 93
    2782, 2782
    250, 250
    3279, 3279
    2978, 2978
    862, 862
    1962, 1962
    507, 507
    2941, 2941
    757, 757
    797, 797
    88, 88
    2480, 2480
    149, 149
    475, 475
    3415, 3415
    1516, 1516
    374, 374
    3841, 3841
    490, 490
    2359, 2359
    3400, 3400
    2483, 2483
    772, 772
    2600, 2600
    509, 509
    109, 109
    303, 303
    2787, 2787
    2466, 2466
    2188, 2188
    3727, 3727
    2597, 2597
    2350, 2350
    3346, 3346
    185, 185
    896, 896
    2857, 2857
    3503, 3503
    599, 599
    3207, 3207
    3951, 3951
    254, 254
    3341, 3341
    1745, 1745
    3886, 3886
    698, 698
    3254, 3254
    1523, 1523
    903, 903
    2889, 2889
    479, 479
    1110, 1110
    2996, 2996
    66, 66
    995, 995
    779, 779
    3461, 3461
    1373, 1373
    2581, 2581
    2404, 2404
    1992, 1992
    472, 472
    3862, 3862
    1328, 1328
    337, 337
    1463, 1463
    3249, 3249
    3755, 3755
    2868, 2868
    2626, 2626
    2704, 2704
    2017, 2017
    1845, 1845
    1127, 1127
    2374, 2374
    1717, 1717
    3380, 3380
    2415, 2415
    2783, 2783
    3666, 3666
    881, 881
    3479, 3479
    964, 964
    3324, 3324
    2137, 2137
    1128, 1128
    2148, 2148
    3966, 3966
    3431, 3431
    1602, 1602
    2799, 2799
    2214, 2214
    3397, 3397
    3780, 3780
    2864, 2864
    3678, 3678
    328, 328
    3450, 3450
    158, 158
    3782, 3782
    612, 612
    3591, 3591
    533, 533
    3103, 3103
    2780, 2780
    367, 367
    282, 282
    1951, 1951
    1065, 1065
    2689, 2689
    2509, 2509
    135, 135
    764, 764
    3364, 3364
    775, 775
    753, 753
    1189, 1189
    991, 991
    2357, 2357
    1298, 1298
    1576, 1576
    3268, 3268
    2442, 2442
    375, 375
    1822, 1822
    1178, 1178
    2406, 2406
    2241, 2241
    2470, 2470
    3970, 3970
    832, 832
    2213, 2213
    3777, 3777
    3336, 3336
    1362, 1362
    2242, 2242
    511, 511
    2894, 2894
    1192, 1192
    2257, 2257
    1234, 1234
    446, 446
    2004, 2004
    3820, 3820
    2080, 2080
    3584, 3584
    1310, 1310
    329, 329
    373, 373
    1834, 1834
    2224, 2224
    3289, 3289
    583, 583
    3290, 3290
    977, 977
    908, 908
    2324, 2324
    3756, 3756
    782, 782
    257, 257
    3565, 3565
    2882, 2882
    1332, 1332
    2991, 2991
    999, 999
    1364, 1364
    3553, 3553
    3391, 3391
    2021, 2021
    2506, 2506
    4, 4
    2561, 2561
    2736, 2736
    3215, 3215
    3378, 3378
    2909, 2909
    1633, 1633
    3441, 3441
    2947, 2947
    382, 382
    57, 57
    3751, 3751
    2247, 2247
    3762, 3762
    3297, 3297
    255, 255
    1066, 1066
    2135, 2135
    3544, 3544
    1813, 1813
    1953, 1953
    2263, 2263
    837, 837
    3739, 3739
    2623, 2623
    2502, 2502
    1295, 1295
    1778, 1778
    1449, 1449
    412, 412
    2292, 2292
    1933, 1933
    1352, 1352
    2801, 2801
    3483, 3483
    3681, 3681
    302, 302
    2989, 2989
    404, 404
    1270, 1270
    601, 601
    3695, 3695
    2465, 2465
    3318, 3318
    2888, 2888
    2181, 2181
    3726, 3726
    1026, 1026
    3274, 3274
    2532, 2532
    388, 388
    3095, 3095
    572, 572
    1154, 1154
    570, 570
    2067, 2067
    894, 894
    3719, 3719
    3652, 3652
    2389, 2389
    1466, 1466
    1952, 1952
    3964, 3964
    1242, 1242
    3399, 3399
    3210, 3210
    3761, 3761
    1658, 1658
    1990, 1990
    2094, 2094
    3954, 3954
    1060, 1060
    165, 165
    1722, 1722
    3646, 3646
    3104, 3104
    1577, 1577
    3458, 3458
}

S(b, c) = {
    1693, 1693
    5955, 5955
    1196, 1196
    7473, 7473
    7326, 7326
    4768, 4768
    5136, 5136
    7271, 7271
    5907, 5907
    5419, 5419
    5919, 5919
    3776, 3776
    1429, 1429
    5143, 5143
    3220, 3220
    2119, 2119
    7418, 7418
    7311, 7311
    7237, 7237
    6570, 6570
    6731, 6731
    6936, 6936
    457, 457
    1405, 1405
    4595, 4595
    46, 46
    5330, 5330
    6601, 6601
    2580, 2580
    1748, 1748
    4344, 4344
    4390, 4390
    2260, 2260
    2481, 2481
    5865, 5865
    3691, 3691
    1624, 1624
    986, 986
    1960, 1960
    6880, 6880
    5880, 5880
    1025, 1025
    5086, 5086
    963, 963
    7685, 7685
    1557, 1557
    4432, 4432
    1945, 1945
    3958, 3958
    4133, 4133
    3369, 3369
    6707, 6707
    5659, 5659
    6653, 6653
    1535, 1535
    7239, 7239
    5814, 5814
    2892, 2892
    972, 972
    272, 272
    5921, 5921
    1947, 1947
    1045, 1045
    1640, 1640
    3742, 3742
    1910, 1910
    4132, 4132
    6564, 6564
    2625, 2625
    7716, 7716
    3072, 3072
    946, 946
    720, 720
    3160, 3160
    6399, 6399
    3489, 3489
    317, 317
    6893, 6893
    1051, 1051
    5196, 5196
    6746, 6746
    113, 113
    2578, 2578
    5960, 5960
    5817, 5817
    5745, 5745
    464, 464
    5255, 5255
    2403, 2403
    6287, 6287
    7039, 7039
    753, 753
    4862, 4862
    3070, 3070
    3739, 3739
    4529, 4529
    7148, 7148
    4504, 4504
    2417, 2417
    6619, 6619
    104, 104
    7584, 7584
    1760, 1760
    5275, 5275
    1139, 1139
    5477, 5477
    3640, 3640
    2375, 2375
    3693, 3693
    1925, 1925
    7064, 7064
    817, 817
    7400, 7400
    5054, 5054
    6979, 6979
    4191, 4191
    5626, 5626
    6275, 6275
    5333, 5333
    3925, 3925
    4953, 4953
    5125, 5125
    4717, 4717
    5489, 5489
    4830, 4830
    1511, 1511
    441, 441
    634, 634
    907, 907
    3193, 3193
    5711, 5711
    6549, 6549
    4655, 4655
    4730, 4730
    5031, 5031
    5129, 5129
    7988, 7988
    7261, 7261
    6069, 6069
    5055, 5055
    3471, 3471
    3647, 3647
    6141, 6141
    4322, 4322
    4506, 4506
    692, 692
    7091, 7091
    3832, 3832
    197, 197
    3818, 3818
    5074, 5074
    2542, 2542
    5893, 5893
    5740, 5740
    355, 355
    3503, 3503
    7272, 7272
    7733, 7733
    5885, 5885
    2836, 2836
    1272, 1272
    7770, 7770
    3071, 3071
    327, 327
    583, 583
    1002, 1002
    7166, 7166
    666, 666
    5906, 5906
    659, 659
    5789, 5789
    7997, 7997
    210, 210
    4020, 4020
    4760, 4760
    4180, 4180
    2002, 2002
    6536, 6536
    4533, 4533
    1860, 1860
    3084, 3084
    1967, 1967
    1729, 1729
    2617, 2617
    3343, 3343
    2672, 2672
    1736, 1736
    6520, 6520
    4441, 4441
    7686, 7686
    4556, 4556
    3122, 3122
    5942, 5942
    777, 777
    1240, 1240
    1288, 1288
    6125, 6125
    3928, 3928
    270, 270
    626, 626
    751, 751
    1670, 1670
    6894, 6894
    4447, 4447
    4064, 4064
    4462, 4462
    1175, 1175
    7508, 7508
    7001, 7001
    5412, 5412
    739, 739
    3576, 3576
    353, 353
    7946, 7946
    646, 646
    2896, 2896
    4351, 4351
    2036, 2036
    7927, 7927
    621, 621
    261, 261
    3737, 3737
    4302, 4302
    481, 481
    3695, 3695
    3816, 3816
    6050, 6050
    7401, 7401
    2452, 2452
    1124, 1124
    6973, 6973
    475, 475
    4241, 4241
    2623, 2623
    7083, 7083
    2921, 2921
    3326, 3326
    3556, 3556
    6788, 6788
    3238, 3238
    2422, 2422
    4056, 4056
    105, 105
    6808, 6808
    4680, 4680
    3657, 3657
    7087, 7087
    2502, 2502
    1961, 1961
    7846, 7846
    5281, 5281
    5338, 5338
    5505, 5505
    5841, 5841
    4868, 4868
    7588, 7588
    3344, 3344
    1899, 1899
    2287, 2287
    4651, 4651
    4159, 4159
    7130, 7130
    6790, 6790
    1903, 1903
    6526, 6526
    51, 51
    7070, 7070
    1434, 1434
    5657, 5657
    6201, 6201
    2282, 2282
    3178, 3178
    1228, 1228
    5030, 5030
    1767, 1767
    5672, 5672
    2354, 2354
    7798, 7798
    370, 370
    7295, 7295
    5575, 5575
    6297, 6297
    4782, 4782
    5407, 5407
    3570, 3570
    2533, 2533
    2061, 2061
    7212, 7212
    7553, 7553
    4051, 4051
    569, 569
    4935, 4935
    3939, 3939
    5248, 5248
    726, 726
    5142, 5142
    1935, 1935
    6048, 6048
    5379, 5379
    7673, 7673
    1058, 1058
    3713, 3713
    5239, 5239
    2518, 2518
    5748, 5748
    6245, 6245
    7565, 7565
    4308, 4308
    1415, 1415
    810, 810
    1493, 1493
    5386, 5386
    225, 225
    4858, 4858
    4453, 4453
    2177, 2177
    5771, 5771
    6827, 6827
    2645, 2645
    2228, 2228
    1982, 1982
    3047, 3047
    7262, 7262
    6853, 6853
    2142, 2142
    4377, 4377
    2832, 2832
    83, 83
    6775, 6775
    586, 586
    4418, 4418
    2089, 2089
    598, 598
    7887, 7887
    1310, 1310
    2074, 2074
    7292, 7292
    3341, 3341
    2588, 2588
    7800, 7800
    7963, 7963
    4017, 4017
    2199, 2199
    1709, 1709
    2197, 2197
    3057, 3057
    2272, 2272
    5948, 5948
    2793, 2793
    265, 265
    5485, 5485
    4936, 4936
    3109, 3109
    5684, 5684
    1078, 1078
    466, 466
    959, 959
    1183, 1183
    123, 123
    2101, 2101
    7901, 7901
    4654, 4654
    1989, 1989
    141, 141
    1422, 1422
    738, 738
    826, 826
    7951, 7951
    848, 848
    2334, 2334
    6869, 6869
    5181, 5181
    5543, 5543
    1217, 1217
    1229, 1229
    299, 299
    6932, 6932
    1584, 1584
    5742, 5742
    3327, 3327
    167, 167
    4789, 4789
    6895, 6895
    3324, 3324
    82, 82
    5777, 5777
    4577, 4577
    3599, 3599
    2086, 2086
    3433, 3433
    3532, 3532
    754, 754
    2479, 2479
    1623, 1623
    5007, 5007
    7036, 7036
    6721, 6721
    1021, 1021
    671, 671
    4968, 4968
    6256, 6256
    7662, 7662
    7098, 7098
    7352, 7352
    48, 48
    7561, 7561
    7617, 7617
    4452, 4452
    4090, 4090
    5436, 5436
    7740, 7740
    1549, 1549
    3867, 3867
    672, 672
    4623, 4623
    7152, 7152
    5937, 5937
    5445, 5445
    6464, 6464
    3014, 3014
    6187, 6187
    1406, 1406
    7251, 7251
    7259, 7259
    7949, 7949
    4365, 4365
    4029, 4029
    3137, 3137
    432, 432
    6662, 6662
    7446, 7446
    6002, 6002
    2220, 2220
    5172, 5172
    4645, 4645
    2595, 2595
    4436, 4436
    6431, 6431
    6828, 6828
    5732, 5732
    3498, 3498
    5886, 5886
    2153, 2153
    3627, 3627
    3589, 3589
    5664, 5664
    1187, 1187
    7358, 7358
    5352, 5352
    7390, 7390
    3210, 3210
    4218, 4218
    7886, 7886
    575, 575
    6714, 6714
    1161, 1161
    6167, 6167
    251, 251
    3403, 3403
    2865, 2865
    1363, 1363
    2202, 2202
    2905, 2905
    881, 881
    3554, 3554
    7452, 7452
    1179, 1179
    7314, 7314
    6681, 6681
    2944, 2944
    3152, 3152
    1290, 1290
    1576, 1576
    4527, 4527
    4627, 4627
    635, 635
    4993, 4993
    6120, 6120
    3860, 3860
    7341, 7341
    1620, 1620
    3485, 3485
    5144, 5144
    6837, 6837
    5584, 5584
    4999, 4999
    609, 609
    7253, 7253
    7248, 7248
    3384, 3384
    7692, 7692
    2736, 2736
    5297, 5297
    850, 850
    1012, 1012
    6083, 6083
    4443, 4443
    2755, 2755
    1233, 1233
    3716, 3716
    2020, 2020
    5897, 5897
    696, 696
    3107, 3107
    7786, 7786
    4389, 4389
    5541, 5541
    3999, 3999
    1676, 1676
    7197, 7197
    5701, 5701
    5310, 5310
    3028, 3028
    1966, 1966
    1250, 1250
    1900, 1900
    3022, 3022
    2925, 2925
    4988, 4988
    7884, 7884
    2087, 2087
    1446, 1446
    4524, 4524
    3798, 3798
    1711, 1711
    3932, 3932
    5608, 5608
    3145, 3145
    7870, 7870
    3861, 3861
    7294, 7294
    5561, 5561
    3139, 3139
    2380, 2380
    931, 931
    4790, 4790
    4197, 4197
    2823, 2823
    3023, 3023
    3133, 3133
    1844, 1844
    7603, 7603
    154, 154
    6404, 6404
    5572, 5572
    687, 687
    2269, 2269
    4211, 4211
    5195, 5195
    3586, 3586
    4689, 4689
    4591, 4591
    1786, 1786
    969, 969
    1979, 1979
    7869, 7869
    3431, 3431
    7749, 7749
    2686, 2686
    4929, 4929
    2561, 2561
    7628, 7628
    3319, 3319
    2679, 2679
    7627, 7627
    5171, 5171
    2143, 2143
    6942, 6942
    5267, 5267
    4615, 4615
    3950, 3950
    5285, 5285
    3204, 3204
    653, 653
    5044, 5044
    3690, 3690
    7972, 7972
    5066, 5066
    6441, 6441
    582, 582
    5424, 5424
    2737, 2737
    5001, 5001
    762, 762
    3258, 3258
    6115, 6115
    1016, 1016
    6846, 6846
    174, 174
    6844, 6844
    1501, 1501
    3870, 3870
    3731, 3731
    7942, 7942
    2363, 2363
    7592, 7592
    2158, 2158
    97, 97
    1780, 1780
    5694, 5694
    2928, 2928
    6971, 6971
    1404, 1404
    6437, 6437
    2404, 2404
    7639, 7639
    5000, 5000
    5899, 5899
    4718, 4718
    3724, 3724
    983, 983
    4435, 4435
    1821, 1821
    6417, 6417
    5731, 5731
    1831, 1831
    325, 325
    2971, 2971
    758, 758
    1371, 1371
    594, 594
    2186, 2186
    4355, 4355
    2933, 2933
    1448, 1448
    5512, 5512
    4103, 4103
    4457, 4457
    6387, 6387
    3517, 3517
    710, 710
    4605, 4605
    6217, 6217
    756, 756
    4583, 4583
    5784, 5784
    3508, 3508
    288, 288
    3375, 3375
    5041, 5041
    3279, 3279
    2559, 2559
    5257, 5257
    7970, 7970
    2746, 2746
    1093, 1093
    6677, 6677
    2183, 2183
    6105, 6105
    3295, 3295
    6833, 6833
    6794, 6794
    6952, 6952
    5367, 5367
    6019, 6019
    2045, 2045
    4944, 4944
    2151, 2151
    3520, 3520
    1689, 1689
    2399, 2399
    1203, 1203
    1317, 1317
    3978, 3978
    4679, 4679
    3662, 3662
    3002, 3002
    779, 779
    497, 497
    5517, 5517
    168, 168
    4490, 4490
    7823, 7823
    3297, 3297
    1542, 1542
    5661, 5661
    6608, 6608
    5645, 5645
    3573, 3573
    3701, 3701
    7328, 7328
    6523, 6523
    164, 164
    5213, 5213
    5201, 5201
    5660, 5660
    4912, 4912
    534, 534
    6479, 6479
    7146, 7146
    1570, 1570
    6063, 6063
    554, 554
    7526, 7526
    7350, 7350
    6760, 6760
    2063, 2063
    5466, 5466
    6567, 6567
    4454, 4454
    2478, 2478
    6578, 6578
    3790, 3790
    4421, 4421
    2232, 2232
    6672, 6672
    329, 329
    7652, 7652
    6000, 6000
    4354, 4354
    6165, 6165
    5217, 5217
    2442, 2442
    7165, 7165
    2233, 2233
    795, 795
    4714, 4714
    7623, 7623
    4423, 4423
    4568, 4568
    1992, 1992
    4992, 4992
    1313, 1313
    5837, 5837
    2098, 2098
    2104, 2104
    6980, 6980
    7811, 7811
    3927, 3927
    3759, 3759
    7973, 7973
    3827, 3827
    3495, 3495
    3138, 3138
    6276, 6276
    5336, 5336
    2526, 2526
    4732, 4732
    1663, 1663
    5246, 5246
    2312, 2312
    7579, 7579
    4538, 4538
    7100, 7100
    1678, 1678
    4334, 4334
    1466, 1466
    6637, 6637
    2095, 2095
    7257, 7257
    4571, 4571
    2295, 2295
    3244, 3244
    1977, 1977
    4036, 4036
    2317, 2317
    3251, 3251
    4252, 4252
    2957, 2957
    5601, 5601
    608, 608
    1162, 1162
    561, 561
    4920, 4920
    5911, 5911
    3611, 3611
    6797, 6797
    4075, 4075
    1554, 1554
    2726, 2726
    5065, 5065
    5107, 5107
    2821, 2821
    5180, 5180
    1057, 1057
    6215, 6215
    5300, 5300
    3986, 3986
    1270, 1270
    1691, 1691
    4152, 4152
    6088, 6088
    2717, 2717
    1136, 1136
    939, 939
    64, 64
    2284, 2284
    3782, 3782
    1449, 1449
    2801, 2801
    5056, 5056
    684, 684
    1817, 1817
    550, 550
    4169, 4169
    3920, 3920
    1627, 1627
    2429, 2429
    1732, 1732
    4984, 4984
    5980, 5980
    7991, 7991
    3230, 3230
    4430, 4430
    3120, 3120
    7397, 7397
    893, 893
    718, 718
    618, 618
    33, 33
    6783, 6783
    7120, 7120
    4516, 4516
    7468, 7468
    4401, 4401
    6597, 6597
    2756, 2756
    205, 205
    7523, 7523
    4972, 4972
    3445, 3445
    2465, 2465
    5530, 5530
    4458, 4458
    5839, 5839
    3700, 3700
    6406, 6406
    4842, 4842
    4446, 4446
    316, 316
    1418, 1418
    5537, 5537
    5372, 5372
    2982, 2982
    5936, 5936
    6225, 6225
    1754, 1754
    6986, 6986
    3913, 3913
    2435, 2435
    6334, 6334
    2241, 2241
    3114, 3114
    3298, 3298
    6878, 6878
    1455, 1455
    4558, 4558
    2356, 2356
    5739, 5739
    1783, 1783
    228, 228
    3227, 3227
    774, 774
    4333, 4333
    7082, 7082
    2976, 2976
    7743, 7743
    5932, 5932
    870, 870
    5250, 5250
    4948, 4948
    493, 493
    6989, 6989
    6735, 6735
    5946, 5946
    2313, 2313
    1516, 1516
    257, 257
    7604, 7604
    5057, 5057
    331, 331
    5639, 5639
    7126, 7126
    2457, 2457
    1053, 1053
    4781, 4781
    132, 132
    7105, 7105
    2619, 2619
    1171, 1171
    7499, 7499
    1829, 1829
    2974, 2974
    4916, 4916
    1849, 1849
    322, 322
    1956, 1956
    2443, 2443
    3844, 3844
    5147, 5147
    2393, 2393
    7574, 7574
    6439, 6439
    1372, 1372
    6540, 6540
    953, 953
    5670, 5670
    2939, 2939
    1432, 1432
    4151, 4151
    3802, 3802
    4733, 4733
    6568, 6568
    4786, 4786
    4847, 4847
    4369, 4369
    5190, 5190
    3645, 3645
    66, 66
    1095, 1095
    6014, 6014
    6425, 6425
    7968, 7968
    6244, 6244
    6712, 6712
    686, 686
    4360, 4360
    4668, 4668
    6801, 6801
    2328, 2328
    6351, 6351
    4505, 4505
    4046, 4046
    453, 453
    3294, 3294
    3969, 3969
    2366, 2366
    2676, 2676
    1319, 1319
    4120, 4120
    4485, 4485
    3373, 3373
    3365, 3365
    5243, 5243
    7059, 7059
    3256, 3256
    637, 637
    3600, 3600
    2078, 2078
    544, 544
    4244, 4244
    3681, 3681
    4792, 4792
    1686, 1686
    5594, 5594
    1577, 1577
    6543, 6543
    7934, 7934
    7164, 7164
    2880, 2880
    346, 346
    2319, 2319
    4212, 4212
    3293, 3293
    2146, 2146
    5194, 5194
    6046, 6046
    3175, 3175
    4648, 4648
    7141, 7141
    3530, 3530
    4336, 4336
    6344, 6344
    6189, 6189
    7029, 7029
    4156, 4156
    4727, 4727
    6981, 6981
    5245, 5245
    1060, 1060
    4559, 4559
    5166, 5166
    7066, 7066
    6742, 6742
    6949, 6949
    4685, 4685
    3936, 3936
    3943, 3943
    3829, 3829
    2712, 2712
    5747, 5747
    2647, 2647
    7088, 7088
    995, 995
    5287, 5287
    67, 67
    6318, 6318
    1463, 1463
    284, 284
    436, 436
    6307, 6307
    377, 377
    4496, 4496
    3648, 3648
    5823, 5823
    658, 658
    2071, 2071
    6289, 6289
    763, 763
    954, 954
    1027, 1027
    247, 247
    1211, 1211
    521, 521
    4922, 4922
    2953, 2953
    5430, 5430
    2964, 2964
    1275, 1275
    7936, 7936
    159, 159
    3567, 3567
    3733, 3733
    4145, 4145
    6789, 6789
    2437, 2437
    4835, 4835
    7795, 7795
    7736, 7736
    1746, 1746
    509, 509
    1168, 1168
    6328, 6328
    308, 308
    394, 394
    3140, 3140
    7163, 7163
    7000, 7000
    7417, 7417
    1879, 1879
    3459, 3459
    333, 333
    1797, 1797
    29, 29
    4767, 4767
    6078, 6078
    3005, 3005
    7172, 7172
    7114, 7114
    5671, 5671
    539, 539
    3768, 3768
    4053, 4053
    3494, 3494
    2398, 2398
    47, 47
    5770, 5770
    1039, 1039
    2840, 2840
    2454, 2454
    1633, 1633
    3201, 3201
    6419, 6419
    2025, 2025
    1885, 1885
    40, 40
    1505, 1505
    2402, 2402
    4463, 4463
    6995, 6995
    700, 700
    2866, 2866
    3544, 3544
    1006, 1006
    4617, 4617
    4038, 4038
    610, 610
    1517, 1517
    3189, 3189
    1322, 1322
    3080, 3080
    7219, 7219
    5929, 5929
    2191, 2191
    391, 391
    4531, 4531
    4729, 4729
    2342, 2342
    6027, 6027
    4873, 4873
    6527, 6527
    625, 625
    3091, 3091
    7103, 7103
    4248, 4248
    5058, 5058
    3668, 3668
    3042, 3042
    2566, 2566
    617, 617
    3276, 3276
    7461, 7461
    3016, 3016
    232, 232
    5325, 5325
    5668, 5668
    2431, 2431
    6137, 6137
    6233, 6233
    3614, 3614
    4240, 4240
    5207, 5207
    7476, 7476
    3937, 3937
    7872, 7872
    5810, 5810
    328, 328
    6890, 6890
    2167, 2167
    3127, 3127
    7011, 7011
    3185, 3185
    3064, 3064
    2998, 2998
    2130, 2130
    1757, 1757
    2042, 2042
    1142, 1142
    2236, 2236
    3383, 3383
    5294, 5294
    1553, 1553
    297, 297
    5428, 5428
    3252, 3252
    7408, 7408
    2127, 2127
    783, 783
    5788, 5788
    7522, 7522
    6383, 6383
    4079, 4079
    4324, 4324
    2916, 2916
    1148, 1148
    2603, 2603
    6914, 6914
    2978, 2978
    5961, 5961
    6859, 6859
    7779, 7779
    2997, 2997
    7945, 7945
    6860, 6860
    196, 196
    7269, 7269
    3158, 3158
    5638, 5638
    5230, 5230
    1089, 1089
    7847, 7847
    6685, 6685
    285, 285
    6117, 6117
    4185, 4185
    5026, 5026
    4052, 4052
    1281, 1281
    1496, 1496
    6462, 6462
    565, 565
    2123, 2123
    49, 49
    1160, 1160
    2492, 2492
    7756, 7756
    2205, 2205
    4210, 4210
    4313, 4313
    5849, 5849
    6223, 6223
    6836, 6836
    7852, 7852
    3547, 3547
    4513, 4513
    4662, 4662
    1194, 1194
    1907, 1907
    1547, 1547
    6209, 6209
    6010, 6010
    1509, 1509
    2117, 2117
    4004, 4004
    6969, 6969
    3774, 3774
    5676, 5676
    5095, 5095
    4770, 4770
    6109, 6109
    3390, 3390
    3674, 3674
    2850, 2850
    6400, 6400
    2504, 2504
    2863, 2863
    6263, 6263
    7909, 7909
    1533, 1533
    3179, 3179
    5871, 5871
    6665, 6665
    3308, 3308
    5617, 5617
    6452, 6452
    2831, 2831
    5705, 5705
    3282, 3282
    3159, 3159
    1913, 1913
    6884, 6884
    4812, 4812
    2599, 2599
    266, 266
    813, 813
    2159, 2159
    3514, 3514
    7149, 7149
    1495, 1495
    3315, 3315
    5553, 5553
    6278, 6278
    7725, 7725
    7799, 7799
    4735, 4735
    2248, 2248
    6222, 6222
    4101, 4101
    5214, 5214
    2252, 2252
    6912, 6912
    2757, 2757
    5829, 5829
    4136, 4136
    3451, 3451
    5406, 5406
    4698, 4698
    6308, 6308
    7069, 7069
    2501, 2501
    420, 420
    836, 836
    5909, 5909
    5459, 5459
    7177, 7177
    6916, 6916
    1637, 1637
    2924, 2924
    4737, 4737
    6104, 6104
    7672, 7672
    39, 39
    1942, 1942
    2175, 2175
    6515, 6515
    3041, 3041
    2675, 2675
    5998, 5998
    2618, 2618
    2118, 2118
    2778, 2778
    1830, 1830
    2035, 2035
    3810, 3810
    5939, 5939
    4013, 4013
    2173, 2173
    7385, 7385
    2597, 2597
    1362, 1362
    7998, 7998
    6367, 6367
    4471, 4471
    7372, 7372
    5004, 5004
    1427, 1427
    4837, 4837
    2788, 2788
    2653, 2653
    2266, 2266
    2575, 2575
    3438, 3438
    6901, 6901
    1773, 1773
    2543, 2543
    3828, 3828
    5369, 5369
    1824, 1824
    6090, 6090
    7217, 7217
    5538, 5538
    4062, 4062
    5744, 5744
    7482, 7482
    3496, 3496
    4310, 4310
    3592, 3592
    3887, 3887
    4694, 4694
    1705, 1705
    1159, 1159
    7204, 7204
    5940, 5940
    6296, 6296
    4665, 4665
    30, 30
    639, 639
    425, 425
    827, 827
    6807, 6807
    5396, 5396
    1562, 1562
    7560, 7560
    6138, 6138
    1199, 1199
    4706, 4706
    1592, 1592
    229, 229
    5623, 5623
    5863, 5863
    6116, 6116
    2827, 2827
    2178, 2178
    7587, 7587
    2052, 2052
    3948, 3948
    1877, 1877
    393, 393
    7089, 7089
    1923, 1923
    7986, 7986
    3174, 3174
    8, 8
    6220, 6220
    321, 321
    3362, 3362
    356, 356
    430, 430
    6391, 6391
    6370, 6370
    6874, 6874
    4874, 4874
    1031, 1031
    249, 249
    7107, 7107
    7724, 7724
    3257, 3257
    936, 936
    2072, 2072
    3377, 3377
    2744, 2744
    1094, 1094
    429, 429
    4154, 4154
    1180, 1180
    7454, 7454
    7040, 7040
    3270, 3270
    5624, 5624
    2097, 2097
    5452, 5452
    3492, 3492
    5783, 5783
    4814, 4814
    7503, 7503
    3537, 3537
    52, 52
    3491, 3491
    5012, 5012
    2706, 2706
    4723, 4723
    3286, 3286
    5858, 5858
    1213, 1213
    2500, 2500
    2473, 2473
    7767, 7767
    4200, 4200
    5060, 5060
    3224, 3224
    7547, 7547
    1909, 1909
    3747, 3747
    3126, 3126
    7709, 7709
    3079, 3079
    5957, 5957
    6270, 6270
    347, 347
    5804, 5804
    1929, 1929
    7267, 7267
    2751, 2751
    4450, 4450
    4392, 4392
    6422, 6422
    5034, 5034
    2289, 2289
    5110, 5110
    1962, 1962
    790, 790
    5984, 5984
    785, 785
    223, 223
    7273, 7273
    3050, 3050
    191, 191
    1458, 1458
    723, 723
    3992, 3992
    5094, 5094
    6620, 6620
    6494, 6494
    4176, 4176
    7913, 7913
    3652, 3652
    4761, 4761
    3689, 3689
    5704, 5704
    3108, 3108
    5583, 5583
    1863, 1863
    5067, 5067
    5630, 5630
    578, 578
    566, 566
    7373, 7373
    7019, 7019
    6967, 6967
    2428, 2428
    6823, 6823
    2456, 2456
    3242, 3242
    1471, 1471
    7278, 7278
    677, 677
    4306, 4306
    7363, 7363
    2046, 2046
    3940, 3940
    4932, 4932
    5782, 5782
    7047, 7047
    3722, 3722
    4096, 4096
    5566, 5566
    1169, 1169
    2938, 2938
    117, 117
    5544, 5544
    5121, 5121
    2765, 2765
    2073, 2073
    1330, 1330
    4483, 4483
    5389, 5389
    5365, 5365
    4659, 4659
    96, 96
    7205, 7205
    2088, 2088
    7567, 7567
    1003, 1003
    581, 581
    4678, 4678
    892, 892
    6299, 6299
    1066, 1066
    5306, 5306
    3000, 3000
    5305, 5305
    5615, 5615
    6781, 6781
    5318, 5318
    3116, 3116
    6426, 6426
    1005, 1005
    2898, 2898
    971, 971
    4764, 4764
    6972, 6972
    4258, 4258
    6072, 6072
    3669, 3669
    1176, 1176
    7445, 7445
    3572, 3572
    545, 545
    1, 1
    3167, 3167
    7718, 7718
    979, 979
    7563, 7563
    3755, 3755
    4028, 4028
    3952, 3952
    1232, 1232
    5603, 5603
    5891, 5891
    6258, 6258
    3675, 3675
    1420, 1420
    211, 211
    4194, 4194
    4214, 4214
    2209, 2209
    4608, 4608
    5204, 5204
    2780, 2780
    7391, 7391
    1218, 1218
    2713, 2713
    4475, 4475
    86, 86
    423, 423
    152, 152
    413, 413
    5153, 5153
    4207, 4207
    5316, 5316
    4440, 4440
    7944, 7944
    4479, 4479
    7053, 7053
    2474, 2474
    72, 72
    4144, 4144
    4186, 4186
    1077, 1077
    3361, 3361
    1486, 1486
    7439, 7439
    2800, 2800
    7438, 7438
    2286, 2286
    1443, 1443
    6935, 6935
    3035, 3035
    3082, 3082
    1138, 1138
    1086, 1086
    7710, 7710
    5244, 5244
    209, 209
    1889, 1889
    4522, 4522
    7507, 7507
    6234, 6234
    6501, 6501
    4518, 4518
    2673, 2673
    6954, 6954
    541, 541
    2862, 2862
    1267, 1267
    5280, 5280
    3190, 3190
    7797, 7797
    3584, 3584
    7940, 7940
    5712, 5712
    216, 216
    4245, 4245
    1050, 1050
    7220, 7220
    518, 518
    5494, 5494
    5826, 5826
    354, 354
    6343, 6343
    2841, 2841
    7995, 7995
    5643, 5643
    2842, 2842
    101, 101
    7630, 7630
    5231, 5231
    3166, 3166
    4606, 4606
    6454, 6454
    20, 20
    6305, 6305
    2993, 2993
    660, 660
    812, 812
    182, 182
    4488, 4488
    6750, 6750
    2824, 2824
    7214, 7214
    3118, 3118
    3442, 3442
    5253, 5253
    5501, 5501
    4348, 4348
    3882, 3882
    590, 590
    369, 369
    7612, 7612
    4597, 4597
    2308, 2308
    1765, 1765
    2546, 2546
    1931, 1931
    2641, 2641
    5818, 5818
    5870, 5870
    4213, 4213
    1555, 1555
    7512, 7512
    7905, 7905
    6720, 6720
    7502, 7502
    5930, 5930
    3393, 3393
    3575, 3575
    7890, 7890
    5284, 5284
    3350, 3350
    5888, 5888
    7813, 7813
    5438, 5438
    2550, 2550
    4744, 4744
    5376, 5376
    2715, 2715
    5830, 5830
    5005, 5005
    3321, 3321
    3405, 3405
    120, 120
    489, 489
    5923, 5923
    7264, 7264
    3119, 3119
    1953, 1953
    1391, 1391
    999, 999
    3026, 3026
    2455, 2455
    4084, 4084
    378, 378
    5283, 5283
    5559, 5559
    7402, 7402
    95, 95
    771, 771
    2299, 2299
    648, 648
    925, 925
    1327, 1327
    6987, 6987
    109, 109
    3908, 3908
    704, 704
    3560, 3560
    1556, 1556
    3481, 3481
    2198, 2198
    993, 993
    5562, 5562
    3885, 3885
    631, 631
    633, 633
    7450, 7450
    1520, 1520
    5165, 5165
    2445, 2445
    7898, 7898
    4231, 4231
    1122, 1122
    962, 962
    5726, 5726
    3630, 3630
    2872, 2872
    134, 134
    5127, 5127
    7992, 7992
    1939, 1939
    2562, 2562
    4335, 4335
    2885, 2885
    140, 140
    4160, 4160
    6402, 6402
    4682, 4682
    1004, 1004
    5069, 5069
    1808, 1808
    3746, 3746
    5799, 5799
    2557, 2557
    5868, 5868
    4358, 4358
    6585, 6585
    6658, 6658
    1771, 1771
    1033, 1033
    6565, 6565
    291, 291
    7428, 7428
    7856, 7856
    4292, 4292
    3924, 3924
    424, 424
    1661, 1661
    5632, 5632
    6959, 6959
    7689, 7689
    5997, 5997
    7362, 7362
    3312, 3312
    4470, 4470
    7179, 7179
    6231, 6231
    7102, 7102
    5374, 5374
    1019, 1019
    7701, 7701
    7037, 7037
    989, 989
    410, 410
    6864, 6864
    6725, 6725
    6757, 6757
    3030, 3030
    4386, 4386
    721, 721
    6434, 6434
    468, 468
    1641, 1641
    5798, 5798
    7175, 7175
    4112, 4112
    1741, 1741
    6414, 6414
    3621, 3621
    1861, 1861
    6740, 6740
    3184, 3184
    1813, 1813
    619, 619
    4118, 4118
    1604, 1604
    5669, 5669
    4303, 4303
    217, 217
    5104, 5104
    501, 501
    3170, 3170
    7693, 7693
    4820, 4820
    2570, 2570
    319, 319
    2511, 2511
    6132, 6132
    7978, 7978
    1440, 1440
    7677, 7677
    5733, 5733
    1020, 1020
    7996, 7996
    725, 725
    6941, 6941
    4395, 4395
    6229, 6229
    4663, 4663
    2966, 2966
    5063, 5063
    4162, 4162
    5752, 5752
    4349, 4349
    7938, 7938
    2044, 2044
    1181, 1181
    7757, 7757
    7240, 7240
    5677, 5677
    595, 595
    7284, 7284
    6483, 6483
    7347, 7347
    7303, 7303
    5635, 5635
    2818, 2818
    5484, 5484
    2014, 2014
    4391, 4391
    4177, 4177
    7902, 7902
    5447, 5447
    859, 859
    3639, 3639
    3221, 3221
    4755, 4755
    4925, 4925
    4078, 4078
    4894, 4894
    1009, 1009
    3092, 3092
    4758, 4758
    1235, 1235
    7601, 7601
    37, 37
    7896, 7896
    1660, 1660
    1742, 1742
    4304, 4304
    3307, 3307
    5678, 5678
    3609, 3609
    2357, 2357
    1206, 1206
    3265, 3265
    7711, 7711
    5359, 5359
    5337, 5337
    1040, 1040
    6964, 6964
    7194, 7194
    6139, 6139
    3723, 3723
    5952, 5952
    2040, 2040
    3871, 3871
    5972, 5972
    6401, 6401
    2179, 2179
    3717, 3717
    5323, 5323
    2509, 2509
    5090, 5090
    6409, 6409
    3389, 3389
    6674, 6674
    7176, 7176
    5097, 5097
    7915, 7915
    438, 438
    7162, 7162
    6331, 6331
    7086, 7086
    3804, 3804
    4080, 4080
    5693, 5693
    1968, 1968
    5945, 5945
    1331, 1331
    1350, 1350
    1908, 1908
    868, 868
    310, 310
    494, 494
    5855, 5855
    6293, 6293
    6745, 6745
    6219, 6219
    4624, 4624
    1946, 1946
    3843, 3843
    5228, 5228
    1479, 1479
    7581, 7581
    6267, 6267
    4876, 4876
    5573, 5573
    5866, 5866
    7758, 7758
    6059, 6059
    1880, 1880
    6805, 6805
    2960, 2960
    6705, 6705
    6197, 6197
    1359, 1359
    1775, 1775
    7791, 7791
    1151, 1151
    3953, 3953
    5169, 5169
    4602, 4602
    4466, 4466
    4030, 4030
    4413, 4413
    259, 259
    577, 577
    568, 568
    895, 895
    5848, 5848
    6411, 6411
    1799, 1799
    3765, 3765
    507, 507
    4063, 4063
    5987, 5987
    3578, 3578
    6382, 6382
    6292, 6292
    4228, 4228
    1034, 1034
    1035, 1035
    7818, 7818
    3300, 3300
    4797, 4797
    728, 728
    7079, 7079
    3283, 3283
    4115, 4115
    1164, 1164
    7937, 7937
    2351, 2351
    607, 607
    3966, 3966
    1108, 1108
    7139, 7139
    7117, 7117
    2006, 2006
    5274, 5274
    2367, 2367
    5663, 5663
    5994, 5994
    7080, 7080
    5580, 5580
    6497, 6497
    5334, 5334
    3150, 3150
    3008, 3008
    2138, 2138
    1073, 1073
    6871, 6871
    4163, 4163
    7319, 7319
    2912, 2912
    5309, 5309
    5607, 5607
    5751, 5751
    3566, 3566
    7431, 7431
    2516, 2516
    1116, 1116
    1489, 1489
    1248, 1248
    1864, 1864
    7576, 7576
    4374, 4374
    2904, 2904
    3037, 3037
    6210, 6210
    3413, 3413
    2876, 2876
    4353, 4353
    7842, 7842
    6218, 6218
    4417, 4417
    5108, 5108
    62, 62
    951, 951
    7279, 7279
    5715, 5715
    4225, 4225
    5780, 5780
    4517, 4517
    5276, 5276
    2893, 2893
    1494, 1494
    5303, 5303
    5908, 5908
    4146, 4146
    3478, 3478
    5999, 5999
    1602, 1602
    555, 555
    7093, 7093
    7365, 7365
    6324, 6324
    6734, 6734
    19, 19
    1278, 1278
    5014, 5014
    2907, 2907
    2359, 2359
    2467, 2467
    5563, 5563
    6902, 6902
    3534, 3534
    2193, 2193
    7090, 7090
    1506, 1506
    2388, 2388
    3020, 3020
    1994, 1994
    7674, 7674
    407, 407
    7154, 7154
    1597, 1597
    5482, 5482
    5832, 5832
    1963, 1963
    2764, 2764
    5990, 5990
    4888, 4888
    7765, 7765
    1146, 1146
    3260, 3260
    6675, 6675
    3182, 3182
    2154, 2154
    7484, 7484
    5985, 5985
    3837, 3837
    6291, 6291
    7300, 7300
    4275, 4275
    3791, 3791
    7734, 7734
    4261, 4261
    6546, 6546
    1523, 1523
    1321, 1321
    5420, 5420
    6294, 6294
    4486, 4486
    3418, 3418
    119, 119
    2338, 2338
    1625, 1625
    6976, 6976
    6883, 6883
    3672, 3672
    5682, 5682
    3211, 3211
    3673, 3673
    2790, 2790
    3994, 3994
    2219, 2219
    5291, 5291
    1811, 1811
    4898, 4898
    2931, 2931
    7414, 7414
    7285, 7285
    5264, 5264
    6594, 6594
    6403, 6403
    1778, 1778
    1804, 1804
    504, 504
    3232, 3232
    5687, 5687
    2358, 2358
    6085, 6085
    7111, 7111
    6645, 6645
    4271, 4271
    2835, 2835
    5503, 5503
    7552, 7552
    6573, 6573
    128, 128
    1401, 1401
    5423, 5423
    3290, 3290
    5176, 5176
    381, 381
    4286, 4286
    7768, 7768
    7666, 7666
    2408, 2408
    5781, 5781
    2459, 2459
    1654, 1654
    6335, 6335
    4222, 4222
    7483, 7483
    4824, 4824
    224, 224
    6761, 6761
    7242, 7242
    6628, 6628
    916, 916
    967, 967
    6985, 6985
    7858, 7858
    6020, 6020
    7830, 7830
    2577, 2577
    4332, 4332
    2926, 2926
    3702, 3702
    236, 236
    7137, 7137
    4749, 4749
    7839, 7839
    6719, 6719
    6396, 6396
    5408, 5408
    6726, 6726
    3335, 3335
    1110, 1110
    4484, 4484
    3593, 3593
    7863, 7863
    6993, 6993
    1769, 1769
    383, 383
    6053, 6053
    964, 964
    5437, 5437
    3130, 3130
    6179, 6179
    4251, 4251
    990, 990
    412, 412
    5043, 5043
    5096, 5096
    4178, 4178
    1619, 1619
    4119, 4119
    7538, 7538
    3248, 3248
    2724, 2724
    2607, 2607
    2806, 2806
    2387, 2387
    5536, 5536
    1715, 1715
    2162, 2162
    7286, 7286
    1131, 1131
    1208, 1208
    1851, 1851
    9, 9
    3963, 3963
    2389, 2389
    6163, 6163
    7448, 7448
    1790, 1790
    6490, 6490
    1688, 1688
    2128, 2128
    4347, 4347
    6159, 6159
    1417, 1417
    6389, 6389
    4977, 4977
    7320, 7320
    1177, 1177
    7256, 7256
    4168, 4168
    2857, 2857
    368, 368
    3767, 3767
    6121, 6121
    7657, 7657
    1305, 1305
    3090, 3090
    5574, 5574
    5846, 5846
    1098, 1098
    823, 823
    4014, 4014
    6388, 6388
    5475, 5475
    5013, 5013
    2668, 2668
    6110, 6110
    5089, 5089
    3360, 3360
    7943, 7943
    573, 573
    3812, 3812
    348, 348
    4065, 4065
    4548, 4548
    5456, 5456
    4243, 4243
    6579, 6579
    6817, 6817
    2268, 2268
    522, 522
    1433, 1433
    1358, 1358
    2425, 2425
    3135, 3135
    4866, 4866
    1202, 1202
    1704, 1704
    3105, 3105
    4069, 4069
    1246, 1246
    1921, 1921
    4125, 4125
    6301, 6301
    5278, 5278
    5449, 5449
    5549, 5549
    2613, 2613
    1510, 1510
    2555, 2555
    5763, 5763
    2529, 2529
    1902, 1902
    2204, 2204
    679, 679
    6126, 6126
    7676, 7676
    7908, 7908
    3866, 3866
    1298, 1298
    1111, 1111
    613, 613
    547, 547
    4173, 4173
    6176, 6176
    1952, 1952
    2011, 2011
    2340, 2340
    5521, 5521
    3385, 3385
    1381, 1381
    3873, 3873
    7738, 7738
    7097, 7097
    5020, 5020
    7919, 7919
    462, 462
    7900, 7900
    1539, 1539
    2259, 2259
    2297, 2297
    1096, 1096
    799, 799
    1212, 1212
    4807, 4807
    4563, 4563
    4639, 4639
    5080, 5080
    1717, 1717
    6953, 6953
    697, 697
    1261, 1261
    2326, 2326
    843, 843
    473, 473
    6160, 6160
    1011, 1011
    4022, 4022
    28, 28
    796, 796
    7356, 7356
    7336, 7336
    2949, 2949
    3421, 3421
    150, 150
    2023, 2023
    2687, 2687
    3340, 3340
    2274, 2274
    3155, 3155
    3394, 3394
    2523, 2523
    6595, 6595
    1872, 1872
    733, 733
    6937, 6937
    4495, 4495
    235, 235
    7752, 7752
    4451, 4451
    4801, 4801
    4675, 4675
    7065, 7065
    3281, 3281
    6379, 6379
    7559, 7559
    5302, 5302
    4378, 4378
    4236, 4236
    5968, 5968
    2008, 2008
    303, 303
    6610, 6610
    465, 465
    2849, 2849
    5605, 5605
    6393, 6393
    2434, 2434
    7340, 7340
    4005, 4005
    3066, 3066
    7469, 7469
    7520, 7520
    1392, 1392
    6174, 6174
    7421, 7421
    4777, 4777
    6841, 6841
    3769, 3769
    592, 592
    1100, 1100
    312, 312
    1367, 1367
    4656, 4656
    4318, 4318
    3895, 3895
    5240, 5240
    7227, 7227
    7353, 7353
    5526, 5526
    2981, 2981
    3780, 3780
    4586, 4586
    5450, 5450
    2108, 2108
    3074, 3074
    7671, 7671
    3794, 3794
    2430, 2430
    5418, 5418
    43, 43
    2560, 2560
    2483, 2483
    1798, 1798
    3636, 3636
    102, 102
    5815, 5815
    3460, 3460
    2694, 2694
    5931, 5931
    1815, 1815
    3156, 3156
    1669, 1669
    2223, 2223
    4135, 4135
    1366, 1366
    3423, 3423
    7123, 7123
    6617, 6617
    3951, 3951
    2661, 2661
    7893, 7893
    694, 694
    3237, 3237
    1326, 1326
    1922, 1922
    1996, 1996
    1720, 1720
    5233, 5233
    4403, 4403
    5085, 5085
    7095, 7095
    5167, 5167
    3583, 3583
    6122, 6122
    4934, 4934
    5405, 5405
    4845, 4845
    737, 737
    4725, 4725
    7611, 7611
    5775, 5775
    5344, 5344
    4171, 4171
    5221, 5221
    7081, 7081
    5047, 5047
    3329, 3329
    7470, 7470
    6586, 6586
    6306, 6306
    7497, 7497
    3959, 3959
    770, 770
    934, 934
    359, 359
    7157, 7157
    7634, 7634
    6322, 6322
    2775, 2775
    1733, 1733
    3019, 3019
    1378, 1378
    3007, 3007
    3339, 3339
    5077, 5077
    5926, 5926
    7656, 7656
    173, 173
    1957, 1957
    5474, 5474
    4460, 4460
    3076, 3076
    4048, 4048
    4438, 4438
    87, 87
    5141, 5141
    3499, 3499
    4930, 4930
    1092, 1092
    2168, 2168
    4105, 4105
    7142, 7142
    1924, 1924
    5262, 5262
    5467, 5467
    915, 915
    2741, 2741
    1812, 1812
    3183, 3183
    6691, 6691
    6247, 6247
    2112, 2112
    7003, 7003
    6390, 6390
    4114, 4114
    5665, 5665
    707, 707
    877, 877
    722, 722
    4181, 4181
    3961, 3961
    6736, 6736
    2946, 2946
    3233, 3233
    1867, 1867
    6988, 6988
    4523, 4523
    7409, 7409
    1810, 1810
    5586, 5586
    6792, 6792
    1536, 1536
    5520, 5520
    6670, 6670
    4280, 4280
    1820, 1820
    5170, 5170
    4338, 4338
    6843, 6843
    3247, 3247
    5896, 5896
    2203, 2203
    4264, 4264
    2975, 2975
    6732, 6732
    7213, 7213
    1890, 1890
    691, 691
    5040, 5040
    667, 667
    6693, 6693
    6407, 6407
    5850, 5850
    1301, 1301
    3898, 3898
    3726, 3726
    2871, 2871
    3409, 3409
    2909, 2909
    6994, 6994
    2656, 2656
    6770, 6770
    4076, 4076
    673, 673
    3663, 3663
    6436, 6436
    5382, 5382
    3263, 3263
    5399, 5399
    1971, 1971
    6819, 6819
    7980, 7980
    5435, 5435
    766, 766
    3921, 3921
    7931, 7931
    3793, 3793
    2267, 2267
    5769, 5769
    5429, 5429
    689, 689
    6237, 6237
    7660, 7660
    5051, 5051
    1287, 1287
    5156, 5156
    5498, 5498
    794, 794
    454, 454
    231, 231
    2310, 2310
    4192, 4192
    1464, 1464
    3470, 3470
    1158, 1158
    4393, 4393
    1596, 1596
    579, 579
    4268, 4268
    1284, 1284
    426, 426
    4846, 4846
    2758, 2758
    4771, 4771
    3083, 3083
    4345, 4345
    496, 496
    3218, 3218
    1346, 1346
    4234, 4234
    3623, 3623
    2444, 2444
    2160, 2160
    3877, 3877
    5496, 5496
    6511, 6511
    6041, 6041
    202, 202
    6016, 6016
    4751, 4751
    5391, 5391
    2341, 2341
    1787, 1787
    1978, 1978
    6840, 6840
    7882, 7882
    131, 131
    7440, 7440
    5857, 5857
    7989, 7989
    3868, 3868
    2004, 2004
    6191, 6191
    719, 719
    4895, 4895
    5350, 5350
    4323, 4323
    5251, 5251
    1484, 1484
    2043, 2043
    4497, 4497
    305, 305
    7531, 7531
    5288, 5288
    7935, 7935
    2081, 2081
    1503, 1503
    5465, 5465
    2959, 2959
    6621, 6621
    7971, 7971
    6747, 6747
    6208, 6208
    5290, 5290
    4667, 4667
    4242, 4242
    5596, 5596
    3161, 3161
    4246, 4246
    3049, 3049
    1252, 1252
    6329, 6329
    5, 5
    1416, 1416
    2418, 2418
    289, 289
    3979, 3979
    1964, 1964
    5265, 5265
    6997, 6997
    323, 323
    5785, 5785
    789, 789
    5755, 5755
    6562, 6562
    4703, 4703
    1022, 1022
    2152, 2152
    320, 320
    4404, 4404
    4774, 4774
    6822, 6822
    2707, 2707
    5595, 5595
    6463, 6463
    5131, 5131
    461, 461
    3771, 3771
    7706, 7706
    5534, 5534
    6635, 6635
    294, 294
    4508, 4508
    7620, 7620
    6769, 6769
    4464, 4464
    6694, 6694
    4899, 4899
    4542, 4542
    1579, 1579
    7222, 7222
    1195, 1195
    7924, 7924
    7810, 7810
    984, 984
    3820, 3820
    2365, 2365
    4750, 4750
    2987, 2987
    7641, 7641
    6447, 6447
    4791, 4791
    2634, 2634
    6951, 6951
    2773, 2773
    1414, 1414
    7697, 7697
    23, 23
    4412, 4412
    6611, 6611
    2815, 2815
    6284, 6284
    3209, 3209
    7291, 7291
    7824, 7824
    3971, 3971
    1473, 1473
    3792, 3792
    2, 2
    2079, 2079
    2770, 2770
    7155, 7155
    2250, 2250
    6084, 6084
    1099, 1099
    5454, 5454
    668, 668
    871, 871
    5115, 5115
    6143, 6143
    2235, 2235
    6188, 6188
    2207, 2207
    604, 604
    1881, 1881
    7171, 7171
    6845, 6845
    5910, 5910
    7318, 7318
    2194, 2194
    956, 956
    1198, 1198
    3454, 3454
    7714, 7714
    6698, 6698
    1312, 1312
    4987, 4987
    5295, 5295
    1411, 1411
    6865, 6865
    7654, 7654
    6107, 6107
    6991, 6991
    6300, 6300
    854, 854
    2133, 2133
    2846, 2846
    6377, 6377
    6684, 6684
    74, 74
    6851, 6851
    3815, 3815
    2077, 2077
    7182, 7182
    7244, 7244
    1339, 1339
    2124, 2124
    1407, 1407
    3938, 3938
    2309, 2309
    3512, 3512
    1421, 1421
    2985, 2985
    1080, 1080
    4607, 4607
    4844, 4844
    6128, 6128
    7321, 7321
    5451, 5451
    2254, 2254
    3056, 3056
    3934, 3934
    3851, 3851
    1569, 1569
    1244, 1244
    4889, 4889
    2384, 2384
    2553, 2553
    6702, 6702
    4879, 4879
    7558, 7558
    3805, 3805
    3367, 3367
    805, 805
    2003, 2003
    1245, 1245
    4157, 4157
    791, 791
    7857, 7857
    5969, 5969
    6642, 6642
    7814, 7814
    7425, 7425
    7437, 7437
    6488, 6488
    3862, 3862
    2677, 2677
    5953, 5953
    3426, 3426
    2379, 2379
    7812, 7812
    4788, 4788
    4748, 4748
    151, 151
    3010, 3010
    4863, 4863
    3453, 3453
    76, 76
    177, 177
    1010, 1010
    7351, 7351
    7299, 7299
    4762, 4762
    36, 36
    2662, 2662
    6162, 6162
    5721, 5721
    7339, 7339
    7033, 7033
    341, 341
    571, 571
    6700, 6700
    3665, 3665
    506, 506
    4634, 4634
    1107, 1107
    885, 885
    7864, 7864
    1883, 1883
    1796, 1796
    1127, 1127
    3588, 3588
    6314, 6314
    5261, 5261
    5087, 5087
    6076, 6076
    1000, 1000
    6983, 6983
    6813, 6813
    7703, 7703
    1933, 1933
    22, 22
    1428, 1428
    2853, 2853
    6966, 6966
    2703, 2703
    4951, 4951
    4138, 4138
    80, 80
    3261, 3261
    1395, 1395
    7207, 7207
    400, 400
    2642, 2642
    5793, 5793
    7466, 7466
    3434, 3434
    1951, 1951
    3031, 3031
    5208, 5208
    2593, 2593
    3596, 3596
    7449, 7449
    4628, 4628
    7116, 7116
    3686, 3686
    3515, 3515
    295, 295
    5828, 5828
    2446, 2446
    3990, 3990
    404, 404
    7173, 7173
    253, 253
    5504, 5504
    3464, 3464
    6480, 6480
    1609, 1609
    4783, 4783
    6455, 6455
    4122, 4122
    3571, 3571
    4203, 4203
    7008, 7008
    7600, 7600
    4190, 4190
    2808, 2808
    7, 7
    807, 807
    7614, 7614
    3670, 3670
    6418, 6418
    7511, 7511
    5502, 5502
    7310, 7310
    945, 945
    787, 787
    2242, 2242
    1606, 1606
    2273, 2273
    3250, 3250
    3399, 3399
    960, 960
    1382, 1382
    4166, 4166
    4997, 4997
    6092, 6092
    5708, 5708
    6583, 6583
    5088, 5088
    2740, 2740
    2409, 2409
    809, 809
    342, 342
    6362, 6362
    3528, 3528
    3808, 3808
    1869, 1869
    6013, 6013
    2868, 2868
    6634, 6634
    556, 556
    562, 562
    7548, 7548
    222, 222
    3013, 3013
    3754, 3754
    7403, 7403
    7853, 7853
    7106, 7106
    508, 508
    5958, 5958
    2157, 2157
    1651, 1651
    5101, 5101
    1955, 1955
    6357, 6357
    1566, 1566
    4083, 4083
    6762, 6762
    5092, 5092
    5076, 5076
    4778, 4778
    3472, 3472
    6575, 6575
    2450, 2450
    3163, 3163
    2920, 2920
    2521, 2521
    6955, 6955
    5898, 5898
    2763, 2763
    5787, 5787
    524, 524
    3834, 3834
    6605, 6605
    3157, 3157
    4939, 4939
    6227, 6227
    6858, 6858
    2300, 2300
    6416, 6416
    185, 185
    2646, 2646
    6904, 6904
    3353, 3353
    4942, 4942
    1188, 1188
    6443, 6443
    4405, 4405
    7357, 7357
    2734, 2734
    4265, 4265
    5673, 5673
    3110, 3110
    170, 170
    4167, 4167
    5786, 5786
    6566, 6566
    3960, 3960
    5592, 5592
    5348, 5348
    5641, 5641
    1692, 1692
    7549, 7549
    3132, 3132
    3488, 3488
    5835, 5835
    1532, 1532
    4364, 4364
    3264, 3264
    4990, 4990
    4828, 4828
    645, 645
    1445, 1445
    1225, 1225
    1681, 1681
    6743, 6743
    1927, 1927
    7151, 7151
    589, 589
    4539, 4539
    4897, 4897
    5032, 5032
    293, 293
    3034, 3034
    6913, 6913
    6213, 6213
    4906, 4906
    6831, 6831
    5006, 5006
    903, 903
    3541, 3541
    4705, 4705
    365, 365
    538, 538
    126, 126
    7518, 7518
    2372, 2372
    4155, 4155
    1013, 1013
    4215, 4215
    13, 13
    2294, 2294
    7731, 7731
    7981, 7981
    4100, 4100
    7805, 7805
    4221, 4221
    7816, 7816
    3852, 3852
    1650, 1650
    241, 241
    6476, 6476
    5765, 5765
    4111, 4111
    7859, 7859
    7023, 7023
    6947, 6947
    3452, 3452
    1023, 1023
    1534, 1534
    2471, 2471
    7646, 7646
    647, 647
    7598, 7598
    2083, 2083
    3888, 3888
    5114, 5114
    3336, 3336
    4739, 4739
    6948, 6948
    937, 937
    3703, 3703
    6466, 6466
    1438, 1438
    4743, 4743
    2427, 2427
    2894, 2894
    7077, 7077
    1740, 1740
    7014, 7014
    957, 957
    5513, 5513
    3618, 3618
    7777, 7777
    3664, 3664
    3420, 3420
    4272, 4272
    5315, 5315
    1049, 1049
    3549, 3549
    4296, 4296
    139, 139
    4238, 4238
    2339, 2339
    6273, 6273
    6804, 6804
    2728, 2728
    3299, 3299
    3919, 3919
    755, 755
    1210, 1210
    5696, 5696
    275, 275
    250, 250
    6755, 6755
    4995, 4995
    2353, 2353
    7054, 7054
    7633, 7633
    5247, 5247
    2596, 2596
    1981, 1981
    5149, 5149
    1379, 1379
    6730, 6730
    6100, 6100
    2156, 2156
    5730, 5730
    2426, 2426
    7955, 7955
    2805, 2805
    6765, 6765
    7125, 7125
    1886, 1886
    3863, 3863
    3806, 3806
    7602, 7602
    6310, 6310
    1707, 1707
    3830, 3830
    1668, 1668
    4621, 4621
    6584, 6584
    1189, 1189
    3406, 3406
    5656, 5656
    5807, 5807
    5191, 5191
    5967, 5967
    1477, 1477
    1685, 1685
    2508, 2508
    4320, 4320
    2545, 2545
    3998, 3998
    3206, 3206
    6606, 6606
    705, 705
    6106, 6106
    3099, 3099
    7880, 7880
    6716, 6716
    2497, 2497
    3519, 3519
    614, 614
    4055, 4055
    6773, 6773
    2329, 2329
    7525, 7525
    2534, 2534
    2530, 2530
    2171, 2171
    219, 219
    5625, 5625
    4092, 4092
    4913, 4913
    7665, 7665
    2382, 2382
    2275, 2275
    3714, 3714
    5764, 5764
    6795, 6795
    985, 985
    654, 654
    1747, 1747
    6701, 6701
    2932, 2932
    1459, 1459
    6051, 6051
    7104, 7104
    6699, 6699
    374, 374
    2028, 2028
    5519, 5519
    7489, 7489
    5766, 5766
    388, 388
    800, 800
    4, 4
    3902, 3902
    3956, 3956
    3988, 3988
    1285, 1285
    4555, 4555
    5791, 5791
    3865, 3865
    2889, 2889
    7211, 7211
    1052, 1052
    698, 698
    3267, 3267
    1750, 1750
    1991, 1991
    2669, 2669
    3580, 3580
    4398, 4398
    184, 184
    3490, 3490
    7441, 7441
    6071, 6071
    2362, 2362
    5157, 5157
    7848, 7848
    3684, 3684
    6161, 6161
    1297, 1297
    434, 434
    1134, 1134
    7420, 7420
    1028, 1028
    3880, 3880
    4237, 4237
    2307, 2307
    6309, 6309
    549, 549
    7247, 7247
    6535, 6535
    2731, 2731
    734, 734
    6432, 6432
    5187, 5187
    7825, 7825
    3845, 3845
    1976, 1976
    2364, 2364
    7999, 7999
    2116, 2116
    4964, 4964
    1727, 1727
    7406, 7406
    6577, 6577
    4016, 4016
    3141, 3141
    1041, 1041
    1755, 1755
    574, 574
    4081, 4081
    7761, 7761
    1919, 1919
    1262, 1262
    4747, 4747
    421, 421
    3909, 3909
    4829, 4829
    585, 585
    3840, 3840
    6998, 6998
    91, 91
    449, 449
    73, 73
    3773, 3773
    3521, 3521
    1941, 1941
    5185, 5185
    923, 923
    2854, 2854
    1839, 1839
    6537, 6537
    7229, 7229
    5802, 5802
    1564, 1564
    7063, 7063
    2210, 2210
    6028, 6028
    3562, 3562
    459, 459
    5062, 5062
    6754, 6754
    4535, 4535
    4387, 4387
    3603, 3603
    7664, 7664
    2919, 2919
    1934, 1934
    6285, 6285
    7412, 7412
    6148, 6148
    2397, 2397
    712, 712
    7209, 7209
    1277, 1277
    1224, 1224
    469, 469
    2829, 2829
    6074, 6074
    6004, 6004
    6950, 6950
    6542, 6542
    7619, 7619
    4283, 4283
    5959, 5959
    652, 652
    5894, 5894
    6253, 6253
    693, 693
    6519, 6519
    3705, 3705
    5622, 5622
    644, 644
    1374, 1374
    5358, 5358
    682, 682
    3616, 3616
    7696, 7696
    5773, 5773
    4098, 4098
    2690, 2690
    3995, 3995
    6842, 6842
    6348, 6348
    2216, 2216
    92, 92
    2633, 2633
    1906, 1906
    5713, 5713
    5335, 5335
    5011, 5011
    6756, 6756
    5827, 5827
    1008, 1008
    6347, 6347
    3348, 3348
    470, 470
    4552, 4552
    1266, 1266
    2325, 2325
    7005, 7005
    1847, 1847
    4342, 4342
    7084, 7084
    4871, 4871
    6207, 6207
    4455, 4455
    5644, 5644
    1447, 1447
    7932, 7932
    5609, 5609
    1828, 1828
    7092, 7092
    4763, 4763
    3667, 3667
    6679, 6679
    4567, 4567
    4666, 4666
    7133, 7133
    2754, 2754
    3305, 3305
    4425, 4425
    337, 337
    4834, 4834
    1936, 1936
    2626, 2626
    6298, 6298
    6495, 6495
    1791, 1791
    3944, 3944
    1816, 1816
    1803, 1803
    107, 107
    669, 669
    1215, 1215
    4945, 4945
    6248, 6248
    7360, 7360
    732, 732
    5387, 5387
    3402, 3402
    2874, 2874
    7022, 7022
    2316, 2316
    4511, 4511
    5746, 5746
    1170, 1170
    5453, 5453
    6759, 6759
    2848, 2848
    31, 31
    3234, 3234
    7802, 7802
    3741, 3741
    1088, 1088
    3098, 3098
    1475, 1475
    6866, 6866
    4250, 4250
    1874, 1874
    676, 676
    997, 997
    2288, 2288
    4220, 4220
    4507, 4507
    5158, 5158
    6057, 6057
    1904, 1904
    1387, 1387
    7875, 7875
    4461, 4461
    3192, 3192
    1193, 1193
    402, 402
    6713, 6713
    1061, 1061
    715, 715
    3858, 3858
    4124, 4124
    5177, 5177
    3355, 3355
    6514, 6514
    1007, 1007
    3404, 3404
    5792, 5792
    6779, 6779
    681, 681
    7383, 7383
    4950, 4950
    2906, 2906
    6524, 6524
    3338, 3338
    351, 351
    1114, 1114
    7975, 7975
    515, 515
    480, 480
    3172, 3172
    372, 372
    6428, 6428
    3543, 3543
    2374, 2374
    5620, 5620
    4908, 4908
    3254, 3254
    7618, 7618
    4444, 4444
    1917, 1917
    2009, 2009
    4368, 4368
    435, 435
    375, 375
    3363, 3363
    933, 933
    5754, 5754
    6211, 6211
    7323, 7323
    1120, 1120
    3922, 3922
    5433, 5433
    1848, 1848
    6465, 6465
    6516, 6516
    4317, 4317
    7134, 7134
    5529, 5529
    1481, 1481
    978, 978
    38, 38
    193, 193
    4959, 4959
    5508, 5508
    5448, 5448
    3266, 3266
    529, 529
    2564, 2564
    4319, 4319
    1102, 1102
    941, 941
    428, 428
    2494, 2494
    904, 904
    1622, 1622
    3772, 3772
    6038, 6038
    6332, 6332
    7422, 7422
    2609, 2609
    6158, 6158
    2616, 2616
    4849, 4849
    6283, 6283
    6872, 6872
    4227, 4227
    4356, 4356
    7926, 7926
    3889, 3889
    3605, 3605
    1513, 1513
    1424, 1424
    4420, 4420
    1368, 1368
    4864, 4864
    4501, 4501
    2571, 2571
    7960, 7960
    5234, 5234
    6154, 6154
    6321, 6321
    2660, 2660
    4704, 4704
    2869, 2869
    3817, 3817
    2551, 2551
    4702, 4702
    3987, 3987
    7332, 7332
    4785, 4785
    861, 861
    1567, 1567
    6669, 6669
    3595, 3595
    5916, 5916
    5768, 5768
    1498, 1498
    5347, 5347
    7781, 7781
    1483, 1483
    7290, 7290
    3788, 3788
    7432, 7432
    3996, 3996
    5578, 5578
    4633, 4633
    7187, 7187
    2485, 2485
    3087, 3087
    7377, 7377
    5750, 5750
    7860, 7860
    1163, 1163
    2144, 2144
    838, 838
    2038, 2038
    6631, 6631
    2528, 2528
    4445, 4445
    7416, 7416
    6369, 6369
    5604, 5604
    4562, 4562
    3869, 3869
    2355, 2355
    2680, 2680
    570, 570
    6722, 6722
    1657, 1657
    3715, 3715
    6286, 6286
    2381, 2381
    7366, 7366
    2263, 2263
    5872, 5872
    3465, 3465
    4793, 4793
    1173, 1173
    711, 711
    3856, 3856
    5329, 5329
    5205, 5205
    5413, 5413
    6503, 6503
    1037, 1037
    2335, 2335
    1648, 1648
    6522, 6522
    2327, 2327
    6098, 6098
    2691, 2691
    2693, 2693
    1571, 1571
    2062, 2062
    6349, 6349
    3148, 3148
    3518, 3518
    6316, 6316
    1642, 1642
    830, 830
    3740, 3740
    4130, 4130
    3424, 3424
    1914, 1914
    5524, 5524
    4472, 4472
    4891, 4891
    6957, 6957
    172, 172
    708, 708
    5631, 5631
    68, 68
    4321, 4321
    4910, 4910
    632, 632
    4311, 4311
    6975, 6975
    7990, 7990
    2491, 2491
    1594, 1594
    5758, 5758
    1254, 1254
    1772, 1772
    2012, 2012
    2967, 2967
    5425, 5425
    6907, 6907
    1784, 1784
    6518, 6518
    839, 839
    2943, 2943
    7537, 7537
    1462, 1462
    1667, 1667
    4362, 4362
    5311, 5311
    280, 280
    3859, 3859
    7329, 7329
    7903, 7903
    6064, 6064
    3523, 3523
    7025, 7025
    992, 992
    2305, 2305
    2671, 2671
    2667, 2667
    2584, 2584
    3332, 3332
    1490, 1490
    6058, 6058
    499, 499
    6093, 6093
    1605, 1605
    1712, 1712
    433, 433
    7238, 7238
    2225, 2225
    4198, 4198
    4642, 4642
    5410, 5410
    3962, 3962
    7745, 7745
    1788, 1788
    2277, 2277
    7447, 7447
    2779, 2779
    1104, 1104
    4915, 4915
    3590, 3590
    1987, 1987
    1842, 1842
    1056, 1056
    6651, 6651
    4921, 4921
    3764, 3764
    7742, 7742
    4799, 4799
    2466, 2466
    6281, 6281
    4281, 4281
    7435, 7435
    3839, 3839
    2255, 2255
    4232, 4232
    683, 683
    6061, 6061
    6340, 6340
    1611, 1611
    4614, 4614
    6380, 6380
    5271, 5271
    7060, 7060
    4754, 4754
    7263, 7263
    4127, 4127
    5975, 5975
    3568, 3568
    3896, 3896
    1792, 1792
    4061, 4061
    32, 32
    6984, 6984
    6528, 6528
    7183, 7183
    7061, 7061
    2303, 2303
    2085, 2085
    7202, 7202
    2977, 2977
    2486, 2486
    3803, 3803
    7899, 7899
    5978, 5978
    124, 124
    7920, 7920
    4270, 4270
    3525, 3525
    3874, 3874
    601, 601
    487, 487
    192, 192
    2962, 2962
    455, 455
    7260, 7260
    5753, 5753
    273, 273
    2678, 2678
    6599, 6599
    3779, 3779
    4722, 4722
    242, 242
    5738, 5738
    6629, 6629
    5364, 5364
    528, 528
    872, 872
    1389, 1389
    2215, 2215
    5235, 5235
    5442, 5442
    2283, 2283
    7243, 7243
    890, 890
    7480, 7480
    1259, 1259
    5800, 5800
    7732, 7732
    6235, 6235
    884, 884
    6450, 6450
    7698, 7698
    3417, 3417
    2776, 2776
    5009, 5009
    875, 875
    7868, 7868
    2344, 2344
    3048, 3048
    4715, 4715
    6569, 6569
    6025, 6025
    7348, 7348
    5833, 5833
    3291, 3291
    7028, 7028
    1774, 1774
    1209, 1209
    3697, 3697
    780, 780
    4928, 4928
    914, 914
    4402, 4402
    6311, 6311
    490, 490
    6185, 6185
    6427, 6427
    7593, 7593
    133, 133
    2705, 2705
    5862, 5862
    7569, 7569
    7246, 7246
    5490, 5490
    6717, 6717
    3550, 3550
    6632, 6632
    4434, 4434
    4572, 4572
    7754, 7754
    1300, 1300
    2490, 2490
    5796, 5796
    5111, 5111
    2817, 2817
    5478, 5478
    1166, 1166
    5327, 5327
    17, 17
    4594, 4594
    1607, 1607
    5778, 5778
    3021, 3021
    7631, 7631
    6908, 6908
    1356, 1356
    4199, 4199
    526, 526
    3842, 3842
    1046, 1046
    4817, 4817
    2065, 2065
    3819, 3819
    6421, 6421
    2337, 2337
    7785, 7785
    3901, 3901
    7967, 7967
    6909, 6909
    5727, 5727
    3846, 3846
    384, 384
    7193, 7193
    4822, 4822
    0, 0
    3124, 3124
    730, 730
    6108, 6108
    5029, 5029
    7186, 7186
    3597, 3597
    1858, 1858
    2114, 2114
    4032, 4032
    2039, 2039
    5698, 5698
    4986, 4986
    4491, 4491
    4855, 4855
    7475, 7475
    3017, 3017
    5473, 5473
    776, 776
    3089, 3089
    6361, 6361
    4285, 4285
    1859, 1859
    4326, 4326
    1165, 1165
    7158, 7158
    7624, 7624
    440, 440
    695, 695
    3620, 3620
    3284, 3284
    147, 147
    2911, 2911
    1219, 1219
    5486, 5486
    199, 199
    5749, 5749
    5460, 5460
    1334, 1334
    7962, 7962
    502, 502
    1590, 1590
    5901, 5901
    2637, 2637
    3838, 3838
    360, 360
    6195, 6195
    6375, 6375
    335, 335
    4363, 4363
    5976, 5976
    6239, 6239
    4182, 4182
    1377, 1377
    4911, 4911
    4263, 4263
    1014, 1014
    6956, 6956
    6089, 6089
    5286, 5286
    5565, 5565
    471, 471
    4195, 4195
    6753, 6753
    16, 16
    2400, 2400
    7075, 7075
    988, 988
    3032, 3032
    206, 206
    7455, 7455
    5027, 5027
    6862, 6862
    6870, 6870
    3914, 3914
    5138, 5138
    3577, 3577
    2438, 2438
    3536, 3536
    7188, 7188
    4247, 4247
    3892, 3892
    6304, 6304
    3325, 3325
    7866, 7866
    6052, 6052
    6625, 6625
    591, 591
    2833, 2833
    7345, 7345
    2506, 2506
    1126, 1126
    6156, 6156
    4339, 4339
    3382, 3382
    6435, 6435
    919, 919
    7647, 7647
    1340, 1340
    5649, 5649
    4815, 4815
    2604, 2604
    1873, 1873
    4661, 4661
    5722, 5722
    6727, 6727
    4400, 4400
    3479, 3479
    4337, 4337
    7542, 7542
    1588, 1588
    3505, 3505
    2055, 2055
    2663, 2663
    602, 602
    2208, 2208
    7947, 7947
    4969, 4969
    4134, 4134
    4848, 4848
    2396, 2396
    5598, 5598
    1980, 1980
    5182, 5182
    6193, 6193
    947, 947
    540, 540
    6177, 6177
    1289, 1289
    593, 593
    4519, 4519
    2649, 2649
    4294, 4294
    6326, 6326
    4545, 4545
    5272, 5272
    71, 71
    3504, 3504
    6504, 6504
    4026, 4026
    2652, 2652
    5528, 5528
    3629, 3629
    6034, 6034
    1779, 1779
    3615, 3615
    7472, 7472
    1200, 1200
    3967, 3967
    6992, 6992
    1343, 1343
    3457, 3457
    1538, 1538
    6448, 6448
    6492, 6492
    3849, 3849
    6496, 6496
    4541, 4541
    1081, 1081
    5825, 5825
    6592, 6592
    2910, 2910
    6530, 6530
    5078, 5078
    5346, 5346
    3610, 3610
    5252, 5252
    7532, 7532
    567, 567
    847, 847
    4094, 4094
    879, 879
    2264, 2264
    6636, 6636
    4512, 4512
    3274, 3274
    7021, 7021
    2682, 2682
    4734, 4734
    3415, 3415
    4006, 4006
    6673, 6673
    3480, 3480
    6834, 6834
    3322, 3322
    3617, 3617
    1082, 1082
    3168, 3168
    4573, 4573
    7564, 7564
    3751, 3751
    3607, 3607
    214, 214
    3054, 3054
    7221, 7221
    5515, 5515
    6150, 6150
    5695, 5695
    1282, 1282
    160, 160
    318, 318
    5801, 5801
    5982, 5982
    4672, 4672
    3531, 3531
    3968, 3968
    4839, 4839
    1352, 1352
    7052, 7052
    7249, 7249
    965, 965
    5363, 5363
    5854, 5854
    5340, 5340
    5229, 5229
    4262, 4262
    6525, 6525
    7501, 7501
    1745, 1745
    6341, 6341
    2696, 2696
    422, 422
    4924, 4924
    5728, 5728
    100, 100
    4574, 4574
    3638, 3638
    4087, 4087
    1502, 1502
    5355, 5355
    2182, 2182
    628, 628
    7907, 7907
    2810, 2810
    492, 492
    7027, 7027
    4239, 4239
    1766, 1766
    5947, 5947
    6796, 6796
    7739, 7739
    5962, 5962
    5554, 5554
    2531, 2531
    6172, 6172
    7072, 7072
    4367, 4367
    7068, 7068
    5589, 5589
    3635, 3635
    5889, 5889
    2602, 2602
    1239, 1239
    4526, 4526
    1323, 1323
    6282, 6282
    2314, 2314
    1348, 1348
    3229, 3229
    6424, 6424
    1268, 1268
    6470, 6470
    3180, 3180
    1431, 1431
    1394, 1394
    129, 129
    4965, 4965
    4469, 4469
    764, 764
    974, 974
    106, 106
    7181, 7181
    4223, 4223
    3059, 3059
    6905, 6905
    760, 760
    7250, 7250
    7643, 7643
    7144, 7144
    5218, 5218
    4902, 4902
    927, 927
    3419, 3419
    7495, 7495
    616, 616
    7245, 7245
    4082, 4082
    352, 352
    1294, 1294
    1115, 1115
    7132, 7132
    3506, 3506
    4550, 4550
    1698, 1698
    3241, 3241
    5569, 5569
    2980, 2980
    7789, 7789
    5349, 5349
    6708, 6708
    5441, 5441
    4592, 4592
    5873, 5873
    1574, 1574
    2237, 2237
    1832, 1832
    4619, 4619
    5548, 5548
    2029, 2029
    5686, 5686
    1616, 1616
    713, 713
    1527, 1527
    3425, 3425
    2001, 2001
    2229, 2229
    798, 798
    2735, 2735
    2107, 2107
    3461, 3461
    5212, 5212
    186, 186
    7196, 7196
    961, 961
    3093, 3093
    3906, 3906
    3533, 3533
    6718, 6718
    2053, 2053
    6471, 6471
    1397, 1397
    5714, 5714
    7551, 7551
    7415, 7415
    5892, 5892
    6262, 6262
    520, 520
    4255, 4255
    7957, 7957
    1048, 1048
    4106, 4106
    6149, 6149
    603, 603
    458, 458
    4926, 4926
    5838, 5838
    5112, 5112
    4941, 4941
    7841, 7841
    3147, 3147
    6920, 6920
    2345, 2345
    3814, 3814
    1680, 1680
    4966, 4966
    4677, 4677
    1396, 1396
    5422, 5422
    2674, 2674
    1017, 1017
    4088, 4088
    4658, 4658
    1243, 1243
    3223, 3223
    559, 559
    474, 474
    6386, 6386
    4175, 4175
    1853, 1853
    1156, 1156
    6075, 6075
    6065, 6065
    6875, 6875
    2331, 2331
    3328, 3328
    5368, 5368
    5570, 5570
    4585, 4585
    5146, 5146
    1850, 1850
    5627, 5627
    1286, 1286
    1575, 1575
    3608, 3608
    7707, 7707
    3632, 3632
    5497, 5497
    5155, 5155
    7506, 7506
    2709, 2709
    3333, 3333
    7094, 7094
    840, 840
    3208, 3208
    5550, 5550
    183, 183
    4269, 4269
    2234, 2234
    260, 260
    564, 564
    5025, 5025
    4439, 4439
    4331, 4331
    7498, 7498
    7471, 7471
    3379, 3379
    4514, 4514
    7216, 7216
    6323, 6323
    2093, 2093
    5210, 5210
    1728, 1728
    3349, 3349
    3677, 3677
    7699, 7699
    3542, 3542
    1084, 1084
    3787, 3787
    2514, 2514
    2852, 2852
    1785, 1785
    2270, 2270
    3188, 3188
    4534, 4534
    1823, 1823
    4521, 4521
    3917, 3917
    4604, 4604
    5913, 5913
    1690, 1690
    2811, 2811
    6589, 6589
    2416, 2416
    7730, 7730
    2507, 2507
    3907, 3907
    2291, 2291
    7987, 7987
    5388, 5388
    5933, 5933
    1721, 1721
    981, 981
    7370, 7370
    5476, 5476
    2549, 2549
    4070, 4070
    307, 307
    3984, 3984
    5507, 5507
    6226, 6226
    7708, 7708
    7485, 7485
    6856, 6856
    7965, 7965
    1085, 1085
    3, 3
    7862, 7862
    690, 690
    5487, 5487
    3173, 3173
    7236, 7236
    7688, 7688
    6640, 6640
    4325, 4325
    1589, 1589
    7306, 7306
    7492, 7492
    2725, 2725
    3055, 3055
    7374, 7374
    5767, 5767
    1809, 1809
    4806, 4806
    27, 27
    853, 853
    4123, 4123
    2505, 2505
    7312, 7312
    2629, 2629
    3989, 3989
    928, 928
    3758, 3758
    5174, 5174
    1948, 1948
    2141, 2141
    5887, 5887
    1600, 1600
    7653, 7653
    2436, 2436
    6363, 6363
    7434, 7434
    4480, 4480
    5390, 5390
    6848, 6848
    3778, 3778
    3061, 3061
    4575, 4575
    1892, 1892
    1295, 1295
    3397, 3397
    1055, 1055
    3743, 3743
    3143, 3143
    5905, 5905
    7776, 7776
    3410, 3410
    2759, 2759
    3162, 3162
    7301, 7301
    5864, 5864
    283, 283
    7283, 7283
    6906, 6906
    4784, 4784
    3682, 3682
    405, 405
    1855, 1855
    6688, 6688
    3883, 3883
    3039, 3039
    3875, 3875
    2535, 2535
    4503, 4503
    5197, 5197
    4059, 4059
    4738, 4738
    3954, 3954
    745, 745
    7873, 7873
    4116, 4116
    2627, 2627
    3462, 3462
    1916, 1916
    584, 584
    4886, 4886
    181, 181
    4424, 4424
    2538, 2538
    4547, 4547
    5203, 5203
    5444, 5444
    2802, 2802
    5471, 5471
    1723, 1723
    5890, 5890
    6510, 6510
    5186, 5186
    6793, 6793
    2246, 2246
    6485, 6485
    1439, 1439
    1614, 1614
    3416, 3416
    630, 630
    5064, 5064
    3974, 3974
    3095, 3095
    2244, 2244
    2394, 2394
    2722, 2722
    2515, 2515
    5981, 5981
    2090, 2090
    7024, 7024
    2996, 2996
    274, 274
    6317, 6317
    5226, 5226
    5343, 5343
    5532, 5532
    7398, 7398
    7168, 7168
    4408, 4408
    3205, 3205
    7073, 7073
    2689, 2689
    1836, 1836
    1220, 1220
    4878, 4878
    1456, 1456
    326, 326
    156, 156
    6502, 6502
    5403, 5403
    6327, 6327
    98, 98
    1242, 1242
    5099, 5099
    1749, 1749
    4869, 4869
    239, 239
    431, 431
    3236, 3236
    1558, 1558
    3437, 3437
    1398, 1398
    7218, 7218
    5351, 5351
    4629, 4629
    7764, 7764
    212, 212
    2373, 2373
    7413, 7413
    3993, 3993
    195, 195
    3796, 3796
    2733, 2733
    7877, 7877
    282, 282
    1834, 1834
    5219, 5219
    512, 512
    7845, 7845
    2547, 2547
    2103, 2103
    448, 448
    702, 702
    7392, 7392
    385, 385
    3836, 3836
    4622, 4622
    125, 125
    5299, 5299
    7837, 7837
    2875, 2875
    5037, 5037
    2378, 2378
    2495, 2495
    5904, 5904
    3655, 3655
    5331, 5331
    944, 944
    3894, 3894
    6877, 6877
    1845, 1845
    7009, 7009
    6978, 6978
    5803, 5803
    599, 599
    5666, 5666
    2664, 2664
    233, 233
    7467, 7467
    2582, 2582
    6444, 6444
    2631, 2631
    344, 344
    7678, 7678
    3387, 3387
    408, 408
    6682, 6682
    1854, 1854
    2937, 2937
    5613, 5613
    1626, 1626
    4346, 4346
    3018, 3018
    6613, 6613
    1075, 1075
    1047, 1047
    3357, 3357
    7270, 7270
    7020, 7020
    5720, 5720
    2969, 2969
    4554, 4554
    4060, 4060
    4071, 4071
    1617, 1617
    5703, 5703
    4780, 4780
    1819, 1819
    4803, 4803
    4137, 4137
    1645, 1645
    912, 912
    6531, 6531
    1103, 1103
    2155, 2155
    4089, 4089
    1214, 1214
    876, 876
    5581, 5581
    7705, 7705
    6852, 6852
    1725, 1725
    1993, 1993
    889, 889
    1091, 1091
    1694, 1694
    4561, 4561
    3548, 3548
    6021, 6021
    596, 596
    5279, 5279
    6602, 6602
    1018, 1018
    4838, 4838
    4110, 4110
    767, 767
    5380, 5380
    3756, 3756
    4587, 4587
    3591, 3591
    1530, 1530
    6829, 6829
    2238, 2238
    5736, 5736
    7793, 7793
    6449, 6449
    7407, 7407
    5949, 5949
    724, 724
    5079, 5079
    4498, 4498
    144, 144
    2587, 2587
    1546, 1546
    1995, 1995
    1703, 1703
    3004, 3004
    3202, 3202
    5068, 5068
    5681, 5681
    4148, 4148
    2590, 2590
    5119, 5119
    339, 339
    2013, 2013
    2064, 2064
    61, 61
    4126, 4126
    6558, 6558
    1601, 1601
    3601, 3601
    3854, 3854
    942, 942
    263, 263
    143, 143
    2714, 2714
    3500, 3500
    4027, 4027
    2895, 2895
    612, 612
    6268, 6268
    4798, 4798
    3876, 3876
    5159, 5159
    3101, 3101
    7851, 7851
    161, 161
    4981, 4981
    627, 627
    7045, 7045
    5964, 5964
    7914, 7914
    277, 277
    3509, 3509
    389, 389
    806, 806
    2306, 2306
    157, 157
    1491, 1491
    5516, 5516
    3106, 3106
    3886, 3886
    3225, 3225
    6333, 6333
    1954, 1954
    6008, 6008
    2697, 2697
    1361, 1361
    5236, 5236
    1071, 1071
    2278, 2278
    7459, 7459
    6958, 6958
    6752, 6752
    5883, 5883
    1197, 1197
    4298, 4298
    5254, 5254
    2084, 2084
    1474, 1474
    77, 77
    649, 649
    699, 699
    852, 852
    4612, 4612
    4301, 4301
    1631, 1631
    899, 899
    7030, 7030
    488, 488
    3744, 3744
    4856, 4856
    4204, 4204
    7195, 7195
    3448, 3448
    975, 975
    1315, 1315
    6897, 6897
    1320, 1320
    175, 175
    4328, 4328
    1548, 1548
    6876, 6876
    7156, 7156
    918, 918
    1735, 1735
    4254, 4254
    1338, 1338
    4825, 4825
    1306, 1306
    7906, 7906
    4058, 4058
    7722, 7722
    5591, 5591
    416, 416
    5735, 5735
    6891, 6891
    1560, 1560
    3915, 3915
    3511, 3511
    7616, 7616
    2591, 2591
    3411, 3411
    3745, 3745
    1673, 1673
    3656, 3656
    2774, 2774
    5819, 5819
    111, 111
    4407, 4407
    7050, 7050
    5915, 5915
    7589, 7589
    6591, 6591
    2786, 2786
    1492, 1492
    2544, 2544
    1487, 1487
    6086, 6086
    4927, 4927
    7185, 7185
    2449, 2449
    5599, 5599
    3926, 3926
    7682, 7682
    7594, 7594
    248, 248
    2487, 2487
    5725, 5725
    729, 729
    6896, 6896
    3977, 3977
    3366, 3366
    922, 922
    5935, 5935
    7637, 7637
    4962, 4962
    2750, 2750
    5616, 5616
    4235, 4235
    7528, 7528
    311, 311
    3770, 3770
    1324, 1324
    4104, 4104
    1973, 1973
    576, 576
    1311, 1311
    1247, 1247
    4179, 4179
    5794, 5794
    6112, 6112
    1482, 1482
    4960, 4960
    6196, 6196
    7330, 7330
    2243, 2243
    4359, 4359
    6079, 6079
    3762, 3762
    2845, 2845
    6646, 6646
    5202, 5202
    802, 802
    2983, 2983
    3841, 3841
    4431, 4431
    6867, 6867
    2349, 2349
    1413, 1413
    5015, 5015
    4041, 4041
    6943, 6943
    7833, 7833
    6152, 6152
    6741, 6741
    6944, 6944
    7969, 7969
    862, 862
    1999, 1999
    4578, 4578
    7792, 7792
    7861, 7861
    3376, 3376
    6405, 6405
    4918, 4918
    4448, 4448
    1659, 1659
    7621, 7621
    3850, 3850
    4121, 4121
    865, 865
    2855, 2855
    5587, 5587
    7042, 7042
    2915, 2915
    7228, 7228
    6857, 6857
    366, 366
    2109, 2109
    4741, 4741
    1256, 1256
    623, 623
    1119, 1119
    4700, 4700
    5028, 5028
    5525, 5525
    2870, 2870
    4315, 4315
    5779, 5779
    7524, 7524
    5137, 5137
    7580, 7580
    968, 968
    6073, 6073
    3217, 3217
    2658, 2658
    894, 894
    7394, 7394
    3044, 3044
    4582, 4582
    1822, 1822
    2256, 2256
    7510, 7510
    4033, 4033
    7258, 7258
    2377, 2377
    6468, 6468
    714, 714
    2861, 2861
    446, 446
    237, 237
    1789, 1789
    7778, 7778
    5552, 5552
    7827, 7827
    2469, 2469
    6178, 6178
    1337, 1337
    7713, 7713
    1708, 1708
    1683, 1683
    1586, 1586
    3149, 3149
    6968, 6968
    7984, 7984
    2670, 2670
    4681, 4681
    1543, 1543
    2830, 2830
    2218, 2218
    6123, 6123
    1988, 1988
    4019, 4019
    7539, 7539
    2019, 2019
    1328, 1328
    2406, 2406
    1827, 1827
    4361, 4361
    7241, 7241
    6571, 6571
    7691, 7691
    3330, 3330
    7364, 7364
    4164, 4164
    1223, 1223
    3698, 3698
    5612, 5612
    2783, 2783
    6337, 6337
    2149, 2149
    439, 439
    7636, 7636
    6850, 6850
    3316, 3316
    7910, 7910
    940, 940
    6729, 6729
    5927, 5927
    7645, 7645
    6374, 6374
    4772, 4772
    2499, 2499
    482, 482
    1805, 1805
    5357, 5357
    5965, 5965
    3853, 3853
    188, 188
    7727, 7727
    53, 53
    2878, 2878
    5689, 5689
    7058, 7058
    269, 269
    6686, 6686
    6538, 6538
    3661, 3661
    2838, 2838
    7277, 7277
    3728, 3728
    5003, 5003
    5313, 5313
    2421, 2421
    7038, 7038
    4381, 4381
    765, 765
    7382, 7382
    3594, 3594
    2989, 2989
    4050, 4050
    2648, 2648
    6541, 6541
    2809, 2809
    4025, 4025
    2807, 2807
    5123, 5123
    7679, 7679
    3582, 3582
    3436, 3436
    6820, 6820
    5879, 5879
    7766, 7766
    6772, 6772
    3396, 3396
    7521, 7521
    3694, 3694
    2867, 2867
    2423, 2423
    3304, 3304
    2651, 2651
    7159, 7159
    1113, 1113
    2498, 2498
    2791, 2791
    7113, 7113
    7771, 7771
    5100, 5100
    1618, 1618
    7500, 7500
    3631, 3631
    2520, 2520
    5241, 5241
    5602, 5602
    4851, 4851
    5324, 5324
    4816, 4816
    4047, 4047
    4266, 4266
    1969, 1969
    1280, 1280
    2401, 2401
    2665, 2665
    3559, 3559
    4719, 4719
    5629, 5629
    1309, 1309
    1679, 1679
    7376, 7376
    5160, 5160
    5944, 5944
    5488, 5488
    2440, 2440
    4931, 4931
    5070, 5070
    950, 950
    2606, 2606
    3435, 3435
    2034, 2034
    3482, 3482
    4804, 4804
    4947, 4947
    5189, 5189
    4991, 4991
    6173, 6173
    2594, 2594
    757, 757
    1759, 1759
    4821, 4821
    5954, 5954
    1706, 1706
    57, 57
    2139, 2139
    3370, 3370
    2913, 2913
    3269, 3269
    5308, 5308
    4949, 4949
    4996, 4996
    2164, 2164
    855, 855
    4012, 4012
    4384, 4384
    3368, 3368
    5734, 5734
    3249, 3249
    5404, 5404
    514, 514
    4884, 4884
    6798, 6798
    5593, 5593
    867, 867
    3579, 3579
    1488, 1488
    7838, 7838
    7638, 7638
    2410, 2410
    1279, 1279
    1591, 1591
    6459, 6459
    6320, 6320
    6933, 6933
    7491, 7491
    4907, 4907
    4813, 4813
    1928, 1928
    3980, 3980
    5259, 5259
    2681, 2681
    256, 256
    5152, 5152
    1846, 1846
    3477, 3477
    5472, 5472
    3929, 3929
    3975, 3975
    6500, 6500
    5510, 5510
    4713, 4713
    1393, 1393
    814, 814
    4456, 4456
    2769, 2769
    3719, 3719
    2195, 2195
    5989, 5989
    7424, 7424
    3855, 3855
    5458, 5458
    371, 371
    5010, 5010
    90, 90
    1565, 1565
    7393, 7393
    1460, 1460
    3785, 3785
    1453, 1453
    7577, 7577
    1360, 1360
    6205, 6205
    4695, 4695
    7773, 7773
    4352, 4352
    45, 45
    5579, 5579
    5506, 5506
    2489, 2489
    4646, 4646
    4710, 4710
    7930, 7930
    6800, 6800
    3356, 3356
    7342, 7342
    3102, 3102
    891, 891
    477, 477
    4312, 4312
    5719, 5719
    7018, 7018
    5260, 5260
    3813, 3813
    674, 674
    189, 189
    3069, 3069
    110, 110
    2573, 2573
    4397, 4397
    6230, 6230
    6420, 6420
    1190, 1190
    4502, 4502
    6111, 6111
    6910, 6910
    6563, 6563
    1349, 1349
    2822, 2822
    5434, 5434
    5647, 5647
    78, 78
    5038, 5038
    2433, 2433
    59, 59
    3043, 3043
    2917, 2917
    7775, 7775
    4901, 4901
    1696, 1696
    1677, 1677
    622, 622
    5564, 5564
    537, 537
    7191, 7191
    3727, 3727
    135, 135
    1887, 1887
    4510, 4510
    6885, 6885
    768, 768
    6886, 6886
    7774, 7774
    2371, 2371
    1001, 1001
    1666, 1666
    2666, 2666
    5017, 5017
    7280, 7280
    245, 245
    7681, 7681
    6023, 6023
    2886, 2886
    4427, 4427
    3352, 3352
    6080, 6080
    3800, 3800
    1130, 1130
    3699, 3699
    7803, 7803
    3502, 3502
    2639, 2639
    2368, 2368
    2458, 2458
    2782, 2782
    6768, 6768
    3781, 3781
    6618, 6618
    1344, 1344
    1251, 1251
    2988, 2988
    380, 380
    4493, 4493
    4956, 4956
    5884, 5884
    516, 516
    3094, 3094
    2761, 2761
    398, 398
    1583, 1583
    1500, 1500
    1699, 1699
    7129, 7129
    560, 560
    1700, 1700
    1551, 1551
    5400, 5400
    5499, 5499
    3176, 3176
    6445, 6445
    3058, 3058
    1087, 1087
    5619, 5619
    3063, 3063
    6614, 6614
    3187, 3187
    7605, 7605
    6250, 6250
    3473, 3473
    201, 201
    4933, 4933
    2796, 2796
    2565, 2565
    4979, 4979
    2879, 2879
    1610, 1610
    3626, 3626
    7958, 7958
    4139, 4139
    3826, 3826
    5709, 5709
    4626, 4626
    5816, 5816
    3783, 3783
    1763, 1763
    2927, 2927
    479, 479
    3104, 3104
    4102, 4102
    6489, 6489
    727, 727
    4532, 4532
    6186, 6186
    1441, 1441
    7379, 7379
    597, 597
    5545, 5545
    2844, 2844
    5842, 5842
    620, 620
    1675, 1675
    1806, 1806
    2748, 2748
    4009, 4009
    5729, 5729
    7527, 7527
    2292, 2292
    2968, 2968
    7493, 7493
    5546, 5546
    6576, 6576
    442, 442
    2995, 2995
    2189, 2189
    2963, 2963
    5109, 5109
    966, 966
    4459, 4459
    6164, 6164
    906, 906
    6355, 6355
    4841, 4841
    2221, 2221
    6652, 6652
    1915, 1915
    5341, 5341
    873, 873
    7419, 7419
    3822, 3822
    2096, 2096
    6255, 6255
    7519, 7519
    917, 917
    7386, 7386
    7629, 7629
    6509, 6509
    271, 271
    6739, 6739
    138, 138
    1932, 1932
    2583, 2583
    4691, 4691
    2227, 2227
    4632, 4632
    254, 254
    4579, 4579
    3346, 3346
    403, 403
    1526, 1526
    5527, 5527
    3262, 3262
    3046, 3046
    908, 908
    1253, 1253
    4340, 4340
    6458, 6458
    4165, 4165
    3468, 3468
    7651, 7651
    7794, 7794
    829, 829
    551, 551
    2897, 2897
    1518, 1518
    6394, 6394
    2031, 2031
    5443, 5443
    5567, 5567
    4217, 4217
    5852, 5852
    7375, 7375
    6037, 6037
    5021, 5021
    4375, 4375
    5237, 5237
    4279, 4279
    2608, 2608
    3033, 3033
    655, 655
    6507, 6507
    7650, 7650
    6835, 6835
    2140, 2140
    7735, 7735
    79, 79
    6265, 6265
    5304, 5304
    5600, 5600
    7354, 7354
    7252, 7252
    4882, 4882
    505, 505
    588, 588
    1241, 1241
    2718, 2718
    4002, 4002
    3678, 3678
    503, 503
    7695, 7695
    4419, 4419
    1793, 1793
    1959, 1959
    1777, 1777
    7784, 7784
    3585, 3585
    5268, 5268
    2060, 2060
    155, 155
    548, 548
    386, 386
    4963, 4963
    3884, 3884
    6198, 6198
    6280, 6280
    2190, 2190
    7755, 7755
    7135, 7135
    6826, 6826
    7994, 7994
    7669, 7669
    7831, 7831
    5462, 5462
    3467, 3467
    2037, 2037
    379, 379
    268, 268
    7622, 7622
    3581, 3581
    6926, 6926
    5381, 5381
    3561, 3561
    7788, 7788
    6512, 6512
    2276, 2276
    3955, 3955
    4549, 4549
    7367, 7367
    6809, 6809
    6146, 6146
    4576, 4576
    6814, 6814
    7380, 7380
    664, 664
    2343, 2343
    4305, 4305
    7554, 7554
    4808, 4808
    5874, 5874
    5301, 5301
    2106, 2106
    527, 527
    5928, 5928
    7076, 7076
    1185, 1185
    3624, 3624
    2881, 2881
    3795, 3795
    3428, 3428
    1724, 1724
    6438, 6438
    572, 572
    5073, 5073
    5577, 5577
    3003, 3003
    4540, 4540
    3824, 3824
    2385, 2385
    7817, 7817
    563, 563
    4039, 4039
    15, 15
    7224, 7224
    6295, 6295
    5317, 5317
    4409, 4409
    6423, 6423
    2051, 2051
    6007, 6007
    7430, 7430
    7288, 7288
    4008, 4008
    5322, 5322
    6692, 6692
    3730, 3730
    6475, 6475
    5016, 5016
    4640, 4640
    656, 656
    1467, 1467
    2622, 2622
    5128, 5128
    3381, 3381
    7796, 7796
    5402, 5402
    6711, 6711
    35, 35
    6927, 6927
    1318, 1318
    3872, 3872
    6965, 6965
    6787, 6787
    6899, 6899
    7599, 7599
    1674, 1674
    4057, 4057
    1643, 1643
    3564, 3564
    5700, 5700
    557, 557
    24, 24
    811, 811
    2369, 2369
    2541, 2541
    1563, 1563
    7486, 7486
    2934, 2934
    828, 828
    7566, 7566
    4765, 4765
    6689, 6689
    7121, 7121
    7750, 7750
    3750, 3750
    7427, 7427
    7453, 7453
    5023, 5023
    6554, 6554
    3131, 3131
    3982, 3982
    2441, 2441
    1671, 1671
    7815, 7815
    5646, 5646
    2527, 2527
    2360, 2360
    7723, 7723
    1192, 1192
    6918, 6918
    5637, 5637
    3463, 3463
    3255, 3255
    3243, 3243
    1898, 1898
    642, 642
    5648, 5648
    1896, 1896
    3696, 3696
    1508, 1508
    1316, 1316
    2301, 2301
    1682, 1682
    2022, 2022
    7595, 7595
    298, 298
    4650, 4650
    4800, 4800
    4653, 4653
    6269, 6269
    4129, 4129
    1599, 1599
    7783, 7783
    2281, 2281
    3077, 3077
    6799, 6799
    343, 343
    1761, 1761
    2683, 2683
    747, 747
    5585, 5585
    4631, 4631
    2901, 2901
    7309, 7309
    3289, 3289
    2201, 2201
    1888, 1888
    3432, 3432
    3006, 3006
    6302, 6302
    1364, 1364
    84, 84
    4509, 4509
    3574, 3574
    3507, 3507
    345, 345
    26, 26
    6251, 6251
    3671, 3671
    6397, 6397
    2461, 2461
    7170, 7170
    7169, 7169
    301, 301
    1076, 1076
    3146, 3146
    2330, 2330
    6680, 6680
    4206, 4206
    451, 451
    2172, 2172
    1687, 1687
    5653, 5653
    2324, 2324
    1612, 1612
    279, 279
    7959, 7959
    6622, 6622
    1117, 1117
    6372, 6372
    4153, 4153
    5154, 5154
    3641, 3641
    1802, 1802
    361, 361
    4589, 4589
    7108, 7108
    4877, 4877
    6373, 6373
    4473, 4473
    3633, 3633
    4641, 4641
    5198, 5198
    5831, 5831
    1155, 1155
    2315, 2315
    7505, 7505
    3487, 3487
    2819, 2819
    278, 278
    4598, 4598
    3345, 3345
    7694, 7694
    3128, 3128
    1201, 1201
    5140, 5140
    7032, 7032
    7405, 7405
    606, 606
    3763, 3763
    5373, 5373
    4716, 4716
    5900, 5900
    3444, 3444
    7704, 7704
    4257, 4257
    6395, 6395
    4158, 4158
    6624, 6624
    2899, 2899
    7948, 7948
    2883, 2883
    2057, 2057
    6596, 6596
    7404, 7404
    7226, 7226
    2768, 2768
    1347, 1347
    7225, 7225
    5716, 5716
    930, 930
    6881, 6881
    3612, 3612
    5269, 5269
    7615, 7615
    1070, 1070
    3067, 3067
    6415, 6415
    5851, 5851
    7423, 7423
    2311, 2311
    5008, 5008
    3725, 3725
    7904, 7904
    3027, 3027
    4688, 4688
    7035, 7035
    1884, 1884
    447, 447
    5757, 5757
    4740, 4740
    4357, 4357
    4957, 4957
    5658, 5658
    1628, 1628
    3524, 3524
    6398, 6398
    7690, 7690
    4316, 4316
    304, 304
    1419, 1419
    3563, 3563
    2049, 2049
    5797, 5797
    3916, 3916
    187, 187
    3760, 3760
    6791, 6791
    6047, 6047
    4795, 4795
    6252, 6252
    709, 709
    6127, 6127
    6042, 6042
    486, 486
    4893, 4893
    1891, 1891
    2271, 2271
    2635, 2635
    3275, 3275
    4580, 4580
    5150, 5150
    1782, 1782
    7210, 7210
    5991, 5991
    4224, 4224
    4442, 4442
    7535, 7535
    5168, 5168
    6999, 6999
    1357, 1357
    4001, 4001
    3688, 3688
    6472, 6472
    484, 484
    3088, 3088
    2120, 2120
    6806, 6806
    4170, 4170
    3786, 3786
    7275, 7275
    2567, 2567
    750, 750
    2902, 2902
    3272, 3272
    6325, 6325
    5824, 5824
    5356, 5356
    5692, 5692
    315, 315
    1375, 1375
    5342, 5342
    5045, 5045
    3823, 3823
    3121, 3121
    166, 166
    4309, 4309
    2470, 2470
    2262, 2262
    3619, 3619
    227, 227
    6683, 6683
    1101, 1101
    2018, 2018
    1585, 1585
    7912, 7912
    1204, 1204
    2206, 2206
    611, 611
    5225, 5225
    2021, 2021
    3985, 3985
    7835, 7835
    4142, 4142
    7571, 7571
    5834, 5834
    2721, 2721
    1345, 1345
    1938, 1938
    4581, 4581
    6668, 6668
    1236, 1236
    290, 290
    6062, 6062
    7190, 7190
    4836, 4836
    4690, 4690
    5416, 5416
    3878, 3878
    2187, 2187
    332, 332
    3111, 3111
    6748, 6748
    2729, 2729
    3486, 3486
    3407, 3407
    495, 495
    6938, 6938
    4946, 4946
    203, 203
    1629, 1629
    3219, 3219
    6473, 6473
    70, 70
    2170, 2170
    7820, 7820
    6339, 6339
    987, 987
    5232, 5232
    6392, 6392
    5737, 5737
    7433, 7433
    3903, 3903
    4794, 4794
    542, 542
    3215, 3215
    2986, 2986
    4282, 4282
    2249, 2249
    2005, 2005
    3807, 3807
    7112, 7112
    7961, 7961
    2586, 2586
    5876, 5876
    4373, 4373
    3347, 3347
    6451, 6451
    7983, 7983
    1598, 1598
    2451, 2451
    6697, 6697
    7110, 7110
    1701, 1701
    2621, 2621
    7337, 7337
    3117, 3117
    2392, 2392
    2231, 2231
    3558, 3558
    4188, 4188
    1965, 1965
    6847, 6847
    6478, 6478
    1944, 1944
    4108, 4108
    4380, 4380
    2448, 2448
    525, 525
    5618, 5618
    4366, 4366
    5242, 5242
    7198, 7198
    3447, 3447
    7234, 7234
    3736, 3736
    6660, 6660
    3930, 3930
    4775, 4775
    3164, 3164
    7575, 7575
    5662, 5662
    7885, 7885
    5633, 5633
    7074, 7074
    7055, 7055
    3198, 3198
    5440, 5440
    4525, 4525
    302, 302
    4500, 4500
    1572, 1572
    5685, 5685
    2099, 2099
    3443, 3443
    4021, 4021
    5509, 5509
    6430, 6430
    5621, 5621
    5640, 5640
    1870, 1870
    2017, 2017
    6469, 6469
    7741, 7741
    5401, 5401
    6442, 6442
    1065, 1065
    1871, 1871
    7840, 7840
    3997, 3997
    4341, 4341
    4276, 4276
    418, 418
    1672, 1672
    3277, 3277
    2129, 2129
    4954, 4954
    3957, 3957
    6142, 6142
    1958, 1958
    4543, 4543
    1273, 1273
    6892, 6892
    1480, 1480
    7359, 7359
    825, 825
    2290, 2290
    3374, 3374
    6151, 6151
    4850, 4850
    6170, 6170
    281, 281
    6113, 6113
    4692, 4692
    6359, 6359
    5164, 5164
    4307, 4307
    5162, 5162
    114, 114
    5083, 5083
    970, 970
    5439, 5439
    5523, 5523
    5354, 5354
    6202, 6202
    511, 511
    6678, 6678
    2777, 2777
    357, 357
    2240, 2240
    3446, 3446
    869, 869
    3129, 3129
    7632, 7632
    6782, 6782
    5273, 5273
    7067, 7067
    3711, 3711
    2463, 2463
    5717, 5717
    3334, 3334
    437, 437
    395, 395
    179, 179
    7308, 7308
    5120, 5120
    4687, 4687
    207, 207
    6587, 6587
    286, 286
    2951, 2951
    200, 200
    2579, 2579
    5760, 5760
    7658, 7658
    1841, 1841
    6345, 6345
    1734, 1734
    3654, 3654
    2503, 2503
    7230, 7230
    2265, 2265
    6996, 6996
    5588, 5588
    2828, 2828
    4985, 4985
    1920, 1920
    900, 900
    4015, 4015
    4437, 4437
    4887, 4887
    1072, 1072
    1369, 1369
    3199, 3199
    2147, 2147
    3522, 3522
    2873, 2873
    7954, 7954
    4669, 4669
    7189, 7189
    4937, 4937
    7056, 7056
    5481, 5481
    6900, 6900
    1561, 1561
    3923, 3923
    7832, 7832
    3899, 3899
    7993, 7993
    1653, 1653
    3692, 3692
    3679, 3679
    835, 835
    6545, 6545
    7387, 7387
    6221, 6221
    6024, 6024
    5105, 5105
    1781, 1781
    2027, 2027
    3475, 3475
    1926, 1926
    4520, 4520
    4481, 4481
    3904, 3904
    3831, 3831
    443, 443
    6818, 6818
    7235, 7235
    1129, 1129
    1949, 1949
    5877, 5877
    1843, 1843
    7324, 7324
    1222, 1222
    3933, 3933
    3207, 3207
    792, 792
    531, 531
    4673, 4673
    2482, 2482
    6593, 6593
    801, 801
    6785, 6785
    5091, 5091
    938, 938
    2708, 2708
    2685, 2685
    7131, 7131
    306, 306
    831, 831
    6184, 6184
    3540, 3540
    6144, 6144
    886, 886
    7977, 7977
    4638, 4638
    419, 419
    4637, 4637
    1737, 1737
    4745, 4745
    4086, 4086
    6821, 6821
    4172, 4172
    7867, 7867
    2727, 2727
    5199, 5199
    2973, 2973
    5046, 5046
    833, 833
    4174, 4174
    1762, 1762
    7368, 7368
    7215, 7215
    7124, 7124
    93, 93
    1665, 1665
    1630, 1630
    7085, 7085
    3151, 3151
    1764, 1764
    6784, 6784
    5384, 5384
    1930, 1930
    2239, 2239
    5943, 5943
    7854, 7854
    741, 741
    6145, 6145
    1697, 1697
    3371, 3371
    949, 949
    5289, 5289
    6194, 6194
    7118, 7118
    7150, 7150
    1702, 1702
    2903, 2903
    5216, 5216
    267, 267
    6228, 6228
    336, 336
    1182, 1182
    3296, 3296
    4546, 4546
    5263, 5263
    2644, 2644
    1730, 1730
    1581, 1581
    7809, 7809
    5061, 5061
    6659, 6659
    910, 910
    4416, 4416
    3268, 3268
    4852, 4852
    4853, 4853
    7361, 7361
    7826, 7826
    3052, 3052
    6696, 6696
    2990, 2990
    3165, 3165
    1032, 1032
    75, 75
    330, 330
    1230, 1230
    2816, 2816
    4468, 4468
    6171, 6171
    4854, 4854
    685, 685
    6413, 6413
    3455, 3455
    5974, 5974
    977, 977
    1875, 1875
    4811, 4811
    7513, 7513
    2601, 2601
    7891, 7891
    4975, 4975
    7504, 7504
    2797, 2797
    243, 243
    463, 463
    4566, 4566
    4544, 4544
    6650, 6650
    2135, 2135
    7057, 7057
    6153, 6153
    4596, 4596
    4880, 4880
    5844, 5844
    2738, 2738
    2134, 2134
    3388, 3388
    883, 883
    6655, 6655
    6811, 6811
    2285, 2285
    5971, 5971
    1521, 1521
    2322, 2322
    2347, 2347
    4708, 4708
    7596, 7596
    1036, 1036
    858, 858
    6667, 6667
    7834, 7834
    4857, 4857
    4726, 4726
    1713, 1713
    2843, 2843
    1342, 1342
    1068, 1068
    2517, 2517
    1714, 1714
    1234, 1234
    6532, 6532
    2214, 2214
    2532, 2532
    849, 849
    6548, 6548
    5654, 5654
    2395, 2395
    4314, 4314
    1658, 1658
    3359, 3359
    309, 309
    3735, 3735
    4068, 4068
    1497, 1497
    5674, 5674
    1655, 1655
    3784, 3784
    7031, 7031
    6091, 6091
    5812, 5812
    3253, 3253
    6474, 6474
    4085, 4085
    2376, 2376
    1167, 1167
    7456, 7456
    2826, 2826
    3469, 3469
    7533, 7533
    3245, 3245
    4909, 4909
    5995, 5995
    1106, 1106
    5881, 5881
    5019, 5019
    3847, 3847
    5518, 5518
    2958, 2958
    3935, 3935
    5421, 5421
    4625, 4625
    3196, 3196
    1026, 1026
    1634, 1634
    4536, 4536
    4728, 4728
    5206, 5206
    5918, 5918
    2076, 2076
    1090, 1090
    3169, 3169
    7017, 7017
    1807, 1807
    54, 54
    1856, 1856
    3535, 3535
    5106, 5106
    7726, 7726
    127, 127
    6015, 6015
    6009, 6009
    2222, 2222
    7138, 7138
    5699, 5699
    6192, 6192
    234, 234
    5992, 5992
    2558, 2558
    7481, 7481
    4161, 4161
    2851, 2851
    7748, 7748
    2569, 2569
    3748, 3748
    145, 145
    7836, 7836
    7889, 7889
    6446, 6446
    1866, 1866
    3194, 3194
    4712, 4712
    1303, 1303
    3680, 3680
    6922, 6922
    7572, 7572
    6607, 6607
    7683, 7683
    1370, 1370
    6168, 6168
    2539, 2539
    500, 500
    7918, 7918
    3303, 3303
    3483, 3483
    7729, 7729
    4044, 4044
    3973, 3973
    5033, 5033
    7043, 7043
    1878, 1878
    5024, 5024
    7096, 7096
    25, 25
    3529, 3529
    6643, 6643
    5651, 5651
    5118, 5118
    2370, 2370
    3181, 3181
    6224, 6224
    775, 775
    4649, 4649
    3351, 3351
    3613, 3613
    252, 252
    1118, 1118
    2994, 2994
    7451, 7451
    2000, 2000
    7822, 7822
    4805, 4805
    5397, 5397
    3497, 3497
    4870, 4870
    3766, 3766
    4769, 4769
    1291, 1291
    1636, 1636
    1695, 1695
    3391, 3391
    1216, 1216
    2882, 2882
    7464, 7464
    6815, 6815
    3062, 3062
    3065, 3065
    662, 662
    3666, 3666
    2753, 2753
    1469, 1469
    2125, 2125
    6118, 6118
    2598, 2598
    7613, 7613
    2952, 2952
    3429, 3429
    3235, 3235
    1514, 1514
    3658, 3658
    6243, 6243
    7545, 7545
    2092, 2092
    2930, 2930
    1355, 1355
    5050, 5050
    786, 786
    5084, 5084
    5122, 5122
    6737, 6737
    4773, 4773
    4766, 4766
    6238, 6238
    913, 913
    4141, 4141
    7985, 7985
    4917, 4917
    1519, 1519
    7737, 7737
    1743, 1743
    6861, 6861
    2066, 2066
    4711, 4711
    2956, 2956
    1537, 1537
    3354, 3354
    530, 530
    7530, 7530
    3038, 3038
    5614, 5614
    5539, 5539
    4707, 4707
    706, 706
    2804, 2804
    3009, 3009
    3011, 3011
    81, 81
    4818, 4818
    1943, 1943
    130, 130
    4616, 4616
    2820, 2820
    2361, 2361
    3024, 3024
    7266, 7266
    3186, 3186
    3337, 3337
    1529, 1529
    4487, 4487
    1237, 1237
    1143, 1143
    643, 643
    1269, 1269
    4746, 4746
    1332, 1332
    4372, 4372
    6356, 6356
    158, 158
    1351, 1351
    4618, 4618
    2704, 2704
    4903, 4903
    1112, 1112
    821, 821
    7049, 7049
    485, 485
    44, 44
    7426, 7426
    1876, 1876
    2245, 2245
    5130, 5130
    6513, 6513
    6030, 6030
    2420, 2420
    5533, 5533
    2954, 2954
    6830, 6830
    7782, 7782
    2150, 2150
    6371, 6371
    7894, 7894
    7953, 7953
    4045, 4045
    4429, 4429
    6767, 6767
    4686, 4686
    1974, 1974
    5860, 5860
    1226, 1226
    2563, 2563
    4414, 4414
    6006, 6006
    7808, 7808
    6364, 6364
    7296, 7296
    935, 935
    6054, 6054
    5861, 5861
    7661, 7661
    4295, 4295
    7790, 7790
    2610, 2610
    7807, 7807
    7821, 7821
    6456, 6456
    5795, 5795
    4287, 4287
    3622, 3622
    1950, 1950
    4259, 4259
    7180, 7180
    387, 387
    1895, 1895
    6854, 6854
    2174, 2174
    2772, 2772
    4787, 4787
    3945, 3945
    2732, 2732
    6556, 6556
    7670, 7670
    6440, 6440
    5411, 5411
    4297, 4297
    3466, 3466
    2110, 2110
    85, 85
    478, 478
    1123, 1123
    857, 857
    6970, 6970
    456, 456
    7871, 7871
    3278, 3278
    6313, 6313
    5697, 5697
    841, 841
    3811, 3811
    1442, 1442
    5706, 5706
    1738, 1738
    2048, 2048
    3761, 3761
    103, 103
    5555, 5555
    7644, 7644
    2657, 2657
    300, 300
    4904, 4904
    5296, 5296
    7429, 7429
    3646, 3646
    3113, 3113
    6764, 6764
    5249, 5249
    7804, 7804
    1911, 1911
    2847, 2847
    1998, 1998
    1292, 1292
    3649, 3649
    14, 14
    7208, 7208
    2166, 2166
    5690, 5690
    2413, 2413
    5042, 5042
    2940, 2940
    1423, 1423
    5098, 5098
    3676, 3676
    162, 162
    2859, 2859
    615, 615
    2620, 2620
    5134, 5134
    6855, 6855
    6671, 6671
    2615, 2615
    2480, 2480
    7322, 7322
    4428, 4428
    363, 363
    3900, 3900
    6774, 6774
    6600, 6600
    2795, 2795
    5491, 5491
    3144, 3144
    467, 467
    2948, 2948
    2723, 2723
    2950, 2950
    2056, 2056
    427, 427
    7007, 7007
    1412, 1412
    5628, 5628
    680, 680
    7410, 7410
    3897, 3897
    2122, 2122
    7585, 7585
    6810, 6810
    4515, 4515
    1499, 1499
    5813, 5813
    1814, 1814
    6131, 6131
    6641, 6641
    5117, 5117
    2280, 2280
    2856, 2856
    2148, 2148
    3738, 3738
    3153, 3153
    1258, 1258
    746, 746
    7922, 7922
    2799, 2799
    874, 874
    2411, 2411
    4923, 4923
    6261, 6261
    4720, 4720
    6214, 6214
    122, 122
    2711, 2711
    2513, 2513
    3905, 3905
    3660, 3660
    4943, 4943
    3288, 3288
    6097, 6097
    1644, 1644
    2163, 2163
    2468, 2468
    4216, 4216
    2247, 2247
    1937, 1937
    6068, 6068
    4093, 4093
    163, 163
    5455, 5455
    4233, 4233
    7305, 7305
    3789, 3789
    6133, 6133
    2540, 2540
    148, 148
    7316, 7316
    41, 41
    6384, 6384
    5514, 5514
    4676, 4676
    1608, 1608
    4564, 4564
    863, 863
    4823, 4823
    2695, 2695
    5856, 5856
    888, 888
    55, 55
    6087, 6087
    2792, 2792
    3569, 3569
    6898, 6898
    624, 624
    5636, 5636
    2643, 2643
    2548, 2548
    7161, 7161
    7540, 7540
    3659, 3659
    3704, 3704
    2188, 2188
    7663, 7663
    6408, 6408
    6977, 6977
    5772, 5772
    4696, 4696
    2572, 2572
    7578, 7578
    6045, 6045
    2519, 2519
    5427, 5427
    4560, 4560
    7583, 7583
    3216, 3216
    2026, 2026
    4643, 4643
    4674, 4674
    3752, 3752
    411, 411
    6751, 6751
    7687, 7687
    4872, 4872
    3292, 3292
    5511, 5511
    6654, 6654
    4537, 4537
    2453, 2453
    5002, 5002
    1038, 1038
    1726, 1726
    4277, 4277
    5761, 5761
    6921, 6921
    6550, 6550
    4293, 4293
    5209, 5209
    6246, 6246
    5049, 5049
    6929, 6929
    115, 115
    3239, 3239
    7490, 7490
    5328, 5328
    7609, 7609
    3552, 3552
    5036, 5036
    5951, 5951
    4833, 4833
    7921, 7921
    4584, 4584
    4919, 4919
    340, 340
    864, 864
    6582, 6582
    804, 804
    1901, 1901
    1744, 1744
    6070, 6070
    7950, 7950
    1997, 1997
    409, 409
    6353, 6353
    4143, 4143
    5052, 5052
    7606, 7606
    5723, 5723
    7855, 7855
    5361, 5361
    2568, 2568
    4394, 4394
    5362, 5362
    6032, 6032
    3068, 3068
    4635, 4635
    2556, 2556
    2091, 2091
    4066, 4066
    6849, 6849
    1838, 1838
    5470, 5470
    444, 444
    6288, 6288
    3029, 3029
    752, 752
    406, 406
    5568, 5568
    7929, 7929
    1365, 1365
    21, 21
    1293, 1293
    89, 89
    3710, 3710
    5941, 5941
    1314, 1314
    6882, 6882
    3125, 3125
    7874, 7874
    2253, 2253
    6574, 6574
    532, 532
    169, 169
    2348, 2348
    7557, 7557
    5702, 5702
    5188, 5188
    5277, 5277
    7287, 7287
    3546, 3546
    5469, 5469
    7232, 7232
    6257, 6257
    678, 678
    4630, 4630
    1985, 1985
    2961, 2961
    5366, 5366
    6175, 6175
    1613, 1613
    2390, 2390
    4557, 4557
    5377, 5377
    415, 415
    1024, 1024
    759, 759
    1174, 1174
    7153, 7153
    198, 198
    2574, 2574
    6931, 6931
    4465, 4465
    180, 180
    4938, 4938
    6824, 6824
    2524, 2524
    4410, 4410
    4759, 4759
    5148, 5148
    6561, 6561
    142, 142
    1649, 1649
    3073, 3073
    5882, 5882
    2936, 2936
    2965, 2965
    5986, 5986
    7911, 7911
    1986, 1986
    5227, 5227
    2632, 2632
    6001, 6001
    2812, 2812
    146, 146
    7201, 7201
    2082, 2082
    6508, 6508
    6555, 6555
    6934, 6934
    5806, 5806
    3598, 3598
    7478, 7478
    5500, 5500
    7147, 7147
    1042, 1042
    3687, 3687
    6939, 6939
    5741, 5741
    6101, 6101
    6412, 6412
    5922, 5922
    2132, 2132
    2787, 2787
    6888, 6888
    1800, 1800
    2785, 2785
    5821, 5821
    4196, 4196
    2121, 2121
    3309, 3309
    5192, 5192
    338, 338
    1710, 1710
    742, 742
    5048, 5048
    2745, 2745
    2346, 2346
    4042, 4042
    5718, 5718
    5039, 5039
    4284, 4284
    3911, 3911
    5597, 5597
    6031, 6031
    851, 851
    7268, 7268
    6103, 6103
    7892, 7892
    837, 837
    2030, 2030
    7610, 7610
    7331, 7331
    4205, 4205
    842, 842
    1227, 1227
    7759, 7759
    178, 178
    7763, 7763
    6232, 6232
    1485, 1485
    2798, 2798
    1531, 1531
    4905, 4905
    4900, 4900
    6832, 6832
    7916, 7916
    3539, 3539
    2016, 2016
    4184, 4184
    3976, 3976
    6588, 6588
    7317, 7317
    7509, 7509
    7675, 7675
    4385, 4385
    7462, 7462
    887, 887
    5339, 5339
    5353, 5353
    1335, 1335
    2010, 2010
    6354, 6354
    1862, 1862
    3012, 3012
    7806, 7806
    3378, 3378
    6077, 6077
    3311, 3311
    401, 401
    7923, 7923
    255, 255
    4433, 4433
    2419, 2419
    4779, 4779
    5135, 5135
    3484, 3484
    878, 878
    5126, 5126
    2391, 2391
    1894, 1894
    7582, 7582
    924, 924
    6249, 6249
    558, 558
    1454, 1454
    4861, 4861
    6581, 6581
    543, 543
    6946, 6946
    6812, 6812
    3364, 3364
    373, 373
    2321, 2321
    1154, 1154
    3965, 3965
    6962, 6962
    4994, 4994
    2612, 2612
    3949, 3949
    6290, 6290
    3285, 3285
    3775, 3775
    6272, 6272
    7254, 7254
    7573, 7573
    4150, 4150
    7879, 7879
    5139, 5139
    3797, 3797
    1150, 1150
    6484, 6484
    846, 846
    7457, 7457
    2200, 2200
    3493, 3493
    2935, 2935
    1578, 1578
    6559, 6559
    3912, 3912
    6915, 6915
    1970, 1970
    5650, 5650
    4753, 4753
    4415, 4415
    2024, 2024
    2412, 2412
    3981, 3981
    7302, 7302
    2414, 2414
    7458, 7458
    6055, 6055
    7648, 7648
    5993, 5993
    2352, 2352
    998, 998
    6802, 6802
    1207, 1207
    1470, 1470
    2891, 2891
    4528, 4528
    5522, 5522
    7952, 7952
    4097, 4097
    856, 856
    703, 703
    6033, 6033
    7769, 7769
    4187, 4187
    6776, 6776
    7411, 7411
    6590, 6590
    2080, 2080
    897, 897
    5610, 5610
    3553, 3553
    4379, 4379
    6803, 6803
    5480, 5480
    4371, 4371
    220, 220
    3200, 3200
    2837, 2837
    1383, 1383
    5446, 5446
    2059, 2059
    4382, 4382
    996, 996
    3100, 3100
    5611, 5611
    6873, 6873
    6868, 6868
    1975, 1975
    1905, 1905
    2789, 2789
    1595, 1595
    2332, 2332
    2942, 2942
    882, 882
    5710, 5710
    2169, 2169
    476, 476
    6816, 6816
    3040, 3040
    4031, 4031
    2196, 2196
    5688, 5688
    860, 860
    5457, 5457
    2762, 2762
    1582, 1582
    2181, 2181
    4827, 4827
    2041, 2041
    6155, 6155
    491, 491
    6342, 6342
    3414, 3414
    6385, 6385
    2212, 2212
    5022, 5022
    6917, 6917
    7474, 7474
    5859, 5859
    1770, 1770
    4219, 4219
    364, 364
    1128, 1128
    3001, 3001
    6460, 6460
    6271, 6271
    108, 108
    2100, 2100
    3408, 3408
    4476, 4476
    1472, 1472
    7143, 7143
    7760, 7760
    4327, 4327
    5223, 5223
    5072, 5072
    1074, 1074
    932, 932
    2614, 2614
    230, 230
    2484, 2484
    1353, 1353
    1255, 1255
    909, 909
    4426, 4426
    640, 640
    5970, 5970
    4683, 4683
    1837, 1837
    7515, 7515
    3273, 3273
    4202, 4202
    6903, 6903
    1865, 1865
    4299, 4299
    7333, 7333
    5270, 5270
    376, 376
    2970, 2970
    6666, 6666
    5642, 5642
    7315, 7315
    3625, 3625
    5175, 5175
    4588, 4588
    7850, 7850
    3171, 3171
    6240, 6240
    3358, 3358
    1818, 1818
    6433, 6433
    3112, 3112
    7101, 7101
    7487, 7487
    4077, 4077
    6493, 6493
    7231, 7231
    6199, 6199
    905, 905
    7013, 7013
    6534, 6534
    3134, 3134
    452, 452
    2258, 2258
    3400, 3400
    5902, 5902
    4721, 4721
    7529, 7529
    1178, 1178
    6506, 6506
    2496, 2496
    6003, 6003
    7541, 7541
    7876, 7876
    6204, 6204
    6940, 6940
    976, 976
    6763, 6763
    292, 292
    1739, 1739
    1615, 1615
    6863, 6863
    1507, 1507
    5963, 5963
    3749, 3749
    2771, 2771
    1638, 1638
    390, 390
    5163, 5163
    4201, 4201
    4034, 4034
    3401, 3401
    264, 264
    5551, 5551
    7488, 7488
    4881, 4881
    7465, 7465
    6925, 6925
    7667, 7667
    1646, 1646
    4249, 4249
    3440, 3440
    5161, 5161
    2611, 2611
    5492, 5492
    215, 215
    3115, 3115
    1402, 1402
    2318, 2318
    6687, 6687
    3320, 3320
    3231, 3231
    7883, 7883
    244, 244
    880, 880
    4489, 4489
    5332, 5332
    1801, 1801
    6012, 6012
    1435, 1435
    4896, 4896
    7071, 7071
    3222, 3222
    1043, 1043
    744, 744
    6533, 6533
    358, 358
    5479, 5479
    112, 112
    6360, 6360
    5307, 5307
    7044, 7044
    4406, 4406
    3721, 3721
    4693, 4693
    5652, 5652
    1437, 1437
    34, 34
    6657, 6657
    2407, 2407
    7496, 7496
    4671, 4671
    3527, 3527
    6724, 6724
    1912, 1912
    7514, 7514
    69, 69
    3280, 3280
    6703, 6703
    4890, 4890
    5258, 5258
    118, 118
    5924, 5924
    6963, 6963
    2884, 2884
    1221, 1221
    4620, 4620
    2460, 2460
    822, 822
    7974, 7974
    2834, 2834
    6279, 6279
    6771, 6771
    2293, 2293
    2692, 2692
    580, 580
    2900, 2900
    3380, 3380
    4701, 4701
    99, 99
    2488, 2488
    4757, 4757
    7349, 7349
    7753, 7753
    7293, 7293
    2537, 2537
    5370, 5370
    2739, 2739
    5081, 5081
    6, 6
    6477, 6477
    6616, 6616
    4467, 4467
    3053, 3053
    1231, 1231
    717, 717
    4652, 4652
    6067, 6067
    4709, 4709
    2383, 2383
    4267, 4267
    7746, 7746
    5394, 5394
    6182, 6182
    4035, 4035
    1403, 1403
    1540, 1540
    4867, 4867
    399, 399
    5314, 5314
    137, 137
    600, 600
    4043, 4043
    498, 498
    7544, 7544
    1751, 1751
    2131, 2131
    6358, 6358
    3587, 3587
    396, 396
    4983, 4983
    4819, 4819
    4961, 4961
    7255, 7255
    1307, 1307
    6639, 6639
    1388, 1388
    6330, 6330
    803, 803
    6505, 6505
    4978, 4978
    5867, 5867
    4570, 4570
    3708, 3708
    6081, 6081
    2654, 2654
    1768, 1768
    552, 552
    4388, 4388
    2047, 2047
    4664, 4664
    5542, 5542
    7982, 7982
    7956, 7956
    3372, 3372
    3197, 3197
    1522, 1522
    6744, 6744
    636, 636
    6749, 6749
    5464, 5464
    7010, 7010
    3323, 3323
    1373, 1373
    6780, 6780
    5102, 5102
    5822, 5822
    2094, 2094
    7443, 7443
    2472, 2472
    7479, 7479
    3096, 3096
    6029, 6029
    2887, 2887
    973, 973
    7355, 7355
    1635, 1635
    2302, 2302
    5869, 5869
    5950, 5950
    1450, 1450
    1333, 1333
    6560, 6560
    2405, 2405
    2858, 2858
    4609, 4609
    1756, 1756
    2760, 2760
    7006, 7006
    6553, 6553
    5845, 5845
    3240, 3240
    5977, 5977
    4883, 4883
    6715, 6715
    4274, 4274
    7728, 7728
    3881, 3881
    6102, 6102
    7233, 7233
    7160, 7160
    1825, 1825
    6928, 6928
    3551, 3551
    7964, 7964
    2552, 2552
    314, 314
    6140, 6140
    4253, 4253
    3628, 3628
    2069, 2069
    4832, 4832
    2908, 2908
    2165, 2165
    2701, 2701
    3081, 3081
    6499, 6499
    226, 226
    1568, 1568
    5360, 5360
    7597, 7597
    7966, 7966
    3918, 3918
    1656, 1656
    920, 920
    1984, 1984
    761, 761
    675, 675
    6663, 6663
    1380, 1380
    4840, 4840
    2945, 2945
    4600, 4600
    5667, 5667
    1083, 1083
    2781, 2781
    6728, 6728
    3441, 3441
    1135, 1135
    6378, 6378
    5256, 5256
    7199, 7199
    6676, 6676
    3709, 3709
    4193, 4193
    6200, 6200
    7684, 7684
    641, 641
    1283, 1283
    6648, 6648
    6612, 6612
    4731, 4731
    1461, 1461
    6974, 6974
    7184, 7184
    218, 218
    6615, 6615
    3392, 3392
    1271, 1271
    7099, 7099
    4989, 4989
    56, 56
    3642, 3642
    7590, 7590
    4007, 4007
    1274, 1274
    4971, 4971
    2439, 2439
    2699, 2699
    2462, 2462
    6706, 6706
    6609, 6609
    1079, 1079
    911, 911
    6644, 6644
    3732, 3732
    7206, 7206
    194, 194
    7034, 7034
    7780, 7780
    238, 238
    2320, 2320
    3835, 3835
    2226, 2226
    6710, 6710
    3191, 3191
    7200, 7200
    553, 553
    5679, 5679
    7276, 7276
    3720, 3720
    6094, 6094
    5571, 5571
    7396, 7396
    4647, 4647
    7700, 7700
    6017, 6017
    1157, 1157
    7178, 7178
    1308, 1308
    5124, 5124
    5082, 5082
    6649, 6649
    6486, 6486
    50, 50
    3753, 3753
    2261, 2261
    4590, 4590
    735, 735
    1384, 1384
    2716, 2716
    2825, 2825
    483, 483
    5853, 5853
    3142, 3142
    2007, 2007
    2432, 2432
    4040, 4040
    7668, 7668
    3946, 3946
    536, 536
    2688, 2688
    1015, 1015
    4826, 4826
    3501, 3501
    7282, 7282
    6572, 6572
    2033, 2033
    3565, 3565
    7327, 7327
    1545, 1545
    510, 510
    94, 94
    3246, 3246
    740, 740
    6181, 6181
    819, 819
    4474, 4474
    2752, 2752
    5820, 5820
    3650, 3650
    1385, 1385
    2659, 2659
    5540, 5540
    6491, 6491
    7888, 7888
    2176, 2176
    5634, 5634
    1457, 1457
    1067, 1067
    5875, 5875
    1544, 1544
    6136, 6136
    782, 782
    6879, 6879
    3427, 3427
    1149, 1149
    781, 781
    2350, 2350
    4940, 4940
    3637, 3637
    4670, 4670
    4892, 4892
    6254, 6254
    1833, 1833
    4974, 4974
    1664, 1664
    4278, 4278
    4697, 4697
    2749, 2749
    7346, 7346
    4000, 4000
    3085, 3085
    784, 784
    818, 818
    2999, 2999
    2941, 2941
    5292, 5292
    1719, 1719
    4611, 4611
    1205, 1205
    1125, 1125
    4843, 4843
    773, 773
    7828, 7828
    6114, 6114
    6467, 6467
    736, 736
    6039, 6039
    5759, 5759
    313, 313
    4226, 4226
    445, 445
    6911, 6911
    952, 952
    1504, 1504
    3555, 3555
    7941, 7941
    3942, 3942
    994, 994
    3972, 3972
    5417, 5417
    7625, 7625
    7517, 7517
    4810, 4810
    1341, 1341
    4147, 4147
    6889, 6889
    4117, 4117
    2217, 2217
    7747, 7747
    7562, 7562
    1580, 1580
    5116, 5116
    1399, 1399
    1559, 1559
    3910, 3910
    1465, 1465
    1063, 1063
    5590, 5590
    6656, 6656
    7015, 7015
    6778, 6778
    6060, 6060
    6056, 6056
    3510, 3510
    3302, 3302
    2447, 2447
    6166, 6166
    3825, 3825
    5847, 5847
    6887, 6887
    1753, 1753
    116, 116
    5707, 5707
    2296, 2296
    6190, 6190
    7384, 7384
    2747, 2747
    5493, 5493
    3287, 3287
    2720, 2720
    4376, 4376
    6482, 6482
    3634, 3634
    2493, 2493
    7127, 7127
    4230, 4230
    2180, 2180
    6627, 6627
    2700, 2700
    4023, 4023
    7720, 7720
    7436, 7436
    2803, 2803
    3706, 3706
    6365, 6365
    2415, 2415
    2298, 2298
    6147, 6147
    2592, 2592
    6453, 6453
    1059, 1059
    5211, 5211
    4742, 4742
    519, 519
    1647, 1647
    6352, 6352
    1257, 1257
    3398, 3398
    88, 88
    6044, 6044
    3653, 3653
    60, 60
    4660, 4660
    1826, 1826
    6036, 6036
    4885, 4885
    324, 324
    5895, 5895
    3212, 3212
    1718, 1718
    7751, 7751
    3015, 3015
    5558, 5558
    5075, 5075
    7298, 7298
    5320, 5320
    3136, 3136
    2947, 2947
    6429, 6429
    1452, 1452
    5996, 5996
    1882, 1882
    6212, 6212
    392, 392
    5531, 5531
    513, 513
    6274, 6274
    1587, 1587
    5468, 5468
    7304, 7304
    2630, 2630
    450, 450
    896, 896
    7136, 7136
    6266, 6266
    1133, 1133
    6982, 6982
    153, 153
    7917, 7917
    4603, 4603
    688, 688
    11, 11
    1145, 1145
    6603, 6603
    3947, 3947
    6049, 6049
    213, 213
    6919, 6919
    6043, 6043
    5914, 5914
    4256, 4256
    1186, 1186
    7721, 7721
    2710, 2710
    7819, 7819
    2767, 2767
    6521, 6521
    4982, 4982
    2600, 2600
    3439, 3439
    7128, 7128
    3078, 3078
    5398, 5398
    6040, 6040
    7928, 7928
    4610, 4610
    5018, 5018
    4599, 4599
    4329, 4329
    4343, 4343
    3729, 3729
    397, 397
    898, 898
    1425, 1425
    3602, 3602
    2554, 2554
    902, 902
    6825, 6825
    5809, 5809
    4492, 4492
    4099, 4099
    1603, 1603
    2224, 2224
    1476, 1476
    5093, 5093
    5606, 5606
    5103, 5103
    149, 149
    2424, 2424
    6338, 6338
    2211, 2211
    7192, 7192
    5431, 5431
    4131, 4131
    3941, 3941
    7016, 7016
    5222, 5222
    4831, 4831
    2813, 2813
    7048, 7048
    4067, 4067
    5409, 5409
    2576, 2576
    4482, 4482
    5053, 5053
    1940, 1940
    7801, 7801
    1097, 1097
    2640, 2640
    991, 991
    1840, 1840
    6157, 6157
    7586, 7586
    815, 815
    3557, 3557
    3604, 3604
    6264, 6264
    1029, 1029
    533, 533
    1893, 1893
    1852, 1852
    4091, 4091
    1436, 1436
    2860, 2860
    1147, 1147
    460, 460
    6626, 6626
    3757, 3757
    2476, 2476
    6461, 6461
    6529, 6529
    7680, 7680
    4229, 4229
    7844, 7844
    743, 743
    6838, 6838
    5395, 5395
    7119, 7119
    3734, 3734
    6026, 6026
    5535, 5535
    2929, 2929
    6277, 6277
    6690, 6690
    4260, 4260
    5220, 5220
    1731, 1731
    7649, 7649
    5934, 5934
    6758, 6758
    7717, 7717
    1451, 1451
    7335, 7335
    7313, 7313
    2137, 2137
    3306, 3306
    6623, 6623
    5298, 5298
    1430, 1430
    5133, 5133
    2766, 2766
    6259, 6259
    7881, 7881
    5756, 5756
    3707, 3707
    4350, 4350
    1409, 1409
    7389, 7389
    3301, 3301
    6766, 6766
    6923, 6923
    2475, 2475
    7369, 7369
    6124, 6124
    6990, 6990
    1776, 1776
    816, 816
    4756, 4756
    4724, 4724
    670, 670
    2304, 2304
    769, 769
    7307, 7307
    7979, 7979
    3310, 3310
    6839, 6839
    980, 980
    5178, 5178
    1238, 1238
    926, 926
    472, 472
    1152, 1152
    5790, 5790
    1153, 1153
    5432, 5432
    3970, 3970
    3799, 3799
    3203, 3203
    731, 731
    6096, 6096
    7460, 7460
    417, 417
    866, 866
    5776, 5776
    7344, 7344
    2126, 2126
    7334, 7334
    4289, 4289
    5840, 5840
    650, 650
    1972, 1972
    3893, 3893
    1302, 1302
    4569, 4569
    6945, 6945
    1390, 1390
    1528, 1528
    5238, 5238
    7550, 7550
    5321, 5321
    5393, 5393
    1550, 1550
    12, 12
    7078, 7078
    6242, 6242
    7012, 7012
    2730, 2730
    2536, 2536
    2684, 2684
    6216, 6216
    2638, 2638
    3103, 3103
    921, 921
    955, 955
    5843, 5843
    5426, 5426
    2918, 2918
    7659, 7659
    1336, 1336
    2589, 2589
    5414, 5414
    716, 716
    1426, 1426
    2605, 2605
    7939, 7939
    7712, 7712
    4952, 4952
    4802, 4802
    4396, 4396
    793, 793
    1264, 1264
    4073, 4073
    1794, 1794
    6580, 6580
    7568, 7568
    5774, 5774
    1044, 1044
    3777, 3777
    1329, 1329
    2015, 2015
    2814, 2814
    3685, 3685
    6638, 6638
    6552, 6552
    2386, 2386
    2972, 2972
    2636, 2636
    3809, 3809
    7897, 7897
    6630, 6630
    587, 587
    7829, 7829
    1573, 1573
    6315, 6315
    5145, 5145
    3474, 3474
    6241, 6241
    1684, 1684
    7702, 7702
    3516, 3516
    7570, 7570
    3086, 3086
    7265, 7265
    7642, 7642
    5483, 5483
    3538, 3538
    3983, 3983
    2185, 2185
    7002, 7002
    3422, 3422
    748, 748
    1752, 1752
    5184, 5184
    3314, 3314
    3317, 3317
    3891, 3891
    6180, 6180
    5383, 5383
    58, 58
    6312, 6312
    1478, 1478
    2992, 2992
    4752, 4752
    2525, 2525
    5385, 5385
    2510, 2510
    901, 901
    5547, 5547
    5113, 5113
    824, 824
    7546, 7546
    845, 845
    2702, 2702
    350, 350
    3036, 3036
    7477, 7477
    3833, 3833
    7223, 7223
    1069, 1069
    7536, 7536
    2922, 2922
    2477, 2477
    663, 663
    2115, 2115
    7555, 7555
    1109, 1109
    4613, 4613
    3821, 3821
    7608, 7608
    1141, 1141
    414, 414
    4288, 4288
    4699, 4699
    638, 638
    3857, 3857
    4011, 4011
    221, 221
    362, 362
    1593, 1593
    2784, 2784
    523, 523
    1191, 1191
    1144, 1144
    4128, 4128
    1062, 1062
    7325, 7325
    7925, 7925
    788, 788
    4875, 4875
    7338, 7338
    5326, 5326
    4383, 4383
    7878, 7878
    3226, 3226
    2161, 2161
    4183, 4183
    7556, 7556
    2955, 2955
    367, 367
    6350, 6350
    1835, 1835
    6557, 6557
    5925, 5925
    4300, 4300
    5811, 5811
    2794, 2794
    4024, 4024
    2067, 2067
    6924, 6924
    6410, 6410
    4003, 4003
    1265, 1265
    5691, 5691
    7046, 7046
    3606, 3606
    6930, 6930
    2585, 2585
    4072, 4072
    1054, 1054
    5151, 5151
    3712, 3712
    4967, 4967
    6457, 6457
    1354, 1354
    797, 797
    1795, 1795
    546, 546
    3526, 3526
    2522, 2522
    1722, 1722
    2914, 2914
    4973, 4973
    204, 204
    6183, 6183
    4809, 4809
    6604, 6604
    1515, 1515
    4736, 4736
    3890, 3890
    7371, 7371
    5762, 5762
    6005, 6005
    6095, 6095
    4553, 4553
    3644, 3644
    4291, 4291
    3864, 3864
    4499, 4499
    2864, 2864
    4370, 4370
    3195, 3195
    6633, 6633
    7715, 7715
    4037, 4037
    240, 240
    208, 208
    6647, 6647
    5836, 5836
    2279, 2279
    6539, 6539
    701, 701
    4551, 4551
    3395, 3395
    176, 176
    296, 296
    7744, 7744
    3331, 3331
    6236, 6236
    5375, 5375
    5988, 5988
    2230, 2230
    3456, 3456
    1662, 1662
    4113, 4113
    4208, 4208
    5293, 5293
    4095, 4095
    190, 190
    4209, 4209
    4980, 4980
    3075, 3075
    2333, 2333
    5912, 5912
    2068, 2068
    2105, 2105
    2581, 2581
    4958, 4958
    2054, 2054
    982, 982
    3801, 3801
    4018, 4018
    3476, 3476
    5966, 5966
    4411, 4411
    2624, 2624
    3450, 3450
    5282, 5282
    7395, 7395
    4273, 4273
    2102, 2102
    3259, 3259
    1444, 1444
    2050, 2050
    1263, 1263
    808, 808
    1512, 1512
    6134, 6134
    7463, 7463
    2464, 2464
    18, 18
    4657, 4657
    7442, 7442
    1296, 1296
    7640, 7640
    5743, 5743
    517, 517
    2070, 2070
    1758, 1758
    6135, 6135
    7772, 7772
    5903, 5903
    6035, 6035
    6777, 6777
    3643, 3643
    3123, 3123
    3513, 3513
    5560, 5560
    1260, 1260
    1325, 1325
    3213, 3213
    6206, 6206
    3386, 3386
    4049, 4049
    6130, 6130
    5035, 5035
    1541, 1541
    7626, 7626
    7115, 7115
    5463, 5463
    121, 121
    4914, 4914
    6260, 6260
    3154, 3154
    7543, 7543
    7388, 7388
    5173, 5173
    7281, 7281
    5938, 5938
    6129, 6129
    7378, 7378
    6598, 6598
    5215, 5215
    7062, 7062
    6011, 6011
    5576, 5576
    5917, 5917
    1868, 1868
    7381, 7381
    7122, 7122
    3931, 3931
    1524, 1524
    2979, 2979
    3430, 3430
    136, 136
    6487, 6487
    6319, 6319
    958, 958
    2991, 2991
    2839, 2839
    6733, 6733
    2742, 2742
    5071, 5071
    4859, 4859
    3683, 3683
    5392, 5392
    4478, 4478
    7174, 7174
    3718, 3718
    7865, 7865
    7297, 7297
    7026, 7026
    6169, 6169
    4449, 4449
    5266, 5266
    258, 258
    7933, 7933
    1621, 1621
    6704, 6704
    4494, 4494
    4776, 4776
    1918, 1918
    3313, 3313
    7289, 7289
    1408, 1408
    2698, 2698
    1299, 1299
    4970, 4970
    6544, 6544
    246, 246
    42, 42
    2113, 2113
    349, 349
    5557, 5557
    5683, 5683
    6664, 6664
    2336, 2336
    3342, 3342
    605, 605
    4860, 4860
    4998, 4998
    4644, 4644
    7140, 7140
    1632, 1632
    4074, 4074
    1400, 1400
    929, 929
    5193, 5193
    4290, 4290
    6738, 6738
    7787, 7787
    7591, 7591
    3025, 3025
    2075, 2075
    1468, 1468
    5805, 5805
    6381, 6381
    7051, 7051
    6709, 6709
    7635, 7635
    5371, 5371
    1857, 1857
    2184, 2184
    5556, 5556
    6336, 6336
    63, 63
    3412, 3412
    5312, 5312
    2743, 2743
    651, 651
    5920, 5920
    2192, 2192
    6099, 6099
    382, 382
    2145, 2145
    7534, 7534
    1304, 1304
    6551, 6551
    6376, 6376
    2213, 2213
    4399, 4399
    3449, 3449
    6203, 6203
    276, 276
    3228, 3228
    1897, 1897
    2719, 2719
    5224, 5224
    262, 262
    2923, 2923
    4565, 4565
    3177, 3177
    7607, 7607
    6346, 6346
    2251, 2251
    7843, 7843
    844, 844
    6303, 6303
    3271, 3271
    6547, 6547
    2888, 2888
    1990, 1990
    5655, 5655
    5495, 5495
    5059, 5059
    7895, 7895
    5200, 5200
    1552, 1552
    2628, 2628
    2058, 2058
    5179, 5179
    1184, 1184
    4054, 4054
    6498, 6498
    4109, 4109
    778, 778
    5183, 5183
    1639, 1639
    2650, 2650
    6119, 6119
    6661, 6661
    2877, 2877
    5378, 5378
    7516, 7516
    1410, 1410
    334, 334
    7145, 7145
    1137, 1137
    6695, 6695
    2136, 2136
    2257, 2257
    1030, 1030
    5461, 5461
    3964, 3964
    6018, 6018
    4010, 4010
    6786, 6786
    7976, 7976
    1525, 1525
    1121, 1121
    7399, 7399
    5345, 5345
    1716, 1716
    5675, 5675
    5582, 5582
    6066, 6066
    2111, 2111
    1172, 1172
    10, 10
    65, 65
    171, 171
    3060, 3060
    4140, 4140
    2890, 2890
    7719, 7719
    2323, 2323
    6022, 6022
    2984, 2984
    6368, 6368
    6961, 6961
    3318, 3318
    4955, 4955
    1249, 1249
    749, 749
    5680, 5680
    4636, 4636
    1983, 1983
    2512, 2512
    7444, 7444
    3214, 3214
    4477, 4477
    4684, 4684
    5724, 5724
    4601, 4601
    2655, 2655
    7494, 7494
    4330, 4330
    3045, 3045
    7343, 7343
    3097, 3097
    6481, 6481
    5973, 5973
    772, 772
    2032, 2032
    4530, 4530
    7203, 7203
    5983, 5983
    287, 287
    7849, 7849
    4149, 4149
    5132, 5132
    661, 661
    1064, 1064
    4189, 4189
    3458, 3458
    6960, 6960
    5979, 5979
    3051, 3051
    7004, 7004
    1132, 1132
    834, 834
    4422, 4422
    1376, 1376
    7274, 7274
    5956, 5956
    4107, 4107
    3651, 3651
    7041, 7041
    5878, 5878
    3879, 3879
    943, 943
    657, 657
    3545, 3545
    3991, 3991
    7655, 7655
    820, 820
    6723, 6723
    1652, 1652
    948, 948
    5415, 5415
    6366, 6366
    4976, 4976
    535, 535
    5808, 5808
    629, 629
    832, 832
    6517, 6517
    1105, 1105
    4593, 4593
    6082, 6082
    7762, 7762
    165, 165
    1140, 1140
    4796, 4796
    665, 665
    5319, 5319
    3848, 3848
    1386, 1386
    7109, 7109
    4865, 4865
    7167, 7167
    1276, 1276
}
