R(a, b) = {
    5702, 5702
    10837, 10837
    9610, 9610
    6478, 6478
    4438, 4438
    3169, 3169
    7185, 7185
    12033, 12033
    9804, 9804
    9963, 9963
    3786, 3786
    2837, 2837
    2403, 2403
    6436, 6436
    7395, 7395
    13112, 13112
    15591, 15591
    7987, 7987
    12472, 12472
    10510, 10510
    10626, 10626
    11856, 11856
    3168, 3168
    4508, 4508
    9859, 9859
    12164, 12164
    15673, 15673
    10119, 10119
    6149, 6149
    12607, 12607
    752, 752
    11697, 11697
    3439, 3439
    6955, 6955
    9352, 9352
    2279, 2279
    8141, 8141
    1056, 1056
    12727, 12727
    14102, 14102
    5670, 5670
    3988, 3988
    6240, 6240
    9307, 9307
    9217, 9217
    8447, 8447
    1296, 1296
    14889, 14889
    14556, 14556
    5920, 5920
    11030, 11030
    7387, 7387
    827, 827
    6589, 6589
    15403, 15403
    7268, 7268
    3546, 3546
    5962, 5962
    1854, 1854
    7141, 7141
    5447, 5447
    202, 202
    5701, 5701
    9523, 9523
    5821, 5821
    6342, 6342
    4118, 4118
    14189, 14189
    8475, 8475
    11309, 11309
    7139, 7139
    10066, 10066
    6937, 6937
    530, 530
    12400, 12400
    1866, 1866
    9914, 9914
    3282, 3282
    280, 280
    14615, 14615
    14099, 14099
    13582, 13582
    93, 93
    9041, 9041
    6725, 6725
    14134, 14134
    6841, 6841
    1158, 1158
    7090, 7090
    6213, 6213
    7381, 7381
    8904, 8904
    3813, 3813
    13653, 13653
    8202, 8202
    1388, 1388
    4396, 4396
    514, 514
    7881, 7881
    12690, 12690
    8113, 8113
    9676, 9676
    2173, 2173
    12137, 12137
    8720, 8720
    15552, 15552
    2535, 2535
    3061, 3061
    3057, 3057
    12448, 12448
    4572, 4572
    3850, 3850
    7074, 7074
    10969, 10969
    8588, 8588
    13820, 13820
    9855, 9855
    3722, 3722
    2466, 2466
    6085, 6085
    7428, 7428
    2986, 2986
    1292, 1292
    8027, 8027
    4127, 4127
    15938, 15938
    9799, 9799
    14687, 14687
    11596, 11596
    5364, 5364
    9341, 9341
    9406, 9406
    8361, 8361
    10910, 10910
    15602, 15602
    9674, 9674
    14933, 14933
    11107, 11107
    3107, 3107
    13522, 13522
    9825, 9825
    7446, 7446
    8621, 8621
    7060, 7060
    2518, 2518
    14537, 14537
    11256, 11256
    7797, 7797
    2365, 2365
    5047, 5047
    12460, 12460
    15792, 15792
    10899, 10899
    11581, 11581
    15778, 15778
    11563, 11563
    8926, 8926
    15124, 15124
    8484, 8484
    13093, 13093
    9249, 9249
    5173, 5173
    9695, 9695
    3733, 3733
    11428, 11428
    15728, 15728
    5591, 5591
    13100, 13100
    4889, 4889
    8054, 8054
    15287, 15287
    6024, 6024
    5265, 5265
    11859, 11859
    7812, 7812
    10416, 10416
    1984, 1984
    110, 110
    15412, 15412
    13208, 13208
    8493, 8493
    3721, 3721
    573, 573
    9118, 9118
    2665, 2665
    9269, 9269
    4038, 4038
    1811, 1811
    11017, 11017
    2576, 2576
    4557, 4557
    12019, 12019
    2723, 2723
    8177, 8177
    10685, 10685
    15787, 15787
    1512, 1512
    10060, 10060
    9753, 9753
    464, 464
    10576, 10576
    1524, 1524
    11059, 11059
    2016, 2016
    15505, 15505
    4051, 4051
    14299, 14299
    6642, 6642
    13013, 13013
    15700, 15700
    4998, 4998
    438, 438
    10034, 10034
    3257, 3257
    1972, 1972
    1420, 1420
    218, 218
    4757, 4757
    533, 533
    11801, 11801
    8428, 8428
    3493, 3493
    10514, 10514
    6553, 6553
    10063, 10063
    15521, 15521
    15592, 15592
    14345, 14345
    6079, 6079
    6508, 6508
    756, 756
    6592, 6592
    15173, 15173
    1156, 1156
    14809, 14809
    9470, 9470
    4939, 4939
    1673, 1673
    13804, 13804
    1877, 1877
    2495, 2495
    13142, 13142
    1562, 1562
    14773, 14773
    636, 636
    3906, 3906
    9531, 9531
    1939, 1939
    12482, 12482
    10894, 10894
    13315, 13315
    5845, 5845
    15739, 15739
    11903, 11903
    904, 904
    8510, 8510
    7177, 7177
    8642, 8642
    8324, 8324
    10938, 10938
    78, 78
    5344, 5344
    12208, 12208
    8968, 8968
    10184, 10184
    15081, 15081
    983, 983
    10819, 10819
    11598, 11598
    8604, 8604
    13049, 13049
    14303, 14303
    6669, 6669
    995, 995
    2700, 2700
    11564, 11564
    7461, 7461
    13172, 13172
    4669, 4669
    3894, 3894
    5665, 5665
    2121, 2121
    1218, 1218
    886, 886
    12513, 12513
    15302, 15302
    131, 131
    4463, 4463
    13772, 13772
    1541, 1541
    13135, 13135
    608, 608
    14822, 14822
    2079, 2079
    12408, 12408
    3371, 3371
    1053, 1053
    13313, 13313
    9109, 9109
    9831, 9831
    988, 988
    3365, 3365
    4373, 4373
    8542, 8542
    7132, 7132
    11339, 11339
    9678, 9678
    6198, 6198
    6990, 6990
    1723, 1723
    10500, 10500
    1925, 1925
    5355, 5355
    5842, 5842
    12515, 12515
    2418, 2418
    12339, 12339
    14824, 14824
    1777, 1777
    11500, 11500
    1762, 1762
    899, 899
    9135, 9135
    13024, 13024
    1144, 1144
    7264, 7264
    696, 696
    12444, 12444
    9682, 9682
    1766, 1766
    3110, 3110
    2325, 2325
    4049, 4049
    10125, 10125
    325, 325
    14693, 14693
    3518, 3518
    13177, 13177
    2001, 2001
    5783, 5783
    643, 643
    15249, 15249
    6265, 6265
    15885, 15885
    5211, 5211
    9081, 9081
    9178, 9178
    15078, 15078
    15930, 15930
    14136, 14136
    3113, 3113
    11070, 11070
    10432, 10432
    5199, 5199
    4309, 4309
    13000, 13000
    14341, 14341
    7925, 7925
    13879, 13879
    5483, 5483
    14385, 14385
    11702, 11702
    15571, 15571
    1916, 1916
    1589, 1589
    8204, 8204
    12437, 12437
    7571, 7571
    12130, 12130
    13287, 13287
    11496, 11496
    7033, 7033
    10185, 10185
    4017, 4017
    11487, 11487
    1271, 1271
    10769, 10769
    12311, 12311
    6922, 6922
    11594, 11594
    2095, 2095
    3035, 3035
    7994, 7994
    11821, 11821
    4698, 4698
    9163, 9163
    15732, 15732
    6731, 6731
    1492, 1492
    7135, 7135
    2880, 2880
    1548, 1548
    15722, 15722
    12390, 12390
    12198, 12198
    413, 413
    11021, 11021
    153, 153
    830, 830
    1184, 1184
    5298, 5298
    8424, 8424
    15837, 15837
    14544, 14544
    10221, 10221
    9606, 9606
    5955, 5955
    846, 846
    1079, 1079
    15092, 15092
    5832, 5832
    13233, 13233
    11515, 11515
    878, 878
    9485, 9485
    532, 532
    7896, 7896
    7802, 7802
    1741, 1741
    10345, 10345
    15668, 15668
    7467, 7467
    2471, 2471
    2346, 2346
    3204, 3204
    14287, 14287
    1215, 1215
    1543, 1543
    15520, 15520
    733, 733
    167, 167
    7346, 7346
    14493, 14493
    10619, 10619
    12872, 12872
    2745, 2745
    8724, 8724
    8310, 8310
    9430, 9430
    7627, 7627
    6674, 6674
    5510, 5510
    4195, 4195
    604, 604
    15223, 15223
    4146, 4146
    311, 311
    11767, 11767
    14093, 14093
    15435, 15435
    2966, 2966
    4853, 4853
    5987, 5987
    1927, 1927
    7039, 7039
    8942, 8942
    3847, 3847
    6004, 6004
    11824, 11824
    5953, 5953
    7410, 7410
    14044, 14044
    13130, 13130
    14240, 14240
    7932, 7932
    7935, 7935
    11474, 11474
    11830, 11830
    419, 419
    9560, 9560
    13709, 13709
    10767, 10767
    527, 527
    11557, 11557
    6318, 6318
    3356, 3356
    9946, 9946
    9760, 9760
    10879, 10879
    13870, 13870
    5151, 5151
    11240, 11240
    9000, 9000
    6805, 6805
    10480, 10480
    8504, 8504
    14321, 14321
    1735, 1735
    9296, 9296
    7988, 7988
    8727, 8727
    1975, 1975
    2894, 2894
    15696, 15696
    8817, 8817
    1670, 1670
    211, 211
    9166, 9166
    7537, 7537
    7922, 7922
    3985, 3985
    7403, 7403
    7483, 7483
    15655, 15655
    13861, 13861
    4324, 4324
    8092, 8092
    2488, 2488
    1838, 1838
    2620, 2620
    5717, 5717
    7790, 7790
    282, 282
    6349, 6349
    8385, 8385
    14017, 14017
    4441, 4441
    1464, 1464
    6863, 6863
    7763, 7763
    6792, 6792
    11890, 11890
    15352, 15352
    6263, 6263
    10958, 10958
    1474, 1474
    9506, 9506
    10333, 10333
    12054, 12054
    9266, 9266
    14063, 14063
    7099, 7099
    13737, 13737
    10653, 10653
    6416, 6416
    801, 801
    14116, 14116
    15420, 15420
    10531, 10531
    15995, 15995
    7314, 7314
    8165, 8165
    15632, 15632
    3358, 3358
    14394, 14394
    9311, 9311
    3627, 3627
    5840, 5840
    9704, 9704
    2041, 2041
    318, 318
    2987, 2987
    13126, 13126
    4597, 4597
    12452, 12452
    14874, 14874
    12158, 12158
    4245, 4245
    7816, 7816
    12530, 12530
    9973, 9973
    11575, 11575
    2768, 2768
    13359, 13359
    12933, 12933
    1850, 1850
    14686, 14686
    3025, 3025
    8899, 8899
    6531, 6531
    5924, 5924
    3726, 3726
    3683, 3683
    12159, 12159
    6761, 6761
    9244, 9244
    6245, 6245
    14359, 14359
    5862, 5862
    2187, 2187
    10953, 10953
    13292, 13292
    15871, 15871
    5079, 5079
    12917, 12917
    6438, 6438
    5818, 5818
    489, 489
    841, 841
    12491, 12491
    7519, 7519
    2765, 2765
    13785, 13785
    14444, 14444
    12689, 12689
    13121, 13121
    2549, 2549
    7643, 7643
    14543, 14543
    11633, 11633
    15758, 15758
    13830, 13830
    3424, 3424
    303, 303
    1216, 1216
    14586, 14586
    13155, 13155
    7356, 7356
    12389, 12389
    9282, 9282
    5547, 5547
    13260, 13260
    14139, 14139
    9797, 9797
    15975, 15975
    13541, 13541
    5100, 5100
    7050, 7050
    8696, 8696
    814, 814
    11814, 11814
    2157, 2157
    6942, 6942
    2472, 2472
    5742, 5742
    9656, 9656
    8722, 8722
    6788, 6788
    10495, 10495
    5058, 5058
    3955, 3955
    9104, 9104
    14527, 14527
    11293, 11293
    11454, 11454
    15971, 15971
    7841, 7841
    8200, 8200
    9151, 9151
    8540, 8540
    12128, 12128
    7058, 7058
    1265, 1265
    8487, 8487
    6046, 6046
    8795, 8795
    13933, 13933
    11678, 11678
    15089, 15089
    7423, 7423
    3871, 3871
    2533, 2533
    12526, 12526
    3004, 3004
    15286, 15286
    13395, 13395
    7281, 7281
    12284, 12284
    8173, 8173
    2091, 2091
    11658, 11658
    14725, 14725
    2564, 2564
    10779, 10779
    8212, 8212
    12582, 12582
    4468, 4468
    10002, 10002
    4979, 4979
    6993, 6993
    7085, 7085
    1202, 1202
    6484, 6484
    4962, 4962
    12298, 12298
    8397, 8397
    12609, 12609
    4387, 4387
    7452, 7452
    8769, 8769
    14018, 14018
    8347, 8347
    9778, 9778
    13703, 13703
    13009, 13009
    9616, 9616
    95, 95
    3661, 3661
    11315, 11315
    8360, 8360
    2594, 2594
    11330, 11330
    7526, 7526
    1123, 1123
    13340, 13340
    4030, 4030
    14356, 14356
    1320, 1320
    7724, 7724
    15826, 15826
    2457, 2457
    7097, 7097
    14692, 14692
    7989, 7989
    639, 639
    2916, 2916
    8710, 8710
    4419, 4419
    8708, 8708
    7535, 7535
    3780, 3780
    6375, 6375
    5514, 5514
    1461, 1461
    10419, 10419
    3135, 3135
    12139, 12139
    10930, 10930
    13384, 13384
    6460, 6460
    6530, 6530
    5654, 5654
    14667, 14667
    2135, 2135
    9236, 9236
    1006, 1006
    5146, 5146
    10755, 10755
    2435, 2435
    1863, 1863
    10536, 10536
    14163, 14163
    13220, 13220
    15766, 15766
    10614, 10614
    10584, 10584
    10747, 10747
    12625, 12625
    6787, 6787
    5161, 5161
    13598, 13598
    272, 272
    8249, 8249
    11076, 11076
    11542, 11542
    9449, 9449
    15426, 15426
    10897, 10897
    8480, 8480
    12713, 12713
    13985, 13985
    15112, 15112
    755, 755
    5353, 5353
    11568, 11568
    6673, 6673
    6494, 6494
    2760, 2760
    754, 754
    5968, 5968
    2175, 2175
    12895, 12895
    6956, 6956
    4423, 4423
    5794, 5794
    9765, 9765
    6255, 6255
    12112, 12112
    14499, 14499
    6421, 6421
    7494, 7494
    7684, 7684
    14829, 14829
    7254, 7254
    6571, 6571
    8917, 8917
    12220, 12220
    6785, 6785
    15136, 15136
    10636, 10636
    15749, 15749
    6100, 6100
    14928, 14928
    7542, 7542
    12223, 12223
    12542, 12542
    8011, 8011
    13041, 13041
    826, 826
    12646, 12646
    4763, 4763
    8461, 8461
    5177, 5177
    6042, 6042
    978, 978
    11892, 11892
    14636, 14636
    12265, 12265
    3926, 3926
    11815, 11815
    14772, 14772
    6908, 6908
    11167, 11167
    7895, 7895
    13186, 13186
    14881, 14881
    13015, 13015
    6997, 6997
    3691, 3691
    8814, 8814
    9659, 9659
    9645, 9645
    11354, 11354
    9477, 9477
    3210, 3210
    2687, 2687
    13745, 13745
    5725, 5725
    3897, 3897
    12653, 12653
    13038, 13038
    4933, 4933
    12725, 12725
    10671, 10671
    15896, 15896
    194, 194
    7698, 7698
    7839, 7839
    7194, 7194
    15148, 15148
    1591, 1591
    5045, 5045
    12249, 12249
    10681, 10681
    2232, 2232
    8970, 8970
    5896, 5896
    6619, 6619
    14828, 14828
    14130, 14130
    10331, 10331
    9328, 9328
    2006, 2006
    12350, 12350
    11789, 11789
    1219, 1219
    15620, 15620
    2291, 2291
    8010, 8010
    13030, 13030
    3839, 3839
    7596, 7596
    8693, 8693
    2068, 2068
    758, 758
    12131, 12131
    12995, 12995
    4209, 4209
    12280, 12280
    13716, 13716
    14436, 14436
    4108, 4108
    14847, 14847
    6280, 6280
    3398, 3398
    2881, 2881
    14577, 14577
    4980, 4980
    8052, 8052
    15712, 15712
    7619, 7619
    11646, 11646
    7340, 7340
    490, 490
    15855, 15855
    3416, 3416
    9587, 9587
    3240, 3240
    2296, 2296
    1751, 1751
    3623, 3623
    13253, 13253
    9734, 9734
    2882, 2882
    912, 912
    5548, 5548
    1002, 1002
    1138, 1138
    13715, 13715
    591, 591
    236, 236
    3530, 3530
    15120, 15120
    6185, 6185
    15257, 15257
    10842, 10842
    2050, 2050
    9634, 9634
    14650, 14650
    15623, 15623
    1201, 1201
    12171, 12171
    647, 647
    8206, 8206
    499, 499
    3284, 3284
    11204, 11204
    1624, 1624
    3552, 3552
    8889, 8889
    2959, 2959
    12819, 12819
    9362, 9362
    8163, 8163
    12843, 12843
    8391, 8391
    12696, 12696
    11102, 11102
    13273, 13273
    915, 915
    7788, 7788
    9938, 9938
    15154, 15154
    10423, 10423
    2329, 2329
    9012, 9012
    1163, 1163
    14885, 14885
    307, 307
    10316, 10316
    9933, 9933
    15143, 15143
    10277, 10277
    720, 720
    11876, 11876
    1987, 1987
    1207, 1207
    13059, 13059
    9493, 9493
    9011, 9011
    11099, 11099
    4306, 4306
    5234, 5234
    6107, 6107
    9182, 9182
    10600, 10600
    14745, 14745
    1831, 1831
    15174, 15174
    13691, 13691
    14420, 14420
    6488, 6488
    15803, 15803
    8808, 8808
    14698, 14698
    6714, 6714
    3316, 3316
    10704, 10704
    15465, 15465
    8881, 8881
    5502, 5502
    6683, 6683
    1888, 1888
    2248, 2248
    8021, 8021
    9334, 9334
    1210, 1210
    5441, 5441
    791, 791
    12757, 12757
    6348, 6348
    14573, 14573
    3594, 3594
    15556, 15556
    2396, 2396
    794, 794
    2284, 2284
    1479, 1479
    11864, 11864
    8859, 8859
    1467, 1467
    9537, 9537
    3499, 3499
    7955, 7955
    9679, 9679
    12503, 12503
    4930, 4930
    8500, 8500
    12450, 12450
    5813, 5813
    3156, 3156
    739, 739
    10256, 10256
    996, 996
    4318, 4318
    124, 124
    8288, 8288
    9185, 9185
    14104, 14104
    6497, 6497
    3689, 3689
    15125, 15125
    1635, 1635
    4774, 4774
    11919, 11919
    11880, 11880
    8466, 8466
    9379, 9379
    6964, 6964
    13701, 13701
    11081, 11081
    5117, 5117
    10783, 10783
    11340, 11340
    13987, 13987
    2869, 2869
    14753, 14753
    14330, 14330
    12700, 12700
    8207, 8207
    4305, 4305
    9147, 9147
    1014, 1014
    9785, 9785
    12875, 12875
    9257, 9257
    7173, 7173
    12822, 12822
    4352, 4352
    2551, 2551
    5009, 5009
    12261, 12261
    13630, 13630
    193, 193
    11028, 11028
    1513, 1513
    1950, 1950
    10728, 10728
    3419, 3419
    11489, 11489
    13401, 13401
    1045, 1045
    15011, 15011
    9187, 9187
    14521, 14521
    4837, 4837
    13210, 13210
    14566, 14566
    5976, 5976
    1990, 1990
    5345, 5345
    15374, 15374
    6542, 6542
    5004, 5004
    2423, 2423
    11239, 11239
    12899, 12899
    4493, 4493
    3704, 3704
    1834, 1834
    10269, 10269
    2539, 2539
    4155, 4155
    10108, 10108
    8605, 8605
    7378, 7378
    8037, 8037
    11971, 11971
    8218, 8218
    9322, 9322
    74, 74
    7329, 7329
    2919, 2919
    2376, 2376
    15501, 15501
    14961, 14961
    1028, 1028
    3924, 3924
    6455, 6455
    15147, 15147
    738, 738
    434, 434
    14023, 14023
    9743, 9743
    10029, 10029
    10717, 10717
    11662, 11662
    6471, 6471
    1374, 1374
    7213, 7213
    10631, 10631
    8847, 8847
    12816, 12816
    12665, 12665
    1652, 1652
    12922, 12922
    10148, 10148
    7057, 7057
    2563, 2563
    14449, 14449
    3018, 3018
    1899, 1899
    13406, 13406
    9732, 9732
    3331, 3331
    5067, 5067
    11773, 11773
    751, 751
    7681, 7681
    4067, 4067
    10596, 10596
    15469, 15469
    8370, 8370
    5323, 5323
    9943, 9943
    1731, 1731
    13860, 13860
    14882, 14882
    13211, 13211
    3124, 3124
    13971, 13971
    992, 992
    821, 821
    4084, 4084
    3626, 3626
    8530, 8530
    11433, 11433
    4630, 4630
    5449, 5449
    8528, 8528
    1270, 1270
    13642, 13642
    7506, 7506
    6420, 6420
    5915, 5915
    12099, 12099
    7530, 7530
    789, 789
    11405, 11405
    2612, 2612
    734, 734
    4451, 4451
    12741, 12741
    10169, 10169
    10768, 10768
    15705, 15705
    1182, 1182
    4367, 4367
    7934, 7934
    7202, 7202
    14397, 14397
    11097, 11097
    7765, 7765
    3129, 3129
    6057, 6057
    1700, 1700
    4868, 4868
    11628, 11628
    13227, 13227
    8641, 8641
    1083, 1083
    5867, 5867
    3820, 3820
    9095, 9095
    12758, 12758
    13945, 13945
    8719, 8719
    210, 210
    4684, 4684
    13850, 13850
    13333, 13333
    9115, 9115
    3923, 3923
    3049, 3049
    9469, 9469
    156, 156
    12200, 12200
    5231, 5231
    578, 578
    4945, 4945
    15018, 15018
    11128, 11128
    10401, 10401
    7920, 7920
    12227, 12227
    1930, 1930
    9556, 9556
    8667, 8667
    8348, 8348
    14479, 14479
    14669, 14669
    8688, 8688
    11331, 11331
    14697, 14697
    14826, 14826
    14677, 14677
    7498, 7498
    11336, 11336
    8134, 8134
    9494, 9494
    3149, 3149
    14399, 14399
    13636, 13636
    15926, 15926
    14377, 14377
    9884, 9884
    12335, 12335
    5826, 5826
    3226, 3226
    14930, 14930
    10132, 10132
    917, 917
    3215, 3215
    2803, 2803
    1395, 1395
    906, 906
    3891, 3891
    12447, 12447
    11176, 11176
    14969, 14969
    5476, 5476
    10711, 10711
    8721, 8721
    4006, 4006
    15621, 15621
    15532, 15532
    4345, 4345
    8238, 8238
    14308, 14308
    206, 206
    4121, 4121
    15445, 15445
    4166, 4166
    9917, 9917
    3496, 3496
    192, 192
    10381, 10381
    3560, 3560
    423, 423
    987, 987
    8824, 8824
    2537, 2537
    10776, 10776
    6112, 6112
    1391, 1391
    13607, 13607
    15030, 15030
    3323, 3323
    11741, 11741
    13193, 13193
    11401, 11401
    1383, 1383
    15800, 15800
    5921, 5921
    7425, 7425
    10888, 10888
    3193, 3193
    1319, 1319
    2486, 2486
    5617, 5617
    12230, 12230
    4257, 4257
    11080, 11080
    6881, 6881
    1151, 1151
    12106, 12106
    2773, 2773
    8388, 8388
    15, 15
    6892, 6892
    15794, 15794
    14552, 14552
    13485, 13485
    5188, 5188
    11627, 11627
    11534, 11534
    6632, 6632
    8979, 8979
    13880, 13880
    245, 245
    819, 819
    8749, 8749
    7805, 7805
    10181, 10181
    7840, 7840
    3531, 3531
    5765, 5765
    6513, 6513
    9871, 9871
    6065, 6065
    7345, 7345
    948, 948
    12890, 12890
    6068, 6068
    11583, 11583
    12873, 12873
    7996, 7996
    4190, 4190
    8950, 8950
    15759, 15759
    9823, 9823
    1439, 1439
    13044, 13044
    8346, 8346
    11870, 11870
    901, 901
    8425, 8425
    5023, 5023
    5070, 5070
    14430, 14430
    10810, 10810
    3700, 3700
    10800, 10800
    15402, 15402
    11942, 11942
    1288, 1288
    4956, 4956
    2497, 2497
    12251, 12251
    14012, 14012
    4196, 4196
    9693, 9693
    11540, 11540
    7691, 7691
    2831, 2831
    7977, 7977
    2688, 2688
    14749, 14749
    1770, 1770
    12882, 12882
    3910, 3910
    364, 364
    1137, 1137
    5406, 5406
    7574, 7574
    15271, 15271
    1847, 1847
    15889, 15889
    8155, 8155
    12632, 12632
    15093, 15093
    4293, 4293
    4694, 4694
    14098, 14098
    4908, 4908
    88, 88
    8237, 8237
    3759, 3759
    12793, 12793
    12088, 12088
    6273, 6273
    7676, 7676
    1049, 1049
    10425, 10425
    5474, 5474
    11441, 11441
    3723, 3723
    10672, 10672
    11932, 11932
    4088, 4088
    58, 58
    13795, 13795
    4317, 4317
    6978, 6978
    616, 616
    15380, 15380
    1986, 1986
    7291, 7291
    15384, 15384
    14713, 14713
    12780, 12780
    8343, 8343
    11352, 11352
    8659, 8659
    8457, 8457
    10945, 10945
    14213, 14213
    9194, 9194
    14975, 14975
    2012, 2012
    12972, 12972
    4453, 4453
    5928, 5928
    537, 537
    13508, 13508
    12724, 12724
    8924, 8924
    13918, 13918
    11505, 11505
    13899, 13899
    14406, 14406
    39, 39
    1409, 1409
    14704, 14704
    1214, 1214
    15660, 15660
    599, 599
    13415, 13415
    13981, 13981
    1443, 1443
    10472, 10472
    14009, 14009
    11207, 11207
    10456, 10456
    5333, 5333
    5086, 5086
    15389, 15389
    15256, 15256
    8657, 8657
    1291, 1291
    2897, 2897
    8290, 8290
    1205, 1205
    14518, 14518
    8931, 8931
    6320, 6320
    5129, 5129
    11611, 11611
    11269, 11269
    3339, 3339
    10659, 10659
    9302, 9302
    8003, 8003
    11350, 11350
    5810, 5810
    1893, 1893
    309, 309
    5207, 5207
    4624, 4624
    208, 208
    394, 394
    8563, 8563
    8678, 8678
    3631, 3631
    10091, 10091
    11565, 11565
    9094, 9094
    1372, 1372
    14141, 14141
    9458, 9458
    2122, 2122
    10743, 10743
    9468, 9468
    10044, 10044
    3382, 3382
    13352, 13352
    594, 594
    1478, 1478
    11043, 11043
    15040, 15040
    9595, 9595
    3290, 3290
    14432, 14432
    11518, 11518
    4750, 4750
    7369, 7369
    10785, 10785
    1341, 1341
    13867, 13867
    14957, 14957
    239, 239
    6514, 6514
    13345, 13345
    14731, 14731
    13913, 13913
    7588, 7588
    930, 930
    14318, 14318
    7295, 7295
    15070, 15070
    5092, 5092
    12051, 12051
    10257, 10257
    3411, 3411
    5105, 5105
    2685, 2685
    14190, 14190
    2181, 2181
    7205, 7205
    5839, 5839
    6120, 6120
    15063, 15063
    13604, 13604
    10909, 10909
    15055, 15055
    4851, 4851
    4035, 4035
    10949, 10949
    15255, 15255
    11527, 11527
    6129, 6129
    8994, 8994
    13023, 13023
    9444, 9444
    7657, 7657
    6864, 6864
    14273, 14273
    11435, 11435
    2102, 2102
    14173, 14173
    1503, 1503
    9820, 9820
    4376, 4376
    4644, 4644
    8887, 8887
    617, 617
    6503, 6503
    7056, 7056
    2155, 2155
    247, 247
    13199, 13199
    11682, 11682
    14259, 14259
    10053, 10053
    15988, 15988
    4420, 4420
    3646, 3646
    13495, 13495
    14534, 14534
    11901, 11901
    14410, 14410
    13995, 13995
    11783, 11783
    1133, 1133
    3702, 3702
    12049, 12049
    1871, 1871
    6811, 6811
    12685, 12685
    8750, 8750
    164, 164
    6677, 6677
    13546, 13546
    262, 262
    9421, 9421
    9216, 9216
    8650, 8650
    135, 135
    11187, 11187
    10924, 10924
    6345, 6345
    5684, 5684
    857, 857
    1191, 1191
    15848, 15848
    8008, 8008
    5252, 5252
    15297, 15297
    1796, 1796
    1655, 1655
    15127, 15127
    3469, 3469
    8777, 8777
    12742, 12742
    14656, 14656
    8214, 8214
    5973, 5973
    13272, 13272
    5415, 5415
    4087, 4087
    13822, 13822
    7726, 7726
    13230, 13230
    11073, 11073
    9549, 9549
    5693, 5693
    7552, 7552
    15875, 15875
    14123, 14123
    15568, 15568
    11712, 11712
    173, 173
    10520, 10520
    14485, 14485
    10582, 10582
    7150, 7150
    1375, 1375
    989, 989
    7836, 7836
    10660, 10660
    5938, 5938
    8572, 8572
    8035, 8035
    14322, 14322
    1279, 1279
    170, 170
    4551, 4551
    2571, 2571
    4799, 4799
    1232, 1232
    12617, 12617
    13003, 13003
    11868, 11868
    15923, 15923
    15237, 15237
    1008, 1008
    8868, 8868
    8890, 8890
    2956, 2956
    3164, 3164
    13591, 13591
    1895, 1895
    3929, 3929
    12731, 12731
    10649, 10649
    7216, 7216
    4990, 4990
    9681, 9681
    13924, 13924
    6606, 6606
    11894, 11894
    1241, 1241
    3601, 3601
    7259, 7259
    4787, 4787
    13422, 13422
    7405, 7405
    8260, 8260
    8094, 8094
    8482, 8482
    3754, 3754
    6764, 6764
    8127, 8127
    9654, 9654
    8778, 8778
    12429, 12429
    3459, 3459
    15422, 15422
    12940, 12940
    15057, 15057
    4656, 4656
    5528, 5528
    13834, 13834
    11397, 11397
    10319, 10319
    6645, 6645
    7080, 7080
    2647, 2647
    3446, 3446
    5269, 5269
    3274, 3274
    10424, 10424
    7075, 7075
    9218, 9218
    6217, 6217
    94, 94
    11262, 11262
    7728, 7728
    9602, 9602
    13690, 13690
    1955, 1955
    2287, 2287
    538, 538
    811, 811
    11456, 11456
    3574, 3574
    9897, 9897
    12480, 12480
    5824, 5824
    11168, 11168
    12682, 12682
    12691, 12691
    1450, 1450
    6778, 6778
    12708, 12708
    4614, 4614
    10378, 10378
    9981, 9981
    334, 334
    9181, 9181
    8514, 8514
    4670, 4670
    15094, 15094
    9527, 9527
    12892, 12892
    8690, 8690
    784, 784
    6006, 6006
    1189, 1189
    4647, 4647
    3430, 3430
    14131, 14131
    5926, 5926
    14730, 14730
    6448, 6448
    4004, 4004
    4963, 4963
    11026, 11026
    11907, 11907
    5125, 5125
    7128, 7128
    4919, 4919
    5721, 5721
    11707, 11707
    10900, 10900
    9577, 9577
    12813, 12813
    14913, 14913
    4439, 4439
    6807, 6807
    13215, 13215
    2842, 2842
    2692, 2692
    692, 692
    2937, 2937
    13020, 13020
    5666, 5666
    7180, 7180
    4487, 4487
    1967, 1967
    5506, 5506
    6464, 6464
    4338, 4338
    7154, 7154
    5695, 5695
    7605, 7605
    14054, 14054
    8490, 8490
    3003, 3003
    7734, 7734
    14721, 14721
    14411, 14411
    6145, 6145
    6061, 6061
    14353, 14353
    14274, 14274
    1267, 1267
    3845, 3845
    4507, 4507
    1929, 1929
    9465, 9465
    13293, 13293
    4957, 4957
    2332, 2332
    11698, 11698
    8601, 8601
    12950, 12950
    14300, 14300
    5110, 5110
    2320, 2320
    11831, 11831
    9346, 9346
    3735, 3735
    3067, 3067
    12728, 12728
    10604, 10604
    11337, 11337
    5380, 5380
    9919, 9919
    13837, 13837
    13460, 13460
    5305, 5305
    12563, 12563
    4268, 4268
    8306, 8306
    15479, 15479
    12233, 12233
    2393, 2393
    14988, 14988
    5743, 5743
    15305, 15305
    9049, 9049
    11142, 11142
    11410, 11410
    15542, 15542
    3884, 3884
    6847, 6847
    6458, 6458
    13980, 13980
    6737, 6737
    14182, 14182
    1301, 1301
    15972, 15972
    10391, 10391
    11291, 11291
    737, 737
    3946, 3946
    13348, 13348
    11109, 11109
    10707, 10707
    13525, 13525
    8683, 8683
    13249, 13249
    9229, 9229
    9292, 9292
    4443, 4443
    15845, 15845
    9692, 9692
    12991, 12991
    6969, 6969
    12039, 12039
    6247, 6247
    10219, 10219
    3676, 3676
    12507, 12507
    2911, 2911
    9796, 9796
    6521, 6521
    3675, 3675
    13668, 13668
    5309, 5309
    15576, 15576
    15335, 15335
    8111, 8111
    5133, 5133
    13958, 13958
    350, 350
    6855, 6855
    3668, 3668
    53, 53
    11461, 11461
    10468, 10468
    15541, 15541
    13134, 13134
    13758, 13758
    6933, 6933
    13414, 13414
    28, 28
    15088, 15088
    3141, 3141
    13201, 13201
    932, 932
    10942, 10942
    13637, 13637
    11248, 11248
    12219, 12219
    12941, 12941
    12439, 12439
    79, 79
    2836, 2836
    11273, 11273
    3320, 3320
    9391, 9391
    15122, 15122
    5080, 5080
    13355, 13355
    15879, 15879
    11366, 11366
    15565, 15565
    15225, 15225
    13083, 13083
    13553, 13553
    7581, 7581
    11022, 11022
    11335, 11335
    14453, 14453
    1139, 1139
    2657, 2657
    12558, 12558
    5704, 5704
    4365, 4365
    9143, 9143
    3993, 3993
    15724, 15724
    12857, 12857
    1167, 1167
    1015, 1015
    5033, 5033
    431, 431
    11842, 11842
    10542, 10542
    15205, 15205
    6678, 6678
    13089, 13089
    13124, 13124
    5787, 5787
    3920, 3920
    3908, 3908
    7785, 7785
    3523, 3523
    229, 229
    5239, 5239
    9401, 9401
    14570, 14570
    6597, 6597
    7257, 7257
    2568, 2568
    5350, 5350
    12963, 12963
    11010, 11010
    7830, 7830
    4497, 4497
    15994, 15994
    12016, 12016
    6323, 6323
    10470, 10470
    15641, 15641
    2009, 2009
    7865, 7865
    638, 638
    377, 377
    13817, 13817
    9441, 9441
    8854, 8854
    4239, 4239
    143, 143
    10561, 10561
    7606, 7606
    15767, 15767
    6457, 6457
    11661, 11661
    2276, 2276
    161, 161
    13619, 13619
    7389, 7389
    1321, 1321
    14868, 14868
    9389, 9389
    7733, 7733
    41, 41
    10719, 10719
    14776, 14776
    6762, 6762
    10875, 10875
    8948, 8948
    3464, 3464
    6773, 6773
    842, 842
    8124, 8124
    11519, 11519
    12445, 12445
    7936, 7936
    15807, 15807
    8291, 8291
    5158, 5158
    3527, 3527
    3109, 3109
    96, 96
    5653, 5653
    8272, 8272
    264, 264
    8555, 8555
    6476, 6476
    7620, 7620
    6483, 6483
    10201, 10201
    14925, 14925
    11785, 11785
    9685, 9685
    7063, 7063
    8820, 8820
    10884, 10884
    5582, 5582
    13590, 13590
    15157, 15157
    3841, 3841
    11910, 11910
    8757, 8757
    7078, 7078
    11896, 11896
    5504, 5504
    7985, 7985
    3728, 3728
    7743, 7743
    15496, 15496
    894, 894
    8372, 8372
    2892, 2892
    7975, 7975
    14623, 14623
    15231, 15231
    12920, 12920
    15246, 15246
    435, 435
    12349, 12349
    15221, 15221
    11283, 11283
    8315, 8315
    3679, 3679
    9717, 9717
    4009, 4009
    10457, 10457
    5384, 5384
    15444, 15444
    12729, 12729
    3720, 3720
    10644, 10644
    3514, 3514
    12334, 12334
    10895, 10895
    12983, 12983
    8133, 8133
    11926, 11926
    7834, 7834
    4845, 4845
    4255, 4255
    70, 70
    7803, 7803
    11559, 11559
    10979, 10979
    4058, 4058
    10781, 10781
    8325, 8325
    14986, 14986
    13405, 13405
    5785, 5785
    7846, 7846
    4549, 4549
    13357, 13357
    8083, 8083
    4383, 4383
    6319, 6319
    12369, 12369
    11002, 11002
    10192, 10192
    6132, 6132
    6183, 6183
    1317, 1317
    11012, 11012
    10048, 10048
    3473, 3473
    9955, 9955
    3595, 3595
    6364, 6364
    13070, 13070
    3251, 3251
    2906, 2906
    3071, 3071
    12707, 12707
    14469, 14469
    1274, 1274
    10994, 10994
    15911, 15911
    9712, 9712
    11300, 11300
    2591, 2591
    3378, 3378
    9719, 9719
    4863, 4863
    14459, 14459
    2042, 2042
    9630, 9630
    10211, 10211
    6184, 6184
    11989, 11989
    6959, 6959
    12401, 12401
    10867, 10867
    269, 269
    4730, 4730
    10093, 10093
    10081, 10081
    6603, 6603
    7981, 7981
    445, 445
    10715, 10715
    7491, 7491
    2858, 2858
    9175, 9175
    14236, 14236
    6030, 6030
    4503, 4503
    2120, 2120
    8326, 8326
    9912, 9912
    13931, 13931
    4386, 4386
    9510, 9510
    10485, 10485
    3182, 3182
    9675, 9675
    13754, 13754
    9235, 9235
    12775, 12775
    890, 890
    2114, 2114
    7566, 7566
    7917, 7917
    4236, 4236
    5940, 5940
    5087, 5087
    12849, 12849
    4817, 4817
    14234, 14234
    10314, 10314
    12949, 12949
    9345, 9345
    4404, 4404
    3964, 3964
    1076, 1076
    4590, 4590
    7386, 7386
    10577, 10577
    3108, 3108
    6220, 6220
    8505, 8505
    8296, 8296
    6026, 6026
    2412, 2412
    13136, 13136
    7513, 7513
    919, 919
    11947, 11947
    11719, 11719
    10721, 10721
    14505, 14505
    11220, 11220
    1089, 1089
    15131, 15131
    11796, 11796
    8233, 8233
    2814, 2814
    3387, 3387
    5975, 5975
    8646, 8646
    1162, 1162
    6921, 6921
    6709, 6709
    8446, 8446
    14103, 14103
    2160, 2160
    5118, 5118
    6174, 6174
    14660, 14660
    2484, 2484
    10698, 10698
    8436, 8436
    6825, 6825
    4532, 4532
    7279, 7279
    2426, 2426
    8982, 8982
    15622, 15622
    6182, 6182
    13731, 13731
    7160, 7160
    7237, 7237
    15170, 15170
    15981, 15981
    15680, 15680
    1236, 1236
    7903, 7903
    14683, 14683
    1763, 1763
    5256, 5256
    2968, 2968
    12402, 12402
    3830, 3830
    8336, 8336
    10392, 10392
    6580, 6580
    4859, 4859
    7450, 7450
    8026, 8026
    1733, 1733
    15214, 15214
    3253, 3253
    5634, 5634
    2681, 2681
    7669, 7669
    8356, 8356
    4611, 4611
    1527, 1527
    9617, 9617
    12001, 12001
    5644, 5644
    13077, 13077
    4856, 4856
    15397, 15397
    420, 420
    7153, 7153
    9230, 9230
    14140, 14140
    3521, 3521
    11863, 11863
    1307, 1307
    10851, 10851
    2493, 2493
    11866, 11866
    6734, 6734
    5063, 5063
    8491, 8491
    9097, 9097
    11363, 11363
    12561, 12561
    13635, 13635
    8562, 8562
    1436, 1436
    6141, 6141
    6044, 6044
    3953, 3953
    3362, 3362
    12802, 12802
    9499, 9499
    4232, 4232
    5259, 5259
    743, 743
    12765, 12765
    11751, 11751
    7564, 7564
    14740, 14740
    9375, 9375
    15186, 15186
    2469, 2469
    8844, 8844
    15582, 15582
    14101, 14101
    4028, 4028
    4521, 4521
    2178, 2178
    2951, 2951
    1621, 1621
    979, 979
    12, 12
    6330, 6330
    8895, 8895
    3205, 3205
    14516, 14516
    12523, 12523
    12969, 12969
    15703, 15703
    4775, 4775
    13498, 13498
    14057, 14057
    1914, 1914
    2961, 2961
    6211, 6211
    13848, 13848
    11367, 11367
    15734, 15734
    4539, 4539
    4591, 4591
    15510, 15510
    7617, 7617
    11268, 11268
    5039, 5039
    7019, 7019
    4215, 4215
    1306, 1306
    12248, 12248
    268, 268
    5430, 5430
    9370, 9370
    7631, 7631
    8034, 8034
    8536, 8536
    9099, 9099
    2443, 2443
    13125, 13125
    7613, 7613
    4431, 4431
    2143, 2143
    9336, 9336
    12152, 12152
    12643, 12643
    12183, 12183
    14185, 14185
    8607, 8607
    9280, 9280
    8980, 8980
    7930, 7930
    6159, 6159
    11761, 11761
    3472, 3472
    126, 126
    10933, 10933
    1647, 1647
    5121, 5121
    10912, 10912
    568, 568
    12600, 12600
    14249, 14249
    15653, 15653
    10726, 10726
    3533, 3533
    2705, 2705
    2186, 2186
    14646, 14646
    5985, 5985
    6127, 6127
    13538, 13538
    5623, 5623
    642, 642
    12382, 12382
    12629, 12629
    4760, 4760
    4303, 4303
    8050, 8050
    12331, 12331
    2390, 2390
    2577, 2577
    5467, 5467
    9589, 9589
    15573, 15573
    8947, 8947
    6361, 6361
    4544, 4544
    6451, 6451
    12881, 12881
    14389, 14389
    8274, 8274
    8676, 8676
    8396, 8396
    6236, 6236
    5587, 5587
    6271, 6271
    15014, 15014
    5291, 5291
    5752, 5752
    10543, 10543
    8093, 8093
    8494, 8494
    1592, 1592
    2928, 2928
    8438, 8438
    4846, 4846
    5424, 5424
    5613, 5613
    5523, 5523
    7047, 7047
    11418, 11418
    14951, 14951
    4728, 4728
    12974, 12974
    15248, 15248
    8848, 8848
    1848, 1848
    2610, 2610
    8211, 8211
    9844, 9844
    11423, 11423
    4940, 4940
    8150, 8150
    1545, 1545
    5530, 5530
    8210, 8210
    7731, 7731
    8374, 8374
    9331, 9331
    4235, 4235
    8673, 8673
    10722, 10722
    10983, 10983
    3622, 3622
    2581, 2581
    6742, 6742
    5066, 5066
    3461, 3461
    8333, 8333
    4044, 4044
    8819, 8819
    14979, 14979
    9471, 9471
    11874, 11874
    13788, 13788
    1749, 1749
    13746, 13746
    9889, 9889
    8045, 8045
    11260, 11260
    12537, 12537
    5337, 5337
    14614, 14614
    15992, 15992
    13393, 13393
    15010, 15010
    3072, 3072
    11045, 11045
    13810, 13810
    15506, 15506
    4949, 4949
    10801, 10801
    9726, 9726
    1352, 1352
    2071, 2071
    9874, 9874
    14710, 14710
    1476, 1476
    6084, 6084
    15784, 15784
    15116, 15116
    8161, 8161
    14679, 14679
    3640, 3640
    8104, 8104
    7732, 7732
    10985, 10985
    12602, 12602
    2859, 2859
    11609, 11609
    14488, 14488
    5394, 5394
    15208, 15208
    6834, 6834
    12528, 12528
    3658, 3658
    6563, 6563
    6906, 6906
    9284, 9284
    11188, 11188
    12642, 12642
    11164, 11164
    7142, 7142
    14145, 14145
    7320, 7320
    15572, 15572
    14470, 14470
    14193, 14193
    14269, 14269
    14619, 14619
    8431, 8431
    2734, 2734
    7819, 7819
    9411, 9411
    5761, 5761
    90, 90
    13002, 13002
    5618, 5618
    14455, 14455
    7887, 7887
    8430, 8430
    12301, 12301
    7953, 7953
    11118, 11118
    8843, 8843
    6808, 6808
    10078, 10078
    14639, 14639
    13475, 13475
    13380, 13380
    10760, 10760
    11740, 11740
    14111, 14111
    14451, 14451
    11730, 11730
    3543, 3543
    11615, 11615
    1005, 1005
    14416, 14416
    14176, 14176
    14022, 14022
    7493, 7493
    9156, 9156
    8488, 8488
    12771, 12771
    15421, 15421
    5282, 5282
    7186, 7186
    13882, 13882
    5193, 5193
    12417, 12417
    1736, 1736
    5475, 5475
    14708, 14708
    5036, 5036
    5705, 5705
    2481, 2481
    4598, 4598
    11734, 11734
    2953, 2953
    9553, 9553
    12157, 12157
    410, 410
    8061, 8061
    13216, 13216
    12928, 12928
    425, 425
    2341, 2341
    15146, 15146
    9090, 9090
    15191, 15191
    15423, 15423
    7656, 7656
    14752, 14752
    13500, 13500
    15273, 15273
    4900, 4900
    7801, 7801
    9757, 9757
    11816, 11816
    13066, 13066
    13247, 13247
    9122, 9122
    8762, 8762
    1157, 1157
    7489, 7489
    2319, 2319
    15692, 15692
    4687, 4687
    4733, 4733
    14311, 14311
    10731, 10731
    2302, 2302
    5649, 5649
    11399, 11399
    382, 382
    8853, 8853
    11949, 11949
    408, 408
    9528, 9528
    7372, 7372
    1603, 1603
    6535, 6535
    9994, 9994
    4052, 4052
    6587, 6587
    1832, 1832
    1193, 1193
    3122, 3122
    15381, 15381
    14184, 14184
    9498, 9498
    4785, 4785
    14100, 14100
    11774, 11774
    15336, 15336
    7292, 7292
    10915, 10915
    14718, 14718
    5642, 5642
    14181, 14181
    14569, 14569
    6775, 6775
    14368, 14368
    12332, 12332
    10200, 10200
    13951, 13951
    13807, 13807
    5336, 5336
    8841, 8841
    2943, 2943
    13826, 13826
    15294, 15294
    907, 907
    6540, 6540
    1608, 1608
    6370, 6370
    8833, 8833
    8245, 8245
    3983, 3983
    15326, 15326
    13555, 13555
    9130, 9130
    4914, 4914
    3032, 3032
    10313, 10313
    13902, 13902
    9123, 9123
    4634, 4634
    6356, 6356
    15669, 15669
    14789, 14789
    8338, 8338
    11192, 11192
    4553, 4553
    5457, 5457
    6649, 6649
    4960, 4960
    15774, 15774
    7031, 7031
    10047, 10047
    11999, 11999
    1128, 1128
    11731, 11731
    7741, 7741
    86, 86
    7652, 7652
    12550, 12550
    2107, 2107
    1342, 1342
    14155, 14155
    2436, 2436
    7009, 7009
    14048, 14048
    6113, 6113
    4161, 4161
    9873, 9873
    6940, 6940
    519, 519
    3535, 3535
    6946, 6946
    7301, 7301
    259, 259
    8437, 8437
    2482, 2482
    10571, 10571
    12299, 12299
    2350, 2350
    15667, 15667
    12763, 12763
    3046, 3046
    12441, 12441
    8225, 8225
    12259, 12259
    740, 740
    4761, 4761
    23, 23
    10822, 10822
    13798, 13798
    13650, 13650
    6008, 6008
    12264, 12264
    1943, 1943
    7267, 7267
    1354, 1354
    11270, 11270
    12626, 12626
    3327, 3327
    8877, 8877
    12923, 12923
    13176, 13176
    10964, 10964
    6594, 6594
    2326, 2326
    10775, 10775
    5271, 5271
    10067, 10067
    654, 654
    11124, 11124
    14888, 14888
    5008, 5008
    11025, 11025
    7616, 7616
    7098, 7098
    3644, 3644
    2100, 2100
    1924, 1924
    14115, 14115
    6324, 6324
    10273, 10273
    2818, 2818
    4795, 4795
    3155, 3155
    13095, 13095
    12338, 12338
    14021, 14021
    1744, 1744
    14301, 14301
    12015, 12015
    2318, 2318
    9633, 9633
    3821, 3821
    2099, 2099
    14984, 14984
    5943, 5943
    15267, 15267
    9845, 9845
    2150, 2150
    2978, 2978
    2081, 2081
    12319, 12319
    7233, 7233
    15604, 15604
    7183, 7183
    1902, 1902
    4177, 4177
    2312, 2312
    10806, 10806
    1926, 1926
    10213, 10213
    5342, 5342
    9189, 9189
    4382, 4382
    4319, 4319
    7577, 7577
    8936, 8936
    5546, 5546
    5155, 5155
    10940, 10940
    769, 769
    15323, 15323
    5581, 5581
    451, 451
    9581, 9581
    8334, 8334
    13170, 13170
    3642, 3642
    6566, 6566
    6839, 6839
    184, 184
    13966, 13966
    6454, 6454
    8527, 8527
    7913, 7913
    10919, 10919
    2654, 2654
    6617, 6617
    657, 657
    12174, 12174
    13419, 13419
    11304, 11304
    5348, 5348
    9253, 9253
    13878, 13878
    582, 582
    4366, 4366
    13371, 13371
    10272, 10272
    5185, 5185
    15549, 15549
    15394, 15394
    10147, 10147
    4372, 4372
    2716, 2716
    6260, 6260
    8224, 8224
    12026, 12026
    3312, 3312
    14492, 14492
    11958, 11958
    15356, 15356
    12883, 12883
    11295, 11295
    12736, 12736
    13516, 13516
    15324, 15324
    3697, 3697
    4734, 4734
    8884, 8884
    1921, 1921
    14924, 14924
    14761, 14761
    4432, 4432
    853, 853
    1687, 1687
    2496, 2496
    83, 83
    6059, 6059
    5534, 5534
    10136, 10136
    10216, 10216
    12017, 12017
    12984, 12984
    5445, 5445
    6771, 6771
    7911, 7911
    10955, 10955
    2169, 2169
    4884, 4884
    3263, 3263
    6577, 6577
    4567, 4567
    6160, 6160
    8867, 8867
    11093, 11093
    2830, 2830
    9224, 9224
    3458, 3458
    14092, 14092
    15021, 15021
    15603, 15603
    5536, 5536
    5360, 5360
    14880, 14880
    3893, 3893
    7244, 7244
    14000, 14000
    12323, 12323
    12907, 12907
    635, 635
    6578, 6578
    290, 290
    9007, 9007
    11757, 11757
    14170, 14170
    1297, 1297
    7011, 7011
    399, 399
    4301, 4301
    5601, 5601
    13888, 13888
    11915, 11915
    8014, 8014
    6300, 6300
    8276, 8276
    1782, 1782
    2024, 2024
    2223, 2223
    6151, 6151
    14260, 14260
    12362, 12362
    8637, 8637
    6310, 6310
    14994, 14994
    13956, 13956
    11042, 11042
    9594, 9594
    14553, 14553
    14872, 14872
    8077, 8077
    11312, 11312
    3173, 3173
    6724, 6724
    15799, 15799
    7560, 7560
    8967, 8967
    10696, 10696
    9928, 9928
    7612, 7612
    6398, 6398
    12316, 12316
    2833, 2833
    15960, 15960
    9792, 9792
    6518, 6518
    10816, 10816
    14007, 14007
    2958, 2958
    3225, 3225
    3778, 3778
    15033, 15033
    4471, 4471
    7947, 7947
    12257, 12257
    1096, 1096
    11837, 11837
    9789, 9789
    5053, 5053
    1518, 1518
    1355, 1355
    6700, 6700
    9658, 9658
    2636, 2636
    2675, 2675
    13634, 13634
    11219, 11219
    15698, 15698
    1851, 1851
    11551, 11551
    11990, 11990
    9758, 9758
    4283, 4283
    14691, 14691
    8939, 8939
    3957, 3957
    3608, 3608
    10661, 10661
    7528, 7528
    13069, 13069
    11532, 11532
    10877, 10877
    14109, 14109
    15825, 15825
    11963, 11963
    7343, 7343
    14658, 14658
    14972, 14972
    12611, 12611
    9454, 9454
    6920, 6920
    6431, 6431
    11787, 11787
    7117, 7117
    6837, 6837
    10988, 10988
    7373, 7373
    4504, 4504
    6876, 6876
    12358, 12358
    8566, 8566
    2361, 2361
    11637, 11637
    5932, 5932
    10438, 10438
    820, 820
    3051, 3051
    1999, 1999
    5245, 5245
    9931, 9931
    10261, 10261
    10055, 10055
    3965, 3965
    15611, 15611
    8244, 8244
    15102, 15102
    14293, 14293
    5275, 5275
    1164, 1164
    15382, 15382
    494, 494
    15353, 15353
    12411, 12411
    2702, 2702
    13532, 13532
    5515, 5515
    7470, 7470
    15204, 15204
    6687, 6687
    12148, 12148
    7592, 7592
    939, 939
    14225, 14225
    10541, 10541
    14215, 14215
    8707, 8707
    8665, 8665
    7297, 7297
    1358, 1358
    3275, 3275
    3485, 3485
    15234, 15234
    432, 432
    9540, 9540
    6664, 6664
    2245, 2245
    1017, 1017
    1634, 1634
    880, 880
    2352, 2352
    8123, 8123
    2292, 2292
    12275, 12275
    13908, 13908
    13202, 13202
    340, 340
    5662, 5662
    3912, 3912
    3079, 3079
    3456, 3456
    1379, 1379
    6358, 6358
    12596, 12596
    746, 746
    957, 957
    3777, 3777
    4302, 4302
    11865, 11865
    6154, 6154
    10927, 10927
    2073, 2073
    3209, 3209
    13658, 13658
    9818, 9818
    4554, 4554
    8575, 8575
    15742, 15742
    6676, 6676
    9500, 9500
    6600, 6600
    9596, 9596
    1506, 1506
    6882, 6882
    9925, 9925
    7624, 7624
    9613, 9613
    7401, 7401
    13844, 13844
    12567, 12567
    15232, 15232
    3091, 3091
    8394, 8394
    6305, 6305
    8538, 8538
    3755, 3755
    11089, 11089
    10629, 10629
    15624, 15624
    10129, 10129
    2828, 2828
    15217, 15217
    9876, 9876
    6818, 6818
    3727, 3727
    12094, 12094
    15967, 15967
    8254, 8254
    14015, 14015
    6599, 6599
    7455, 7455
    4573, 4573
    6266, 6266
    1197, 1197
    6857, 6857
    7655, 7655
    523, 523
    14647, 14647
    3246, 3246
    10114, 10114
    9124, 9124
    3453, 3453
    2750, 2750
    12187, 12187
    9992, 9992
    5602, 5602
    4259, 4259
    12014, 12014
    3203, 3203
    9937, 9937
    10051, 10051
    14128, 14128
    11373, 11373
    8063, 8063
    14685, 14685
    3968, 3968
    369, 369
    15406, 15406
    6238, 6238
    9300, 9300
    12321, 12321
    7866, 7866
    7502, 7502
    2926, 2926
    13906, 13906
    10765, 10765
    8089, 8089
    11509, 11509
    7909, 7909
    13645, 13645
    14609, 14609
    2303, 2303
    10343, 10343
    13622, 13622
    2980, 2980
    15899, 15899
    1973, 1973
    11723, 11723
    9702, 9702
    11486, 11486
    13702, 13702
    13608, 13608
    7736, 7736
    7927, 7927
    7272, 7272
    8286, 8286
    13429, 13429
    5164, 5164
    1369, 1369
    12458, 12458
    11753, 11753
    8407, 8407
    6500, 6500
    6523, 6523
    14370, 14370
    1507, 1507
    5011, 5011
    15250, 15250
    10013, 10013
    1400, 1400
    11833, 11833
    5882, 5882
    2917, 2917
    14992, 14992
    7646, 7646
    9956, 9956
    15015, 15015
    9890, 9890
    301, 301
    7094, 7094
    13399, 13399
    2739, 2739
    12624, 12624
    15163, 15163
    5250, 5250
    9564, 9564
    14833, 14833
    7905, 7905
    10105, 10105
    7688, 7688
    64, 64
    2388, 2388
    6340, 6340
    6983, 6983
    13747, 13747
    2244, 2244
    14917, 14917
    15500, 15500
    1250, 1250
    7705, 7705
    2080, 2080
    6711, 6711
    10691, 10691
    6629, 6629
    8175, 8175
    238, 238
    4032, 4032
    12993, 12993
    7331, 7331
    14258, 14258
    11180, 11180
    4357, 4357
    4997, 4997
    10445, 10445
    4179, 4179
    14894, 14894
    11355, 11355
    4951, 4951
    2655, 2655
    14242, 14242
    3099, 3099
    6210, 6210
    11200, 11200
    14780, 14780
    305, 305
    13644, 13644
    5414, 5414
    2028, 2028
    99, 99
    6276, 6276
    2989, 2989
    11510, 11510
    9435, 9435
    12666, 12666
    2176, 2176
    2464, 2464
    11478, 11478
    9281, 9281
    9303, 9303
    9867, 9867
    13863, 13863
    4484, 4484
    12824, 12824
    14791, 14791
    4427, 4427
    7773, 7773
    10090, 10090
    4145, 4145
    286, 286
    3021, 3021
    2106, 2106
    12760, 12760
    4538, 4538
    11319, 11319
    6426, 6426
    7484, 7484
    2156, 2156
    14495, 14495
    13014, 13014
    7449, 7449
    13363, 13363
    7181, 7181
    10820, 10820
    3573, 3573
    6953, 6953
    6727, 6727
    11743, 11743
    1560, 1560
    11386, 11386
    14642, 14642
    9348, 9348
    13993, 13993
    15564, 15564
    1534, 1534
    10027, 10027
    14027, 14027
    4579, 4579
    6682, 6682
    6888, 6888
    15644, 15644
    465, 465
    13752, 13752
    4178, 4178
    8666, 8666
    3895, 3895
    8429, 8429
    15690, 15690
    13698, 13698
    8870, 8870
    5724, 5724
    15417, 15417
    4910, 4910
    2534, 2534
    1237, 1237
    9243, 9243
    13058, 13058
    9853, 9853
    2130, 2130
    707, 707
    10021, 10021
    15907, 15907
    11377, 11377
    3590, 3590
    14778, 14778
    12597, 12597
    1629, 1629
    8699, 8699
    566, 566
    4355, 4355
    316, 316
    10778, 10778
    3782, 3782
    10643, 10643
    6275, 6275
    3635, 3635
    10609, 10609
    6214, 6214
    6234, 6234
    9128, 9128
    860, 860
    8195, 8195
    5517, 5517
    7472, 7472
    4163, 4163
    1401, 1401
    9788, 9788
    6766, 6766
    6528, 6528
    9641, 9641
    7088, 7088
    4398, 4398
    14513, 14513
    11877, 11877
    4390, 4390
    974, 974
    15594, 15594
    5680, 5680
    14179, 14179
    775, 775
    14055, 14055
    8148, 8148
    14276, 14276
    14509, 14509
    10301, 10301
    7107, 7107
    12594, 12594
    1938, 1938
    1681, 1681
    2227, 2227
    5176, 5176
    1455, 1455
    4012, 4012
    1368, 1368
    8465, 8465
    7854, 7854
    3863, 3863
    15341, 15341
    6386, 6386
    2890, 2890
    2293, 2293
    8651, 8651
    5351, 5351
    4580, 4580
    9746, 9746
    7298, 7298
    4334, 4334
    534, 534
    13244, 13244
    2285, 2285
    6115, 6115
    7475, 7475
    13994, 13994
    7002, 7002
    7042, 7042
    9652, 9652
    10939, 10939
    9438, 9438
    2893, 2893
    449, 449
    7625, 7625
    14775, 14775
    1874, 1874
    3846, 3846
    4211, 4211
    6005, 6005
    2795, 2795
    4649, 4649
    9478, 9478
    11993, 11993
    12548, 12548
    4285, 4285
    7496, 7496
    1217, 1217
    12306, 12306
    11769, 11769
    2635, 2635
    14920, 14920
    13893, 13893
    710, 710
    4395, 4395
    875, 875
    10812, 10812
    10448, 10448
    14030, 14030
    9046, 9046
    6489, 6489
    606, 606
    583, 583
    14971, 14971
    3698, 3698
    14477, 14477
    8869, 8869
    4887, 4887
    13923, 13923
    8906, 8906
    9863, 9863
    6524, 6524
    13366, 13366
    10197, 10197
    13464, 13464
    7992, 7992
    10918, 10918
    12109, 12109
    4002, 4002
    5500, 5500
    13062, 13062
    1119, 1119
    3019, 3019
    13411, 13411
    8502, 8502
    2453, 2453
    12440, 12440
    3321, 3321
    5139, 5139
    11288, 11288
    482, 482
    6133, 6133
    14084, 14084
    8440, 8440
    9893, 9893
    4000, 4000
    5511, 5511
    2887, 2887
    13599, 13599
    5771, 5771
    10410, 10410
    13535, 13535
    611, 611
    3616, 3616
    2183, 2183
    15306, 15306
    5359, 5359
    11883, 11883
    14029, 14029
    235, 235
    12664, 12664
    7198, 7198
    8779, 8779
    5278, 5278
    13536, 13536
    2776, 2776
    3856, 3856
    5356, 5356
    5600, 5600
    15713, 15713
    10855, 10855
    6074, 6074
    7609, 7609
    10293, 10293
    12791, 12791
    5819, 5819
    11687, 11687
    2670, 2670
    337, 337
    13068, 13068
    577, 577
    6670, 6670
    14995, 14995
    10240, 10240
    3008, 3008
    10435, 10435
    850, 850
    8929, 8929
    2228, 2228
    13623, 13623
    3879, 3879
    6751, 6751
    1180, 1180
    876, 876
    13963, 13963
    4652, 4652
    11083, 11083
    2913, 2913
    7738, 7738
    808, 808
    14814, 14814
    9356, 9356
    12013, 12013
    3598, 3598
    6317, 6317
    476, 476
    4803, 4803
    4090, 4090
    498, 498
    13813, 13813
    54, 54
    13641, 13641
    11252, 11252
    4678, 4678
    10873, 10873
    9096, 9096
    1175, 1175
    7324, 7324
    7275, 7275
    14125, 14125
    3457, 3457
    14221, 14221
    12427, 12427
    3551, 3551
    2799, 2799
    15864, 15864
    2945, 2945
    2323, 2323
    1124, 1124
    10799, 10799
    3040, 3040
    2718, 2718
    7690, 7690
    10914, 10914
    12820, 12820
    9422, 9422
    11851, 11851
    12590, 12590
    3643, 3643
    5389, 5389
    1344, 1344
    7315, 7315
    12297, 12297
    1909, 1909
    13453, 13453
    3561, 3561
    10123, 10123
    14457, 14457
    11763, 11763
    6406, 6406
    9982, 9982
    5948, 5948
    15811, 15811
    12714, 12714
    10242, 10242
    7668, 7668
    9078, 9078
    11317, 11317
    11372, 11372
    7720, 7720
    8006, 8006
    15649, 15649
    3515, 3515
    13853, 13853
    5599, 5599
    15548, 15548
    6653, 6653
    11328, 11328
    9628, 9628
    15561, 15561
    8240, 8240
    15203, 15203
    13991, 13991
    8266, 8266
    8923, 8923
    3184, 3184
    13989, 13989
    8781, 8781
    2375, 2375
    3000, 3000
    15531, 15531
    12355, 12355
    2066, 2066
    14172, 14172
    1517, 1517
    8571, 8571
    9860, 9860
    15596, 15596
    10903, 10903
    9530, 9530
    2032, 2032
    3836, 3836
    2809, 2809
    14893, 14893
    6515, 6515
    4907, 4907
    10320, 10320
    9036, 9036
    15676, 15676
    9029, 9029
    7784, 7784
    13067, 13067
    9701, 9701
    5911, 5911
    5648, 5648
    3254, 3254
    964, 964
    7578, 7578
    3566, 3566
    13556, 13556
    13832, 13832
    12031, 12031
    15652, 15652
    3509, 3509
    7779, 7779
    5135, 5135
    14596, 14596
    474, 474
    9532, 9532
    8763, 8763
    15920, 15920
    12202, 12202
    7804, 7804
    1787, 1787
    4144, 4144
    3267, 3267
    4583, 4583
    10001, 10001
    4702, 4702
    1756, 1756
    9738, 9738
    7393, 7393
    7687, 7687
    3816, 3816
    2724, 2724
    11539, 11539
    14252, 14252
    11792, 11792
    5994, 5994
    10857, 10857
    5294, 5294
    6827, 6827
    8079, 8079
    5714, 5714
    6337, 6337
    13733, 13733
    12662, 12662
    8170, 8170
    9481, 9481
    11529, 11529
    7431, 7431
    7575, 7575
    8152, 8152
    10229, 10229
    12566, 12566
    11058, 11058
    5425, 5425
    10395, 10395
    388, 388
    6462, 6462
    10699, 10699
    11261, 11261
    5120, 5120
    5672, 5672
    7229, 7229
    10998, 10998
    2634, 2634
    7100, 7100
    13977, 13977
    14875, 14875
    2190, 2190
    3482, 3482
    15512, 15512
    5334, 5334
    9986, 9986
    4602, 4602
    8685, 8685
    3011, 3011
    4370, 4370
    8511, 8511
    4193, 4193
    2379, 2379
    13317, 13317
    15348, 15348
    5028, 5028
    7175, 7175
    12850, 12850
    3659, 3659
    5481, 5481
    11385, 11385
    6075, 6075
    10112, 10112
    6321, 6321
    14540, 14540
    3513, 3513
    9667, 9667
    1942, 1942
    13757, 13757
    4335, 4335
    4726, 4726
    14482, 14482
    14309, 14309
    5614, 5614
    15253, 15253
    12792, 12792
    911, 911
    11879, 11879
    6274, 6274
    3524, 3524
    9434, 9434
    14960, 14960
    14558, 14558
    10612, 10612
    1330, 1330
    1958, 1958
    10307, 10307
    13617, 13617
    3801, 3801
    1042, 1042
    14198, 14198
    13524, 13524
    3634, 3634
    5808, 5808
    9991, 9991
    3806, 3806
    10264, 10264
    6661, 6661
    15135, 15135
    11144, 11144
    1525, 1525
    7937, 7937
    6017, 6017
    14723, 14723
    4137, 4137
    155, 155
    2005, 2005
    2437, 2437
    6109, 6109
    2972, 2972
    1100, 1100
    3779, 3779
    383, 383
    4683, 4683
    4378, 4378
    386, 386
    13790, 13790
    6999, 6999
    5760, 5760
    9382, 9382
    15064, 15064
    8401, 8401
    9020, 9020
    15499, 15499
    1626, 1626
    8049, 8049
    11779, 11779
    14441, 14441
    12153, 12153
    8509, 8509
    8327, 8327
    15115, 15115
    7680, 7680
    6564, 6564
    6165, 6165
    5218, 5218
    15447, 15447
    11827, 11827
    9082, 9082
    2063, 2063
    6891, 6891
    14785, 14785
    1266, 1266
    5963, 5963
    15197, 15197
    3027, 3027
    14522, 14522
    2879, 2879
    15647, 15647
    10916, 10916
    13928, 13928
    10499, 10499
    5697, 5697
    15413, 15413
    5022, 5022
    13005, 13005
    7634, 7634
    4447, 4447
    14329, 14329
    12641, 12641
    5786, 5786
    12661, 12661
    9086, 9086
    15272, 15272
    2422, 2422
    6283, 6283
    5434, 5434
    1672, 1672
    68, 68
    5255, 5255
    10506, 10506
    1384, 1384
    13432, 13432
    11468, 11468
    1066, 1066
    12214, 12214
    8810, 8810
    4806, 4806
    15239, 15239
    1719, 1719
    9474, 9474
    7549, 7549
    15675, 15675
    3657, 3657
    1533, 1533
    4626, 4626
    10385, 10385
    15987, 15987
    12706, 12706
    14233, 14233
    8754, 8754
    14617, 14617
    4238, 4238
    15788, 15788
    7169, 7169
    7482, 7482
    14684, 14684
    834, 834
    9568, 9568
    15538, 15538
    10935, 10935
    12360, 12360
    14956, 14956
    14450, 14450
    14409, 14409
    6907, 6907
    12764, 12764
    9812, 9812
    11361, 11361
    10405, 10405
    12047, 12047
    14467, 14467
    8193, 8193
    5190, 5190
    12357, 12357
    12215, 12215
    12512, 12512
    5986, 5986
    4540, 4540
    3550, 3550
    3758, 3758
    9555, 9555
    6322, 6322
    4216, 4216
    9840, 9840
    1881, 1881
    2759, 2759
    1165, 1165
    1392, 1392
    12807, 12807
    11212, 11212
    6218, 6218
    14827, 14827
    15379, 15379
    10101, 10101
    10000, 10000
    12065, 12065
    15407, 15407
    13838, 13838
    3861, 3861
    14117, 14117
    15716, 15716
    3170, 3170
    15777, 15777
    11716, 11716
    6512, 6512
    5749, 5749
    3511, 3511
    6299, 6299
    10647, 10647
    11955, 11955
    15509, 15509
    13316, 13316
    3649, 3649
    12100, 12100
    3034, 3034
    15449, 15449
    1892, 1892
    2904, 2904
    12551, 12551
    4625, 4625
    10217, 10217
    13392, 13392
    7161, 7161
    1922, 1922
    6586, 6586
    12317, 12317
    3557, 3557
    3220, 3220
    9660, 9660
    4397, 4397
    3451, 3451
    6799, 6799
    5287, 5287
    6739, 6739
    8178, 8178
    11302, 11302
    13351, 13351
    10641, 10641
    12443, 12443
    3582, 3582
    10325, 10325
    3292, 3292
    6466, 6466
    1418, 1418
    4248, 4248
    4732, 4732
    15543, 15543
    10464, 10464
    9629, 9629
    328, 328
    6710, 6710
    10306, 10306
    12853, 12853
    12294, 12294
    13847, 13847
    5485, 5485
    10763, 10763
    544, 544
    2602, 2602
    9203, 9203
    14524, 14524
    7534, 7534
    8373, 8373
    10076, 10076
    1440, 1440
    11231, 11231
    1814, 1814
    4989, 4989
    5995, 5995
    1226, 1226
    1035, 1035
    11577, 11577
    1862, 1862
    14278, 14278
    13979, 13979
    2810, 2810
    6498, 6498
    7904, 7904
    9058, 9058
    15831, 15831
    15574, 15574
    14858, 14858
    7280, 7280
    786, 786
    10428, 10428
    3954, 3954
    2979, 2979
    10648, 10648
    3694, 3694
    1773, 1773
    4406, 4406
    5390, 5390
    15924, 15924
    5825, 5825
    3866, 3866
    8879, 8879
    1091, 1091
    7737, 7737
    3757, 3757
    6347, 6347
    3454, 3454
    9875, 9875
    9466, 9466
    1362, 1362
    2343, 2343
    10337, 10337
    778, 778
    2392, 2392
    2113, 2113
    1549, 1549
    6929, 6929
    7539, 7539
    11013, 11013
    10295, 10295
    13676, 13676
    5046, 5046
    873, 873
    3066, 3066
    8121, 8121
    14842, 14842
    11426, 11426
    12087, 12087
    1181, 1181
    11766, 11766
    2510, 2510
    11813, 11813
    1906, 1906
    11669, 11669
    1554, 1554
    13780, 13780
    1280, 1280
    15244, 15244
    12197, 12197
    5419, 5419
    14993, 14993
    7112, 7112
    3744, 3744
    562, 562
    5970, 5970
    14767, 14767
    6501, 6501
    12092, 12092
    11155, 11155
    12475, 12475
    2277, 2277
    14346, 14346
    12844, 12844
    10328, 10328
    9022, 9022
    2990, 2990
    8958, 8958
    5793, 5793
    4123, 4123
    1221, 1221
    521, 521
    7962, 7962
    11653, 11653
    11349, 11349
    13664, 13664
    3742, 3742
    3232, 3232
    1009, 1009
    10202, 10202
    11917, 11917
    13768, 13768
    10527, 10527
    4457, 4457
    4472, 4472
    3663, 3663
    10959, 10959
    8856, 8856
    12111, 12111
    7270, 7270
    4234, 4234
    11635, 11635
    5879, 5879
    6333, 6333
    2876, 2876
    12874, 12874
    2820, 2820
    13998, 13998
    15333, 15333
    5586, 5586
    7167, 7167
    5093, 5093
    10550, 10550
    3814, 3814
    10987, 10987
    991, 991
    2638, 2638
    3925, 3925
    13821, 13821
    1661, 1661
    12043, 12043
    12165, 12165
    13710, 13710
    11822, 11822
    9455, 9455
    4909, 4909
    10152, 10152
    11872, 11872
    2556, 2556
    6984, 6984
    914, 914
    9513, 9513
    8335, 8335
    12062, 12062
    14403, 14403
    10089, 10089
    15798, 15798
    7038, 7038
    10080, 10080
    4708, 4708
    8608, 8608
    3870, 3870
    2567, 2567
    308, 308
    13938, 13938
    12101, 12101
    8800, 8800
    1012, 1012
    4931, 4931
    4797, 4797
    3126, 3126
    12361, 12361
    7278, 7278
    13246, 13246
    11535, 11535
    11867, 11867
    11972, 11972
    7084, 7084
    7674, 7674
    973, 973
    8404, 8404
    4618, 4618
    8669, 8669
    7675, 7675
    6812, 6812
    1095, 1095
    7288, 7288
    7880, 7880
    14890, 14890
    14539, 14539
    5965, 5965
    10826, 10826
    788, 788
    2783, 2783
    15495, 15495
    15408, 15408
    7260, 7260
    1809, 1809
    902, 902
    12904, 12904
    1194, 1194
    2623, 2623
    14701, 14701
    14598, 14598
    401, 401
    6176, 6176
    9227, 9227
    5329, 5329
    4513, 4513
    13633, 13633
    2088, 2088
    7316, 7316
    6939, 6939
    13154, 13154
    6277, 6277
    2574, 2574
    8492, 8492
    3958, 3958
    14810, 14810
    14579, 14579
    3041, 3041
    7120, 7120
    6291, 6291
    11245, 11245
    1109, 1109
    495, 495
    1956, 1956
    13079, 13079
    6326, 6326
    7781, 7781
    4629, 4629
    13321, 13321
    6096, 6096
    4685, 4685
    11234, 11234
    6178, 6178
    13929, 13929
    12102, 12102
    4674, 4674
    14161, 14161
    14950, 14950
    6869, 6869
    3179, 3179
    5000, 5000
    15216, 15216
    5388, 5388
    14535, 14535
    2691, 2691
    877, 877
    3213, 3213
    8653, 8653
    6976, 6976
    14910, 14910
    9590, 9590
    6279, 6279
    8735, 8735
    1616, 1616
    5715, 5715
    6843, 6843
    4904, 4904
    5347, 5347
    3800, 3800
    11642, 11642
    13004, 13004
    5711, 5711
    9501, 9501
    10122, 10122
    2529, 2529
    14053, 14053
    4071, 4071
    8944, 8944
    10455, 10455
    4197, 4197
    5469, 5469
    3094, 3094
    9661, 9661
    12842, 12842
    6073, 6073
    10727, 10727
    4522, 4522
    13191, 13191
    4608, 4608
    4240, 4240
    1421, 1421
    4005, 4005
    8835, 8835
    6252, 6252
    3247, 3247
    3016, 3016
    12815, 12815
    848, 848
    5612, 5612
    5123, 5123
    8013, 8013
    15643, 15643
    8414, 8414
    11782, 11782
    8701, 8701
    8181, 8181
    4263, 4263
    13594, 13594
    5114, 5114
    11715, 11715
    9625, 9625
    11471, 11471
    4771, 4771
    10138, 10138
    11065, 11065
    9305, 9305
    4143, 4143
    13012, 13012
    428, 428
    9836, 9836
    15868, 15868
    3716, 3716
    7157, 7157
    14267, 14267
    12457, 12457
    12201, 12201
    10226, 10226
    9479, 9479
    922, 922
    1918, 1918
    1242, 1242
    7492, 7492
    14384, 14384
    1343, 1343
    9214, 9214
    11068, 11068
    13609, 13609
    11692, 11692
    4929, 4929
    11849, 11849
    7255, 7255
    8130, 8130
    1788, 1788
    5150, 5150
    3360, 3360
    6309, 6309
    14918, 14918
    7747, 7747
    15973, 15973
    4206, 4206
    3095, 3095
    621, 621
    10622, 10622
    5673, 5673
    2726, 2726
    13575, 13575
    5289, 5289
    13648, 13648
    1872, 1872
    6963, 6963
    10071, 10071
    11841, 11841
    1980, 1980
    9447, 9447
    4271, 4271
    7273, 7273
    10220, 10220
    12555, 12555
    4213, 4213
    11266, 11266
    15772, 15772
    5107, 5107
    12794, 12794
    2046, 2046
    9677, 9677
    9929, 9929
    3152, 3152
    12068, 12068
    5727, 5727
    5032, 5032
    5024, 5024
    7972, 7972
    15254, 15254
    9392, 9392
    10580, 10580
    14751, 14751
    5577, 5577
    10421, 10421
    10628, 10628
    3133, 3133
    13640, 13640
    15476, 15476
    1065, 1065
    12621, 12621
    189, 189
    547, 547
    3799, 3799
    14976, 14976
    9262, 9262
    4180, 4180
    11308, 11308
    12939, 12939
    9009, 9009
    1845, 1845
    7338, 7338
    2179, 2179
    4565, 4565
    12698, 12698
    12250, 12250
    13088, 13088
    11722, 11722
    522, 522
    4984, 4984
    6595, 6595
    13090, 13090
    12514, 12514
    12865, 12865
    6723, 6723
    12352, 12352
    11376, 11376
    2043, 2043
    3228, 3228
    7362, 7362
    7632, 7632
    1039, 1039
    634, 634
    6035, 6035
    2678, 2678
    15177, 15177
    13064, 13064
    5557, 5557
    15927, 15927
    15433, 15433
    959, 959
    4688, 4688
    11648, 11648
    14963, 14963
    3859, 3859
    6884, 6884
    9545, 9545
    11388, 11388
    11620, 11620
    4081, 4081
    4920, 4920
    10688, 10688
    3508, 3508
    13025, 13025
    658, 658
    11277, 11277
    12083, 12083
    6010, 6010
    5663, 5663
    3729, 3729
    1101, 1101
    11347, 11347
    13666, 13666
    15589, 15589
    5251, 5251
    6239, 6239
    4967, 4967
    4574, 4574
    10247, 10247
    11072, 11072
    13574, 13574
    6015, 6015
    11229, 11229
    822, 822
    12085, 12085
    11826, 11826
    5918, 5918
    4011, 4011
    7430, 7430
    5997, 5997
    13128, 13128
    5603, 5603
    7877, 7877
    13685, 13685
    139, 139
    9747, 9747
    2356, 2356
    4786, 4786
    15533, 15533
    2004, 2004
    2780, 2780
    2845, 2845
    6591, 6591
    12132, 12132
    362, 362
    9814, 9814
    11681, 11681
    7187, 7187
    10446, 10446
    4157, 4157
    4829, 4829
    10384, 10384
    7874, 7874
    12089, 12089
    8991, 8991
    12181, 12181
    407, 407
    15827, 15827
    8912, 8912
    10593, 10593
    11914, 11914
    935, 935
    2988, 2988
    1566, 1566
    12854, 12854
    5247, 5247
    4541, 4541
    941, 941
    204, 204
    9339, 9339
    12762, 12762
    4150, 4150
    15789, 15789
    13692, 13692
    11985, 11985
    10575, 10575
    133, 133
    8065, 8065
    8660, 8660
    4046, 4046
    6110, 6110
    3751, 3751
    1451, 1451
    9567, 9567
    1580, 1580
    7531, 7531
    5167, 5167
    13459, 13459
    10453, 10453
    3043, 3043
    7673, 7673
    10562, 10562
    7746, 7746
    12560, 12560
    5427, 5427
    15103, 15103
    283, 283
    10591, 10591
    8663, 8663
    1253, 1253
    11208, 11208
    6738, 6738
    12789, 12789
    421, 421
    13433, 13433
    6069, 6069
    8318, 8318
    225, 225
    5154, 5154
    13385, 13385
    5019, 5019
    15025, 15025
    3023, 3023
    7999, 7999
    15153, 15153
    7030, 7030
    15598, 15598
    6051, 6051
    14239, 14239
    9344, 9344
    11218, 11218
    12859, 12859
    15334, 15334
    7957, 7957
    226, 226
    10365, 10365
    4776, 4776
    10215, 10215
    5518, 5518
    11476, 11476
    6117, 6117
    4754, 4754
    4819, 4819
    7869, 7869
    11267, 11267
    2855, 2855
    5610, 5610
    14483, 14483
    15933, 15933
    832, 832
    937, 937
    12486, 12486
    6873, 6873
    13055, 13055
    9776, 9776
    667, 667
    3935, 3935
    14382, 14382
    8592, 8592
    15001, 15001
    5368, 5368
    2500, 2500
    450, 450
    7034, 7034
    6652, 6652
    6769, 6769
    1347, 1347
    14351, 14351
    9071, 9071
    9318, 9318
    6830, 6830
    9268, 9268
    4589, 4589
    6041, 6041
    5513, 5513
    14719, 14719
    2725, 2725
    7207, 7207
    10222, 10222
    8164, 8164
    10463, 10463
    14086, 14086
    14026, 14026
    7980, 7980
    10246, 10246
    7365, 7365
    10525, 10525
    8787, 8787
    7485, 7485
    4543, 4543
    5431, 5431
    3176, 3176
    15760, 15760
    9172, 9172
    2278, 2278
    3045, 3045
    5341, 5341
    14165, 14165
    8718, 8718
    3963, 3963
    11103, 11103
    4844, 4844
    2774, 2774
    4029, 4029
    5830, 5830
    10322, 10322
    1040, 1040
    13148, 13148
    9064, 9064
    9053, 9053
    14807, 14807
    5331, 5331
    9103, 9103
    10412, 10412
    3989, 3989
    198, 198
    14254, 14254
    9093, 9093
    1740, 1740
    10128, 10128
    9204, 9204
    12502, 12502
    3101, 3101
    7221, 7221
    8167, 8167
    5929, 5929
    5723, 5723
    9165, 9165
    13687, 13687
    6996, 6996
    2868, 2868
    12235, 12235
    9915, 9915
    8826, 8826
    7012, 7012
    14297, 14297
    4474, 4474
    15958, 15958
    15847, 15847
    11378, 11378
    9416, 9416
    2808, 2808
    10199, 10199
    1444, 1444
    8645, 8645
    5792, 5792
    2639, 2639
    7752, 7752
    11387, 11387
    8056, 8056
    15270, 15270
    6693, 6693
    2262, 2262
    13374, 13374
    8842, 8842
    7778, 7778
    13164, 13164
    4536, 4536
    3901, 3901
    14381, 14381
    13672, 13672
    15303, 15303
    10911, 10911
    13123, 13123
    10084, 10084
    13396, 13396
    13307, 13307
    6215, 6215
    3268, 3268
    9159, 9159
    3386, 3386
    10890, 10890
    3006, 3006
    12834, 12834
    7701, 7701
    14784, 14784
    6598, 6598
    7168, 7168
    4966, 4966
    9722, 9722
    14845, 14845
    7104, 7104
    3248, 3248
    3862, 3862
    6666, 6666
    13267, 13267
    2389, 2389
    12909, 12909
    7199, 7199
    459, 459
    7083, 7083
    9112, 9112
    15860, 15860
    1907, 1907
    1610, 1610
    3913, 3913
    8802, 8802
    11466, 11466
    12304, 12304
    12255, 12255
    8222, 8222
    1509, 1509
    7082, 7082
    1399, 1399
    14045, 14045
    14387, 14387
    7541, 7541
    9016, 9016
    4911, 4911
    4816, 4816
    9133, 9133
    11982, 11982
    782, 782
    10841, 10841
    7118, 7118
    11911, 11911
    2033, 2033
    6915, 6915
    8739, 8739
    6379, 6379
    2055, 2055
    9426, 9426
    12536, 12536
    10973, 10973
    15347, 15347
    4394, 4394
    4023, 4023
    32, 32
    9487, 9487
    7919, 7919
    9622, 9622
    12483, 12483
    15361, 15361
    525, 525
    1571, 1571
    10183, 10183
    13466, 13466
    367, 367
    4483, 4483
    7708, 7708
    13166, 13166
    554, 554
    5320, 5320
    5160, 5160
    5312, 5312
    9316, 9316
    5452, 5452
    8230, 8230
    14108, 14108
    8265, 8265
    9495, 9495
    695, 695
    2580, 2580
    13007, 13007
    2140, 2140
    4867, 4867
    7756, 7756
    6098, 6098
    8623, 8623
    14340, 14340
    3111, 3111
    9696, 9696
    3587, 3587
    15427, 15427
    4772, 4772
    13629, 13629
    12538, 12538
    10887, 10887
    4948, 4948
    3347, 3347
    5596, 5596
    10254, 10254
    11733, 11733
    12044, 12044
    587, 587
    8713, 8713
    1546, 1546
    8112, 8112
    11948, 11948
    15884, 15884
    14895, 14895
    2446, 2446
    14443, 14443
    15946, 15946
    14386, 14386
    7529, 7529
    3585, 3585
    13043, 13043
    4307, 4307
    8647, 8647
    9749, 9749
    13530, 13530
    5267, 5267
    4273, 4273
    3937, 3937
    804, 804
    10680, 10680
    14502, 14502
    12095, 12095
    6596, 6596
    8239, 8239
    11893, 11893
    13369, 13369
    1944, 1944
    10157, 10157
    6826, 6826
    9213, 9213
    13342, 13342
    12776, 12776
    4174, 4174
    11886, 11886
    7938, 7938
    1414, 1414
    3117, 3117
    8687, 8687
    12845, 12845
    14186, 14186
    10052, 10052
    10554, 10554
    12951, 12951
    6052, 6052
    3231, 3231
    3737, 3737
    9460, 9460
    11016, 11016
    462, 462
    12510, 12510
    15581, 15581
    4499, 4499
    3544, 3544
    15263, 15263
    10611, 10611
    13031, 13031
    13423, 13423
    1055, 1055
    6125, 6125
    2273, 2273
    9408, 9408
    15782, 15782
    11543, 11543
    6474, 6474
    5632, 5632
    7641, 7641
    10153, 10153
    197, 197
    6980, 6980
    3932, 3932
    8235, 8235
    3484, 3484
    7926, 7926
    315, 315
    392, 392
    4489, 4489
    4458, 4458
    13611, 13611
    7827, 7827
    9246, 9246
    7109, 7109
    4777, 4777
    14706, 14706
    12863, 12863
    15458, 15458
    14757, 14757
    15631, 15631
    7929, 7929
    11747, 11747
    11237, 11237
    2645, 2645
    5991, 5991
    515, 515
    9105, 9105
    14649, 14649
    6414, 6414
    4313, 4313
    6148, 6148
    1791, 1791
    9727, 9727
    8129, 8129
    15192, 15192
    631, 631
    15077, 15077
    9543, 9543
    7146, 7146
    5325, 5325
    12036, 12036
    14352, 14352
    15801, 15801
    10656, 10656
    1463, 1463
    329, 329
    11713, 11713
    3475, 3475
    5892, 5892
    11287, 11287
    12057, 12057
    1481, 1481
    1081, 1081
    11617, 11617
    46, 46
    6712, 6712
    11764, 11764
    13883, 13883
    5376, 5376
    9285, 9285
    8519, 8519
    3609, 3609
    14923, 14923
    3441, 3441
    9116, 9116
    6045, 6045
    14011, 14011
    12302, 12302
    7951, 7951
    11817, 11817
    2216, 2216
    14247, 14247
    1453, 1453
    2648, 2648
    9791, 9791
    2719, 2719
    8635, 8635
    5516, 5516
    6264, 6264
    11297, 11297
    3302, 3302
    15701, 15701
    5853, 5853
    4516, 4516
    1373, 1373
    9721, 9721
    14439, 14439
    7350, 7350
    10735, 10735
    9579, 9579
    11140, 11140
    11106, 11106
    4113, 4113
    15966, 15966
    4783, 4783
    12699, 12699
    2812, 2812
    11332, 11332
    12751, 12751
    3218, 3218
    15636, 15636
    6928, 6928
    14940, 14940
    684, 684
    650, 650
    1605, 1605
    10161, 10161
    15175, 15175
    11786, 11786
    10054, 10054
    12851, 12851
    6616, 6616
    11131, 11131
    10578, 10578
    3771, 3771
    9079, 9079
    5490, 5490
    9985, 9985
    14355, 14355
    1071, 1071
    6581, 6581
    3340, 3340
    10686, 10686
    8805, 8805
    1696, 1696
    11429, 11429
    994, 994
    4359, 4359
    13755, 13755
    8247, 8247
    42, 42
    9829, 9829
    2342, 2342
    11316, 11316
    12287, 12287
    2502, 2502
    2770, 2770
    347, 347
    1190, 1190
    1523, 1523
    11290, 11290
    2813, 2813
    10682, 10682
    12833, 12833
    10317, 10317
    15313, 15313
    2460, 2460
    15929, 15929
    1293, 1293
    6060, 6060
    2643, 2643
    2797, 2797
    13438, 13438
    3556, 3556
    255, 255
    14219, 14219
    1514, 1514
    12193, 12193
    8478, 8478
    5655, 5655
    4085, 4085
    543, 543
    4739, 4739
    6140, 6140
    13388, 13388
    6204, 6204
    12082, 12082
    10508, 10508
    469, 469
    4409, 4409
    8029, 8029
    5745, 5745
    13660, 13660
    6070, 6070
    13053, 13053
    4175, 4175
    8455, 8455
    624, 624
    9643, 9643
    1273, 1273
    11249, 11249
    13829, 13829
    6128, 6128
    11727, 11727
    12116, 12116
    12618, 12618
    1743, 1743
    4073, 4073
    11455, 11455
    1235, 1235
    13814, 13814
    11811, 11811
    2398, 2398
    1737, 1737
    8733, 8733
    4072, 4072
    2933, 2933
    6278, 6278
    5565, 5565
    118, 118
    711, 711
    3662, 3662
    1003, 1003
    7888, 7888
    15547, 15547
    11927, 11927
    6672, 6672
    2158, 2158
    13884, 13884
    15188, 15188
    7663, 7663
    5217, 5217
    7380, 7380
    12687, 12687
    191, 191
    5512, 5512
    4156, 4156
    14779, 14779
    6477, 6477
    14554, 14554
    9649, 9649
    15846, 15846
    7740, 7740
    13143, 13143
    13699, 13699
    4808, 4808
    4093, 4093
    4546, 4546
    9267, 9267
    7754, 7754
    2272, 2272
    2801, 2801
    10204, 10204
    11918, 11918
    10984, 10984
    3767, 3767
    2429, 2429
    2440, 2440
    3002, 3002
    9514, 9514
    9983, 9983
    761, 761
    4237, 4237
    11338, 11338
    11659, 11659
    1567, 1567
    13099, 13099
    4654, 4654
    11497, 11497
    9866, 9866
    7305, 7305
    8995, 8995
    3648, 3648
    2501, 2501
    859, 859
    3581, 3581
    10913, 10913
    3492, 3492
    3637, 3637
    12023, 12023
    11158, 11158
    9083, 9083
    12144, 12144
    2931, 2931
    3684, 3684
    14388, 14388
    14892, 14892
    928, 928
    14324, 14324
    1110, 1110
    11203, 11203
    3491, 3491
    12615, 12615
    15873, 15873
    7108, 7108
    15289, 15289
    219, 219
    8203, 8203
    9033, 9033
    8633, 8633
    12154, 12154
    15867, 15867
    10986, 10986
    13750, 13750
    9008, 9008
    12315, 12315
    9508, 9508
    708, 708
    4595, 4595
    1243, 1243
    5473, 5473
    2027, 2027
    4965, 4965
    2456, 2456
    13330, 13330
    1887, 1887
    5367, 5367
    1188, 1188
    4876, 4876
    104, 104
    2092, 2092
    2682, 2682
    5322, 5322
    7407, 7407
    13520, 13520
    8495, 8495
    1754, 1754
    2413, 2413
    15699, 15699
    15051, 15051
    2002, 2002
    14998, 14998
    3885, 3885
    4325, 4325
    6062, 6062
    9127, 9127
    2865, 2865
    10993, 10993
    7068, 7068
    14146, 14146
    6639, 6639
    787, 787
    13841, 13841
    9806, 9806
    10203, 10203
    458, 458
    10669, 10669
    8837, 8837
    4358, 4358
    8041, 8041
    981, 981
    8806, 8806
    1142, 1142
    4870, 4870
    5606, 5606
    10042, 10042
    600, 600
    10360, 10360
    4987, 4987
    3603, 3603
    6475, 6475
    10072, 10072
    694, 694
    9407, 9407
    4642, 4642
    5908, 5908
    3070, 3070
    8798, 8798
    11307, 11307
    2672, 2672
    15579, 15579
    12469, 12469
    5470, 5470
    9694, 9694
    13318, 13318
    9950, 9950
    12069, 12069
    11382, 11382
    6063, 6063
    6850, 6850
    4840, 4840
    10603, 10603
    14113, 14113
    5034, 5034
    14323, 14323
    2465, 2465
    12180, 12180
    12329, 12329
    7402, 7402
    15537, 15537
    12908, 12908
    4885, 4885
    4599, 4599
    5888, 5888
    3158, 3158
    14671, 14671
    13101, 13101
    14080, 14080
    12782, 12782
    11995, 11995
    11931, 11931
    11173, 11173
    13787, 13787
    3235, 3235
    8258, 8258
    9212, 9212
    6611, 6611
    14520, 14520
    2642, 2642
    11348, 11348
    10739, 10739
    10759, 10759
    11007, 11007
    12055, 12055
    365, 365
    6536, 6536
    12795, 12795
    11977, 11977
    4015, 4015
    10906, 10906
    12195, 12195
    9366, 9366
    15354, 15354
    1781, 1781
    6378, 6378
    14079, 14079
    15805, 15805
    13457, 13457
    12506, 12506
    4862, 4862
    11279, 11279
    3185, 3185
    13046, 13046
    15515, 15515
    8740, 8740
    2854, 2854
    6352, 6352
    12184, 12184
    8496, 8496
    10504, 10504
    1718, 1718
    1784, 1784
    15942, 15942
    11134, 11134
    13677, 13677
    14575, 14575
    6868, 6868
    5979, 5979
    7769, 7769
    9003, 9003
    9278, 9278
    6903, 6903
    7857, 7857
    8649, 8649
    1172, 1172
    10607, 10607
    5082, 5082
    5899, 5899
    3140, 3140
    10224, 10224
    361, 361
    2336, 2336
    166, 166
    4616, 4616
    5981, 5981
    51, 51
    9190, 9190
    14421, 14421
    213, 213
    5588, 5588
    8125, 8125
    7151, 7151
    11696, 11696
    14230, 14230
    13505, 13505
    2367, 2367
    3567, 3567
    10466, 10466
    12476, 12476
    1962, 1962
    13504, 13504
    4892, 4892
    6338, 6338
    8938, 8938
    3326, 3326
    11286, 11286
    1964, 1964
    10871, 10871
    8305, 8305
    4653, 4653
    14412, 14412
    5580, 5580
    15748, 15748
    3412, 3412
    15519, 15519
    10898, 10898
    15887, 15887
    8369, 8369
    11683, 11683
    8766, 8766
    12262, 12262
    13478, 13478
    6643, 6643
    849, 849
    1129, 1129
    14541, 14541
    3198, 3198
    10980, 10980
    11480, 11480
    11464, 11464
    13793, 13793
    10281, 10281
    15706, 15706
    7248, 7248
    2557, 2557
    1701, 1701
    6232, 6232
    9901, 9901
    825, 825
    727, 727
    10069, 10069
    10665, 10665
    4798, 4798
    1758, 1758
    2147, 2147
    10266, 10266
    8961, 8961
    103, 103
    7025, 7025
    15363, 15363
    7361, 7361
    7087, 7087
    9089, 9089
    603, 603
    10245, 10245
    1574, 1574
    8746, 8746
    7685, 7685
    3570, 3570
    7686, 7686
    7692, 7692
    15161, 15161
    1287, 1287
    14996, 14996
    15107, 15107
    9511, 9511
    3664, 3664
    6216, 6216
    7665, 7665
    1486, 1486
    4126, 4126
    11579, 11579
    3082, 3082
    11923, 11923
    570, 570
    10276, 10276
    7166, 7166
    10366, 10366
    7717, 7717
    8873, 8873
    9764, 9764
    3087, 3087
    8617, 8617
    872, 872
    2069, 2069
    12477, 12477
    7658, 7658
    12975, 12975
    11904, 11904
    924, 924
    12229, 12229
    598, 598
    15953, 15953
    209, 209
    12133, 12133
    5131, 5131
    5850, 5850
    15630, 15630
    2838, 2838
    10308, 10308
    13842, 13842
    6905, 6905
    3064, 3064
    11580, 11580
    14870, 14870
    14755, 14755
    4277, 4277
    15164, 15164
    6341, 6341
    2196, 2196
    7414, 7414
    10524, 10524
    4122, 4122
    5669, 5669
    11562, 11562
    1959, 1959
    4831, 4831
    14797, 14797
    11095, 11095
    13681, 13681
    12177, 12177
    15480, 15480
    6391, 6391
    2621, 2621
    1428, 1428
    7611, 7611
    6707, 6707
    3142, 3142
    5801, 5801
    5543, 5543
    13332, 13332
    15612, 15612
    8147, 8147
    14171, 14171
    970, 970
    3377, 3377
    13618, 13618
    5906, 5906
    5637, 5637
    6142, 6142
    4725, 4725
    14124, 14124
    8596, 8596
    865, 865
    13529, 13529
    2090, 2090
    15486, 15486
    9245, 9245
    8139, 8139
    10687, 10687
    2267, 2267
    5392, 5392
    3352, 3352
    15282, 15282
    7427, 7427
    279, 279
    506, 506
    5072, 5072
    15618, 15618
    8174, 8174
    6526, 6526
    2973, 2973
    2019, 2019
    12612, 12612
    2662, 2662
    5492, 5492
    11660, 11660
    4676, 4676
    9221, 9221
    470, 470
    1570, 1570
    3223, 3223
    5833, 5833
    11701, 11701
    3191, 3191
    2193, 2193
    5698, 5698
    6560, 6560
    14939, 14939
    11049, 11049
    4013, 4013
    13200, 13200
    10746, 10746
    7479, 7479
    2417, 2417
    6545, 6545
    7200, 7200
    14551, 14551
    6387, 6387
    14563, 14563
    5509, 5509
    3010, 3010
    6556, 6556
    7426, 7426
    4021, 4021
    6565, 6565
    12246, 12246
    4971, 4971
    3216, 3216
    1446, 1446
    12958, 12958
    4707, 4707
    8433, 8433
    1726, 1726
    9813, 9813
    8213, 8213
    7263, 7263
    14991, 14991
    3919, 3919
    4801, 4801
    1442, 1442
    15454, 15454
    59, 59
    10285, 10285
    9480, 9480
    1239, 1239
    4041, 4041
    13794, 13794
    11054, 11054
    8962, 8962
    15167, 15167
    4505, 4505
    9585, 9585
    1521, 1521
    4809, 4809
    4875, 4875
    5295, 5295
    15184, 15184
    7487, 7487
    1694, 1694
    9373, 9373
    11844, 11844
    5846, 5846
    2031, 2031
    7939, 7939
    246, 246
    102, 102
    14967, 14967
    289, 289
    2459, 2459
    4308, 4308
    7143, 7143
    1502, 1502
    8851, 8851
    8622, 8622
    11305, 11305
    9754, 9754
    6572, 6572
    9150, 9150
    4347, 4347
    15997, 15997
    1220, 1220
    9782, 9782
    2078, 2078
    14201, 14201
    14857, 14857
    7628, 7628
    3673, 3673
    3652, 3652
    8829, 8829
    2167, 2167
    2172, 2172
    8278, 8278
    8352, 8352
    7385, 7385
    518, 518
    4329, 4329
    7607, 7607
    9234, 9234
    864, 864
    724, 724
    10417, 10417
    12562, 12562
    15119, 15119
    4577, 4577
    5988, 5988
    9414, 9414
    1657, 1657
    14484, 14484
    4621, 4621
    9691, 9691
    7040, 7040
    4057, 4057
    7209, 7209
    6164, 6164
    81, 81
    13163, 13163
    557, 557
    14595, 14595
    3249, 3249
    15114, 15114
    56, 56
    13165, 13165
    6495, 6495
    12674, 12674
    1738, 1738
    8723, 8723
    2145, 2145
    15425, 15425
    6529, 6529
    11809, 11809
    1477, 1477
    15819, 15819
    7844, 7844
    12029, 12029
    2191, 2191
    548, 548
    2025, 2025
    14227, 14227
    14122, 14122
    10334, 10334
    7589, 7589
    5307, 5307
    3520, 3520
    15770, 15770
    2618, 2618
    783, 783
    7234, 7234
    8677, 8677
    13748, 13748
    15005, 15005
    358, 358
    13665, 13665
    11146, 11146
    3624, 3624
    15761, 15761
    8001, 8001
    15280, 15280
    15969, 15969
    4533, 4533
    14934, 14934
    3999, 3999
    15434, 15434
    585, 585
    6089, 6089
    14891, 14891
    9566, 9566
    12117, 12117
    11133, 11133
    11473, 11473
    3085, 3085
    10344, 10344
    14921, 14921
    5849, 5849
    7440, 7440
    9801, 9801
    7017, 7017
    7358, 7358
    6137, 6137
    6552, 6552
    14094, 14094
    7396, 7396
    10650, 10650
    6465, 6465
    240, 240
    6161, 6161
    11597, 11597
    11136, 11136
    13843, 13843
    5497, 5497
    10362, 10362
    3851, 3851
    15661, 15661
    370, 370
    12371, 12371
    13950, 13950
    11533, 11533
    2660, 2660
    4466, 4466
    8565, 8565
    6701, 6701
    4405, 4405
    15182, 15182
    9534, 9534
    7850, 7850
    4019, 4019
    14674, 14674
    11790, 11790
    1069, 1069
    12366, 12366
    4147, 4147
    3443, 3443
    6810, 6810
    9918, 9918
    15345, 15345
    1166, 1166
    6093, 6093
    13688, 13688
    9210, 9210
    1697, 1697
    3798, 3798
    15862, 15862
    3114, 3114
    9002, 9002
    15390, 15390
    352, 352
    3353, 3353
    10473, 10473
    1659, 1659
    13624, 13624
    4078, 4078
    5186, 5186
    5907, 5907
    15790, 15790
    6447, 6447
    11522, 11522
    6671, 6671
    9377, 9377
    2886, 2886
    10149, 10149
    1873, 1873
    8902, 8902
    15516, 15516
    15072, 15072
    7544, 7544
    13262, 13262
    2115, 2115
    14897, 14897
    7856, 7856
    10931, 10931
    14871, 14871
    13554, 13554
    1147, 1147
    868, 868
    2007, 2007
    9626, 9626
    9361, 9361
    6550, 6550
    6897, 6897
    1278, 1278
    7024, 7024
    2998, 2998
    3930, 3930
    12747, 12747
    8119, 8119
    13809, 13809
    7876, 7876
    1019, 1019
    2993, 2993
    27, 27
    8634, 8634
    8922, 8922
    15816, 15816
    13631, 13631
    8263, 8263
    8765, 8765
    12463, 12463
    10847, 10847
    11967, 11967
    12627, 12627
    3069, 3069
    4548, 4548
    7243, 7243
    9134, 9134
    6053, 6053
    9503, 9503
    13761, 13761
    12648, 12648
    14770, 14770
    12392, 12392
    8716, 8716
    12322, 12322
    4943, 4943
    11744, 11744
    12766, 12766
    1793, 1793
    6768, 6768
    7553, 7553
    2949, 2949
    10041, 10041
    2252, 2252
    1113, 1113
    10710, 10710
    326, 326
    11224, 11224
    11590, 11590
    8187, 8187
    3414, 3414
    4482, 4482
    6401, 6401
    8209, 8209
    14246, 14246
    2297, 2297
    2404, 2404
    15695, 15695
    4680, 4680
    5726, 5726
    9580, 9580
    13376, 13376
    6191, 6191
    5206, 5206
    10539, 10539
    14257, 14257
    5326, 5326
    5402, 5402
    4657, 4657
    9668, 9668
    9028, 9028
    1978, 1978
    7447, 7447
    13916, 13916
    15874, 15874
    6181, 6181
    6886, 6886
    11933, 11933
    144, 144
    12151, 12151
    3864, 3864
    15028, 15028
    11675, 11675
    5012, 5012
    15215, 15215
    8269, 8269
    6696, 6696
    9113, 9113
    4529, 4529
    4606, 4606
    11184, 11184
    9420, 9420
    8192, 8192
    12902, 12902
    8312, 8312
    201, 201
    13017, 13017
    6821, 6821
    2275, 2275
    5856, 5856
    14655, 14655
    10923, 10923
    14929, 14929
    14326, 14326
    15461, 15461
    9149, 9149
    12658, 12658
    6655, 6655
    10627, 10627
    4142, 4142
    3904, 3904
    15050, 15050
    4063, 4063
    5198, 5198
    3617, 3617
    4658, 4658
    3195, 3195
    15694, 15694
    12242, 12242
    4435, 4435
    75, 75
    7341, 7341
    2866, 2866
    719, 719
    11508, 11508
    14782, 14782
    15220, 15220
    6610, 6610
    12943, 12943
    4520, 4520
    3381, 3381
    1448, 1448
    7095, 7095
    3465, 3465
    4467, 4467
    13651, 13651
    3153, 3153
    1490, 1490
    3261, 3261
    11009, 11009
    963, 963
    10402, 10402
    15431, 15431
    251, 251
    11665, 11665
    8900, 8900
    11547, 11547
    1622, 1622
    3979, 3979
    1430, 1430
    3599, 3599
    12952, 12952
    12522, 12522
    14861, 14861
    8241, 8241
    8185, 8185
    5890, 5890
    6380, 6380
    5687, 5687
    5902, 5902
    5412, 5412
    7689, 7689
    5225, 5225
    7476, 7476
    11434, 11434
    8691, 8691
    6267, 6267
    1262, 1262
    15265, 15265
    1709, 1709
    181, 181
    14657, 14657
    8914, 8914
    1675, 1675
    14020, 14020
    8730, 8730
    7383, 7383
    8850, 8850
    1590, 1590
    1099, 1099
    3921, 3921
    9409, 9409
    11693, 11693
    5676, 5676
    13573, 13573
    129, 129
    479, 479
    5212, 5212
    4040, 4040
    37, 37
    882, 882
    12971, 12971
    10745, 10745
    12300, 12300
    2467, 2467
    14654, 14654
    1969, 1969
    10481, 10481
    7822, 7822
    8602, 8602
    7828, 7828
    11088, 11088
    7201, 7201
    623, 623
    15453, 15453
    13299, 13299
    11374, 11374
    13302, 13302
    8748, 8748
    13286, 13286
    4758, 4758
    11141, 11141
    10950, 10950
    13057, 13057
    13334, 13334
    15138, 15138
    9927, 9927
    5005, 5005
    8354, 8354
    7543, 7543
    256, 256
    2802, 2802
    3385, 3385
    7265, 7265
    8351, 8351
    4448, 4448
    762, 762
    15684, 15684
    7848, 7848
    14050, 14050
    5168, 5168
    14690, 14690
    9688, 9688
    14095, 14095
    3308, 3308
    10210, 10210
    5145, 5145
    5942, 5942
    4094, 4094
    10474, 10474
    8840, 8840
    448, 448
    15950, 15950
    9578, 9578
    8664, 8664
    2596, 2596
    13711, 13711
    11313, 11313
    1934, 1934
    4490, 4490
    5923, 5923
    15079, 15079
    10965, 10965
    2939, 2939
    2023, 2023
    5881, 5881
    8378, 8378
    6853, 6853
    7610, 7610
    14618, 14618
    12549, 12549
    2411, 2411
    2823, 2823
    15714, 15714
    8162, 8162
    5339, 5339
    15597, 15597
    4637, 4637
    14066, 14066
    10452, 10452
    7586, 7586
    6913, 6913
    14452, 14452
    2740, 2740
    4170, 4170
    11301, 11301
    11285, 11285
    4627, 4627
    3539, 3539
    767, 767
    7582, 7582
    12006, 12006
    13778, 13778
    11274, 11274
    8611, 8611
    1928, 1928
    4363, 4363
    1470, 1470
    12718, 12718
    9005, 9005
    686, 686
    10195, 10195
    1981, 1981
    10839, 10839
    824, 824
    885, 885
    10145, 10145
    5707, 5707
    3335, 3335
    13026, 13026
    5263, 5263
    4187, 4187
    11047, 11047
    7889, 7889
    6157, 6157
    12289, 12289
    10544, 10544
    6716, 6716
    6199, 6199
    15677, 15677
    8143, 8143
    3431, 3431
    5900, 5900
    10874, 10874
    12509, 12509
    8190, 8190
    12121, 12121
    15921, 15921
    15678, 15678
    8453, 8453
    14245, 14245
    15319, 15319
    5982, 5982
    3580, 3580
    1327, 1327
    6224, 6224
    15251, 15251
    4256, 4256
    15683, 15683
    8076, 8076
    13942, 13942
    12388, 12388
    4569, 4569
    2835, 2835
    812, 812
    4568, 4568
    1033, 1033
    6582, 6582
    2355, 2355
    4735, 4735
    13102, 13102
    3174, 3174
    342, 342
    10803, 10803
    9068, 9068
    14357, 14357
    9905, 9905
    7193, 7193
    6697, 6697
    6350, 6350
    11413, 11413
    5238, 5238
    11690, 11690
    15870, 15870
    14876, 14876
    13753, 13753
    8470, 8470
    76, 76
    2197, 2197
    1646, 1646
    8827, 8827
    3435, 3435
    5869, 5869
    9044, 9044
    13279, 13279
    4912, 4912
    13871, 13871
    332, 332
    9593, 9593
    6989, 6989
    7027, 7027
    6549, 6549
    14637, 14637
    12931, 12931
    7344, 7344
    2059, 2059
    15737, 15737
    13472, 13472
    697, 697
    7943, 7943
    1678, 1678
    9405, 9405
    1169, 1169
    8945, 8945
    12568, 12568
    8474, 8474
    2826, 2826
    1044, 1044
    10975, 10975
    2867, 2867
    2717, 2717
    6646, 6646
    3163, 3163
    15264, 15264
    10292, 10292
    8075, 8075
    10740, 10740
    4985, 4985
    2405, 2405
    3408, 3408
    149, 149
    2035, 2035
    13091, 13091
    3843, 3843
    10825, 10825
    13765, 13765
    8834, 8834
    14395, 14395
    13967, 13967
    3197, 3197
    2504, 2504
    11151, 11151
    3020, 3020
    8289, 8289
    12864, 12864
    12140, 12140
    12324, 12324
    13736, 13736
    1359, 1359
    14931, 14931
    14217, 14217
    5816, 5816
    4713, 4713
    12003, 12003
    4666, 4666
    13377, 13377
    11412, 11412
    14078, 14078
    2222, 2222
    1227, 1227
    13237, 13237
    12730, 12730
    15886, 15886
    3905, 3905
    5843, 5843
    4022, 4022
    13639, 13639
    6219, 6219
    6169, 6169
    14203, 14203
    2763, 2763
    8151, 8151
    7330, 7330
    11272, 11272
    8261, 8261
    9313, 9313
    15000, 15000
    14069, 14069
    925, 925
    5893, 5893
    14612, 14612
    10558, 10558
    14383, 14383
    15998, 15998
    10016, 10016
    9286, 9286
    3078, 3078
    12667, 12667
    6259, 6259
    5227, 5227
    6131, 6131
    2192, 2192
    5410, 5410
    4593, 4593
    1599, 1599
    2424, 2424
    7418, 7418
    14812, 14812
    1458, 1458
    3753, 3753
    7891, 7891
    9810, 9810
    5037, 5037
    3434, 3434
    10618, 10618
    1394, 1394
    2522, 2522
    6554, 6554
    1686, 1686
    946, 946
    4331, 4331
    14373, 14373
    2022, 2022
    13960, 13960
    57, 57
    1593, 1593
    7767, 7767
    13962, 13962
    12912, 12912
    8550, 8550
    11729, 11729
    300, 300
    4047, 4047
    13197, 13197
    12479, 12479
    829, 829
    8043, 8043
    12103, 12103
    8804, 8804
    13410, 13410
    5346, 5346
    7906, 7906
    11108, 11108
    12828, 12828
    3745, 3745
    1466, 1466
    12603, 12603
    1299, 1299
    10465, 10465
    471, 471
    13454, 13454
    12425, 12425
    15085, 15085
    5260, 5260
    3366, 3366
    10695, 10695
    6504, 6504
    14600, 14600
    11997, 11997
    11655, 11655
    9290, 9290
    8423, 8423
    9830, 9830
    10087, 10087
    4016, 4016
    607, 607
    10361, 10361
    931, 931
    14676, 14676
    10864, 10864
    3619, 3619
    10194, 10194
    13231, 13231
    13654, 13654
    8880, 8880
    15155, 15155
    7241, 7241
    6196, 6196
    15104, 15104
    3504, 3504
    13743, 13743
    6516, 6516
    14160, 14160
    8796, 8796
    8330, 8330
    2015, 2015
    8529, 8529
    8382, 8382
    14454, 14454
    9767, 9767
    14587, 14587
    2200, 2200
    6001, 6001
    4834, 4834
    13714, 13714
    2735, 2735
    8684, 8684
    8364, 8364
    485, 485
    11829, 11829
    177, 177
    2295, 2295
    4765, 4765
    13180, 13180
    14228, 14228
    6625, 6625
    13421, 13421
    9399, 9399
    4217, 4217
    9419, 9419
    4915, 4915
    9868, 9868
    5, 5
    5048, 5048
    6253, 6253
    13251, 13251
    14734, 14734
    87, 87
    6418, 6418
    12464, 12464
    3597, 3597
    10891, 10891
    12889, 12889
    205, 205
    6435, 6435
    3138, 3138
    7702, 7702
    13456, 13456
    14167, 14167
    7133, 7133
    14486, 14486
    1171, 1171
    3338, 3338
    15483, 15483
    14982, 14982
    2676, 2676
    2732, 2732
    7413, 7413
    6082, 6082
    15880, 15880
    4718, 4718
    1407, 1407
    5069, 5069
    15687, 15687
    2816, 2816
    13409, 13409
    1389, 1389
    4651, 4651
    11432, 11432
    2652, 2652
    3844, 3844
    3992, 3992
    5426, 5426
    13028, 13028
    5700, 5700
    9750, 9750
    14338, 14338
    8448, 8448
    13565, 13565
    8771, 8771
    8815, 8815
    12750, 12750
    5646, 5646
    15424, 15424
    9790, 9790
    11225, 11225
    8940, 8940
    3294, 3294
    2525, 2525
    1475, 1475
    107, 107
    7638, 7638
    187, 187
    13749, 13749
    12225, 12225
    7176, 7176
    1868, 1868
    8654, 8654
    15091, 15091
    1432, 1432
    4401, 4401
    5373, 5373
    8255, 8255
    15331, 15331
    14774, 14774
    13534, 13534
    1768, 1768
    1540, 1540
    1869, 1869
    718, 718
    589, 589
    312, 312
    10178, 10178
    7225, 7225
    10989, 10989
    11861, 11861
    3898, 3898
    10714, 10714
    9060, 9060
    14732, 14732
    9027, 9027
    13157, 13157
    8618, 8618
    14255, 14255
    3872, 3872
    4476, 4476
    13451, 13451
    3915, 3915
    2056, 2056
    5878, 5878
    323, 323
    13084, 13084
    10398, 10398
    13378, 13378
    174, 174
    13713, 13713
    10944, 10944
    15086, 15086
    2184, 2184
    4336, 4336
    14243, 14243
    366, 366
    7049, 7049
    5195, 5195
    3848, 3848
    3343, 3343
    10077, 10077
    1830, 1830
    14087, 14087
    12745, 12745
    9279, 9279
    5303, 5303
    9781, 9781
    10083, 10083
    11600, 11600
    4710, 4710
    13816, 13816
    15071, 15071
    15940, 15940
    14844, 14844
    9067, 9067
    13889, 13889
    12337, 12337
    1415, 1415
    7637, 7637
    11622, 11622
    1445, 1445
    8229, 8229
    14065, 14065
    14514, 14514
    10858, 10858
    870, 870
    3734, 3734
    6874, 6874
    11794, 11794
    5241, 5241
    11905, 11905
    10946, 10946
    14634, 14634
    8773, 8773
    2395, 2395
    13131, 13131
    3259, 3259
    888, 888
    13941, 13941
    12733, 12733
    4974, 4974
    15937, 15937
    4752, 4752
    6823, 6823
    2624, 2624
    3311, 3311
    6303, 6303
    11768, 11768
    4407, 4407
    13831, 13831
    14458, 14458
    5027, 5027
    7184, 7184
    6032, 6032
    4864, 4864
    15648, 15648
    3781, 3781
    14908, 14908
    13469, 13469
    13996, 13996
    13948, 13948
    14624, 14624
    2148, 2148
    1308, 1308
    1176, 1176
    2603, 2603
    8662, 8662
    15400, 15400
    11135, 11135
    6786, 6786
    15682, 15682
    8309, 8309
    13825, 13825
    3103, 3103
    8264, 8264
    5774, 5774
    14016, 14016
    1346, 1346
    7670, 7670
    14523, 14523
    5737, 5737
    6250, 6250
    4115, 4115
    6461, 6461
    7006, 7006
    5605, 5605
    2947, 2947
    6014, 6014
    9357, 9357
    11983, 11983
    6327, 6327
    11359, 11359
    13682, 13682
    7826, 7826
    1532, 1532
    15132, 15132
    13428, 13428
    13930, 13930
    4534, 4534
    14118, 14118
    5122, 5122
    9615, 9615
    1378, 1378
    3628, 3628
    10509, 10509
    9048, 9048
    2575, 2575
    9209, 9209
    9442, 9442
    1588, 1588
    908, 908
    13257, 13257
    4620, 4620
    1329, 1329
    12541, 12541
    2074, 2074
    2317, 2317
    15451, 15451
    3192, 3192
    1159, 1159
    14813, 14813
    13712, 13712
    852, 852
    8862, 8862
    10528, 10528
    6608, 6608
    15666, 15666
    2923, 2923
    5971, 5971
    993, 993
    1228, 1228
    2693, 2693
    12399, 12399
    8913, 8913
    4888, 4888
    4320, 4320
    6369, 6369
    13808, 13808
    8176, 8176
    8786, 8786
    404, 404
    12501, 12501
    1651, 1651
    9110, 9110
    8441, 8441
    13484, 13484
    4682, 4682
    3575, 3575
    14358, 14358
    10537, 10537
    11292, 11292
    263, 263
    5956, 5956
    12473, 12473
    7907, 7907
    11954, 11954
    11364, 11364
    14970, 14970
    4008, 4008
    15529, 15529
    10038, 10038
    11242, 11242
    12012, 12012
    13887, 13887
    6982, 6982
    9520, 9520
    7325, 7325
    9066, 9066
    14533, 14533
    4086, 4086
    1704, 1704
    14903, 14903
    13427, 13427
    6992, 6992
    11403, 11403
    4162, 4162
    6229, 6229
    3007, 3007
    8320, 8320
    13652, 13652
    15227, 15227
    12516, 12516
    15395, 15395
    4992, 4992
    6490, 6490
    4314, 4314
    14380, 14380
    8695, 8695
    14673, 14673
    6138, 6138
    13116, 13116
    3832, 3832
    5734, 5734
    9794, 9794
    4375, 4375
    13361, 13361
    8293, 8293
    15504, 15504
    5438, 5438
    2505, 2505
    10396, 10396
    14548, 14548
    6231, 6231
    2832, 2832
    15578, 15578
    579, 579
    15344, 15344
    3928, 3928
    5706, 5706
    15904, 15904
    5055, 5055
    11805, 11805
    646, 646
    10757, 10757
    1579, 1579
    8081, 8081
    10676, 10676
    15912, 15912
    6359, 6359
    7218, 7218
    15481, 15481
    6408, 6408
    13463, 13463
    2045, 2045
    4304, 4304
    641, 641
    11756, 11756
    13085, 13085
    12456, 12456
    6601, 6601
    15292, 15292
    1427, 1427
    12134, 12134
    13775, 13775
    923, 923
    942, 942
    3516, 3516
    1085, 1085
    5776, 5776
    11391, 11391
    15202, 15202
    14864, 14864
    9999, 9999
    10503, 10503
    10484, 10484
    8248, 8248
    6221, 6221
    8561, 8561
    1865, 1865
    8907, 8907
    11119, 11119
    14632, 14632
    13192, 13192
    2391, 2391
    11322, 11322
    9425, 9425
    5626, 5626
    3773, 3773
    1968, 1968
    9378, 9378
    4731, 4731
    8415, 8415
    9240, 9240
    12272, 12272
    4158, 4158
    252, 252
    8809, 8809
    14010, 14010
    5573, 5573
    11041, 11041
    4415, 4415
    2829, 2829
    11170, 11170
    15373, 15373
    15296, 15296
    13288, 13288
    12930, 12930
    14344, 14344
    11213, 11213
    15301, 15301
    9505, 9505
    7400, 7400
    10709, 10709
    12296, 12296
    11360, 11360
    14869, 14869
    12378, 12378
    2791, 2791
    7956, 7956
    4501, 4501
    9949, 9949
    13449, 13449
    14392, 14392
    15193, 15193
    1742, 1742
    2097, 2097
    682, 682
    14694, 14694
    15915, 15915
    4414, 4414
    1209, 1209
    3763, 3763
    10780, 10780
    11050, 11050
    2283, 2283
    10792, 10792
    5732, 5732
    4389, 4389
    11552, 11552
    11408, 11408
    15355, 15355
    3314, 3314
    12048, 12048
    9509, 9509
    2707, 2707
    2625, 2625
    8990, 8990
    7191, 7191
    2822, 2822
    3207, 3207
    12424, 12424
    9968, 9968
    10645, 10645
    5097, 5097
    1708, 1708
    6119, 6119
    4266, 4266
    14771, 14771
    2579, 2579
    1361, 1361
    12583, 12583
    14183, 14183
    12681, 12681
    14859, 14859
    4154, 4154
    7959, 7959
    6836, 6836
    7902, 7902
    4923, 4923
    13383, 13383
    12189, 12189
    14435, 14435
    4249, 4249
    2815, 2815
    8298, 8298
    14853, 14853
    4619, 4619
    8692, 8692
    2843, 2843
    5949, 5949
    14347, 14347
    2161, 2161
    15482, 15482
    8644, 8644
    2491, 2491
    3324, 3324
    9383, 9383
    12070, 12070
    15821, 15821
    10059, 10059
    12098, 12098
    15823, 15823
    14072, 14072
    12286, 12286
    11889, 11889
    12009, 12009
    13657, 13657
    14983, 14983
    14476, 14476
    5106, 5106
    12871, 12871
    15491, 15491
    14510, 14510
    7817, 7817
    7351, 7351
    1611, 1611
    5894, 5894
    4007, 4007
    7089, 7089
    9355, 9355
    2490, 2490
    7998, 7998
    1582, 1582
    11223, 11223
    2885, 2885
    10563, 10563
    9557, 9557
    10097, 10097
    7978, 7978
    2215, 2215
    3077, 3077
    13264, 13264
    9833, 9833
    866, 866
    4759, 4759
    15034, 15034
    7559, 7559
    12610, 12610
    302, 302
    15525, 15525
    8454, 8454
    11953, 11953
    14157, 14157
    13662, 13662
    14806, 14806
    5753, 5753
    2872, 2872
    7921, 7921
    15200, 15200
    72, 72
    5324, 5324
    8640, 8640
    3853, 3853
    13362, 13362
    2208, 2208
    683, 683
    1143, 1143
    15158, 15158
    10369, 10369
    1013, 1013
    5736, 5736
    1530, 1530
    2214, 2214
    13483, 13483
    12588, 12588
    3766, 3766
    3592, 3592
    5631, 5631
    2254, 2254
    1351, 1351
    8158, 8158
    12957, 12957
    4164, 4164
    11143, 11143
    13480, 13480
    11699, 11699
    2000, 2000
    11368, 11368
    2874, 2874
    15327, 15327
    3867, 3867
    44, 44
    2856, 2856
    6767, 6767
    15528, 15528
    14302, 14302
    14489, 14489
    2213, 2213
    160, 160
    7678, 7678
    6315, 6315
    2790, 2790
    13324, 13324
    800, 800
    5284, 5284
    8398, 8398
    11439, 11439
    10207, 10207
    6081, 6081
    11137, 11137
    7406, 7406
    3903, 3903
    5561, 5561
    9940, 9940
    7842, 7842
    15441, 15441
    12067, 12067
    12115, 12115
    13443, 13443
    15342, 15342
    7156, 7156
    2631, 2631
    12657, 12657
    7511, 7511
    13491, 13491
    8512, 8512
    11098, 11098
    9631, 9631
    809, 809
    6631, 6631
    12267, 12267
    507, 507
    10790, 10790
    13441, 13441
    3200, 3200
    3219, 3219
    4899, 4899
    15746, 15746
    6720, 6720
    7897, 7897
    1366, 1366
    4228, 4228
    7363, 7363
    15524, 15524
    1857, 1857
    11845, 11845
    14, 14
    1615, 1615
    11105, 11105
    13040, 13040
    3970, 3970
    10638, 10638
    9445, 9445
    13350, 13350
    13489, 13489
    1575, 1575
    4485, 4485
    3212, 3212
    4547, 4547
    7222, 7222
    11626, 11626
    2737, 2737
    15697, 15697
    2764, 2764
    10954, 10954
    7152, 7152
    10581, 10581
    7029, 7029
    10736, 10736
    676, 676
    12858, 12858
    6000, 6000
    8024, 8024
    13437, 13437
    4818, 4818
    1619, 1619
    685, 685
    12589, 12589
    5398, 5398
    13224, 13224
    3738, 3738
    10311, 10311
    5043, 5043
    5675, 5675
    11803, 11803
    10338, 10338
    1125, 1125
    3972, 3972
    444, 444
    6957, 6957
    7764, 7764
    6314, 6314
    9586, 9586
    14727, 14727
    10729, 10729
    15702, 15702
    14750, 14750
    4315, 4315
    15260, 15260
    6376, 6376
    9183, 9183
    13900, 13900
    8160, 8160
    14739, 14739
    8097, 8097
    13920, 13920
    9084, 9084
    9069, 9069
    13236, 13236
    14536, 14536
    10177, 10177
    4901, 4901
    8501, 8501
    5852, 5852
    15735, 15735
    11843, 11843
    14997, 14997
    14946, 14946
    10387, 10387
    11644, 11644
    6746, 6746
    1482, 1482
    10330, 10330
    1048, 1048
    4333, 4333
    7335, 7335
    3471, 3471
    3774, 3774
    9737, 9737
    1712, 1712
    4600, 4600
    10209, 10209
    7640, 7640
    371, 371
    5293, 5293
    1105, 1105
    7337, 7337
    6754, 6754
    1536, 1536
    2377, 2377
    284, 284
    8450, 8450
    4953, 4953
    5468, 5468
    2788, 2788
    8064, 8064
    10970, 10970
    341, 341
    1381, 1381
    11271, 11271
    10848, 10848
    13494, 13494
    15199, 15199
    7974, 7974
    12404, 12404
    10179, 10179
    13744, 13744
    3384, 3384
    6849, 6849
    9169, 9169
    15502, 15502
    10564, 10564
    3065, 3065
    15310, 15310
    8672, 8672
    7562, 7562
    8964, 8964
    10901, 10901
    13027, 13027
    14404, 14404
    2891, 2891
    15849, 15849
    3363, 3363
    5029, 5029
    14442, 14442
    1905, 1905
    13047, 13047
    1178, 1178
    11485, 11485
    14036, 14036
    14820, 14820
    3351, 3351
    586, 586
    10342, 10342
    10594, 10594
    3181, 3181
    1348, 1348
    5769, 5769
    9006, 9006
    1806, 1806
    7538, 7538
    8731, 8731
    730, 730
    1077, 1077
    15241, 15241
    14468, 14468
    2997, 2997
    4744, 4744
    8102, 8102
    2026, 2026
    11548, 11548
    13280, 13280
    6437, 6437
    15601, 15601
    7923, 7923
    9710, 9710
    10451, 10451
    6152, 6152
    6419, 6419
    8159, 8159
    15137, 15137
    15635, 15635
    6759, 6759
    10753, 10753
    7633, 7633
    3300, 3300
    483, 483
    8836, 8836
    13696, 13696
    4129, 4129
    14448, 14448
    8976, 8976
    927, 927
    7444, 7444
    2047, 2047
    3068, 3068
    12598, 12598
    9736, 9736
    1294, 1294
    3792, 3792
    4167, 4167
    9910, 9910
    4281, 4281
    9851, 9851
    744, 744
    10678, 10678
    9839, 9839
    14576, 14576
    14896, 14896
    6449, 6449
    9396, 9396
    10689, 10689
    2877, 2877
    7597, 7597
    6101, 6101
    4854, 4854
    15183, 15183
    5788, 5788
    11988, 11988
    3480, 3480
    15359, 15359
    1915, 1915
    5459, 5459
    7621, 7621
    13621, 13621
    8537, 8537
    12058, 12058
    9342, 9342
    12303, 12303
    14652, 14652
    14549, 14549
    3577, 3577
    8342, 8342
    14372, 14372
    8285, 8285
    4679, 4679
    7043, 7043
    14651, 14651
    5456, 5456
    14501, 14501
    6094, 6094
    7933, 7933
    1510, 1510
    6776, 6776
    2421, 2421
    9612, 9612
    551, 551
    9752, 9752
    500, 500
    10471, 10471
    4343, 4343
    4706, 4706
    6243, 6243
    2315, 2315
    6233, 6233
    4705, 4705
    9222, 9222
    13704, 13704
    11777, 11777
    8717, 8717
    6396, 6396
    12797, 12797
    12413, 12413
    14689, 14689
    15322, 15322
    4312, 4312
    13909, 13909
    4852, 4852
    7001, 7001
    13783, 13783
    13368, 13368
    702, 702
    3772, 3772
    5930, 5930
    11503, 11503
    7304, 7304
    4101, 4101
    3415, 3415
    4793, 4793
    3337, 3337
    3318, 3318
    1693, 1693
    2378, 2378
    7394, 7394
    11778, 11778
    11371, 11371
    9173, 9173
    5248, 5248
    15730, 15730
    6721, 6721
    6770, 6770
    15518, 15518
    5017, 5017
    8366, 8366
    5090, 5090
    8012, 8012
    15293, 15293
    13232, 13232
    13595, 13595
    10358, 10358
    12381, 12381
    14014, 14014
    10522, 10522
    8872, 8872
    12533, 12533
    13901, 13901
    6816, 6816
    4994, 4994
    7515, 7515
    1229, 1229
    9429, 9429
    13759, 13759
    4659, 4659
    3500, 3500
    11390, 11390
    5061, 5061
    6261, 6261
    12061, 12061
    13643, 13643
    9526, 9526
    9554, 9554
    8106, 8106
    7742, 7742
    13243, 13243
    4764, 4764
    12126, 12126
    9026, 9026
    9673, 9673
    9883, 9883
    1970, 1970
    15171, 15171
    1309, 1309
    3494, 3494
    5174, 5174
    12211, 12211
    2918, 2918
    4132, 4132
    13728, 13728
    11194, 11194
    749, 749
    4056, 4056
    9459, 9459
    5628, 5628
    13961, 13961
    776, 776
    1601, 1601
    9, 9
    7916, 7916
    9144, 9144
    6779, 6779
    9400, 9400
    13767, 13767
    9748, 9748
    9697, 9697
    13370, 13370
    5778, 5778
    10805, 10805
    2105, 2105
    13152, 13152
    984, 984
    3501, 3501
    3982, 3982
    5338, 5338
    8110, 8110
    8443, 8443
    12645, 12645
    4341, 4341
    13760, 13760
    9936, 9936
    4724, 4724
    9142, 9142
    10850, 10850
    35, 35
    10014, 10014
    2595, 2595
    869, 869
    12454, 12454
    2305, 2305
    13389, 13389
    2057, 2057
    1058, 1058
    9437, 9437
    12759, 12759
    10651, 10651
    13545, 13545
    11935, 11935
    10300, 10300
    5463, 5463
    14262, 14262
    5149, 5149
    5763, 5763
    8551, 8551
    11973, 11973
    3952, 3952
    12644, 12644
    13927, 13927
    13033, 13033
    12977, 12977
    6648, 6648
    4736, 4736
    3455, 3455
    10587, 10587
    15704, 15704
    13261, 13261
    6282, 6282
    12078, 12078
    3510, 3510
    1148, 1148
    9930, 9930
    2517, 2517
    9301, 9301
    15410, 15410
    2524, 2524
    6962, 6962
    14431, 14431
    9242, 9242
    6689, 6689
    843, 843
    321, 321
    8846, 8846
    1170, 1170
    7853, 7853
    2746, 2746
    182, 182
    898, 898
    12403, 12403
    6614, 6614
    1953, 1953
    9277, 9277
    3882, 3882
    2370, 2370
    1846, 1846
    5709, 5709
    3678, 3678
    652, 652
    7659, 7659
    15002, 15002
    3128, 3128
    10693, 10693
    14248, 14248
    3028, 3028
    2433, 2433
    12798, 12798
    13915, 13915
    10478, 10478
    6365, 6365
    5183, 5183
    2207, 2207
    7521, 7521
    9259, 9259
    14371, 14371
    12565, 12565
    10113, 10113
    15619, 15619
    13781, 13781
    15009, 15009
    1425, 1425
    10011, 10011
    15979, 15979
    11438, 11438
    2449, 2449
    11656, 11656
    13620, 13620
    7127, 7127
    9939, 9939
    12496, 12496
    2720, 2720
    13578, 13578
    12547, 12547
    7172, 7172
    14280, 14280
    1305, 1305
    2994, 2994
    12806, 12806
    11742, 11742
    7536, 7536
    7713, 7713
    15650, 15650
    11507, 11507
    2748, 2748
    14675, 14675
    1365, 1365
    8570, 8570
    5595, 5595
    10976, 10976
    9733, 9733
    3368, 3368
    5381, 5381
    6517, 6517
    14788, 14788
    1160, 1160
    14678, 14678
    4433, 4433
    185, 185
    11895, 11895
    12291, 12291
    3812, 3812
    10309, 10309
    559, 559
    7838, 7838
    11776, 11776
    9728, 9728
    2017, 2017
    8253, 8253
    8876, 8876
    940, 940
    15741, 15741
    2532, 2532
    4650, 4650
    10655, 10655
    3695, 3695
    10102, 10102
    10712, 10712
    7984, 7984
    10049, 10049
    6747, 6747
    10490, 10490
    5719, 5719
    2895, 2895
    7115, 7115
    5311, 5311
    705, 705
    3656, 3656
    8996, 8996
    8783, 8783
    1047, 1047
    14808, 14808
    13560, 13560
    8694, 8694
    10752, 10752
    5508, 5508
    3809, 3809
    12037, 12037
    13223, 13223
    10507, 10507
    3873, 3873
    14944, 14944
    6930, 6930
    8353, 8353
    15833, 15833
    14898, 14898
    7958, 7958
    7020, 7020
    3633, 3633
    15386, 15386
    214, 214
    12697, 12697
    15309, 15309
    11419, 11419
    13940, 13940
    9153, 9153
    1465, 1465
    11605, 11605
    6732, 6732
    14407, 14407
    5748, 5748
    10667, 10667
    11406, 11406
    9541, 9541
    9657, 9657
    2340, 2340
    8426, 8426
    3014, 3014
    5696, 5696
    62, 62
    13382, 13382
    9854, 9854
    294, 294
    13217, 13217
    6197, 6197
    2950, 2950
    4767, 4767
    9394, 9394
    3748, 3748
    1353, 1353
    1994, 1994
    4576, 4576
    14077, 14077
    15299, 15299
    8267, 8267
    10793, 10793
    10031, 10031
    9924, 9924
    3808, 3808
    15711, 15711
    3279, 3279
    9584, 9584
    6385, 6385
    2387, 2387
    805, 805
    7561, 7561
    2123, 2123
    1431, 1431
    7872, 7872
    11024, 11024
    6804, 6804
    9191, 9191
    14564, 14564
    9161, 9161
    15530, 15530
    15544, 15544
    2014, 2014
    7211, 7211
    8044, 8044
    13732, 13732
    9698, 9698
    1363, 1363
    10929, 10929
    14120, 14120
    12090, 12090
    7028, 7028
    5812, 5812
    14154, 14154
    8753, 8753
    6919, 6919
    703, 703
    11909, 11909
    15366, 15366
    15910, 15910
    961, 961
    13944, 13944
    745, 745
    10218, 10218
    8615, 8615
    4749, 4749
    8960, 8960
    15743, 15743
    6509, 6509
    12204, 12204
    14091, 14091
    3835, 3835
    4018, 4018
    13294, 13294
    871, 871
    750, 750
    7347, 7347
    1867, 1867
    9664, 9664
    13461, 13461
    1257, 1257
    2240, 2240
    487, 487
    9517, 9517
    3696, 3696
    12410, 12410
    955, 955
    9979, 9979
    9258, 9258
    10193, 10193
    2963, 2963
    13331, 13331
    11623, 11623
    387, 387
    2261, 2261
    1134, 1134
    14964, 14964
    6532, 6532
    1059, 1059
    7294, 7294
    5128, 5128
    8365, 8365
    2204, 2204
    1883, 1883
    856, 856
    4988, 4988
    1808, 1808
    3245, 3245
    7782, 7782
    3380, 3380
    1244, 1244
    7227, 7227
    10956, 10956
    5219, 5219
    2246, 2246
    5232, 5232
    8838, 8838
    6798, 6798
    14716, 14716
    6568, 6568
    14315, 14315
    10249, 10249
    8402, 8402
    10972, 10972
    7404, 7404
    7608, 7608
    3026, 3026
    2849, 2849
    9025, 9025
    2736, 2736
    2786, 2786
    1799, 1799
    5142, 5142
    11346, 11346
    12415, 12415
    7458, 7458
    8702, 8702
    5321, 5321
    10493, 10493
    5738, 5738
    4125, 4125
    14668, 14668
    8728, 8728
    11127, 11127
    7590, 7590
    7352, 7352
    2560, 2560
    1722, 1722
    6901, 6901
    3134, 3134
    6829, 6829
    7598, 7598
    4983, 4983
    14588, 14588
    2996, 2996
    3131, 3131
    5998, 5998
    2967, 2967
    14152, 14152
    7533, 7533
    14433, 14433
    8096, 8096
    7635, 7635
    4219, 4219
    8584, 8584
    4970, 4970
    6175, 6175
    108, 108
    1663, 1663
    6487, 6487
    15626, 15626
    9453, 9453
    13544, 13544
    14629, 14629
    4077, 4077
    10130, 10130
    13006, 13006
    12276, 12276
    8993, 8993
    14578, 14578
    13327, 13327
    7843, 7843
    15610, 15610
    12861, 12861
    4711, 4711
    5361, 5361
    1140, 1140
    11265, 11265
    3315, 3315
    12166, 12166
    13282, 13282
    4762, 4762
    8920, 8920
    4527, 4527
    5386, 5386
    7457, 7457
    11189, 11189
    15041, 15041
    1423, 1423
    11981, 11981
    9294, 9294
    4822, 4822
    10434, 10434
    10483, 10483
    2075, 2075
    4671, 4671
    12586, 12586
    7990, 7990
    4655, 4655
    9962, 9962
    15446, 15446
    15895, 15895
    3143, 3143
    15414, 15414
    11639, 11639
    13335, 13335
    13263, 13263
    497, 497
    3285, 3285
    1660, 1660
    7750, 7750
    15498, 15498
    6848, 6848
    11567, 11567
    9464, 9464
    2982, 2982
    8901, 8901
    15949, 15949
    12124, 12124
    345, 345
    1416, 1416
    12934, 12934
    136, 136
    11086, 11086
    15665, 15665
    1264, 1264
    14832, 14832
    11970, 11970
    2280, 2280
    4982, 4982
    15646, 15646
    2238, 2238
    2508, 2508
    13252, 13252
    12614, 12614
    4025, 4025
    7377, 7377
    5935, 5935
    11709, 11709
    374, 374
    12173, 12173
    3568, 3568
    2698, 2698
    1679, 1679
    5887, 5887
    14417, 14417
    2924, 2924
    3334, 3334
    12999, 12999
    12398, 12398
    560, 560
    10646, 10646
    4099, 4099
    11427, 11427
    6019, 6019
    7046, 7046
    10670, 10670
    11096, 11096
    1985, 1985
    4610, 4610
    5343, 5343
    5335, 5335
    12368, 12368
    6665, 6665
    12105, 12105
    6076, 6076
    999, 999
    1643, 1643
    14852, 14852
    3425, 3425
    867, 867
    3436, 3436
    4450, 4450
    11921, 11921
    9932, 9932
    3638, 3638
    7976, 7976
    11196, 11196
    12604, 12604
    3576, 3576
    4555, 4555
    11055, 11055
    8168, 8168
    7242, 7242
    13892, 13892
    8544, 8544
    6604, 6604
    7391, 7391
    15396, 15396
    3685, 3685
    2112, 2112
    15562, 15562
    8928, 8928
    7774, 7774
    15877, 15877
    9065, 9065
    15733, 15733
    10111, 10111
    15337, 15337
    11746, 11746
    1187, 1187
    12060, 12060
    8888, 8888
    15580, 15580
    862, 862
    9878, 9878
    13873, 13873
    3222, 3222
    9488, 9488
    4182, 4182
    6927, 6927
    14621, 14621
    10262, 10262
    14506, 14506
    10156, 10156
    7799, 7799
    7710, 7710
    12386, 12386
    7136, 7136
    14440, 14440
    15320, 15320
    12221, 12221
    65, 65
    11357, 11357
    10296, 10296
    10977, 10977
    100, 100
    4607, 4607
    4171, 4171
    10798, 10798
    5954, 5954
    4973, 4973
    7661, 7661
    12020, 12020
    12086, 12086
    249, 249
    2499, 2499
    5031, 5031
    7051, 7051
    3089, 3089
    1203, 1203
    975, 975
    384, 384
    15350, 15350
    910, 910
    10840, 10840
    9998, 9998
    546, 546
    15004, 15004
    9539, 9539
    7791, 7791
    2710, 2710
    484, 484
    1062, 1062
    10375, 10375
    12010, 12010
    1057, 1057
    1745, 1745
    2779, 2779
    4430, 4430
    9211, 9211
    13285, 13285
    3564, 3564
    14143, 14143
    8389, 8389
    15443, 15443
    10568, 10568
    14568, 14568
    9703, 9703
    12986, 12986
    12167, 12167
    14429, 14429
    10237, 10237
    11171, 11171
    14947, 14947
    13105, 13105
    11344, 11344
    13510, 13510
    10462, 10462
    14926, 14926
    4689, 4689
    14883, 14883
    10548, 10548
    8184, 8184
    5905, 5905
    7327, 7327
    15328, 15328
    6910, 6910
    14400, 14400
    2414, 2414
    12581, 12581
    15219, 15219
    4130, 4130
    1561, 1561
    13440, 13440
    7614, 7614
    1828, 1828
    9891, 9891
    10133, 10133
    11483, 11483
    10032, 10032
    13859, 13859
    1721, 1721
    266, 266
    12385, 12385
    15405, 15405
    11074, 11074
    10832, 10832
    4042, 4042
    140, 140
    12599, 12599
    441, 441
    9651, 9651
    8959, 8959
    10139, 10139
    2601, 2601
    11458, 11458
    9700, 9700
    10278, 10278
    14594, 14594
    13579, 13579
    4525, 4525
    2333, 2333
    6002, 6002
    34, 34
    9976, 9976
    14705, 14705
    15957, 15957
    14787, 14787
    9959, 9959
    12823, 12823
    2713, 2713
    12073, 12073
    1052, 1052
    10146, 10146
    8156, 8156
    4279, 4279
    4131, 4131
    8573, 8573
    8157, 8157
    11732, 11732
    12809, 12809
    7214, 7214
    14622, 14622
    12525, 12525
    3939, 3939
    13311, 13311
    768, 768
    14335, 14335
    10863, 10863
    15914, 15914
    0, 0
    11585, 11585
    11775, 11775
    7445, 7445
    14434, 14434
    13373, 13373
    12063, 12063
    11450, 11450
    3717, 3717
    4229, 4229
    4832, 4832
    12668, 12668
    1302, 1302
    3401, 3401
    7760, 7760
    13955, 13955
    11210, 11210
    15387, 15387
    7835, 7835
    1552, 1552
    6179, 6179
    11770, 11770
    9177, 9177
    3719, 3719
    1405, 1405
    2330, 2330
    9371, 9371
    10668, 10668
    881, 881
    1390, 1390
    7240, 7240
    6569, 6569
    295, 295
    5823, 5823
    13721, 13721
    2408, 2408
    14002, 14002
    612, 612
    15614, 15614
    13964, 13964
    9902, 9902
    14360, 14360
    3180, 3180
    6506, 6506
    5274, 5274
    15751, 15751
    12962, 12962
    4827, 4827
    15686, 15686
    671, 671
    10617, 10617
    15198, 15198
    14901, 14901
    8122, 8122
    2754, 2754
    14935, 14935
    12313, 12313
    15752, 15752
    1572, 1572
    8652, 8652
    5317, 5317
    12935, 12935
    943, 943
    8242, 8242
    11961, 11961
    33, 33
    4800, 4800
    13766, 13766
    13526, 13526
    7583, 7583
    1977, 1977
    11900, 11900
    13719, 13719
    5461, 5461
    13426, 13426
    14625, 14625
    15511, 15511
    9739, 9739
    9125, 9125
    7155, 7155
    4877, 4877
    14978, 14978
    15464, 15464
    5077, 5077
    6961, 6961
    7408, 7408
    6651, 6651
    11280, 11280
    12705, 12705
    1795, 1795
    1183, 1183
    5667, 5667
    3288, 3288
    5013, 5013
    2253, 2253
    10009, 10009
    12669, 12669
    6765, 6765
    10225, 10225
    1839, 1839
    4559, 4559
    13739, 13739
    4481, 4481
    9714, 9714
    5209, 5209
    13300, 13300
    7374, 7374
    8301, 8301
    13865, 13865
    8445, 8445
    6958, 6958
    8383, 8383
    701, 701
    3177, 3177
    7010, 7010
    4110, 4110
    14620, 14620
    1204, 1204
    15471, 15471
    8197, 8197
    5861, 5861
    3647, 3647
    12739, 12739
    14746, 14746
    9550, 9550
    3960, 3960
    9164, 9164
    10040, 10040
    1894, 1894
    1080, 1080
    7829, 7829
    10026, 10026
    14135, 14135
    1186, 1186
    8560, 8560
    5299, 5299
    14062, 14062
    14943, 14943
    12722, 12722
    6511, 6511
    142, 142
    14640, 14640
    13283, 13283
    8040, 8040
    5304, 5304
    9208, 9208
    8277, 8277
    7258, 7258
    10997, 10997
    3558, 3558
    14085, 14085
    10995, 10995
    2400, 2400
    2697, 2697
    14631, 14631
    2686, 2686
    15082, 15082
    15980, 15980
    10236, 10236
    5937, 5937
    7699, 7699
    11467, 11467
    8582, 8582
    2162, 2162
    661, 661
    10349, 10349
    5820, 5820
    9323, 9323
    9070, 9070
    9310, 9310
    15999, 15999
    9225, 9225
    5050, 5050
    1135, 1135
    13204, 13204
    8108, 8108
    1759, 1759
    4528, 4528
    11939, 11939
    2640, 2640
    6548, 6548
    11795, 11795
    5365, 5365
    8755, 8755
    6831, 6831
    5960, 5960
    9413, 9413
    6960, 6960
    13008, 13008
    6644, 6644
    7235, 7235
    15841, 15841
    6336, 6336
    10374, 10374
    9944, 9944
    15671, 15671
    13509, 13509
    13812, 13812
    6108, 6108
    1102, 1102
    6815, 6815
    10150, 10150
    12253, 12253
    2565, 2565
    320, 320
    14096, 14096
    673, 673
    460, 460
    10937, 10937
    15069, 15069
    11353, 11353
    3389, 3389
    2704, 2704
    5728, 5728
    2237, 2237
    1931, 1931
    9325, 9325
    9742, 9742
    15554, 15554
    9205, 9205
    6833, 6833
    12077, 12077
    11018, 11018
    12266, 12266
    10082, 10082
    5393, 5393
    845, 845
    4585, 4585
    9640, 9640
    200, 200
    8613, 8613
    8182, 8182
    8059, 8059
    3005, 3005
    9317, 9317
    4364, 4364
    1256, 1256
    11310, 11310
    5621, 5621
    15156, 15156
    7997, 7997
    771, 771
    3532, 3532
    8679, 8679
    15817, 15817
    4825, 4825
    2606, 2606
    10741, 10741
    5062, 5062
    7522, 7522
    10701, 10701
    9293, 9293
    14349, 14349
    9522, 9522
    7271, 7271
    12799, 12799
    5205, 5205
    2478, 2478
    699, 699
    2646, 2646
    10557, 10557
    4628, 4628
    2696, 2696
    14051, 14051
    8597, 8597
    12961, 12961
    10350, 10350
    11754, 11754
    2863, 2863
    2789, 2789
    258, 258
    4917, 4917
    13779, 13779
    1529, 1529
    1949, 1949
    212, 212
    9923, 9923
    8270, 8270
    6118, 6118
    4311, 4311
    1520, 1520
    3765, 3765
    15053, 15053
    1473, 1473
    14207, 14207
    8910, 8910
    1855, 1855
    12734, 12734
    15312, 15312
    1233, 1233
    15129, 15129
    11161, 11161
    704, 704
    2589, 2589
    2231, 2231
    10751, 10751
    11506, 11506
    5088, 5088
    3397, 3397
    6482, 6482
    10447, 10447
    5961, 5961
    11227, 11227
    8517, 8517
    1860, 1860
    11369, 11369
    8630, 8630
    5756, 5756
    13051, 13051
    4475, 4475
    3665, 3665
    11612, 11612
    9486, 9486
    4059, 4059
    14195, 14195
    3233, 3233
    8422, 8422
    3054, 3054
    14496, 14496
    4003, 4003
    12053, 12053
    1596, 1596
    5471, 5471
    4214, 4214
    12113, 12113
    8017, 8017
    13862, 13862
    4833, 4833
    1923, 1923
    6187, 6187
    7813, 7813
    15965, 15965
    9076, 9076
    14202, 14202
    10856, 10856
    2794, 2794
    10932, 10932
    11810, 11810
    1960, 1960
    9786, 9786
    10263, 10263
    1041, 1041
    13497, 13497
    13567, 13567
    2096, 2096
    8316, 8316
    10003, 10003
    1206, 1206
    916, 916
    8933, 8933
    4036, 4036
    2975, 2975
    9312, 9312
    13910, 13910
    6295, 6295
    10598, 10598
    4690, 4690
    11834, 11834
    3361, 3361
    8971, 8971
    11415, 11415
    15793, 15793
    9376, 9376
    5349, 5349
    2034, 2034
    4380, 4380
    11409, 11409
    2487, 2487
    6446, 6446
    1118, 1118
    949, 949
    10364, 10364
    8223, 8223
    3707, 3707
    2313, 2313
    6373, 6373
    6023, 6023
    12438, 12438
    15121, 15121
    6657, 6657
    12359, 12359
    6036, 6036
    8909, 8909
    9744, 9744
    14378, 14378
    6749, 6749
    2572, 2572
    3151, 3151
    11941, 11941
    11806, 11806
    15906, 15906
    14601, 14601
    8807, 8807
    1345, 1345
    13786, 13786
    6417, 6417
    6904, 6904
    7546, 7546
    5681, 5681
    1684, 1684
    12042, 12042
    2709, 2709
    6038, 6038
    15349, 15349
    3106, 3106
    12781, 12781
    3208, 3208
    12785, 12785
    2451, 2451
    5803, 5803
    183, 183
    12292, 12292
    8525, 8525
    13010, 13010
    260, 260
    6702, 6702
    12348, 12348
    1441, 1441
    15605, 15605
    2064, 2064
    4890, 4890
    125, 125
    227, 227
    1426, 1426
    10679, 10679
    4893, 4893
    5094, 5094
    3379, 3379
    385, 385
    7086, 7086
    4723, 4723
    3945, 3945
    10117, 10117
    411, 411
    6097, 6097
    14768, 14768
    14512, 14512
    2093, 2093
    10024, 10024
    10135, 10135
    9899, 9899
    1728, 1728
    8636, 8636
    12110, 12110
    13120, 13120
    8709, 8709
    3542, 3542
    5730, 5730
    13751, 13751
    5558, 5558
    10907, 10907
    13328, 13328
    5314, 5314
    2852, 2852
    1785, 1785
    14531, 14531
    2270, 2270
    15756, 15756
    9014, 9014
    6248, 6248
    10673, 10673
    4194, 4194
    1338, 1338
    7277, 7277
    6441, 6441
    14052, 14052
    9387, 9387
    10513, 10513
    1690, 1690
    2811, 2811
    1578, 1578
    13969, 13969
    10094, 10094
    5014, 5014
    15941, 15941
    4582, 4582
    14884, 14884
    15670, 15670
    3614, 3614
    14306, 14306
    1963, 1963
    11298, 11298
    8355, 8355
    13849, 13849
    8140, 8140
    614, 614
    7968, 7968
    2629, 2629
    2824, 2824
    4720, 4720
    11005, 11005
    10551, 10551
    3731, 3731
    12431, 12431
    13229, 13229
    9054, 9054
    1380, 1380
    9432, 9432
    6346, 6346
    15964, 15964
    11163, 11163
    11592, 11592
    8371, 8371
    3178, 3178
    9848, 9848
    3788, 3788
    15224, 15224
    12380, 12380
    2934, 2934
    5947, 5947
    15736, 15736
    12075, 12075
    12080, 12080
    1706, 1706
    14589, 14589
    14348, 14348
    5258, 5258
    7979, 7979
    13035, 13035
    7516, 7516
    14559, 14559
    3896, 3896
    4282, 4282
    12846, 12846
    3201, 3201
    592, 592
    4872, 4872
    10173, 10173
    12800, 12800
    8524, 8524
    12308, 12308
    7437, 7437
    7557, 7557
    6122, 6122
    13606, 13606
    11443, 11443
    2590, 2590
    6795, 6795
    13173, 13173
    13413, 13413
    6287, 6287
    14915, 14915
    5661, 5661
    6820, 6820
    5519, 5519
    14204, 14204
    10869, 10869
    13970, 13970
    12470, 12470
    10854, 10854
    10588, 10588
    8803, 8803
    7364, 7364
    810, 810
    3711, 3711
    2084, 2084
    15438, 15438
    6078, 6078
    7751, 7751
    5071, 5071
    8545, 8545
    7648, 7648
    15113, 15113
    4842, 4842
    7908, 7908
    15140, 15140
    1556, 1556
    12521, 12521
    5254, 5254
    6925, 6925
    3833, 3833
    1168, 1168
    8897, 8897
    11780, 11780
    14599, 14599
    5076, 5076
    10348, 10348
    12885, 12885
    1550, 1550
    5604, 5604
    12787, 12787
    3447, 3447
    11676, 11676
    9351, 9351
    13248, 13248
    14610, 14610
    4492, 4492
    3421, 3421
    2878, 2878
    3229, 3229
    15067, 15067
    1261, 1261
    9059, 9059
    12374, 12374
    6190, 6190
    4488, 4488
    4789, 4789
    5444, 5444
    14032, 14032
    9021, 9021
    4181, 4181
    4878, 4878
    15045, 15045
    549, 549
    11085, 11085
    8345, 8345
    14418, 14418
    13796, 13796
    11067, 11067
    8221, 8221
    6411, 6411
    10702, 10702
    5379, 5379
    3672, 3672
    2441, 2441
    8891, 8891
    2912, 2912
    653, 653
    14070, 14070
    11772, 11772
    9360, 9360
    13792, 13792
    196, 196
    2485, 2485
    9091, 9091
    15569, 15569
    8882, 8882
    478, 478
    863, 863
    14229, 14229
    3116, 3116
    6875, 6875
    2796, 2796
    10239, 10239
    5740, 5740
    11329, 11329
    12754, 12754
    424, 424
    14212, 14212
    14025, 14025
    7986, 7986
    13158, 13158
    7593, 7593
    13894, 13894
    5126, 5126
    565, 565
    15358, 15358
    9196, 9196
    1024, 1024
    9200, 9200
    5095, 5095
    4207, 4207
    896, 896
    1404, 1404
    14952, 14952
    15181, 15181
    7672, 7672
    10811, 10811
    13551, 13551
    9265, 9265
    11258, 11258
    5750, 5750
    15031, 15031
    15865, 15865
    4991, 4991
    14282, 14282
    7310, 7310
    3374, 3374
    12556, 12556
    12634, 12634
    274, 274
    3690, 3690
    15149, 15149
    9773, 9773
    9706, 9706
    1198, 1198
    8038, 8038
    15913, 15913
    466, 466
    10990, 10990
    12256, 12256
    10233, 10233
    5262, 5262
    15513, 15513
    7602, 7602
    6774, 6774
    817, 817
    11499, 11499
    3708, 3708
    14423, 14423
    3345, 3345
    15781, 15781
    6037, 6037
    9462, 9462
    2151, 2151
    2094, 2094
    15688, 15688
    10846, 10846
    2909, 2909
    12982, 12982
    5939, 5939
    1683, 1683
    13360, 13360
    14071, 14071
    12428, 12428
    7416, 7416
    9289, 9289
    15042, 15042
    4069, 4069
    8275, 8275
    3291, 3291
    1824, 1824
    14162, 14162
    2206, 2206
    4310, 4310
    8179, 8179
    2428, 2428
    11720, 11720
    10545, 10545
    4141, 4141
    13828, 13828
    15750, 15750
    3986, 3986
    1778, 1778
    2182, 2182
    3388, 3388
    15367, 15367
    7096, 7096
    4251, 4251
    1192, 1192
    15416, 15416
    10058, 10058
    2037, 2037
    2976, 2976
    13198, 13198
    15477, 15477
    9119, 9119
    7512, 7512
    8626, 8626
    7182, 7182
    14717, 14717
    9809, 9809
    4477, 4477
    9648, 9648
    9573, 9573
    9412, 9412
    14375, 14375
    1449, 1449
    807, 807
    8648, 8648
    288, 288
    14989, 14989
    12616, 12616
    3991, 3991
    3406, 3406
    6009, 6009
    14769, 14769
    15006, 15006
    4531, 4531
    8297, 8297
    5181, 5181
    15262, 15262
    678, 678
    4026, 4026
    4128, 4128
    122, 122
    8252, 8252
    9888, 9888
    3202, 3202
    7203, 7203
    14854, 14854
    15526, 15526
    526, 526
    12150, 12150
    5428, 5428
    14712, 14712
    8055, 8055
    14364, 14364
    1225, 1225
    12505, 12505
    8816, 8816
    7753, 7753
    7162, 7162
    15628, 15628
    10159, 10159
    322, 322
    3166, 3166
    1254, 1254
    11832, 11832
    3462, 3462
    11966, 11966
    555, 555
    7018, 7018
    779, 779
    13659, 13659
    4612, 4612
    13858, 13858
    2983, 2983
    10284, 10284
    6212, 6212
    7772, 7772
    6450, 6450
    13151, 13151
    15905, 15905
    9879, 9879
    5395, 5395
    2722, 2722
    14584, 14584
    2142, 2142
    4556, 4556
    5277, 5277
    3651, 3651
    12524, 12524
    5065, 5065
    2394, 2394
    7501, 7501
    13171, 13171
    2948, 2948
    154, 154
    1298, 1298
    13493, 13493
    1705, 1705
    1724, 1724
    3262, 3262
    1798, 1798
    13338, 13338
    977, 977
    7488, 7488
    8871, 8871
    8409, 8409
    5495, 5495
    11569, 11569
    1951, 1951
    14307, 14307
    6189, 6189
    2641, 2641
    351, 351
    3096, 3096
    7014, 7014
    1989, 1989
    1836, 1836
    3470, 3470
    8508, 8508
    2677, 2677
    1710, 1710
    13417, 13417
    12290, 12290
    12914, 12914
    9987, 9987
    9524, 9524
    833, 833
    10116, 10116
    2615, 2615
    13818, 13818
    7831, 7831
    7022, 7022
    7053, 7053
    5182, 5182
    6822, 6822
    7490, 7490
    14703, 14703
    7312, 7312
    5549, 5549
    11233, 11233
    222, 222
    10684, 10684
    12224, 12224
    3670, 3670
    7824, 7824
    5572, 5572
    2984, 2984
    5089, 5089
    12213, 12213
    9951, 9951
    8934, 8934
    10017, 10017
    14796, 14796
    9565, 9565
    7852, 7852
    11091, 11091
    496, 496
    4975, 4975
    13439, 13439
    1459, 1459
    8410, 8410
    7954, 7954
    6733, 6733
    1844, 1844
    9817, 9817
    11122, 11122
    7004, 7004
    13872, 13872
    13875, 13875
    13209, 13209
    10134, 10134
    622, 622
    7540, 7540
    2649, 2649
    15613, 15613
    3947, 3947
    1153, 1153
    15633, 15633
    2494, 2494
    8358, 8358
    8698, 8698
    8090, 8090
    2964, 2964
    10893, 10893
    10335, 10335
    9365, 9365
    4486, 4486
    15484, 15484
    7525, 7525
    5691, 5691
    10389, 10389
    15968, 15968
    1604, 1604
    5967, 5967
    7683, 7683
    14603, 14603
    14473, 14473
    14517, 14517
    9013, 9013
    8082, 8082
    10613, 10613
    5021, 5021
    10461, 10461
    5521, 5521
    11351, 11351
    13312, 13312
    3998, 3998
    9439, 9439
    13824, 13824
    12569, 12569
    15806, 15806
    3319, 3319
    11112, 11112
    7700, 7700
    8243, 8243
    11802, 11802
    12870, 12870
    6383, 6383
    5831, 5831
    13473, 13473
    10255, 10255
    732, 732
    4218, 4218
    8761, 8761
    12979, 12979
    1246, 1246
    2239, 2239
    8726, 8726
    11247, 11247
    5741, 5741
    11649, 11649
    9686, 9686
    14107, 14107
    13569, 13569
    14497, 14497
    6048, 6048
    6434, 6434
    15062, 15062
    1789, 1789
    14941, 14941
    3645, 3645
    4512, 4512
    12877, 12877
    8067, 8067
    10872, 10872
    4755, 4755
    14019, 14019
    1429, 1429
    5722, 5722
    893, 893
    475, 475
    15978, 15978
    5041, 5041
    13626, 13626
    15274, 15274
    12637, 12637
    7964, 7964
    14936, 14936
    11179, 11179
    13118, 13118
    3367, 3367
    3172, 3172
    6298, 6298
    8849, 8849
    14073, 14073
    15593, 15593
    3086, 3086
    5660, 5660
    4436, 4436
    11960, 11960
    3976, 3976
    8039, 8039
    10814, 10814
    12761, 12761
    13729, 13729
    11394, 11394
    3654, 3654
    9496, 9496
    10332, 10332
    11166, 11166
    13269, 13269
    297, 297
    8329, 8329
    2447, 2447
    11788, 11788
    836, 836
    12967, 12967
    10154, 10154
    4298, 4298
    12673, 12673
    1933, 1933
    13153, 13153
    13167, 13167
    1880, 1880
    3562, 3562
    15779, 15779
    8791, 8791
    4999, 4999
    965, 965
    3611, 3611
    6974, 6974
    11077, 11077
    7706, 7706
    376, 376
    5805, 5805
    106, 106
    5757, 5757
    9074, 9074
    11530, 11530
    11422, 11422
    7322, 7322
    15245, 15245
    1826, 1826
    7456, 7456
    14158, 14158
    11677, 11677
    4843, 4843
    11566, 11566
    13268, 13268
    15535, 15535
    7189, 7189
    5978, 5978
    8100, 8100
    12387, 12387
    802, 802
    5619, 5619
    8051, 8051
    11945, 11945
    1010, 1010
    11156, 11156
    7165, 7165
    6872, 6872
    4326, 4326
    15043, 15043
    11211, 11211
    8894, 8894
    15162, 15162
    7893, 7893
    7388, 7388
    5735, 5735
    4847, 4847
    14819, 14819
    5302, 5302
    10771, 10771
    13196, 13196
    4996, 4996
    5583, 5583
    10733, 10733
    8435, 8435
    3236, 3236
    13726, 13726
    7262, 7262
    5040, 5040
    49, 49
    9908, 9908
    7960, 7960
    2152, 2152
    11936, 11936
    8095, 8095
    8532, 8532
    3938, 3938
    2561, 2561
    4802, 4802
    5330, 5330
    7119, 7119
    12011, 12011
    11820, 11820
    3359, 3359
    14574, 14574
    14932, 14932
    10789, 10789
    1222, 1222
    4881, 4881
    9729, 9729
    276, 276
    14200, 14200
    5213, 5213
    12519, 12519
    4068, 4068
    6965, 6965
    15708, 15708
    13936, 13936
    10234, 10234
    15185, 15185
    5189, 5189
    15099, 15099
    3519, 3519
    14627, 14627
    9834, 9834
    3413, 3413
    11380, 11380
    4278, 4278
    13113, 13113
    12462, 12462
    6539, 6539
    9274, 9274
    10547, 10547
    8998, 8998
    14714, 14714
    1711, 1711
    8025, 8025
    8768, 8768
    15187, 15187
    2445, 2445
    15545, 15545
    6055, 6055
    1029, 1029
    15900, 15900
    6284, 6284
    4198, 4198
    1734, 1734
    7158, 7158
    2977, 2977
    11680, 11680
    11123, 11123
    4821, 4821
    14178, 14178
    12592, 12592
    12735, 12735
    11846, 11846
    10382, 10382
    378, 378
    3857, 3857
    15990, 15990
    9231, 9231
    5363, 5363
    512, 512
    9137, 9137
    3692, 3692
    11451, 11451
    9042, 9042
    7858, 7858
    13107, 13107
    7332, 7332
    9451, 9451
    2787, 2787
    15442, 15442
    5538, 5538
    7438, 7438
    4391, 4391
    6363, 6363
    11479, 11479
    7711, 7711
    12461, 12461
    12675, 12675
    9010, 9010
    180, 180
    14398, 14398
    10936, 10936
    2920, 2920
    14529, 14529
    2907, 2907
    2721, 2721
    9121, 9121
    13063, 13063
    8704, 8704
    91, 91
    11664, 11664
    4978, 4978
    7809, 7809
    2087, 2087
    6713, 6713
    10902, 10902
    6205, 6205
    1783, 1783
    954, 954
    8624, 8624
    4054, 4054
    10664, 10664
    10274, 10274
    7626, 7626
    15812, 15812
    379, 379
    6139, 6139
    13730, 13730
    12179, 12179
    8794, 8794
    7795, 7795
    9327, 9327
    12114, 12114
    7103, 7103
    10654, 10654
    6729, 6729
    2699, 2699
    12938, 12938
    14851, 14851
    5555, 5555
    15325, 15325
    9035, 9035
    4866, 4866
    119, 119
    6086, 6086
    5834, 5834
    12468, 12468
    13194, 13194
    3354, 3354
    1245, 1245
    9502, 9502
    1074, 1074
    10772, 10772
    7454, 7454
    14445, 14445
    3775, 3775
    10573, 10573
    1537, 1537
    15243, 15243
    5944, 5944
    15467, 15467
    2003, 2003
    14367, 14367
    5332, 5332
    15813, 15813
    2373, 2373
    491, 491
    12182, 12182
    13277, 13277
    5773, 5773
    8855, 8855
    6704, 6704
    9945, 9945
    7601, 7601
    13734, 13734
    15369, 15369
    11238, 11238
    7005, 7005
    5279, 5279
    12659, 12659
    4916, 4916
    5564, 5564
    6803, 6803
    7563, 7563
    12527, 12527
    2689, 2689
    15508, 15508
    5977, 5977
    760, 760
    9779, 9779
    1032, 1032
    6188, 6188
    15437, 15437
    797, 797
    13855, 13855
    13098, 13098
    13564, 13564
    12145, 12145
    1120, 1120
    3400, 3400
    15863, 15863
    9358, 9358
    6353, 6353
    13593, 13593
    6116, 6116
    11710, 11710
    3916, 3916
    13323, 13323
    11341, 11341
    6374, 6374
    5170, 5170
    10085, 10085
    6947, 6947
    15027, 15027
    5593, 5593
    12811, 12811
    5759, 5759
    3221, 3221
    7252, 7252
    1668, 1668
    8279, 8279
    15727, 15727
    3306, 3306
    7567, 7567
    11940, 11940
    15178, 15178
    958, 958
    11488, 11488
    8205, 8205
    13056, 13056
    12207, 12207
    3823, 3823
    2883, 2883
    11183, 11183
    1195, 1195
    9483, 9483
    5688, 5688
    13094, 13094
    1240, 1240
    15944, 15944
    15796, 15796
    5496, 5496
    8018, 8018
    13693, 13693
    13304, 13304
    4584, 4584
    5936, 5936
    11011, 11011
    14333, 14333
    1026, 1026
    13836, 13836
    5990, 5990
    4379, 4379
    5927, 5927
    6067, 6067
    1932, 1932
    8919, 8919
    11514, 11514
    1813, 1813
    4442, 4442
    13602, 13602
    3831, 3831
    6935, 6935
    13649, 13649
    944, 944
    7645, 7645
    4192, 4192
    10056, 10056
    11031, 11031
    1835, 1835
    9264, 9264
    10523, 10523
    12532, 12532
    11718, 11718
    10459, 10459
    277, 277
    3865, 3865
    12196, 12196
    4455, 4455
    508, 508
    6692, 6692
    806, 806
    3053, 3053
    9467, 9467
    6525, 6525
    6092, 6092
    13400, 13400
    14188, 14188
    8681, 8681
    10243, 10243
    8331, 8331
    6936, 6936
    6790, 6790
    4673, 4673
    1658, 1658
    13039, 13039
    5795, 5795
    3036, 3036
    2587, 2587
    12723, 12723
    10804, 10804
    4897, 4897
    8434, 8434
    12654, 12654
    8751, 8751
    3287, 3287
    8559, 8559
    5216, 5216
    6066, 6066
    1311, 1311
    2455, 2455
    10535, 10535
    4280, 4280
    10852, 10852
    158, 158
    10098, 10098
    12679, 12679
    3741, 3741
    920, 920
    10835, 10835
    1011, 1011
    1177, 1177
    2483, 2483
    11759, 11759
    8004, 8004
    12837, 12837
    12511, 12511
    10241, 10241
    14369, 14369
    3586, 3586
    3918, 3918
    3555, 3555
    2598, 2598
    7171, 7171
    9238, 9238
    12901, 12901
    310, 310
    1097, 1097
    12434, 12434
    7768, 7768
    10043, 10043
    10110, 10110
    4381, 4381
    11202, 11202
    10754, 10754
    13178, 13178
    14216, 14216
    11255, 11255
    1500, 1500
    15338, 15338
    4074, 4074
    759, 759
    536, 536
    10479, 10479
    14039, 14039
    10601, 10601
    5766, 5766
    7123, 7123
    11226, 11226
    2970, 2970
    4552, 4552
    7910, 7910
    9098, 9098
    10921, 10921
    14114, 14114
    9152, 9152
    10518, 10518
    10928, 10928
    12774, 12774
    4686, 4686
    8610, 8610
    2219, 2219
    3427, 3427
    11717, 11717
    1054, 1054
    5916, 5916
    13805, 13805
    2371, 2371
    7249, 7249
    5762, 5762
    7591, 7591
    6856, 6856
    3449, 3449
    10228, 10228
    1145, 1145
    10943, 10943
    11847, 11847
    9080, 9080
    15590, 15590
    14175, 14175
    13265, 13265
    13412, 13412
    13557, 13557
    31, 31
    10121, 10121
    11172, 11172
    8818, 8818
    4780, 4780
    12740, 12740
    2582, 2582
    10963, 10963
    6879, 6879
    11869, 11869
    10140, 10140
    7460, 7460
    14547, 14547
    13782, 13782
    2935, 2935
    5244, 5244
    6763, 6763
    11232, 11232
    9359, 9359
    11666, 11666
    71, 71
    10602, 10602
    2637, 2637
    7745, 7745
    11251, 11251
    13212, 13212
    9141, 9141
    11899, 11899
    3348, 3348
    8114, 8114
    3286, 3286
    7129, 7129
    12342, 12342
    48, 48
    1623, 1623
    4738, 4738
    15645, 15645
    3127, 3127
    7554, 7554
    5868, 5868
    1656, 1656
    15563, 15563
    3667, 3667
    5959, 5959
    7500, 7500
    14758, 14758
    5713, 5713
    10318, 10318
    15269, 15269
    13137, 13137
    4883, 4883
    11521, 11521
    14865, 14865
    5054, 5054
    4721, 4721
    2384, 2384
    12435, 12435
    6926, 6926
    6510, 6510
    6486, 6486
    3796, 3796
    1284, 1284
    9570, 9570
    3793, 3793
    7392, 7392
    3017, 3017
    15277, 15277
    4603, 4603
    3364, 3364
    4045, 4045
    11092, 11092
    597, 597
    3874, 3874
    8259, 8259
    11965, 11965
    12269, 12269
    12973, 12973
    6155, 6155
    6444, 6444
    14320, 14320
    3522, 3522
    5366, 5366
    1495, 1495
    10005, 10005
    14290, 14290
    5802, 5802
    13187, 13187
    6579, 6579
    4403, 4403
    15047, 15047
    6865, 6865
    12652, 12652
    13291, 13291
    15418, 15418
    169, 169
    9019, 9019
    7148, 7148
    7015, 7015
    690, 690
    15039, 15039
    10086, 10086
    14058, 14058
    9822, 9822
    15284, 15284
    13905, 13905
    13771, 13771
    2153, 2153
    12347, 12347
    4661, 4661
    11748, 11748
    14607, 14607
    903, 903
    12613, 12613
    3375, 3375
    9575, 9575
    13625, 13625
    12544, 12544
    558, 558
    11345, 11345
    9711, 9711
    2235, 2235
    6690, 6690
    8307, 8307
    7282, 7282
    12071, 12071
    722, 722
    12430, 12430
    10730, 10730
    5137, 5137
    14408, 14408
    7266, 7266
    9283, 9283
    12989, 12989
    13907, 13907
    4631, 4631
    15523, 15523
    12467, 12467
    5639, 5639
    556, 556
    9197, 9197
    6691, 6691
    13259, 13259
    6256, 6256
    2402, 2402
    10674, 10674
    1633, 1633
    1213, 1213
    7527, 7527
    9333, 9333
    9713, 9713
    6889, 6889
    11174, 11174
    8515, 8515
    12328, 12328
    8317, 8317
    10371, 10371
    5798, 5798
    5767, 5767
    4114, 4114
    8831, 8831
    10941, 10941
    14834, 14834
    5537, 5537
    13563, 13563
    2515, 2515
    14056, 14056
    1861, 1861
    10999, 10999
    13446, 13446
    1093, 1093
    2141, 2141
    6134, 6134
    5423, 5423
    10006, 10006
    9384, 9384
    4622, 4622
    12271, 12271
    4222, 4222
    6054, 6054
    10675, 10675
    3768, 3768
    895, 895
    10163, 10163
    8715, 8715
    4926, 4926
    3256, 3256
    7048, 7048
    10198, 10198
    11306, 11306
    8632, 8632
    609, 609
    2839, 2839
    7126, 7126
    4098, 4098
    5806, 5806
    15460, 15460
    13925, 13925
    7520, 7520
    1760, 1760
    14937, 14937
    14682, 14682
    15925, 15925
    5220, 5220
    972, 972
    3783, 3783
    4542, 4542
    5270, 5270
    6551, 6551
    9160, 9160
    3565, 3565
    8578, 8578
    9864, 9864
    13060, 13060
    14427, 14427
    1802, 1802
    10411, 10411
    13455, 13455
    8002, 8002
    7376, 7376
    7092, 7092
    968, 968
    6177, 6177
    4241, 4241
    3803, 3803
    8341, 8341
    7572, 7572
    427, 427
    12353, 12353
    13356, 13356
    5804, 5804
    6544, 6544
    14191, 14191
    12829, 12829
    9608, 9608
    630, 630
    11987, 11987
    15368, 15368
    12244, 12244
    333, 333
    14866, 14866
    4941, 4941
    12465, 12465
    14532, 14532
    454, 454
    217, 217
    14237, 14237
    4037, 4037
    3171, 3171
    2409, 2409
    4413, 4413
    1223, 1223
    14296, 14296
    7970, 7970
    10315, 10315
    12535, 12535
    15974, 15974
    9852, 9852
    5442, 5442
    13707, 13707
    11934, 11934
    9162, 9162
    2473, 2473
    14849, 14849
    1412, 1412
    232, 232
    9380, 9380
    7757, 7757
    4374, 4374
    15285, 15285
    6222, 6222
    6995, 6995
    15916, 15916
    6972, 6972
    6814, 6814
    990, 990
    2667, 2667
    406, 406
    12277, 12277
    12564, 12564
    6393, 6393
    141, 141
    4340, 4340
    4368, 4368
    10155, 10155
    14804, 14804
    2730, 2730
    1585, 1585
    13487, 13487
    13891, 13891
    1084, 1084
    12045, 12045
    5972, 5972
    8564, 8564
    4498, 4498
    4010, 4010
    13295, 13295
    10732, 10732
    3487, 3487
    5172, 5172
    9771, 9771
    8747, 8747
    14949, 14949
    11440, 11440
    1664, 1664
    12028, 12028
    4903, 4903
    4968, 4968
    12093, 12093
    3402, 3402
    5242, 5242
    5280, 5280
    6235, 6235
    4784, 4784
    4462, 4462
    7116, 7116
    14037, 14037
    14591, 14591
    4976, 4976
    5570, 5570
    3888, 3888
    13540, 13540
    8760, 8760
    13156, 13156
    11492, 11492
    9907, 9907
    8732, 8732
    10795, 10795
    6895, 6895
    7473, 7473
    12216, 12216
    11737, 11737
    11079, 11079
    15393, 15393
    11294, 11294
    9561, 9561
    13138, 13138
    13921, 13921
    11781, 11781
    14068, 14068
    605, 605
    9001, 9001
    3145, 3145
    4199, 4199
    6887, 6887
    8042, 8042
    14737, 14737
    2546, 2546
    1940, 1940
    12118, 12118
    4034, 4034
    14174, 14174
    10692, 10692
    10231, 10231
    12119, 12119
    3743, 3743
    1231, 1231
    7995, 7995
    8682, 8682
    8553, 8553
    837, 837
    3344, 3344
    6555, 6555
    15738, 15738
    7914, 7914
    3790, 3790
    12985, 12985
    12839, 12839
    2547, 2547
    11992, 11992
    13823, 13823
    1774, 1774
    1650, 1650
    4581, 4581
    6748, 6748
    14661, 14661
    3477, 3477
    563, 563
    12878, 12878
    14741, 14741
    10170, 10170
    15370, 15370
    14164, 14164
    13548, 13548
    10046, 10046
    1023, 1023
    13975, 13975
    5554, 5554
    12278, 12278
    4480, 4480
    13738, 13738
    1739, 1739
    6258, 6258
    13076, 13076
    10494, 10494
    5433, 5433
    7422, 7422
    4927, 4927
    6668, 6668
    874, 874
    15456, 15456
    14815, 14815
    8984, 8984
    9374, 9374
    14461, 14461
    6986, 6986
    14238, 14238
    5903, 5903
    400, 400
    5159, 5159
    9491, 9491
    4740, 4740
    3682, 3682
    13431, 13431
    3468, 3468
    13150, 13150
    5006, 5006
    121, 121
    4530, 4530
    10182, 10182
    15814, 15814
    3840, 3840
    1800, 1800
    14659, 14659
    8874, 8874
    2144, 2144
    2738, 2738
    6399, 6399
    4295, 4295
    7045, 7045
    5746, 5746
    9856, 9856
    9338, 9338
    3506, 3506
    2617, 2617
    12499, 12499
    3123, 3123
    7847, 7847
    4290, 4290
    7798, 7798
    3307, 3307
    7384, 7384
    7359, 7359
    14860, 14860
    4839, 4839
    2861, 2861
    10062, 10062
    1594, 1594
    3563, 3563
    4055, 4055
    6951, 6951
    3852, 3852
    9040, 9040
    8963, 8963
    15983, 15983
    7662, 7662
    13976, 13976
    10521, 10521
    648, 648
    2259, 2259
    3899, 3899
    2137, 2137
    13675, 13675
    14645, 14645
    2444, 2444
    7867, 7867
    6415, 6415
    1584, 1584
    1063, 1063
    12900, 12900
    4964, 4964
    3940, 3940
    15824, 15824
    10497, 10497
    12391, 12391
    14187, 14187
    5371, 5371
    1637, 1637
    613, 613
    15180, 15180
    7081, 7081
    4348, 4348
    1772, 1772
    9276, 9276
    14223, 14223
    14153, 14153
    11937, 11937
    9490, 9490
    8172, 8172
    3825, 3825
    8344, 8344
    14605, 14605
    5455, 5455
    5946, 5946
    1666, 1666
    8349, 8349
    15829, 15829
    6859, 6859
    11546, 11546
    8557, 8557
    186, 186
    3330, 3330
    3260, 3260
    14354, 14354
    14127, 14127
    3528, 3528
    10496, 10496
    3860, 3860
    4478, 4478
    9824, 9824
    12702, 12702
    1483, 1483
    5544, 5544
    3394, 3394
    6743, 6743
    13612, 13612
    10738, 10738
    10592, 10592
    3404, 3404
    14074, 14074
    535, 535
    10068, 10068
    12074, 12074
    2364, 2364
    6593, 6593
    13949, 13949
    13803, 13803
    3460, 3460
    3162, 3162
    11477, 11477
    11278, 11278
    1820, 1820
    8832, 8832
    12880, 12880
    9705, 9705
    9707, 9707
    10917, 10917
    5486, 5486
    6104, 6104
    10427, 10427
    5980, 5980
    6331, 6331
    2065, 2065
    151, 151
    13655, 13655
    2461, 2461
    12929, 12929
    8937, 8937
    4097, 4097
    9709, 9709
    15388, 15388
    11657, 11657
    6967, 6967
    1954, 1954
    3750, 3750
    9623, 9623
    5203, 5203
    11299, 11299
    6949, 6949
    5594, 5594
    13561, 13561
    926, 926
    9132, 9132
    9088, 9088
    14208, 14208
    4270, 4270
    8595, 8595
    9192, 9192
    5477, 5477
    4269, 4269
    6777, 6777
    1767, 1767
    14821, 14821
    13577, 13577
    14546, 14546
    9849, 9849
    3042, 3042
    11494, 11494
    4695, 4695
    9417, 9417
    4135, 4135
    2072, 2072
    15080, 15080
    10406, 10406
    2608, 2608
    9715, 9715
    9452, 9452
    3426, 3426
    13218, 13218
    15470, 15470
    2136, 2136
    5035, 5035
    3429, 3429
    2468, 2468
    10298, 10298
    4428, 4428
    5064, 5064
    1699, 1699
    11875, 11875
    4791, 4791
    8628, 8628
    12748, 12748
    6718, 6718
    618, 618
    7471, 7471
    15065, 15065
    2995, 2995
    12199, 12199
    7568, 7568
    14572, 14572
    6507, 6507
    4264, 4264
    8171, 8171
    4753, 4753
    15902, 15902
    10981, 10981
    5652, 5652
    6938, 6938
    14862, 14862
    504, 504
    2212, 2212
    7694, 7694
    5917, 5917
    7870, 7870
    9250, 9250
    6392, 6392
    2053, 2053
    3269, 3269
    9072, 9072
    9457, 9457
    12647, 12647
    2180, 2180
    6339, 6339
    13290, 13290
    109, 109
    3712, 3712
    11959, 11959
    4700, 4700
    11667, 11667
    9885, 9885
    3391, 3391
    4444, 4444
    14413, 14413
    10802, 10802
    468, 468
    15775, 15775
    5116, 5116
    3588, 3588
    13188, 13188
    5703, 5703
    12281, 12281
    5138, 5138
    7497, 7497
    291, 291
    4185, 4185
    2060, 2060
    3732, 3732
    6389, 6389
    9424, 9424
    2607, 2607
    7360, 7360
    8257, 8257
    1996, 1996
    13298, 13298
    2741, 2741
    12258, 12258
    5078, 5078
    15729, 15729
    6636, 6636
    14126, 14126
    6966, 6966
    11191, 11191
    8088, 8088
    12956, 12956
    10259, 10259
    3756, 3756
    14314, 14314
    7059, 7059
    10896, 10896
    4741, 4741
    14728, 14728
    15152, 15152
    1551, 1551
    9299, 9299
    12832, 12832
    7226, 7226
    505, 505
    2236, 2236
    5989, 5989
    25, 25
    4001, 4001
    9611, 9611
    14560, 14560
    11578, 11578
    7532, 7532
    9538, 9538
    15606, 15606
    3272, 3272
    3390, 3390
    14567, 14567
    2432, 2432
    5764, 5764
    14043, 14043
    6124, 6124
    6130, 6130
    1325, 1325
    7333, 7333
    5507, 5507
    2938, 2938
    4250, 4250
    12623, 12623
    5197, 5197
    14838, 14838
    12576, 12576
    12796, 12796
    13954, 13954
    3029, 3029
    7317, 7317
    4297, 4297
    7667, 7667
    15882, 15882
    5860, 5860
    2711, 2711
    11668, 11668
    10165, 10165
    9547, 9547
    9533, 9533
    9988, 9988
    1827, 1827
    8283, 8283
    2210, 2210
    12212, 12212
    3039, 3039
    12341, 12341
    3486, 3486
    2462, 2462
    4133, 4133
    9423, 9423
    5912, 5912
    3075, 3075
    6708, 6708
    1060, 1060
    14194, 14194
    6077, 6077
    9415, 9415
    11835, 11835
    5609, 5609
    6018, 6018
    6022, 6022
    15049, 15049
    9636, 9636
    3887, 3887
    261, 261
    12142, 12142
    12282, 12282
    14241, 14241
    14954, 14954
    12686, 12686
    6372, 6372
    6675, 6675
    3058, 3058
    13175, 13175
    2475, 2475
    14799, 14799
    13169, 13169
    2538, 2538
    9492, 9492
    2664, 2664
    8745, 8745
    13997, 13997
    317, 317
    2703, 2703
    9237, 9237
    5408, 5408
    15247, 15247
    2224, 2224
    1642, 1642
    971, 971
    89, 89
    10960, 10960
    3752, 3752
    4491, 4491
    10282, 10282
    12125, 12125
    5909, 5909
    10530, 10530
    11221, 11221
    14846, 14846
    12579, 12579
    10420, 10420
    10621, 10621
    8091, 8091
    8858, 8858
    11572, 11572
    9372, 9372
    3948, 3948
    2452, 2452
    5127, 5127
    8828, 8828
    11839, 11839
    12307, 12307
    14288, 14288
    1870, 1870
    15339, 15339
    8590, 8590
    11228, 11228
    5221, 5221
    15340, 15340
    11906, 11906
    14916, 14916
    7245, 7245
    3900, 3900
    8518, 8518
    774, 774
    12064, 12064
    12442, 12442
    4349, 4349
    5545, 5545
    9574, 9574
    7890, 7890
    5464, 5464
    1117, 1117
    11148, 11148
    10230, 10230
    15835, 15835
    6932, 6932
    14150, 14150
    13490, 13490
    12753, 12753
    2247, 2247
    1715, 1715
    10630, 10630
    913, 913
    10844, 10844
    6557, 6557
    1682, 1682
    11601, 11601
    2884, 2884
    3476, 3476
    4096, 4096
    7523, 7523
    14419, 14419
    417, 417
    5315, 5315
    13122, 13122
    9808, 9808
    10962, 10962
    15194, 15194
    6226, 6226
    780, 780
    1859, 1859
    3822, 3822
    5694, 5694
    3997, 3997
    12721, 12721
    7299, 7299
    29, 29
    14362, 14362
    4332, 4332
    11379, 11379
    15097, 15097
    2847, 2847
    14003, 14003
    324, 324
    12630, 12630
    12897, 12897
    5240, 5240
    4425, 4425
    12543, 12543
    15218, 15218
    12944, 12944
    13029, 13029
    14616, 14616
    7800, 7800
    4665, 4665
    2851, 2851
    5590, 5590
    12320, 12320
    934, 934
    13139, 13139
    5446, 5446
    5901, 5901
    4112, 4112
    13846, 13846
    9056, 9056
    2825, 2825
    1360, 1360
    1539, 1539
    7794, 7794
    4244, 4244
    11061, 11061
    10515, 10515
    9030, 9030
    13506, 13506
    3629, 3629
    14005, 14005
    5712, 5712
    12466, 12466
    7477, 7477
    6307, 6307
    2516, 2516
    1493, 1493
    12601, 12601
    1748, 1748
    15300, 15300
    9846, 9846
    9887, 9887
    9440, 9440
    244, 244
    5422, 5422
    5026, 5026
    7811, 7811
    12693, 12693
    9886, 9886
    6576, 6576
    12868, 12868
    13452, 13452
    11651, 11651
    8432, 8432
    4494, 4494
    3875, 3875
    8186, 8186
    327, 327
    8467, 8467
    12976, 12976
    7579, 7579
    11694, 11694
    296, 296
    12587, 12587
    82, 82
    9353, 9353
    13074, 13074
    12330, 12330
    14738, 14738
    9647, 9647
    13592, 13592
    1776, 1776
    111, 111
    12295, 12295
    7138, 7138
    1249, 1249
    5286, 5286
    5096, 5096
    9620, 9620
    11048, 11048
    7318, 7318
    7409, 7409
    11400, 11400
    8416, 8416
    4189, 4189
    9393, 9393
    5144, 5144
    1982, 1982
    14480, 14480
    9120, 9120
    12964, 12964
    13978, 13978
    4053, 4053
    9287, 9287
    9349, 9349
    7504, 7504
    823, 823
    13999, 13999
    9745, 9745
    6584, 6584
    10519, 10519
    11512, 11512
    4906, 4906
    10004, 10004
    2076, 2076
    3452, 3452
    8554, 8554
    12072, 12072
    8586, 8586
    10099, 10099
    15931, 15931
    6479, 6479
    14491, 14491
    11101, 11101
    7105, 7105
    10073, 10073
    12040, 12040
    11320, 11320
    14197, 14197
    9838, 9838
    680, 680
    14592, 14592
    12446, 12446
    1609, 1609
    3802, 3802
    3488, 3488
    2128, 2128
    3994, 3994
    818, 818
    8287, 8287
    12005, 12005
    8145, 8145
    5136, 5136
    8788, 8788
    6136, 6136
    9270, 9270
    12677, 12677
    4183, 4183
    11916, 11916
    10546, 10546
    3677, 3677
    889, 889
    6058, 6058
    1504, 1504
    813, 813
    11326, 11326
    2731, 2731
    43, 43
    11411, 11411
    178, 178
    7420, 7420
    2628, 2628
    3503, 3503
    6251, 6251
    13974, 13974
    12034, 12034
    1064, 1064
    12194, 12194
    4696, 4696
    5200, 5200
    13638, 13638
    10821, 10821
    11587, 11587
    12345, 12345
    3971, 3971
    5922, 5922
    12191, 12191
    4781, 4781
    9114, 9114
    831, 831
    2048, 2048
    1519, 1519
    12084, 12084
    11037, 11037
    396, 396
    5148, 5148
    11745, 11745
    8930, 8930
    15134, 15134
    11950, 11950
    10526, 10526
    5049, 5049
    8821, 8821
    9519, 9519
    11084, 11084
    285, 285
    3298, 3298
    6147, 6147
    5872, 5872
    13868, 13868
    13806, 13806
    3973, 3973
    5264, 5264
    5624, 5624
    293, 293
    15037, 15037
    4165, 4165
    10339, 10339
    4604, 4604
    7196, 7196
    14641, 14641
    10761, 10761
    2085, 2085
    7375, 7375
    15288, 15288
    4265, 4265
    14205, 14205
    9638, 9638
    11393, 11393
    5571, 5571
    13911, 13911
    12492, 12492
    6618, 6618
    677, 677
    3420, 3420
    14033, 14033
    10096, 10096
    13550, 13550
    4693, 4693
    15222, 15222
    10079, 10079
    8568, 8568
    7823, 7823
    1702, 1702
    9206, 9206
    1674, 1674
    15117, 15117
    9935, 9935
    10892, 10892
    8411, 8411
    1685, 1685
    2454, 2454
    13281, 13281
    356, 356
    2971, 2971
    5597, 5597
    14460, 14460
    9811, 9811
    9800, 9800
    10532, 10532
    7079, 7079
    4033, 4033
    8368, 8368
    7952, 7952
    11193, 11193
    12633, 12633
    11023, 11023
    11195, 11195
    15035, 15035
    1911, 1911
    1775, 1775
    14415, 14415
    4020, 4020
    3724, 3724
    14490, 14490
    14211, 14211
    6756, 6756
    6623, 6623
    803, 803
    11321, 11321
    510, 510
    8866, 8866
    4838, 4838
    13515, 13515
    12959, 12959
    6968, 6968
    14542, 14542
    14265, 14265
    4782, 4782
    3789, 3789
    6453, 6453
    1849, 1849
    11520, 11520
    2908, 2908
    9723, 9723
    10340, 10340
    1086, 1086
    6728, 6728
    747, 747
    14856, 14856
    2309, 2309
    7931, 7931
    13904, 13904
    14035, 14035
    5224, 5224
    7899, 7899
    6570, 6570
    12715, 12715
    10836, 10836
    13250, 13250
    8300, 8300
    12655, 12655
    15095, 15095
    7595, 7595
    2301, 2301
    1692, 1692
    10982, 10982
    4400, 4400
    6987, 6987
    5870, 5870
    3157, 3157
    7825, 7825
    10595, 10595
    3941, 3941
    12268, 12268
    8830, 8830
    4048, 4048
    4824, 4824
    12293, 12293
    10870, 10870
    14906, 14906
    4704, 4704
    1997, 1997
    2415, 2415
    11854, 11854
    5782, 5782
    9057, 9057
    14962, 14962
    8194, 8194
    1713, 1713
    1406, 1406
    4925, 4925
    8375, 8375
    10489, 10489
    11784, 11784
    1794, 1794
    7106, 7106
    8759, 8759
    15142, 15142
    8742, 8742
    440, 440
    6400, 6400
    12838, 12838
    2767, 2767
    4119, 4119
    8764, 8764
    1993, 1993
    6200, 6200
    14583, 14583
    12346, 12346
    3951, 3951
    3810, 3810
    5579, 5579
    3190, 3190
    4664, 4664
    13337, 13337
    1765, 1765
    11862, 11862
    952, 952
    4814, 4814
    6080, 6080
    8062, 8062
    4392, 4392
    1720, 1720
    5525, 5525
    3165, 3165
    4362, 4362
    13486, 13486
    14067, 14067
    982, 982
    14966, 14966
    14873, 14873
    13586, 13586
    10996, 10996
    3541, 3541
    8439, 8439
    728, 728
    2256, 2256
    6003, 6003
    15691, 15691
    4201, 4201
    6817, 6817
    8953, 8953
    2944, 2944
    11606, 11606
    8655, 8655
    10144, 10144
    2149, 2149
    12041, 12041
    5228, 5228
    461, 461
    15985, 15985
    2706, 2706
    2511, 2511
    1819, 1819
    15881, 15881
    1281, 1281
    9367, 9367
    3674, 3674
    7966, 7966
    6546, 6546
    8405, 8405
    3536, 3536
    3730, 3730
    8598, 8598
    10106, 10106
    753, 753
    5941, 5941
    10880, 10880
    7250, 7250
    10351, 10351
    9176, 9176
    2109, 2109
    6343, 6343
    13407, 13407
    3636, 3636
    6225, 6225
    14374, 14374
    13365, 13365
    9320, 9320
    1810, 1810
    6268, 6268
    905, 905
    4517, 4517
    6800, 6800
    9443, 9443
    15625, 15625
    2357, 2357
    13354, 13354
    5405, 5405
    11289, 11289
    4811, 4811
    1952, 1952
    3277, 3277
    15473, 15473
    3479, 3479
    3230, 3230
    13503, 13503
    15003, 15003
    7499, 7499
    5542, 5542
    3276, 3276
    781, 781
    15206, 15206
    8403, 8403
    8068, 8068
    13238, 13238
    15717, 15717
    11008, 11008
    9762, 9762
    5837, 5837
    8419, 8419
    3293, 3293
    8499, 8499
    14061, 14061
    10323, 10323
    5223, 5223
    13552, 13552
    6230, 6230
    2804, 2804
    4636, 4636
    6641, 6641
    14555, 14555
    669, 669
    488, 488
    1761, 1761
    8978, 8978
    3602, 3602
    2871, 2871
    9793, 9793
    10700, 10700
    6445, 6445
    15209, 15209
    1489, 1489
    716, 716
    224, 224
    1106, 1106
    15492, 15492
    7443, 7443
    11850, 11850
    2875, 2875
    69, 69
    4815, 4815
    11014, 11014
    13874, 13874
    14662, 14662
    3824, 3824
    7077, 7077
    14948, 14948
    6561, 6561
    9780, 9780
    10517, 10517
    237, 237
    10624, 10624
    13741, 13741
    2442, 2442
    9241, 9241
    4921, 4921
    12886, 12886
    5668, 5668
    4586, 4586
    5385, 5385
    15450, 15450
    11679, 11679
    6760, 6760
    9403, 9403
    199, 199
    4977, 4977
    9515, 9515
    10908, 10908
    10861, 10861
    11588, 11588
    15634, 15634
    10162, 10162
    13, 13
    8935, 8935
    6106, 6106
    2463, 2463
    1435, 1435
    12252, 12252
    9418, 9418
    4766, 4766
    8535, 8535
    11236, 11236
    8070, 8070
    13447, 13447
    3081, 3081
    9735, 9735
    799, 799
    275, 275
    1200, 1200
    8087, 8087
    997, 997
    8792, 8792
    3502, 3502
    15720, 15720
    7174, 7174
    792, 792
    14630, 14630
    9639, 9639
    9922, 9922
    12495, 12495
    12783, 12783
    1607, 1607
    9957, 9957
    11647, 11647
    7417, 7417
    5308, 5308
    15357, 15357
    1104, 1104
    12372, 12372
    11685, 11685
    9329, 9329
    1259, 1259
    1283, 1283
    6745, 6745
    6395, 6395
    3044, 3044
    1272, 1272
    11749, 11749
    6647, 6647
    2747, 2747
    10205, 10205
    4188, 4188
    11404, 11404
    11001, 11001
    11980, 11980
    15058, 15058
    1946, 1946
    3271, 3271
    4605, 4605
    2900, 2900
    2666, 2666
    4810, 4810
    5716, 5716
    15281, 15281
    3512, 3512
    5520, 5520
    6480, 6480
    14424, 14424
    8548, 8548
    11625, 11625
    7762, 7762
    14990, 14990
    7102, 7102
    7303, 7303
    5104, 5104
    628, 628
    15878, 15878
    7256, 7256
    4139, 4139
    9665, 9665
    13329, 13329
    4330, 4330
    5403, 5403
    12022, 12022
    453, 453
    3137, 3137
    7837, 7837
    3313, 3313
    1840, 1840
    3969, 3969
    1522, 1522
    13886, 13886
    2761, 2761
    9680, 9680
    5891, 5891
    13470, 13470
    14977, 14977
    5563, 5563
    15090, 15090
    13394, 13394
    12649, 12649
    10860, 10860
    11670, 11670
    8387, 8387
    12726, 12726
    13001, 13001
    2566, 2566
    9463, 9463
    2922, 2922
    4894, 4894
    15108, 15108
    6784, 6784
    14456, 14456
    5318, 5318
    9978, 9978
    113, 113
    7285, 7285
    14422, 14422
    2548, 2548
    9942, 9942
    4879, 4879
    5399, 5399
    4924, 4924
    2159, 2159
    1823, 1823
    7465, 7465
    389, 389
    6626, 6626
    477, 477
    4640, 4640
    11728, 11728
    4452, 4452
    14709, 14709
    1107, 1107
    7441, 7441
    10934, 10934
    9295, 9295
    9139, 9139
    2314, 2314
    12169, 12169
    13774, 13774
    10164, 10164
    101, 101
    7507, 7507
    11929, 11929
    9180, 9180
    15854, 15854
    2769, 2769
    12910, 12910
    5650, 5650
    967, 967
    6285, 6285
    4014, 4014
    4865, 4865
    12703, 12703
    12488, 12488
    12160, 12160
    1073, 1073
    5377, 5377
    11686, 11686
    9653, 9653
    7003, 7003
    12146, 12146
    4066, 4066
    12309, 12309
    10889, 10889
    3090, 3090
    13071, 13071
    188, 188
    6493, 6493
    1480, 1480
    1639, 1639
    8949, 8949
    5505, 5505
    7300, 7300
    2771, 2771
    13605, 13605
    15834, 15834
    4353, 4353
    2915, 2915
    2134, 2134
    15769, 15769
    1565, 1565
    6854, 6854
    2299, 2299
    1563, 1563
    4701, 4701
    9880, 9880
    15963, 15963
    9340, 9340
    12585, 12585
    3666, 3666
    9948, 9948
    3328, 3328
    13897, 13897
    9395, 9395
    5499, 5499
    14251, 14251
    8000, 8000
    13769, 13769
    12143, 12143
    1636, 1636
    5999, 5999
    5883, 5883
    10585, 10585
    12676, 12676
    9223, 9223
    2410, 2410
    2250, 2250
    9687, 9687
    1547, 1547
    1472, 1472
    626, 626
    8452, 8452
    891, 891
    1904, 1904
    14220, 14220
    13092, 13092
    11333, 11333
    7885, 7885
    15056, 15056
    12076, 12076
    15754, 15754
    9621, 9621
    15797, 15797
    8294, 8294
    8234, 8234
    4434, 4434
    12498, 12498
    3161, 3161
    10232, 10232
    2798, 2798
    3118, 3118
    12778, 12778
    2930, 2930
    13686, 13686
    7021, 7021
    12619, 12619
    4895, 4895
    7650, 7650
    3507, 3507
    13616, 13616
    4592, 4592
    6612, 6612
    5494, 5494
    6575, 6575
    5440, 5440
    15776, 15776
    14268, 14268
    4986, 4986
    8460, 8460
    4361, 4361
    5401, 5401
    8047, 8047
    11185, 11185
    10966, 10966
    12318, 12318
    7412, 7412
    4830, 4830
    4596, 4596
    14396, 14396
    2118, 2118
    10422, 10422
    9484, 9484
    1038, 1038
    3295, 3295
    2514, 2514
    12161, 12161
    176, 176
    7306, 7306
    120, 120
    11758, 11758
    3653, 3653
    9770, 9770
    649, 649
    6424, 6424
    3437, 3437
    15723, 15723
    6031, 6031
    10151, 10151
    13042, 13042
    10640, 10640
    6272, 6272
    5895, 5895
    11804, 11804
    13420, 13420
    785, 785
    1027, 1027
    3175, 3175
    5109, 5109
    5261, 5261
    900, 900
    1792, 1792
    2266, 2266
    306, 306
    9207, 9207
    1377, 1377
    22, 22
    2290, 2290
    15659, 15659
    14426, 14426
    13952, 13952
    2372, 2372
    11186, 11186
    5420, 5420
    12471, 12471
    13857, 13857
    9964, 9964
    5201, 5201
    11793, 11793
    6156, 6156
    10796, 10796
    8954, 8954
    9220, 9220
    10037, 10037
    9199, 9199
    8658, 8658
    14841, 14841
    7459, 7459
    795, 795
    1797, 1797
    2850, 2850
    7204, 7204
    5108, 5108
    1804, 1804
    8985, 8985
    8199, 8199
    13610, 13610
    4449, 4449
    13943, 13943
    10186, 10186
    11798, 11798
    298, 298
    4849, 4849
    4422, 4422
    10862, 10862
    8262, 8262
    13671, 13671
    10444, 10444
    9662, 9662
    5627, 5627
    8135, 8135
    12856, 12856
    5152, 5152
    15828, 15828
    10107, 10107
    3880, 3880
    13343, 13343
    2195, 2195
    5281, 5281
    1983, 1983
    3681, 3681
    11087, 11087
    1630, 1630
    12946, 12946
    7208, 7208
    2058, 2058
    1067, 1067
    3787, 3787
    3705, 3705
    8183, 8183
    2873, 2873
    15844, 15844
    12801, 12801
    921, 921
    12497, 12497
    4952, 4952
    15133, 15133
    8459, 8459
    11264, 11264
    1487, 1487
    13839, 13839
    7468, 7468
    5858, 5858
    8521, 8521
    14911, 14911
    12241, 12241
    15755, 15755
    2651, 2651
    12884, 12884
    15385, 15385
    14169, 14169
    10597, 10597
    13762, 13762
    10267, 10267
    15627, 15627
    13127, 13127
    13481, 13481
    8700, 8700
    2819, 2819
    6602, 6602
    4950, 4950
    3553, 3553
    11969, 11969
    9512, 9512
    13581, 13581
    1340, 1340
    4609, 4609
    1538, 1538
    11358, 11358
    6620, 6620
    15765, 15765
    13322, 13322
    15850, 15850
    1852, 1852
    945, 945
    14743, 14743
    12394, 12394
    13086, 13086
    7940, 7940
    7599, 7599
    6407, 6407
    15903, 15903
    12283, 12283
    835, 835
    1732, 1732
    4253, 4253
    8579, 8579
    1300, 1300
    3944, 3944
    7786, 7786
    14837, 14837
    12887, 12887
    2781, 2781
    11574, 11574
    10476, 10476
    15553, 15553
    10642, 10642
    10786, 10786
    3100, 3100
    11641, 11641
    5460, 5460
    5073, 5073
    5369, 5369
    12228, 12228
    6206, 6206
    1842, 1842
    12947, 12947
    10853, 10853
    5836, 5836
    4461, 4461
    2673, 2673
    12508, 12508
    10828, 10828
    1433, 1433
    12826, 12826
    5210, 5210
    13381, 13381
    9904, 9904
    9605, 9605
    8793, 8793
    1587, 1587
    11924, 11924
    8146, 8146
    3589, 3589
    14843, 14843
    11688, 11688
    7555, 7555
    15084, 15084
    4031, 4031
    5629, 5629
    7370, 7370
    15585, 15585
    5945, 5945
    5273, 5273
    7618, 7618
    11303, 11303
    1174, 1174
    12340, 12340
    13111, 13111
    10290, 10290
    6948, 6948
    3369, 3369
    7032, 7032
    13482, 13482
    6173, 6173
    11126, 11126
    10967, 10967
    12557, 12557
    7967, 7967
    11721, 11721
    6844, 6844
    1496, 1496
    3505, 3505
    10368, 10368
    12489, 12489
    14927, 14927
    13144, 13144
    10766, 10766
    14644, 14644
    2957, 2957
    5984, 5984
    9504, 9504
    12773, 12773
    10770, 10770
    5020, 5020
    14133, 14133
    10227, 10227
    15951, 15951
    13895, 13895
    5404, 5404
    11840, 11840
    6072, 6072
    14800, 14800
    2139, 2139
    5844, 5844
    13416, 13416
    13533, 13533
    12684, 12684
    11060, 11060
    2218, 2218
    9226, 9226
    7642, 7642
    14688, 14688
    11858, 11858
    828, 828
    8577, 8577
    13353, 13353
    1277, 1277
    11714, 11714
    8022, 8022
    442, 442
    725, 725
    3187, 3187
    5569, 5569
    15377, 15377
    12419, 12419
    2288, 2288
    14132, 14132
    2125, 2125
    11323, 11323
    1576, 1576
    9751, 9751
    11818, 11818
    8767, 8767
    14974, 14974
    4322, 4322
    8367, 8367
    5910, 5910
    735, 735
    3671, 3671
    8600, 8600
    5589, 5589
    8048, 8048
    13667, 13667
    8007, 8007
    12606, 12606
    7212, 7212
    5171, 5171
    11436, 11436
    12770, 12770
    11561, 11561
    7424, 7424
    14628, 14628
    2708, 2708
    1595, 1595
    3591, 3591
    1092, 1092
    7052, 7052
    15455, 15455
    3444, 3444
    5828, 5828
    12945, 12945
    409, 409
    12237, 12237
    12580, 12580
    9472, 9472
    7780, 7780
    9107, 9107
    7289, 7289
    8583, 8583
    13278, 13278
    8999, 8999
    5729, 5729
    8741, 8741
    15073, 15073
    11848, 11848
    8074, 8074
    480, 480
    416, 416
    4558, 4558
    1403, 1403
    9102, 9102
    6791, 6791
    353, 353
    593, 593
    6662, 6662
    15956, 15956
    4460, 4460
    6912, 6912
    3325, 3325
    8226, 8226
    8417, 8417
    10586, 10586
    8191, 8191
    381, 381
    11495, 11495
    9960, 9960
    6150, 6150
    4667, 4667
    14272, 14272
    12591, 12591
    5162, 5162
    12876, 12876
    12185, 12185
    1965, 1965
    7603, 7603
    8036, 8036
    6952, 6952
    8822, 8822
    5249, 5249
    15935, 15935
    10565, 10565
    8546, 8546
    4204, 4204
    14024, 14024
    2889, 2889
    4100, 4100
    2526, 2526
    14571, 14571
    3024, 3024
    12744, 12744
    36, 36
    9314, 9314
    13543, 13543
    1034, 1034
    12407, 12407
    3517, 3517
    13723, 13723
    7286, 7286
    13225, 13225
    7026, 7026
    15853, 15853
    2520, 2520
    2650, 2650
    6427, 6427
    6772, 6772
    8099, 8099
    10070, 10070
    3083, 3083
    10926, 10926
    14083, 14083
    9828, 9828
    14437, 14437
    14912, 14912
    10430, 10430
    11152, 11152
    3736, 3736
    7862, 7862
    3048, 3048
    5958, 5958
    6861, 6861
    273, 273
    1917, 1917
    5983, 5983
    11453, 11453
    5484, 5484
    10142, 10142
    9718, 9718
    7366, 7366
    10784, 10784
    8957, 8957
    14294, 14294
    3104, 3104
    8898, 8898
    10533, 10533
    517, 517
    3242, 3242
    8988, 8988
    9552, 9552
    3837, 3837
    6627, 6627
    11922, 11922
    5396, 5396
    2599, 2599
    9941, 9941
    492, 492
    85, 85
    4227, 4227
    11383, 11383
    11114, 11114
    4672, 4672
    6684, 6684
    1211, 1211
    9720, 9720
    9997, 9997
    9288, 9288
    3264, 3264
    11708, 11708
    2800, 2800
    15087, 15087
    10386, 10386
    8581, 8581
    6050, 6050
    4151, 4151
    2936, 2936
    10742, 10742
    12531, 12531
    13499, 13499
    11113, 11113
    14899, 14899
    6824, 6824
    14665, 14665
    5487, 5487
    1303, 1303
    12574, 12574
    764, 764
    4291, 4291
    2609, 2609
    4426, 4426
    8799, 8799
    6899, 6899
    552, 552
    13032, 13032
    3794, 3794
    5439, 5439
    10449, 10449
    15710, 15710
    5847, 5847
    13048, 13048
    6354, 6354
    4502, 4502
    1689, 1689
    12432, 12432
    14325, 14325
    13080, 13080
    11920, 11920
    10118, 10118
    14507, 14507
    14462, 14462
    12924, 12924
    5257, 5257
    4117, 4117
    15151, 15151
    2369, 2369
    8109, 8109
    8219, 8219
    1557, 1557
    14955, 14955
    3278, 3278
    5300, 5300
    5755, 5755
    10756, 10756
    12553, 12553
    668, 668
    2274, 2274
    4272, 4272
    4514, 4514
    14159, 14159
    10922, 10922
    7928, 7928
    8020, 8020
    12670, 12670
    3050, 3050
    2242, 2242
    10690, 10690
    3432, 3432
    11165, 11165
    4223, 4223
    2344, 2344
    20, 20
    130, 130
    343, 343
    6121, 6121
    8280, 8280
    5781, 5781
    4646, 4646
    13558, 13558
    6637, 6637
    9911, 9911
    2498, 2498
    15763, 15763
    14199, 14199
    3967, 3967
    5025, 5025
    6428, 6428
    8955, 8955
    9369, 9369
    9202, 9202
    12827, 12827
    8661, 8661
    6090, 6090
    6195, 6195
    1544, 1544
    4065, 4065
    9061, 9061
    574, 574
    8299, 8299
    10265, 10265
    13937, 13937
    2129, 2129
    12354, 12354
    6916, 6916
    6103, 6103
    14312, 14312
    13512, 13512
    8845, 8845
    2753, 2753
    8215, 8215
    12421, 12421
    11407, 11407
    1886, 1886
    1315, 1315
    7091, 7091
    7982, 7982
    1640, 1640
    3305, 3305
    1897, 1897
    10830, 10830
    13876, 13876
    1070, 1070
    1258, 1258
    1665, 1665
    2211, 2211
    11593, 11593
    15176, 15176
    15976, 15976
    13019, 13019
    1331, 1331
    10639, 10639
    7696, 7696
    15918, 15918
    9731, 9731
    2553, 2553
    13984, 13984
    13756, 13756
    542, 542
    19, 19
    950, 950
    5059, 5059
    4826, 4826
    13386, 13386
    6043, 6043
    12135, 12135
    698, 698
    13270, 13270
    6945, 6945
    1114, 1114
    6186, 6186
    3372, 3372
    8981, 8981
    5068, 5068
    10380, 10380
    7451, 7451
    13037, 13037
    12203, 12203
    15640, 15640
    13965, 13965
    1111, 1111
    7558, 7558
    12376, 12376
    4377, 4377
    9600, 9600
    529, 529
    15764, 15764
    4944, 4944
    13531, 13531
    4633, 4633
    7759, 7759
    1912, 1912
    10829, 10829
    1746, 1746
    2586, 2586
    7845, 7845
    13896, 13896
    620, 620
    15308, 15308
    13364, 13364
    12636, 12636
    14405, 14405
    4742, 4742
    2941, 2941
    14151, 14151
    11062, 11062
    7164, 7164
    11125, 11125
    8522, 8522
    10718, 10718
    162, 162
    2932, 2932
    15586, 15586
    3749, 3749
    524, 524
    13078, 13078
    13235, 13235
    1631, 1631
    1132, 1132
    15364, 15364
    2999, 2999
    2555, 2555
    5551, 5551
    10238, 10238
    393, 393
    6172, 6172
    3785, 3785
    5429, 5429
    3715, 3715
    11169, 11169
    15411, 15411
    13957, 13957
    11526, 11526
    7195, 7195
    6954, 6954
    610, 610
    15165, 15165
    2784, 2784
    10589, 10589
    9597, 9597
    13700, 13700
    4981, 4981
    6056, 6056
    8972, 8972
    7695, 7695
    4947, 4947
    15236, 15236
    12896, 12896
    13674, 13674
    13680, 13680
    12620, 12620
    6538, 6538
    13518, 13518
    7948, 7948
    11032, 11032
    4727, 4727
    10407, 10407
    7125, 7125
    10287, 10287
    10, 10
    9073, 9073
    6562, 6562
    7941, 7941
    4639, 4639
    3804, 3804
    14748, 14748
    11396, 11396
    13425, 13425
    6241, 6241
    6758, 6758
    14735, 14735
    13195, 13195
    5671, 5671
    1410, 1410
    15595, 15595
    1051, 1051
    13140, 13140
    15607, 15607
    8418, 8418
    7354, 7354
    6862, 6862
    4835, 4835
    10103, 10103
    3238, 3238
    47, 47
    5615, 5615
    13442, 13442
    8921, 8921
    15744, 15744
    7013, 7013
    1289, 1289
    15490, 15490
    4570, 4570
    12906, 12906
    15989, 15989
    13568, 13568
    11006, 11006
    11362, 11362
    15130, 15130
    11996, 11996
    10808, 10808
    2154, 2154
    13379, 13379
    1116, 1116
    14942, 14942
    9291, 9291
    3234, 3234
    195, 195
    6025, 6025
    11878, 11878
    7651, 7651
    6782, 6782
    8053, 8053
    13081, 13081
    2177, 2177
    9039, 9039
    12517, 12517
    9857, 9857
    12176, 12176
    13296, 13296
    13242, 13242
    15550, 15550
    11725, 11725
    7524, 7524
    1669, 1669
    12860, 12860
    4050, 4050
    13289, 13289
    4691, 4691
    11517, 11517
    10189, 10189
    7770, 7770
    6099, 6099
    12987, 12987
    10529, 10529
    5301, 5301
    7573, 7573
    3641, 3641
    3055, 3055
    15211, 15211
    4469, 4469
    15939, 15939
    4149, 4149
    7660, 7660
    10303, 10303
    7748, 7748
    5141, 5141
    14818, 14818
    5682, 5682
    4641, 4641
    13256, 13256
    9870, 9870
    6896, 6896
    9650, 9650
    137, 137
    10482, 10482
    13571, 13571
    3056, 3056
    15440, 15440
    9170, 9170
    15977, 15977
    15637, 15637
    10569, 10569
    7587, 7587
    3760, 3760
    6288, 6288
    15362, 15362
    15932, 15932
    14803, 14803
    10327, 10327
    1357, 1357
    5075, 5075
    14049, 14049
    12831, 12831
    267, 267
    6201, 6201
    9186, 9186
    12738, 12738
    9354, 9354
    11544, 11544
    7206, 7206
    12711, 12711
    11375, 11375
    12911, 12911
    7622, 7622
    13584, 13584
    2712, 2712
    15842, 15842
    2695, 2695
    15955, 15955
    1822, 1822
    4027, 4027
    998, 998
    4729, 4729
    10100, 10100
    11618, 11618
    1677, 1677
    1515, 1515
    4935, 4935
    8208, 8208
    12172, 12172
    8925, 8925
    5119, 5119
    11703, 11703
    5400, 5400
    1755, 1755
    77, 77
    12584, 12584
    243, 243
    6558, 6558
    7368, 7368
    2805, 2805
    8943, 8943
    4284, 4284
    7556, 7556
    9363, 9363
    10968, 10968
    12784, 12784
    3977, 3977
    3250, 3250
    7411, 7411
    12232, 12232
    5559, 5559
    1526, 1526
    13241, 13241
    2366, 2366
    2, 2
    5527, 5527
    13115, 13115
    15261, 15261
    9140, 9140
    15771, 15771
    14765, 14765
    4563, 4563
    4937, 4937
    2792, 2792
    9843, 9843
    15008, 15008
    11064, 11064
    938, 938
    6911, 6911
    1583, 1583
    14953, 14953
    6443, 6443
    3890, 3890
    15252, 15252
    10724, 10724
    6328, 6328
    11481, 11481
    8599, 8599
    13314, 13314
    1573, 1573
    2146, 2146
    7419, 7419
    9136, 9136
    12559, 12559
    13773, 13773
    9569, 9569
    5974, 5974
    13523, 13523
    7149, 7149
    13877, 13877
    14795, 14795
    11259, 11259
    2846, 2846
    11857, 11857
    7739, 7739
    5857, 5857
    4095, 4095
    2030, 2030
    15210, 15210
    2089, 2089
    15901, 15901
    5413, 5413
    3154, 3154
    15145, 15145
    5285, 5285
    15961, 15961
    13679, 13679
    13583, 13583
    10773, 10773
    1790, 1790
    11812, 11812
    11608, 11608
    4287, 4287
    5552, 5552
    3403, 3403
    254, 254
    11370, 11370
    13722, 13722
    4393, 4393
    8149, 8149
    9972, 9972
    15172, 15172
    6621, 6621
    12918, 12918
    4337, 4337
    7714, 7714
    7942, 7942
    12127, 12127
    4212, 4212
    11599, 11599
    15869, 15869
    1752, 1752
    4371, 4371
    123, 123
    2626, 2626
    3189, 3189
    8479, 8479
    9321, 9321
    10015, 10015
    7671, 7671
    11884, 11884
    10190, 10190
    8362, 8362
    4675, 4675
    10347, 10347
    851, 851
    14724, 14724
    10540, 10540
    6329, 6329
    430, 430
    7371, 7371
    2374, 2374
    6028, 6028
    14695, 14695
    5018, 5018
    4289, 4289
    10605, 10605
    3881, 3881
    4418, 4418
    10415, 10415
    15166, 15166
    7293, 7293
    1555, 1555
    4886, 4886
    3283, 3283
    13448, 13448
    8737, 8737
    10744, 10744
    14446, 14446
    12035, 12035
    12631, 12631
    13576, 13576
    2116, 2116
    8973, 8973
    8507, 8507
    9473, 9473
    6894, 6894
    4103, 4103
    175, 175
    5237, 5237
    15539, 15539
    3489, 3489
    8567, 8567
    4060, 4060
    2359, 2359
    9708, 9708
    1460, 1460
    3478, 3478
    3962, 3962
    10697, 10697
    4857, 4857
    363, 363
    6397, 6397
    6681, 6681
    10440, 10440
    14218, 14218
    5453, 5453
    5685, 5685
    960, 960
    7397, 7397
    2316, 2316
    12459, 12459
    11603, 11603
    14142, 14142
    6878, 6878
    12384, 12384
    4226, 4226
    9456, 9456
    7664, 7664
    10206, 10206
    12500, 12500
    14965, 14965
    4578, 4578
    1730, 1730
    1112, 1112
    2905, 2905
    10168, 10168
    9699, 9699
    2528, 2528
    10433, 10433
    2363, 2363
    11056, 11056
    9847, 9847
    11582, 11582
    2351, 2351
    3710, 3710
    215, 215
    3984, 3984
    10289, 10289
    10652, 10652
    8137, 8137
    2619, 2619
    13129, 13129
    9521, 9521
    11121, 11121
    1998, 1998
    15922, 15922
    3892, 3892
    2661, 2661
    6166, 6166
    9215, 9215
    15917, 15917
    15307, 15307
    9598, 9598
    15857, 15857
    7629, 7629
    1413, 1413
    9655, 9655
    11199, 11199
    11643, 11643
    14031, 14031
    700, 700
    8526, 8526
    13678, 13678
    8098, 8098
    1654, 1654
    1614, 1614
    13507, 13507
    6007, 6007
    11181, 11181
    1397, 1397
    9386, 9386
    7703, 7703
    4896, 4896
    14231, 14231
    2940, 2940
    6943, 6943
    8785, 8785
    7232, 7232
    12635, 12635
    2585, 2585
    1913, 1913
    3466, 3466
    4339, 4339
    7035, 7035
    9381, 9381
    2434, 2434
    14463, 14463
    2545, 2545
    5733, 5733
    15892, 15892
    9869, 9869
    15583, 15583
    12595, 12595
    2540, 2540
    12852, 12852
    10312, 10312
    12270, 12270
    14562, 14562
    13141, 13141
    2338, 2338
    15311, 15311
    14042, 14042
    6207, 6207
    10666, 10666
    15196, 15196
    15522, 15522
    8543, 8543
    14149, 14149
    3280, 3280
    3139, 3139
    13397, 13397
    1238, 1238
    11873, 11873
    15839, 15839
    5246, 5246
    5266, 5266
    8321, 8321
    15536, 15536
    2385, 2385
    13214, 13214
    15762, 15762
    10376, 10376
    8473, 8473
    12226, 12226
    13336, 13336
    7944, 7944
    292, 292
    13673, 13673
    6706, 6706
    2229, 2229
    3769, 3769
    1447, 1447
    10716, 10716
    13239, 13239
    10036, 10036
    6071, 6071
    14263, 14263
    2039, 2039
    13953, 13953
    1452, 1452
    12260, 12260
    4873, 4873
    11706, 11706
    12343, 12343
    11807, 11807
    5391, 5391
    6425, 6425
    4751, 4751
    15681, 15681
    4523, 4523
    14401, 14401
    1497, 1497
    7730, 7730
    7434, 7434
    3876, 3876
    2348, 2348
    114, 114
    3474, 3474
    13103, 13103
    15259, 15259
    3526, 3526
    12024, 12024
    3237, 3237
    12893, 12893
    10559, 10559
    11502, 11502
    3373, 3373
    5658, 5658
    13811, 13811
    473, 473
    9877, 9877
    13614, 13614
    10486, 10486
    7722, 7722
    14604, 14604
    4294, 4294
    15360, 15360
    6470, 6470
    9842, 9842
    7071, 7071
    10174, 10174
    10469, 10469
    14830, 14830
    9450, 9450
    9015, 9015
    3199, 3199
    9892, 9892
    15851, 15851
    8408, 8408
    1632, 1632
    3136, 3136
    1488, 1488
    8057, 8057
    3579, 3579
    3255, 3255
    8612, 8612
    3483, 3483
    14792, 14792
    1141, 1141
    6659, 6659
    6192, 6192
    9805, 9805
    1558, 1558
    3943, 3943
    3817, 3817
    3301, 3301
    528, 528
    2751, 2751
    12808, 12808
    7644, 7644
    11034, 11034
    8302, 8302
    1992, 1992
    12333, 12333
    8770, 8770
    1598, 1598
    1437, 1437
    12247, 12247
    3333, 3333
    7679, 7679
    13226, 13226
    6813, 6813
    9428, 9428
    14762, 14762
    7269, 7269
    10104, 10104
    5003, 5003
    569, 569
    10748, 10748
    2489, 2489
    15105, 15105
    8865, 8865
    11672, 11672
    11630, 11630
    2062, 2062
    9004, 9004
    12545, 12545
    12716, 12716
    6390, 6390
    5641, 5641
    14180, 14180
    8386, 8386
    6163, 6163
    5358, 5358
    14046, 14046
    4342, 4342
    1121, 1121
    2910, 2910
    3196, 3196
    14528, 14528
    12018, 12018
    4286, 4286
    6923, 6923
    13646, 13646
    7550, 7550
    11726, 11726
    15485, 15485
    8469, 8469
    1559, 1559
    10677, 10677
    9666, 9666
    1864, 1864
    15415, 15415
    2870, 2870
    1072, 1072
    6430, 6430
    9050, 9050
    4681, 4681
    3569, 3569
    14831, 14831
    9644, 9644
    8825, 8825
    5777, 5777
    4459, 4459
    8030, 8030
    14648, 14648
    1644, 1644
    3092, 3092
    15017, 15017
    11063, 11063
    4511, 4511
    12025, 12025
    10442, 10442
    10635, 10635
    3791, 3791
    7251, 7251
    10881, 10881
    5187, 5187
    7481, 7481
    13935, 13935
    10974, 10974
    3604, 3604
    5222, 5222
    8246, 8246
    672, 672
    8823, 8823
    7945, 7945
    13346, 13346
    2083, 2083
    6851, 6851
    15570, 15570
    11066, 11066
    9461, 9461
    12379, 12379
    2349, 2349
    66, 66
    3613, 3613
    12066, 12066
    9816, 9816
    4575, 4575
    11325, 11325
    10124, 10124
    11459, 11459
    11800, 11800
    13245, 13245
    4437, 4437
    2067, 2067
    11110, 11110
    7860, 7860
    12274, 12274
    8811, 8811
    5758, 5758
    281, 281
    9646, 9646
    3258, 3258
    15229, 15229
    6667, 6667
    10876, 10876
    2233, 2233
    14285, 14285
    3349, 3349
    4445, 4445
    12926, 12926
    14663, 14663
    13572, 13572
    4972, 4972
    13797, 13797
    4225, 4225
    12966, 12966
    2131, 2131
    2243, 2243
    13740, 13740
    9672, 9672
    3009, 3009
    2600, 2600
    4841, 4841
    4550, 4550
    3241, 3241
    8703, 8703
    10012, 10012
    9433, 9433
    2103, 2103
    11629, 11629
    6412, 6412
    9635, 9635
    1498, 1498
    12990, 12990
    11962, 11962
    1564, 1564
    15472, 15472
    330, 330
    3849, 3849
    9232, 9232
    1569, 1569
    9775, 9775
    12008, 12008
    5421, 5421
    8406, 8406
    9544, 9544
    10815, 10815
    287, 287
    8292, 8292
    15898, 15898
    10291, 10291
    1313, 1313
    12683, 12683
    1469, 1469
    11082, 11082
    3610, 3610
    6143, 6143
    7892, 7892
    6797, 6797
    8977, 8977
    5060, 5060
    13045, 13045
    9155, 9155
    11799, 11799
    14855, 14855
    4360, 4360
    2616, 2616
    5482, 5482
    962, 962
    15378, 15378
    892, 892
    6313, 6313
    14805, 14805
    11469, 11469
    13347, 13347
    15036, 15036
    5147, 5147
    14981, 14981
    15808, 15808
    11282, 11282
    4714, 4714
    12622, 12622
    4109, 4109
    1326, 1326
    7509, 7509
    9129, 9129
    14836, 14836
    9894, 9894
    3227, 3227
    3147, 3147
    709, 709
    339, 339
    11974, 11974
    5166, 5166
    12426, 12426
    5799, 5799
    3310, 3310
    8384, 8384
    4479, 4479
    6384, 6384
    4812, 4812
    14825, 14825
    14447, 14447
    8860, 8860
    1454, 1454
    11631, 11631
    14839, 14839
    9916, 9916
    5864, 5864
    9835, 9835
    2974, 2974
    15054, 15054
    15038, 15038
    7861, 7861
    7321, 7321
    1879, 1879
    15725, 15725
    14006, 14006
    11545, 11545
    8790, 8790
    2834, 2834
    9017, 9017
    4205, 4205
    2358, 2358
    13474, 13474
    5276, 5276
    2399, 2399
    14696, 14696
    10223, 10223
    5533, 5533
    9819, 9819
    13742, 13742
    13434, 13434
    15795, 15795
    15488, 15488
    8789, 8789
    3961, 3961
    4176, 4176
    3463, 3463
    3942, 3942
    4836, 4836
    12710, 12710
    6039, 6039
    3886, 3886
    6413, 6413
    7037, 7037
    12326, 12326
    2360, 2360
    14279, 14279
    9304, 9304
    7044, 7044
    14034, 14034
    9476, 9476
    5165, 5165
    7236, 7236
    10019, 10019
    2841, 2841
    13972, 13972
    9826, 9826
    10208, 10208
    7442, 7442
    11586, 11586
    447, 447
    3490, 3490
    7924, 7924
    9507, 9507
    11222, 11222
    12409, 12409
    11392, 11392
    6312, 6312
    2701, 2701
    10788, 10788
    8616, 8616
    14474, 14474
    12104, 12104
    15588, 15588
    2633, 2633
    11888, 11888
    13519, 13519
    5640, 5640
    11882, 11882
    14292, 14292
    7821, 7821
    10723, 10723
    10720, 10720
    14256, 14256
    10615, 10615
    21, 21
    6866, 6866
    7915, 7915
    12504, 12504
    4411, 4411
    5585, 5585
    2946, 2946
    5992, 5992
    651, 651
    5876, 5876
    9337, 9337
    659, 659
    1829, 1829
    8319, 8319
    13613, 13613
    12948, 12948
    8941, 8941
    3995, 3995
    10141, 10141
    14343, 14343
    6029, 6029
    1817, 1817
    7787, 7787
    1260, 1260
    9410, 9410
    4092, 4092
    112, 112
    8393, 8393
    14110, 14110
    5996, 5996
    15832, 15832
    11881, 11881
    615, 615
    8227, 8227
    3805, 3805
    5656, 5656
    14028, 14028
    7647, 7647
    10196, 10196
    10971, 10971
    12188, 12188
    5229, 5229
    9690, 9690
    6588, 6588
    7814, 7814
    11908, 11908
    14666, 14666
    15658, 15658
    4959, 4959
    9261, 9261
    4384, 4384
    8591, 8591
    14835, 14835
    10883, 10883
    1898, 1898
    9260, 9260
    10560, 10560
    12970, 12970
    564, 564
    15304, 15304
    2345, 2345
    14848, 14848
    14304, 14304
    5134, 5134
    8379, 8379
    6547, 6547
    12903, 12903
    2354, 2354
    3593, 3593
    15773, 15773
    8497, 8497
    6977, 6977
    9032, 9032
    7864, 7864
    8883, 8883
    6607, 6607
    12777, 12777
    7188, 7188
    13903, 13903
    1324, 1324
    1382, 1382
    14425, 14425
    8776, 8776
    7709, 7709
    7949, 7949
    11178, 11178
    13539, 13539
    7390, 7390
    13477, 13477
    14209, 14209
    6111, 6111
    1411, 1411
    1025, 1025
    12305, 12305
    9475, 9475
    5411, 5411
    2381, 2381
    13717, 13717
    12129, 12129
    14508, 14508
    5443, 5443
    1876, 1876
    2205, 2205
    8311, 8311
    2307, 2307
    2531, 2531
    4663, 4663
    10477, 10477
    168, 168
    1149, 1149
    8576, 8576
    844, 844
    10426, 10426
    12573, 12573
    11217, 11217
    15448, 15448
    3467, 3467
    14040, 14040
    4388, 4388
    4715, 4715
    7693, 7693
    9446, 9446
    1462, 1462
    2758, 2758
    9642, 9642
    13022, 13022
    10555, 10555
    15141, 15141
    15674, 15674
    2382, 2382
    8886, 8886
    7302, 7302
    12168, 12168
    897, 897
    8951, 8951
    14250, 14250
    6663, 6663
    4869, 4869
    11523, 11523
    11979, 11979
    9179, 9179
    2170, 2170
    6543, 6543
    9815, 9815
    13108, 13108
    15372, 15372
    12688, 12688
    3428, 3428
    13647, 13647
    3688, 3688
    12279, 12279
    9489, 9489
    10549, 10549
    6423, 6423
    11516, 11516
    1393, 1393
    14643, 14643
    10353, 10353
    5132, 5132
    443, 443
    15201, 15201
    6308, 6308
    6686, 6686
    12786, 12786
    2269, 2269
    14244, 14244
    9958, 9958
    670, 670
    14580, 14580
    1224, 1224
    8782, 8782
    8340, 8340
    5827, 5827
    10408, 10408
    1812, 1812
    4524, 4524
    13789, 13789
    6975, 6975
    11216, 11216
    1638, 1638
    11943, 11943
    13697, 13697
    4820, 4820
    13403, 13403
    12234, 12234
    3047, 3047
    1825, 1825
    9576, 9576
    15020, 15020
    10762, 10762
    11243, 11243
    2070, 2070
    6867, 6867
    13856, 13856
    13471, 13471
    10992, 10992
    6902, 6902
    7336, 7336
    9961, 9961
    6628, 6628
    13205, 13205
    9157, 9157
    15993, 15993
    13869, 13869
    1764, 1764
    2614, 2614
    12364, 12364
    13898, 13898
    13468, 13468
    10583, 10583
    4416, 4416
    15279, 15279
    9977, 9977
    7884, 7884
    7963, 7963
    4495, 4495
    15316, 15316
    15233, 15233
    5179, 5179
    2263, 2263
    5556, 5556
    1007, 1007
    11705, 11705
    3097, 3097
    10143, 10143
    10260, 10260
    10370, 10370
    5435, 5435
    5084, 5084
    12994, 12994
    14850, 14850
    8232, 8232
    13559, 13559
    10620, 10620
    10610, 10610
    10590, 10590
    12818, 12818
    9903, 9903
    7145, 7145
    887, 887
    45, 45
    14744, 14744
    10280, 10280
    9614, 9614
    6679, 6679
    8284, 8284
    9689, 9689
    12848, 12848
    12746, 12746
    10782, 10782
    8131, 8131
    2929, 2929
    3022, 3022
    5230, 5230
    3224, 3224
    6290, 6290
    3417, 3417
    12097, 12097
    5780, 5780
    14525, 14525
    12605, 12605
    9730, 9730
    233, 233
    2821, 2821
    405, 405
    11460, 11460
    15809, 15809
    13939, 13939
    14472, 14472
    1438, 1438
    5811, 5811
    5951, 5951
    12096, 12096
    8188, 8188
    6439, 6439
    3868, 3868
    5085, 5085
    2743, 2743
    15503, 15503
    14222, 14222
    270, 270
    15858, 15858
    11051, 11051
    147, 147
    4385, 4385
    9984, 9984
    5904, 5904
    10834, 10834
    2844, 2844
    10127, 10127
    3031, 3031
    3548, 3548
    17, 17
    4200, 4200
    13206, 13206
    9784, 9784
    3297, 3297
    299, 299
    1126, 1126
    11327, 11327
    7517, 7517
    4210, 4210
    3183, 3183
    11952, 11952
    854, 854
    8629, 8629
    10658, 10658
    7474, 7474
    4942, 4942
    7101, 7101
    4243, 4243
    5598, 5598
    7796, 7796
    10608, 10608
    8295, 8295
    8711, 8711
    12395, 12395
    8476, 8476
    9787, 9787
    2298, 2298
    12660, 12660
    2742, 2742
    8427, 8427
    4344, 4344
    3545, 3545
    7066, 7066
    3093, 3093
    3854, 3854
    14319, 14319
    12992, 12992
    11052, 11052
    4880, 4880
    8216, 8216
    11395, 11395
    6574, 6574
    9482, 9482
    12692, 12692
    6237, 6237
    13502, 13502
    10450, 10450
    5718, 5718
    5437, 5437
    11484, 11484
    4848, 4848
    7789, 7789
    2282, 2282
    7215, 7215
    15890, 15890
    7758, 7758
    5560, 5560
    6502, 6502
    9970, 9970
    3270, 3270
    12027, 12027
    12953, 12953
    368, 368
    2189, 2189
    4153, 4153
    11276, 11276
    10512, 10512
    8220, 8220
    4871, 4871
    6013, 6013
    5865, 5865
    10925, 10925
    5754, 5754
    2420, 2420
    9803, 9803
    221, 221
    4737, 4737
    8350, 8350
    10270, 10270
    9827, 9827
    2203, 2203
    10838, 10838
    12474, 12474
    15493, 15493
    15820, 15820
    4079, 4079
    7311, 7311
    13183, 13183
    1098, 1098
    15991, 15991
    13885, 13885
    12942, 12942
    742, 742
    3438, 3438
    15230, 15230
    14196, 14196
    9601, 9601
    2584, 2584
    14210, 14210
    1255, 1255
    11897, 11897
    4231, 4231
    6492, 6492
    10843, 10843
    5657, 5657
    6757, 6757
    4518, 4518
    11044, 11044
    7379, 7379
    6485, 6485
    12217, 12217
    15802, 15802
    12236, 12236
    172, 172
    1339, 1339
    190, 190
    12790, 12790
    1408, 1408
    14008, 14008
    1688, 1688
    8080, 8080
    8620, 8620
    15290, 15290
    15404, 15404
    3481, 3481
    6355, 6355
    8282, 8282
    6242, 6242
    2749, 2749
    6750, 6750
    1021, 1021
    3273, 3273
    15996, 15996
    11828, 11828
    344, 344
    14759, 14759
    11614, 11614
    14968, 14968
    12680, 12680
    8585, 8585
    13694, 13694
    12205, 12205
    13465, 13465
    11160, 11160
    13669, 13669
    2110, 2110
    9174, 9174
    12423, 12423
    3987, 3987
    2569, 2569
    11554, 11554
    6838, 6838
    11825, 11825
    13284, 13284
    2969, 2969
    14266, 14266
    8915, 8915
    4102, 4102
    9038, 9038
    3052, 3052
    2380, 2380
    4928, 4928
    3625, 3625
    2476, 2476
    4083, 4083
    3317, 3317
    5854, 5854
    8589, 8589
    11619, 11619
    2690, 2690
    956, 956
    11425, 11425
    7712, 7712
    7069, 7069
    13968, 13968
    4399, 4399
    4615, 4615
    8189, 8189
    4039, 4039
    12954, 12954
    13181, 13181
    6781, 6781
    8609, 8609
    13488, 13488
    12351, 12351
    248, 248
    7170, 7170
    2108, 2108
    2992, 2992
    1612, 1612
    5051, 5051
    1328, 1328
    3907, 3907
    501, 501
    15213, 15213
    7820, 7820
    11570, 11570
    3784, 3784
    840, 840
    12898, 12898
    2777, 2777
    6135, 6135
    6941, 6941
    2013, 2013
    11604, 11604
    13919, 13919
    8019, 8019
    14192, 14192
    5124, 5124
    4152, 4152
    3693, 3693
    9542, 9542
    15664, 15664
    6858, 6858
    15679, 15679
    918, 918
    9783, 9783
    4252, 4252
    2294, 2294
    8464, 8464
    11342, 11342
    4076, 4076
    11607, 11607
    793, 793
    4709, 4709
    10706, 10706
    8975, 8975
    5192, 5192
    5130, 5130
    10833, 10833
    1248, 1248
    13221, 13221
    10460, 10460
    134, 134
    375, 375
    513, 513
    4697, 4697
    11448, 11448
    13705, 13705
    7159, 7159
    10294, 10294
    13147, 13147
    4858, 4858
    2853, 2853
    5310, 5310
    7585, 7585
    9725, 9725
    1316, 1316
    2010, 2010
    6703, 6703
    8714, 8714
    8236, 8236
    14515, 14515
    1456, 1456
    14902, 14902
    5674, 5674
    9087, 9087
    8400, 8400
    12879, 12879
    4510, 4510
    14519, 14519
    2727, 2727
    1878, 1878
    4790, 4790
    231, 231
    10022, 10022
    15945, 15945
    575, 575
    5296, 5296
    12812, 12812
    15457, 15457
    5052, 5052
    14004, 14004
    10818, 10818
    1364, 1364
    7, 7
    12608, 12608
    13341, 13341
    10886, 10886
    9193, 9193
    4535, 4535
    2104, 2104
    5140, 5140
    12978, 12978
    3540, 3540
    3289, 3289
    8966, 8966
    5710, 5710
    11808, 11808
    4410, 4410
    2588, 2588
    5708, 5708
    7192, 7192
    12210, 12210
    11442, 11442
    9974, 9974
    3299, 3299
    6537, 6537
    3770, 3770
    10868, 10868
    11365, 11365
    2903, 2903
    3554, 3554
    11589, 11589
    14635, 14635
    1586, 1586
    5690, 5690
    3660, 3660
    12810, 12810
    13240, 13240
    567, 567
    7950, 7950
    2101, 2101
    9604, 9604
    1230, 1230
    8531, 8531
    1707, 1707
    14310, 14310
    4120, 4120
    1108, 1108
    15321, 15321
    6842, 6842
    9195, 9195
    10050, 10050
    1627, 1627
    13306, 13306
    2255, 2255
    5432, 5432
    4224, 4224
    12925, 12925
    359, 359
    8117, 8117
    13632, 13632
    228, 228
    9047, 9047
    8444, 8444
    5550, 5550
    976, 976
    8878, 8878
    8875, 8875
    12988, 12988
    3105, 3105
    10439, 10439
    10095, 10095
    6123, 6123
    4778, 4778
    5633, 5633
    1891, 1891
    6296, 6296
    4328, 4328
    4456, 4456
    10310, 10310
    520, 520
    4061, 4061
    7041, 7041
    11558, 11558
    15365, 15365
    509, 509
    2322, 2322
    12478, 12478
    2188, 2188
    10885, 10885
    9947, 9947
    7114, 7114
    1910, 1910
    397, 397
    11946, 11946
    6316, 6316
    5233, 5233
    7122, 7122
    7855, 7855
    8639, 8639
    1037, 1037
    7946, 7946
    9233, 9233
    9571, 9571
    10271, 10271
    5169, 5169
    2536, 2536
    721, 721
    1457, 1457
    4323, 4323
    9670, 9670
    14082, 14082
    5566, 5566
    13435, 13435
    13799, 13799
    14393, 14393
    6270, 6270
    3596, 3596
    4562, 4562
    7326, 7326
    9724, 9724
    1805, 1805
    4233, 4233
    7630, 7630
    2512, 2512
    13349, 13349
    8399, 8399
    9632, 9632
    456, 456
    10057, 10057
    3917, 3917
    15707, 15707
    380, 380
    12206, 12206
    1371, 1371
    5113, 5113
    5898, 5898
    12405, 12405
    10109, 10109
    6870, 6870
    3341, 3341
    15893, 15893
    12325, 12325
    8073, 8073
    15459, 15459
    15026, 15026
    1282, 1282
    1082, 1082
    8801, 8801
    8911, 8911
    6228, 6228
    5056, 5056
    8023, 8023
    10534, 10534
    8697, 8697
    2234, 2234
    10957, 10957
    67, 67
    10377, 10377
    3448, 3448
    8861, 8861
    14672, 14672
    13791, 13791
    9332, 9332
    13914, 13914
    6755, 6755
    13132, 13132
    3396, 3396
    6654, 6654
    348, 348
    763, 763
    11537, 11537
    6027, 6027
    3440, 3440
    13986, 13986
    11595, 11595
    7600, 7600
    15098, 15098
    2552, 2552
    14742, 14742
    1856, 1856
    12356, 12356
    3600, 3600
    2401, 2401
    1103, 1103
    15276, 15276
    5202, 5202
    10866, 10866
    7190, 7190
    6403, 6403
    7178, 7178
    11755, 11755
    15546, 15546
    9131, 9131
    6105, 6105
    2674, 2674
    3148, 3148
    11230, 11230
    13087, 13087
    5540, 5540
    11190, 11190
    4692, 4692
    13513, 13513
    10579, 10579
    6971, 6971
    8449, 8449
    12406, 12406
    15891, 15891
    11215, 11215
    14511, 14511
    13547, 13547
    9993, 9993
    11046, 11046
    7261, 7261
    14987, 14987
    13589, 13589
    15212, 15212
    713, 713
    8, 8
    3217, 3217
    11978, 11978
    9106, 9106
    5204, 5204
    15599, 15599
    7991, 7991
    3980, 3980
    539, 539
    7231, 7231
    9798, 9798
    3495, 3495
    9350, 9350
    14980, 14980
    8084, 8084
    10120, 10120
    11284, 11284
    10379, 10379
    2492, 2492
    7111, 7111
    15785, 15785
    9740, 9740
    11674, 11674
    8892, 8892
    8506, 8506
    3001, 3001
    5374, 5374
    11860, 11860
    13114, 13114
    8534, 8534
    11175, 11175
    12449, 12449
    5553, 5553
    15615, 15615
    12894, 12894
    772, 772
    6404, 6404
    2744, 2744
    3146, 3146
    8128, 8128
    6741, 6741
    14147, 14147
    11104, 11104
    13527, 13527
    7677, 7677
    12546, 12546
    2627, 2627
    10187, 10187
    5479, 5479
    601, 601
    5616, 5616
    2541, 2541
    966, 966
    2011, 2011
    11029, 11029
    14503, 14503
    8483, 8483
    4913, 4913
    3073, 3073
    1434, 1434
    11214, 11214
    8558, 8558
    15275, 15275
    9821, 9821
    15111, 15111
    10703, 10703
    5897, 5897
    4645, 4645
    7223, 7223
    13562, 13562
    2310, 2310
    7783, 7783
    7818, 7818
    4148, 4148
    3949, 3949
    7036, 7036
    3669, 3669
    7308, 7308
    13160, 13160
    12520, 12520
    6633, 6633
    9051, 9051
    98, 98
    11852, 11852
    7323, 7323
    391, 391
    6722, 6722
    12701, 12701
    7873, 7873
    5751, 5751
    4070, 4070
    7435, 7435
    15238, 15238
    5498, 5498
    8281, 8281
    14298, 14298
    15059, 15059
    6180, 6180
    4168, 4168
    6819, 6819
    2111, 2111
    5567, 5567
    8974, 8974
    7453, 7453
    2927, 2927
    7697, 7697
    7334, 7334
    13358, 13358
    2040, 2040
    7776, 7776
    11356, 11356
    1729, 1729
    14798, 14798
    1971, 1971
    8198, 8198
    8323, 8323
    6900, 6900
    13932, 13932
    5235, 5235
    13339, 13339
    14059, 14059
    3392, 3392
    6208, 6208
    2226, 2226
    14137, 14137
    12650, 12650
    10171, 10171
    15815, 15815
    11343, 11343
    395, 395
    4470, 4470
    1695, 1695
    11711, 11711
    1691, 1691
    4124, 4124
    1508, 1508
    8471, 8471
    9763, 9763
    2201, 2201
    10498, 10498
    7436, 7436
    11094, 11094
    5526, 5526
    6020, 6020
    11531, 11531
    15527, 15527
    9548, 9548
    467, 467
    4412, 4412
    10088, 10088
    14754, 14754
    12539, 12539
    6246, 6246
    3442, 3442
    7140, 7140
    6, 6
    13228, 13228
    7777, 7777
    6257, 6257
    6806, 6806
    3718, 3718
    3838, 3838
    2902, 2902
    8797, 8797
    1094, 1094
    15076, 15076
    10180, 10180
    8523, 8523
    15638, 15638
    3239, 3239
    7636, 7636
    12141, 12141
    1336, 1336
    15721, 15721
    9926, 9926
    14530, 14530
    1908, 1908
    15463, 15463
    13992, 13992
    8758, 8758
    15685, 15685
    132, 132
    715, 715
    3829, 3829
    463, 463
    5966, 5966
    11446, 11446
    13061, 13061
    2962, 2962
    1853, 1853
    2925, 2925
    5354, 5354
    11885, 11885
    3281, 3281
    4316, 4316
    15100, 15100
    6660, 6660
    662, 662
    12638, 12638
    9427, 9427
    796, 796
    7067, 7067
    3725, 3725
    6459, 6459
    5196, 5196
    7729, 7729
    1505, 1505
    26, 26
    11205, 11205
    8485, 8485
    13983, 13983
    3811, 3811
    7973, 7973
    5098, 5098
    8228, 8228
    6541, 6541
    11069, 11069
    3615, 3615
    10126, 10126
    9271, 9271
    7565, 7565
    8413, 8413
    7615, 7615
    6368, 6368
    6289, 6289
    11159, 11159
    1801, 1801
    13326, 13326
    8180, 8180
    5539, 5539
    3062, 3062
    12178, 12178
    3990, 3990
    5636, 5636
    15436, 15436
    7307, 7307
    1976, 1976
    4773, 4773
    7859, 7859
    14823, 14823
    4638, 4638
    15392, 15392
    12554, 12554
    12571, 12571
    6567, 6567
    15654, 15654
    4545, 4545
    7076, 7076
    5877, 5877
    10357, 10357
    6126, 6126
    11621, 11621
    10750, 10750
    3746, 3746
    7716, 7716
    8196, 8196
    5817, 5817
    14802, 14802
    1957, 1957
    14119, 14119
    2119, 2119
    10033, 10033
    6297, 6297
    4635, 4635
    5884, 5884
    12805, 12805
    10813, 10813
    7882, 7882
    12717, 12717
    12163, 12163
    3265, 3265
    15656, 15656
    3795, 3795
    2383, 2383
    12422, 12422
    6244, 6244
    6021, 6021
    12107, 12107
    3706, 3706
    6918, 6918
    9398, 9398
    4993, 4993
    1269, 1269
    15872, 15872
    5584, 5584
    8339, 8339
    5814, 5814
    8120, 8120
    146, 146
    3680, 3680
    14064, 14064
    5103, 5103
    15428, 15428
    3713, 3713
    3959, 3959
    84, 84
    11235, 11235
    1597, 1597
    5620, 5620
    12779, 12779
    5689, 5689
    9167, 9167
    7749, 7749
    1753, 1753
    11311, 11311
    11700, 11700
    15159, 15159
    9858, 9858
    12375, 12375
    11465, 11465
    9146, 9146
    6624, 6624
    13777, 13777
    115, 115
    15555, 15555
    9154, 9154
    14702, 14702
    2241, 2241
    10904, 10904
    929, 929
    10787, 10787
    2271, 2271
    1542, 1542
    13301, 13301
    5889, 5889
    2311, 2311
    4861, 4861
    1816, 1816
    15883, 15883
    15101, 15101
    7901, 7901
    4350, 4350
    1511, 1511
    9111, 9111
    6717, 6717
    13684, 13684
    6442, 6442
    7833, 7833
    1122, 1122
    1127, 1127
    7486, 7486
    2353, 2353
    9975, 9975
    15228, 15228
    2613, 2613
    5969, 5969
    8863, 8863
    3764, 3764
    2965, 2965
    4346, 4346
    13615, 13615
    6456, 6456
    10567, 10567
    9024, 9024
    8032, 8032
    8314, 8314
    4402, 4402
    1667, 1667
    10158, 10158
    7863, 7863
    640, 640
    7463, 7463
    8303, 8303
    3819, 3819
    5480, 5480
    6638, 6638
    9637, 9637
    10552, 10552
    1422, 1422
    13145, 13145
    6144, 6144
    879, 879
    9256, 9256
    7224, 7224
    14471, 14471
    6360, 6360
    2199, 2199
    9624, 9624
    346, 346
    13819, 13819
    6635, 6635
    14289, 14289
    11602, 11602
    14582, 14582
    15013, 15013
    10824, 10824
    9965, 9965
    14317, 14317
    13511, 13511
    2733, 2733
    10538, 10538
    422, 422
    2752, 2752
    15894, 15894
    12788, 12788
    14060, 14060
    9037, 9037
    14089, 14089
    13627, 13627
    3747, 3747
    12709, 12709
    13305, 13305
    7971, 7971
    15106, 15106
    13926, 13926
    11414, 11414
    9572, 9572
    15029, 15029
    7415, 7415
    11075, 11075
    1771, 1771
    5215, 5215
    7875, 7875
    11836, 11836
    13391, 13391
    5933, 5933
    1890, 1890
    171, 171
    590, 590
    12998, 12998
    1398, 1398
    6158, 6158
    2762, 2762
    10064, 10064
    11991, 11991
    15551, 15551
    4369, 4369
    1821, 1821
    8412, 8412
    9881, 9881
    10556, 10556
    9761, 9761
    3357, 3357
    11437, 11437
    10606, 10606
    12767, 12767
    11417, 11417
    1750, 1750
    8472, 8472
    11541, 11541
    10388, 10388
    9756, 9756
    15468, 15468
    80, 80
    13708, 13708
    2523, 2523
    11197, 11197
    1600, 1600
    13881, 13881
    6656, 6656
    6719, 6719
    5016, 5016
    8381, 8381
    7721, 7721
    14316, 14316
    5677, 5677
    6202, 6202
    3842, 3842
    5001, 5001
    9100, 9100
    12186, 12186
    12120, 12120
    6162, 6162
    2368, 2368
    11389, 11389
    8734, 8734
    5436, 5436
    14786, 14786
    10288, 10288
    5611, 5611
    2593, 2593
    4288, 4288
    12671, 12671
    6698, 6698
    13149, 13149
    1941, 1941
    11209, 11209
    5491, 5491
    12996, 12996
    11738, 11738
    4719, 4719
    12056, 12056
    10212, 10212
    13585, 13585
    8078, 8078
    15046, 15046
    2220, 2220
    8606, 8606
    486, 486
    3739, 3739
    14047, 14047
    3399, 3399
    2506, 2506
    2772, 2772
    2265, 2265
    9075, 9075
    11898, 11898
    8927, 8927
    6970, 6970
    12743, 12743
    1275, 1275
    11154, 11154
    11584, 11584
    11645, 11645
    13959, 13959
    1247, 1247
    7594, 7594
    14867, 14867
    9448, 9448
    7054, 7054
    511, 511
    2715, 2715
    5848, 5848
    10045, 10045
    1807, 1807
    2165, 2165
    2198, 2198
    5683, 5683
    3410, 3410
    11925, 11925
    6146, 6146
    4408, 4408
    6726, 6726
    11177, 11177
    571, 571
    7064, 7064
    9034, 9034
    15888, 15888
    679, 679
    10394, 10394
    6227, 6227
    4850, 4850
    5319, 5319
    9563, 9563
    11853, 11853
    14339, 14339
    4221, 4221
    3206, 3206
    14670, 14670
    12344, 12344
    8498, 8498
    10326, 10326
    14793, 14793
    12552, 12552
    13815, 13815
    10299, 10299
    2337, 2337
    15052, 15052
    6033, 6033
    1843, 1843
    8250, 8250
    12481, 12481
    4648, 4648
    9669, 9669
    2605, 2605
    6735, 6735
    7771, 7771
    5578, 5578
    2778, 2778
    2644, 2644
    14900, 14900
    13833, 13833
    7547, 7547
    11684, 11684
    1717, 1717
    7093, 7093
    6440, 6440
    11976, 11976
    6898, 6898
    12578, 12578
    439, 439
    6429, 6429
    11689, 11689
    2362, 2362
    798, 798
    8756, 8756
    1747, 1747
    10258, 10258
    6402, 6402
    15235, 15235
    5268, 5268
    10010, 10010
    660, 660
    4526, 4526
    3883, 3883
    7775, 7775
    12772, 12772
    10020, 10020
    9896, 9896
    355, 355
    8885, 8885
    14816, 14816
    8627, 8627
    4519, 4519
    4134, 4134
    1130, 1130
    9525, 9525
    6505, 6505
    15439, 15439
    10572, 10572
    3933, 3933
    6469, 6469
    3686, 3686
    6254, 6254
    7719, 7719
    4024, 4024
    15731, 15731
    7070, 7070
    1581, 1581
    5744, 5744
    10791, 10791
    9275, 9275
    6680, 6680
    2126, 2126
    1196, 1196
    6559, 6559
    8738, 8738
    3549, 3549
    8359, 8359
    5964, 5964
    2258, 2258
    14919, 14919
    11652, 11652
    5454, 5454
    15419, 15419
    9306, 9306
    7147, 7147
    6860, 6860
    433, 433
    14291, 14291
    6223, 6223
    12891, 12891
    11036, 11036
    2509, 2509
    12752, 12752
    2419, 2419
    10018, 10018
    9388, 9388
    1833, 1833
    15383, 15383
    773, 773
    15126, 15126
    60, 60
    8357, 8357
    5297, 5297
    13501, 13501
    412, 412
    319, 319
    2439, 2439
    2817, 2817
    13133, 13133
    15478, 15478
    6388, 6388
    15109, 15109
    92, 92
    9562, 9562
    2656, 2656
    220, 220
    12628, 12628
    9255, 9255
    6332, 6332
    2260, 2260
    9263, 9263
    5952, 5952
    7584, 7584
    6893, 6893
    2680, 2680
    3703, 3703
    15332, 15332
    3902, 3902
    14283, 14283
    5383, 5383
    4613, 4613
    10414, 10414
    3936, 3936
    3709, 3709
    13854, 13854
    14001, 14001
    11115, 11115
    10253, 10253
    7912, 7912
    390, 390
    5378, 5378
    10235, 10235
    3974, 3974
    11138, 11138
    10487, 10487
    2604, 2604
    12768, 12768
    2860, 2860
    2630, 2630
    2406, 2406
    11402, 11402
    8983, 8983
    2570, 2570
    5532, 5532
    6171, 6171
    11, 11
    602, 602
    15207, 15207
    13184, 13184
    10248, 10248
    8463, 8463
    2527, 2527
    541, 541
    14886, 14886
    1613, 1613
    15719, 15719
    5465, 5465
    15651, 15651
    13542, 13542
    13706, 13706
    1568, 1568
    8451, 8451
    15315, 15315
    455, 455
    4296, 4296
    12840, 12840
    13801, 13801
    6585, 6585
    8775, 8775
    847, 847
    15897, 15897
    15984, 15984
    14224, 14224
    11384, 11384
    12222, 12222
    9077, 9077
    12955, 12955
    13922, 13922
    5288, 5288
    15278, 15278
    10705, 10705
    11314, 11314
    14428, 14428
    14226, 14226
    2901, 2901
    349, 349
    5747, 5747
    429, 429
    2021, 2021
    1577, 1577
    5859, 5859
    1050, 1050
    15139, 15139
    3121, 3121
    4327, 4327
    13146, 13146
    14633, 14633
    502, 502
    2960, 2960
    6753, 6753
    7432, 7432
    13168, 13168
    9219, 9219
    5074, 5074
    11015, 11015
    4191, 4191
    12393, 12393
    10160, 10160
    9898, 9898
    5815, 5815
    7220, 7220
    884, 884
    6688, 6688
    1268, 1268
    13683, 13683
    5863, 5863
    2755, 2755
    11654, 11654
    13016, 13016
    12575, 12575
    9837, 9837
    855, 855
    6381, 6381
    13054, 13054
    5099, 5099
    11449, 11449
    1016, 1016
    10574, 10574
    6780, 6780
    723, 723
    3167, 3167
    15240, 15240
    15150, 15150
    314, 314
    2049, 2049
    12021, 12021
    2991, 2991
    372, 372
    5191, 5191
    2230, 2230
    1947, 1947
    10429, 10429
    13982, 13982
    5931, 5931
    8395, 8395
    6194, 6194
    15330, 15330
    5501, 5501
    7398, 7398
    15226, 15226
    5772, 5772
    9953, 9953
    7007, 7007
    1703, 1703
    1310, 1310
    12695, 12695
    13319, 13319
    40, 40
    5625, 5625
    8481, 8481
    13444, 13444
    1350, 1350
    14129, 14129
    936, 936
    9108, 9108
    12640, 12640
    7806, 7806
    15663, 15663
    10734, 10734
    5466, 5466
    11624, 11624
    2611, 2611
    8556, 8556
    15497, 15497
    13308, 13308
    3911, 3911
    15947, 15947
    7480, 7480
    15242, 15242
    10623, 10623
    3160, 3160
    1173, 1173
    13398, 13398
    14720, 14720
    14038, 14038
    553, 553
    8392, 8392
    10511, 10511
    2899, 2899
    9592, 9592
    10363, 10363
    632, 632
    2503, 2503
    9055, 9055
    7353, 7353
    12397, 12397
    2542, 2542
    7478, 7478
    8477, 8477
    15608, 15608
    12817, 12817
    4159, 4159
    11610, 11610
    11475, 11475
    14465, 14465
    4275, 4275
    13110, 13110
    14606, 14606
    4351, 4351
    13325, 13325
    2857, 2857
    15952, 15952
    15639, 15639
    1356, 1356
    13320, 13320
    9599, 9599
    13109, 13109
    5647, 5647
    2952, 2952
    6344, 6344
    10341, 10341
    11424, 11424
    12192, 12192
    11324, 11324
    9092, 9092
    13492, 13492
    712, 712
    8513, 8513
    13496, 13496
    15959, 15959
    765, 765
    11855, 11855
    12518, 12518
    11735, 11735
    10516, 10516
    15943, 15943
    7878, 7878
    2194, 2194
    2054, 2054
    2669, 2669
    980, 980
    8380, 8380
    5015, 5015
    6622, 6622
    14722, 14722
    9759, 9759
    2328, 2328
    10991, 10991
    6658, 6658
    4506, 4506
    10413, 10413
    12529, 12529
    2052, 2052
    6433, 6433
    5157, 5157
    415, 415
    15804, 15804
    13784, 13784
    5153, 5153
    706, 706
    7718, 7718
    15840, 15840
    11000, 11000
    1815, 1815
    15567, 15567
    3125, 3125
    1136, 1136
    73, 73
    5914, 5914
    5692, 5692
    9272, 9272
    1335, 1335
    681, 681
    2217, 2217
    8547, 8547
    7761, 7761
    6522, 6522
    398, 398
    15376, 15376
    5375, 5375
    4560, 4560
    11640, 11640
    9247, 9247
    2077, 2077
    9319, 9319
    15986, 15986
    14959, 14959
    7623, 7623
    9546, 9546
    629, 629
    13476, 13476
    11421, 11421
    6377, 6377
    11027, 11027
    10250, 10250
    10409, 10409
    12704, 12704
    7137, 7137
    6334, 6334
    6519, 6519
    12490, 12490
    3322, 3322
    4105, 4105
    12493, 12493
    179, 179
    8069, 8069
    15066, 15066
    5030, 5030
    1484, 1484
    5370, 5370
    9989, 9989
    5835, 5835
    12672, 12672
    12414, 12414
    7163, 7163
    4140, 4140
    4454, 4454
    6467, 6467
    10399, 10399
    6991, 6991
    1068, 1068
    7217, 7217
    2694, 2694
    3084, 3084
    1645, 1645
    11550, 11550
    13276, 13276
    14711, 14711
    8337, 8337
    7367, 7367
    11695, 11695
    12190, 12190
    3878, 3878
    15629, 15629
    9390, 9390
    15540, 15540
    6880, 6880
    12420, 12420
    3033, 3033
    4496, 4496
    15866, 15866
    9364, 9364
    4082, 4082
    12046, 12046
    11975, 11975
    313, 313
    8142, 8142
    15168, 15168
    14361, 14361
    5807, 5807
    10336, 10336
    3186, 3186
    11145, 11145
    2597, 2597
    8668, 8668
    15012, 15012
    257, 257
    3740, 3740
    12455, 12455
    13174, 13174
    13082, 13082
    10061, 10061
    10431, 10431
    6744, 6744
    9201, 9201
    14264, 14264
    7604, 7604
    15466, 15466
    14733, 14733
    9228, 9228
    12804, 12804
    11491, 11491
    10831, 10831
    12855, 12855
    2544, 2544
    8377, 8377
    12288, 12288
    97, 97
    13840, 13840
    2321, 2321
    12968, 12968
    7072, 7072
    12821, 12821
    15317, 15317
    3112, 3112
    5607, 5607
    5208, 5208
    9085, 9085
    8638, 8638
    8812, 8812
    15016, 15016
    4594, 4594
    11762, 11762
    13430, 13430
    15718, 15718
    7023, 7023
    223, 223
    4668, 4668
    5101, 5101
    4354, 4354
    7121, 7121
    15566, 15566
    14500, 14500
    9913, 9913
    8903, 8903
    13052, 13052
    15371, 15371
    8256, 8256
    1803, 1803
    15822, 15822
    2578, 2578
    10475, 10475
    10794, 10794
    1036, 1036
    2782, 2782
    8675, 8675
    2848, 2848
    14904, 14904
    4566, 4566
    6944, 6944
    8992, 8992
    1150, 1150
    3074, 3074
    10030, 10030
    14334, 14334
    4220, 4220
    12756, 12756
    10859, 10859
    13408, 13408
    10882, 10882
    7871, 7871
    11823, 11823
    152, 152
    5592, 5592
    2061, 2061
    7239, 7239
    714, 714
    9315, 9315
    2306, 2306
    12916, 12916
    16, 16
    2785, 2785
    7061, 7061
    9841, 9841
    6613, 6613
    12825, 12825
    8107, 8107
    5292, 5292
    15462, 15462
    10251, 10251
    4770, 4770
    5950, 5950
    5645, 5645
    15074, 15074
    9254, 9254
    839, 839
    13375, 13375
    9583, 9583
    148, 148
    13436, 13436
    12245, 12245
    14945, 14945
    5417, 5417
    2507, 2507
    2663, 2663
    5789, 5789
    15689, 15689
    8729, 8729
    11797, 11797
    11040, 11040
    9603, 9603
    3975, 3975
    13185, 13185
    5397, 5397
    15083, 15083
    15430, 15430
    3423, 3423
    4106, 4106
    13670, 13670
    6325, 6325
    5575, 5575
    8458, 8458
    8671, 8671
    12494, 12494
    3393, 3393
    12485, 12485
    11241, 11241
    4747, 4747
    12712, 12712
    11513, 11513
    9535, 9535
    11147, 11147
    11153, 11153
    4160, 4160
    561, 561
    12123, 12123
    4473, 4473
    338, 338
    838, 838
    8126, 8126
    5678, 5678
    6615, 6615
    1966, 1966
    11819, 11819
    6472, 6472
    7469, 7469
    14390, 14390
    11253, 11253
    4299, 4299
    9045, 9045
    9347, 9347
    8712, 8712
    12663, 12663
    572, 572
    7682, 7682
    9018, 9018
    4722, 4722
    8689, 8689
    5091, 5091
    242, 242
    6432, 6432
    8066, 8066
    13161, 13161
    4421, 4421
    5531, 5531
    6630, 6630
    12336, 12336
    12050, 12050
    2658, 2658
    5829, 5829
    8313, 8313
    3869, 3869
    7505, 7505
    2470, 2470
    11004, 11004
    4796, 4796
    5871, 5871
    1468, 1468
    8132, 8132
    595, 595
    10252, 10252
    446, 446
    6168, 6168
    12004, 12004
    12091, 12091
    13203, 13203
    15318, 15318
    4136, 4136
    656, 656
    15195, 15195
    10075, 10075
    2458, 2458
    11634, 11634
    7495, 7495
    14475, 14475
    15474, 15474
    1698, 1698
    9795, 9795
    14166, 14166
    6998, 6998
    1285, 1285
    11760, 11760
    2757, 2757
    15600, 15600
    11201, 11201
    15715, 15715
    12905, 12905
    12170, 12170
    2766, 2766
    13213, 13213
    14363, 14363
    4043, 4043
    2888, 2888
    13445, 13445
    13570, 13570
    15928, 15928
    3889, 3889
    5407, 5407
    1304, 1304
    2427, 2427
    15429, 15429
    12000, 12000
    13763, 13763
    8420, 8420
    10845, 10845
    14680, 14680
    10188, 10188
    2264, 2264
    8201, 8201
    50, 50
    2806, 2806
    6394, 6394
    6699, 6699
    2008, 2008
    9252, 9252
    687, 687
    12436, 12436
    7580, 7580
    14681, 14681
    11250, 11250
    14602, 14602
    13182, 13182
    8705, 8705
    8744, 8744
    4321, 4321
    6705, 6705
    157, 157
    6269, 6269
    6695, 6695
    12243, 12243
    12866, 12866
    11928, 11928
    5387, 5387
    10634, 10634
    2898, 2898
    5111, 5111
    15982, 15982
    2327, 2327
    7130, 7130
    7355, 7355
    3547, 3547
    2225, 2225
    6924, 6924
    10878, 10878
    5651, 5651
    1022, 1022
    13450, 13450
    1090, 1090
    5352, 5352
    10713, 10713
    3699, 3699
    15672, 15672
    736, 736
    3956, 3956
    402, 402
    1004, 1004
    10286, 10286
    8046, 8046
    360, 360
    5790, 5790
    2477, 2477
    10329, 10329
    11998, 11998
    953, 953
    8839, 8839
    9397, 9397
    5838, 5838
    278, 278
    4995, 4995
    2659, 2659
    11003, 11003
    5638, 5638
    4261, 4261
    3701, 3701
    10777, 10777
    10809, 10809
    11891, 11891
    10951, 10951
    7228, 7228
    14138, 14138
    5622, 5622
    4089, 4089
    12240, 12240
    11902, 11902
    5163, 5163
    627, 627
    3418, 3418
    969, 969
    6292, 6292
    4779, 4779
    12867, 12867
    5184, 5184
    13462, 13462
    15909, 15909
    11524, 11524
    15575, 15575
    9900, 9900
    2251, 2251
    4246, 4246
    1290, 1290
    13890, 13890
    11538, 11538
    5143, 5143
    8946, 8946
    7879, 7879
    12081, 12081
    13258, 13258
    8105, 8105
    14402, 14402
    10827, 10827
    2671, 2671
    10694, 10694
    9101, 9101
    14550, 14550
    207, 207
    5057, 5057
    7464, 7464
    8015, 8015
    5875, 5875
    9766, 9766
    8625, 8625
    426, 426
    13663, 13663
    10092, 10092
    1769, 1769
    15329, 15329
    10305, 10305
    2171, 2171
    14801, 14801
    9969, 9969
    5791, 5791
    6301, 6301
    12451, 12451
    3828, 3828
    13372, 13372
    2164, 2164
    12002, 12002
    3855, 3855
    14565, 14565
    11398, 11398
    12570, 12570
    9330, 9330
    8138, 8138
    12694, 12694
    12803, 12803
    3383, 3383
    12534, 12534
    2221, 2221
    1252, 1252
    8363, 8363
    2896, 2896
    2543, 2543
    6481, 6481
    14366, 14366
    2127, 2127
    13303, 13303
    414, 414
    10400, 10400
    9591, 9591
    6012, 6012
    5372, 5372
    8271, 8271
    9062, 9062
    253, 253
    13266, 13266
    2249, 2249
    2807, 2807
    9536, 9536
    4699, 4699
    7868, 7868
    10297, 10297
    6114, 6114
    3827, 3827
    5362, 5362
    11053, 11053
    5038, 5038
    8489, 8489
    1061, 1061
    15662, 15662
    13628, 13628
    12122, 12122
    3630, 3630
    4623, 4623
    10823, 10823
    8956, 8956
    11525, 11525
    11739, 11739
    11057, 11057
    3761, 3761
    5880, 5880
    9251, 9251
    12079, 12079
    1937, 1937
    4464, 4464
    10570, 10570
    14597, 14597
    1995, 1995
    14700, 14700
    14075, 14075
    7016, 7016
    8442, 8442
    8774, 8774
    12155, 12155
    14756, 14756
    10807, 10807
    12059, 12059
    14414, 14414
    4662, 4662
    3572, 3572
    4075, 4075
    6793, 6793
    12007, 12007
    2827, 2827
    1620, 1620
    11663, 11663
    12836, 12836
    10074, 10074
    1945, 1945
    271, 271
    3797, 3797
    4465, 4465
    4276, 4276
    10393, 10393
    8784, 8784
    7570, 7570
    9906, 9906
    8421, 8421
    7238, 7238
    15160, 15160
    4860, 4860
    11650, 11650
    3296, 3296
    12927, 12927
    8864, 8864
    9995, 9995
    4677, 4677
    9126, 9126
    1757, 1757
    7124, 7124
    5236, 5236
    5768, 5768
    4571, 4571
    14271, 14271
    13770, 13770
    2098, 2098
    3605, 3605
    8028, 8028
    4091, 4091
    2955, 2955
    644, 644
    6463, 6463
    13587, 13587
    14526, 14526
    14985, 14985
    9158, 9158
    6994, 6994
    13402, 13402
    1263, 1263
    15810, 15810
    7219, 7219
    3497, 3497
    14487, 14487
    6783, 6783
    2519, 2519
    12540, 12540
    13537, 13537
    1617, 1617
    3950, 3950
    1334, 1334
    14626, 14626
    1935, 1935
    7210, 7210
    7545, 7545
    15919, 15919
    6752, 6752
    13254, 13254
    777, 777
    7179, 7179
    11871, 11871
    8115, 8115
    14736, 14736
    150, 150
    1185, 1185
    9043, 9043
    5010, 5010
    729, 729
    3931, 3931
    11673, 11673
    14286, 14286
    5635, 5635
    7898, 7898
    4172, 4172
    6302, 6302
    14090, 14090
    8468, 8468
    5115, 5115
    4936, 4936
    12052, 12052
    11944, 11944
    15709, 15709
    4116, 4116
    3303, 3303
    13718, 13718
    3076, 3076
    5664, 5664
    8593, 8593
    14253, 14253
    3433, 3433
    1312, 1312
    6040, 6040
    3115, 3115
    726, 726
    8552, 8552
    472, 472
    4186, 4186
    5327, 5327
    7466, 7466
    8780, 8780
    5290, 5290
    5226, 5226
    13021, 13021
    1402, 1402
    14464, 14464
    15768, 15768
    1676, 1676
    9966, 9966
    5562, 5562
    3159, 3159
    7433, 7433
    3620, 3620
    9138, 9138
    6496, 6496
    9971, 9971
    3639, 3639
    11149, 11149
    7008, 7008
    12888, 12888
    1043, 1043
    2300, 2300
    116, 116
    10725, 10725
    15398, 15398
    63, 63
    5731, 5731
    2668, 2668
    861, 861
    717, 717
    691, 691
    4356, 4356
    5524, 5524
    3529, 3529
    7793, 7793
    11536, 11536
    4173, 4173
    8031, 8031
    7448, 7448
    9518, 9518
    7055, 7055
    12032, 12032
    15876, 15876
    10625, 10625
    15693, 15693
    8456, 8456
    11416, 11416
    10352, 10352
    883, 883
    7508, 7508
    6740, 6740
    5784, 5784
    14466, 14466
    14376, 14376
    12639, 12639
    4660, 4660
    12312, 12312
    8390, 8390
    15291, 15291
    11549, 11549
    1419, 1419
    10035, 10035
    4874, 4874
    10007, 10007
    3818, 3818
    2840, 2840
    11100, 11100
    10454, 10454
    12175, 12175
    933, 933
    5957, 5957
    15861, 15861
    14270, 14270
    15409, 15409
    10373, 10373
    3834, 3834
    545, 545
    6362, 6362
    815, 815
    14863, 14863
    9609, 9609
    3346, 3346
    7197, 7197
    3214, 3214
    13034, 13034
    3607, 3607
    11956, 11956
    6382, 6382
    8060, 8060
    13219, 13219
    7000, 7000
    6371, 6371
    12932, 12932
    5720, 5720
    7276, 7276
    3060, 3060
    3422, 3422
    2117, 2117
    5178, 5178
    8587, 8587
    2416, 2416
    11613, 11613
    7328, 7328
    2425, 2425
    7131, 7131
    11263, 11263
    14699, 14699
    10616, 10616
    14922, 14922
    5418, 5418
    2756, 2756
    6293, 6293
    15954, 15954
    11736, 11736
    7551, 7551
    7110, 7110
    1727, 1727
    3132, 3132
    4717, 4717
    9385, 9385
    12314, 12314
    2304, 2304
    3714, 3714
    11912, 11912
    4792, 4792
    11463, 11463
    10491, 10491
    14305, 14305
    4429, 4429
    61, 61
    10172, 10172
    1903, 1903
    674, 674
    5919, 5919
    105, 105
    6473, 6473
    10961, 10961
    12156, 12156
    11244, 11244
    1333, 1333
    14206, 14206
    11254, 11254
    1088, 1088
    8631, 8631
    13864, 13864
    165, 165
    14557, 14557
    6405, 6405
    7725, 7725
    14914, 14914
    418, 418
    3534, 3534
    10176, 10176
    14538, 14538
    858, 858
    8118, 8118
    12209, 12209
    2339, 2339
    4918, 4918
    7274, 7274
    986, 986
    10683, 10683
    8072, 8072
    15314, 15314
    8217, 8217
    11381, 11381
    8009, 8009
    15019, 15019
    3571, 3571
    15584, 15584
    12162, 12162
    7744, 7744
    10356, 10356
    5800, 5800
    4898, 4898
    10948, 10948
    9168, 9168
    2286, 2286
    7666, 7666
    9683, 9683
    6573, 6573
    6249, 6249
    1974, 1974
    11420, 11420
    2020, 2020
    2573, 2573
    2257, 2257
    10302, 10302
    9309, 9309
    6091, 6091
    7247, 7247
    4788, 4788
    4564, 4564
    12913, 12913
    14811, 14811
    12755, 12755
    12147, 12147
    6609, 6609
    8905, 8905
    10397, 10397
    6730, 6730
    15169, 15169
    8706, 8706
    3445, 3445
    10275, 10275
    15452, 15452
    9404, 9404
    2202, 2202
    8516, 8516
    4632, 4632
    4746, 4746
    14105, 14105
    6796, 6796
    1115, 1115
    2679, 2679
    14879, 14879
    14593, 14593
    4080, 4080
    14081, 14081
    8686, 8686
    1936, 1936
    5568, 5568
    8743, 8743
    5007, 5007
    4300, 4300
    12980, 12980
    1154, 1154
    580, 580
    1396, 1396
    9755, 9755
    3211, 3211
    11019, 11019
    12373, 12373
    14275, 14275
    4643, 4643
    5797, 5797
    15060, 15060
    12231, 12231
    1671, 1671
    7284, 7284
    6491, 6491
    11632, 11632
    9529, 9529
    14590, 14590
    8619, 8619
    6527, 6527
    4203, 4203
    4, 4
    664, 664
    10952, 10952
    14478, 14478
    4424, 4424
    1979, 1979
    15757, 15757
    10355, 10355
    4588, 4588
    6640, 6640
    12484, 12484
    8908, 8908
    3807, 3807
    12453, 12453
    8153, 8153
    11111, 11111
    1516, 1516
    7723, 7723
    12310, 12310
    11571, 11571
    6950, 6950
    2559, 2559
    9980, 9980
    8932, 8932
    4934, 4934
    10304, 10304
    12593, 12593
    1875, 1875
    4891, 4891
    3583, 3583
    127, 127
    7569, 7569
    10137, 10137
    7357, 7357
    11452, 11452
    13601, 13601
    30, 30
    4828, 4828
    3336, 3336
    12370, 12370
    7918, 7918
    1417, 1417
    10441, 10441
    10346, 10346
    7576, 7576
    5822, 5822
    2335, 2335
    8574, 8574
    5576, 5576
    7429, 7429
    4062, 4062
    2862, 2862
    7073, 7073
    6909, 6909
    12577, 12577
    3037, 3037
    6533, 6533
    7309, 7309
    11511, 11511
    13036, 13036
    2521, 2521
    11275, 11275
    9921, 9921
    9145, 9145
    1837, 1837
    4537, 4537
    1779, 1779
    13050, 13050
    3038, 3038
    1491, 1491
    15179, 15179
    4805, 4805
    6088, 6088
    3342, 3342
    7230, 7230
    5253, 5253
    14766, 14766
    11930, 11930
    6835, 6835
    138, 138
    6694, 6694
    6167, 6167
    947, 947
    8670, 8670
    10437, 10437
    6049, 6049
    10367, 10367
    7287, 7287
    4064, 4064
    1385, 1385
    5809, 5809
    10436, 10436
    4882, 4882
    6917, 6917
    9684, 9684
    2331, 2331
    12138, 12138
    6828, 6828
    9023, 9023
    4905, 4905
    6885, 6885
    2163, 2163
    1199, 1199
    11504, 11504
    1276, 1276
    15401, 15401
    336, 336
    9850, 9850
    2166, 2166
    14106, 14106
    757, 757
    10865, 10865
    6877, 6877
    15494, 15494
    15487, 15487
    3013, 3013
    12367, 12367
    3877, 3877
    3978, 3978
    8328, 8328
    5175, 5175
    3650, 3650
    13179, 13179
    2051, 2051
    15962, 15962
    14707, 14707
    6170, 6170
    2562, 2562
    5042, 5042
    9516, 9516
    8736, 8736
    1680, 1680
    1323, 1323
    9716, 9716
    3015, 3015
    5357, 5357
    10418, 10418
    9063, 9063
    14391, 14391
    15144, 15144
    4794, 4794
    7755, 7755
    5488, 5488
    5934, 5934
    3409, 3409
    457, 457
    2132, 2132
    4230, 4230
    11591, 11591
    5643, 5643
    7810, 7810
    1841, 1841
    7439, 7439
    3063, 3063
    2324, 2324
    14076, 14076
    3815, 3815
    9909, 9909
    403, 403
    11296, 11296
    6047, 6047
    4804, 4804
    117, 117
    12254, 12254
    2018, 2018
    14760, 14760
    11994, 11994
    11038, 11038
    10797, 10797
    3355, 3355
    52, 52
    3407, 3407
    2347, 2347
    14638, 14638
    9774, 9774
    1155, 1155
    5993, 5993
    13418, 13418
    3776, 3776
    13603, 13603
    163, 163
    2914, 2914
    5699, 5699
    5659, 5659
    481, 481
    11334, 11334
    5886, 5886
    1988, 1988
    1152, 1152
    5775, 5775
    1286, 1286
    4138, 4138
    11838, 11838
    5316, 5316
    14156, 14156
    15061, 15061
    8136, 8136
    493, 493
    6832, 6832
    11246, 11246
    7062, 7062
    7319, 7319
    12965, 12965
    503, 503
    12030, 12030
    2558, 2558
    12678, 12678
    6802, 6802
    1625, 1625
    1030, 1030
    6809, 6809
    15346, 15346
    1376, 1376
    6914, 6914
    9273, 9273
    14611, 14611
    6979, 6979
    2386, 2386
    1858, 1858
    5002, 5002
    8308, 8308
    6883, 6883
    8580, 8580
    11444, 11444
    15266, 15266
    15475, 15475
    10279, 10279
    14561, 14561
    14494, 14494
    13424, 13424
    12719, 12719
    1531, 1531
    3762, 3762
    3538, 3538
    14350, 14350
    9368, 9368
    9326, 9326
    10920, 10920
    8520, 8520
    436, 436
    15268, 15268
    4184, 4184
    7965, 7965
    655, 655
    14777, 14777
    731, 731
    1234, 1234
    10354, 10354
    12936, 12936
    5841, 5841
    7462, 7462
    15559, 15559
    12396, 12396
    6087, 6087
    7283, 7283
    6422, 6422
    12814, 12814
    625, 625
    3098, 3098
    12869, 12869
    14097, 14097
    15399, 15399
    1991, 1991
    15189, 15189
    15517, 15517
    14295, 14295
    12218, 12218
    15022, 15022
    4813, 4813
    13096, 13096
    6351, 6351
    14938, 14938
    2082, 2082
    13912, 13912
    12919, 12919
    4855, 4855
    10191, 10191
    11691, 11691
    11182, 11182
    15432, 15432
    10657, 10657
    5535, 5535
    10359, 10359
    10065, 10065
    7654, 7654
    11482, 11482
    15657, 15657
    985, 985
    14438, 14438
    1818, 1818
    8033, 8033
    12737, 12737
    12720, 12720
    12835, 12835
    6281, 6281
    3194, 3194
    5679, 5679
    10633, 10633
    8997, 8997
    11470, 11470
    1725, 1725
    5306, 5306
    10321, 10321
    2174, 2174
    10115, 10115
    9802, 9802
    531, 531
    331, 331
    15190, 15190
    12749, 12749
    7715, 7715
    15740, 15740
    770, 770
    7518, 7518
    6335, 6335
    7639, 7639
    10023, 10023
    576, 576
    6736, 6736
    5779, 5779
    13275, 13275
    2480, 2480
    11447, 11447
    11035, 11035
    1337, 1337
    11750, 11750
    9862, 9862
    14144, 14144
    14581, 14581
    8058, 8058
    2308, 2308
    6846, 6846
    7886, 7886
    588, 588
    909, 909
    5472, 5472
    13597, 13597
    11951, 11951
    4703, 4703
    3914, 3914
    2086, 2086
    10501, 10501
    2683, 2683
    15936, 15936
    6286, 6286
    13271, 13271
    6294, 6294
    6685, 6685
    12656, 12656
    4961, 4961
    13517, 13517
    4292, 4292
    14088, 14088
    8085, 8085
    1075, 1075
    5450, 5450
    4169, 4169
    9343, 9343
    8304, 8304
    4955, 4955
    2981, 2981
    12136, 12136
    3, 3
    14504, 14504
    10764, 10764
    335, 335
    13075, 13075
    14168, 14168
    13947, 13947
    3826, 3826
    9607, 9607
    9952, 9952
    6366, 6366
    12960, 12960
    13852, 13852
    7900, 7900
    13528, 13528
    6845, 6845
    9807, 9807
    14764, 14764
    8772, 8772
    4745, 4745
    3376, 3376
    12363, 12363
    14840, 14840
    6985, 6985
    12238, 12238
    1251, 1251
    9832, 9832
    12416, 12416
    8486, 8486
    13190, 13190
    13011, 13011
    11117, 11117
    1485, 1485
    15780, 15780
    550, 550
    8231, 8231
    8680, 8680
    14763, 14763
    6262, 6262
    8273, 8273
    6083, 6083
    7548, 7548
    10749, 10749
    14232, 14232
    2438, 2438
    13117, 13117
    2632, 2632
    14121, 14121
    5416, 5416
    7349, 7349
    13827, 13827
    12433, 12433
    250, 250
    4922, 4922
    665, 665
    15577, 15577
    3687, 3687
    15295, 15295
    15726, 15726
    14999, 14999
    14235, 14235
    8462, 8462
    1386, 1386
    13106, 13106
    1087, 1087
    7707, 7707
    13222, 13222
    11573, 11573
    15753, 15753
    4823, 4823
    9551, 9551
    6209, 6209
    13800, 13800
    2554, 2554
    12847, 12847
    9872, 9872
    4208, 4208
    14327, 14327
    2430, 2430
    8603, 8603
    581, 581
    5272, 5272
    13404, 13404
    5214, 5214
    14729, 14729
    12239, 12239
    11560, 11560
    5574, 5574
    159, 159
    15783, 15783
    15258, 15258
    9990, 9990
    8893, 8893
    3309, 3309
    14331, 14331
    10978, 10978
    10404, 10404
    8169, 8169
    8166, 8166
    13656, 13656
    5283, 5283
    14545, 14545
    15908, 15908
    15391, 15391
    8116, 8116
    8539, 8539
    14379, 14379
    6934, 6934
    11139, 11139
    10458, 10458
    6650, 6650
    9239, 9239
    2431, 2431
    7993, 7993
    9768, 9768
    1716, 1716
    2479, 2479
    13549, 13549
    8952, 8952
    5925, 5925
    6193, 6193
    7510, 7510
    3243, 3243
    1714, 1714
    15786, 15786
    10214, 10214
    3537, 3537
    13065, 13065
    689, 689
    10502, 10502
    3395, 3395
    15534, 15534
    6520, 6520
    8144, 8144
    15558, 15558
    3304, 3304
    11090, 11090
    12327, 12327
    7399, 7399
    8614, 8614
    14794, 14794
    452, 452
    11501, 11501
    13973, 13973
    14148, 14148
    13467, 13467
    15609, 15609
    1884, 1884
    5873, 5873
    3144, 3144
    7065, 7065
    2729, 2729
    12732, 12732
    9588, 9588
    4274, 4274
    3606, 3606
    6034, 6034
    1370, 1370
    6931, 6931
    3559, 3559
    11129, 11129
    11704, 11704
    9582, 9582
    12915, 12915
    8005, 8005
    15075, 15075
    7348, 7348
    4748, 4748
    8503, 8503
    9117, 9117
    6452, 6452
    1606, 1606
    128, 128
    6304, 6304
    1001, 1001
    3621, 3621
    12285, 12285
    3244, 3244
    1387, 1387
    13234, 13234
    1078, 1078
    1424, 1424
    10467, 10467
    13207, 13207
    15489, 15489
    9248, 9248
    10268, 10268
    2728, 2728
    15068, 15068
    2550, 2550
    14653, 14653
    11257, 11257
    12038, 12038
    5489, 5489
    4946, 4946
    619, 619
    6988, 6988
    8154, 8154
    11462, 11462
    1900, 1900
    7849, 7849
    2036, 2036
    5630, 5630
    13309, 13309
    13072, 13072
    13776, 13776
    5522, 5522
    7766, 7766
    7883, 7883
    14887, 14887
    9188, 9188
    1628, 1628
    1780, 1780
    6794, 6794
    4902, 4902
    5382, 5382
    13689, 13689
    6605, 6605
    4958, 4958
    1161, 1161
    11938, 11938
    8569, 8569
    14041, 14041
    2942, 2942
    5044, 5044
    790, 790
    15298, 15298
    3927, 3927
    11968, 11968
    7832, 7832
    1882, 1882
    4807, 4807
    2124, 2124
    8986, 8986
    6468, 6468
    5913, 5913
    4743, 4743
    9559, 9559
    2448, 2448
    2684, 2684
    4417, 4417
    675, 675
    584, 584
    10166, 10166
    12769, 12769
    5541, 5541
    1535, 1535
    11771, 11771
    6016, 6016
    12937, 12937
    5529, 5529
    5462, 5462
    4446, 4446
    2474, 2474
    2268, 2268
    145, 145
    4768, 4768
    9619, 9619
    6153, 6153
    3405, 3405
    2921, 2921
    8813, 8813
    14277, 14277
    6102, 6102
    7134, 7134
    10488, 10488
    7514, 7514
    14790, 14790
    10553, 10553
    11671, 11671
    8101, 8101
    10737, 10737
    9954, 9954
    11490, 11490
    12273, 12273
    13866, 13866
    688, 688
    15830, 15830
    14907, 14907
    15617, 15617
    15375, 15375
    6011, 6011
    15507, 15507
    5156, 5156
    9148, 9148
    4254, 4254
    11157, 11157
    3370, 3370
    666, 666
    693, 693
    304, 304
    13946, 13946
    4561, 4561
    2530, 2530
    14284, 14284
    1885, 1885
    5686, 5686
    10566, 10566
    10662, 10662
    13390, 13390
    8533, 8533
    10708, 10708
    2185, 2185
    4202, 4202
    14112, 14112
    1896, 1896
    12981, 12981
    13104, 13104
    7421, 7421
    14973, 14973
    4500, 4500
    357, 357
    1332, 1332
    10283, 10283
    6499, 6499
    15118, 15118
    13990, 13990
    7792, 7792
    1641, 1641
    2985, 2985
    11281, 11281
    4587, 4587
    4954, 4954
    14313, 14313
    3252, 3252
    10637, 10637
    9967, 9967
    1948, 1948
    3120, 3120
    1602, 1602
    10028, 10028
    8656, 8656
    11071, 11071
    15587, 15587
    38, 38
    12365, 12365
    11752, 11752
    234, 234
    3498, 3498
    55, 55
    15948, 15948
    6840, 6840
    11116, 11116
    15557, 15557
    6583, 6583
    241, 241
    2138, 2138
    11887, 11887
    13720, 13720
    1367, 1367
    10372, 10372
    8987, 8987
    3080, 3080
    6801, 6801
    13310, 13310
    14336, 14336
    13479, 13479
    13255, 13255
    816, 816
    7649, 7649
    13725, 13725
    5112, 5112
    5340, 5340
    8103, 8103
    637, 637
    14481, 14481
    1, 1
    12377, 12377
    9895, 9895
    9198, 9198
    14877, 14877
    7983, 7983
    14498, 14498
    8643, 8643
    7313, 7313
    2583, 2583
    11493, 11493
    4247, 4247
    1046, 1046
    7296, 7296
    2714, 2714
    766, 766
    11616, 11616
    10849, 10849
    12651, 12651
    6852, 6852
    9297, 9297
    11498, 11498
    14281, 14281
    6590, 6590
    516, 516
    15642, 15642
    14328, 14328
    9308, 9308
    11039, 11039
    14342, 14342
    11638, 11638
    6203, 6203
    7342, 7342
    10443, 10443
    3655, 3655
    3922, 3922
    2622, 2622
    5478, 5478
    11445, 11445
    3150, 3150
    9741, 9741
    24, 24
    1322, 1322
    10663, 10663
    13580, 13580
    6789, 6789
    12263, 12263
    6357, 6357
    5083, 5083
    11724, 11724
    2168, 2168
    10175, 10175
    13988, 13988
    10383, 10383
    14613, 14613
    15514, 15514
    9671, 9671
    5885, 5885
    11033, 11033
    4716, 4716
    9996, 9996
    5770, 5770
    7894, 7894
    15616, 15616
    12487, 12487
    3934, 3934
    2209, 2209
    4601, 4601
    8918, 8918
    748, 748
    12108, 12108
    5503, 5503
    1295, 1295
    12149, 12149
    7503, 7503
    203, 203
    11318, 11318
    9184, 9184
    2513, 2513
    4111, 4111
    10774, 10774
    13724, 13724
    6367, 6367
    5851, 5851
    10632, 10632
    5102, 5102
    15032, 15032
    8332, 8332
    14332, 14332
    9324, 9324
    14747, 14747
    6715, 6715
    11162, 11162
    7727, 7727
    216, 216
    2864, 2864
    10905, 10905
    7246, 7246
    15096, 15096
    9777, 9777
    1920, 1920
    4107, 4107
    8674, 8674
    5608, 5608
    2653, 2653
    13851, 13851
    2592, 2592
    11078, 11078
    12921, 12921
    951, 951
    12572, 12572
    3332, 3332
    11020, 11020
    11431, 11431
    2775, 2775
    9335, 9335
    15934, 15934
    14783, 14783
    13735, 13735
    7704, 7704
    11986, 11986
    14817, 14817
    5874, 5874
    4262, 4262
    3266, 3266
    15838, 15838
    15843, 15843
    1653, 1653
    9772, 9772
    645, 645
    7653, 7653
    8251, 8251
    15747, 15747
    2954, 2954
    7144, 7144
    5739, 5739
    4932, 4932
    10599, 10599
    1179, 1179
    3618, 3618
    1146, 1146
    4258, 4258
    13695, 13695
    1662, 1662
    10167, 10167
    6973, 6973
    8916, 8916
    373, 373
    11130, 11130
    15351, 15351
    1000, 1000
    13119, 13119
    11913, 11913
    3450, 3450
    7851, 7851
    2029, 2029
    11765, 11765
    3030, 3030
    15745, 15745
    3188, 3188
    354, 354
    9920, 9920
    596, 596
    1901, 1901
    13661, 13661
    6064, 6064
    1499, 1499
    6409, 6409
    1961, 1961
    9436, 9436
    13600, 13600
    9934, 9934
    3088, 3088
    10403, 10403
    2038, 2038
    437, 437
    1212, 1212
    11150, 11150
    9865, 9865
    8752, 8752
    15343, 15343
    14909, 14909
    10390, 10390
    9402, 9402
    13387, 13387
    741, 741
    3584, 3584
    11430, 11430
    14013, 14013
    2397, 2397
    12830, 12830
    1648, 1648
    1018, 1018
    13367, 13367
    6981, 6981
    5448, 5448
    2793, 2793
    13018, 13018
    6095, 6095
    3612, 3612
    11556, 11556
    1919, 1919
    4440, 4440
    11984, 11984
    265, 265
    3981, 3981
    3119, 3119
    13845, 13845
    5493, 5493
    10324, 10324
    9618, 9618
    7969, 7969
    1889, 1889
    15859, 15859
    5313, 5313
    1349, 1349
    5855, 5855
    12997, 12997
    15023, 15023
    11472, 11472
    10505, 10505
    10817, 10817
    8071, 8071
    7382, 7382
    4509, 4509
    9497, 9497
    6871, 6871
    15560, 15560
    13521, 13521
    9663, 9663
    11132, 11132
    14664, 14664
    3525, 3525
    13917, 13917
    3858, 3858
    13297, 13297
    8549, 8549
    4515, 4515
    8594, 8594
    11555, 11555
    13727, 13727
    6410, 6410
    11198, 11198
    8857, 8857
    13588, 13588
    15123, 15123
    11457, 11457
    14715, 14715
    1314, 1314
    13802, 13802
    633, 633
    15128, 15128
    2450, 2450
    14365, 14365
    2133, 2133
    12412, 12412
    11120, 11120
    1471, 1471
    1131, 1131
    7807, 7807
    4260, 4260
    10758, 10758
    10039, 10039
    540, 540
    3059, 3059
    13458, 13458
    3102, 3102
    3012, 3012
    4756, 4756
    3966, 3966
    9431, 9431
    5194, 5194
    6306, 6306
    13073, 13073
    9769, 9769
    1501, 1501
    7290, 7290
    4712, 4712
    9627, 9627
    8965, 8965
    9882, 9882
    15970, 15970
    15791, 15791
    3329, 3329
    8852, 8852
    15110, 15110
    13344, 13344
    5451, 5451
    8969, 8969
    2044, 2044
    11576, 11576
    4769, 4769
    9031, 9031
    4938, 4938
    1786, 1786
    8016, 8016
    15283, 15283
    8322, 8322
    14337, 14337
    5243, 5243
    1318, 1318
    1494, 1494
    7339, 7339
    8896, 8896
    13159, 13159
    2334, 2334
    15852, 15852
    13162, 13162
    3909, 3909
    3632, 3632
    9298, 9298
    15024, 15024
    3130, 3130
    1031, 1031
    14261, 14261
    11528, 11528
    5328, 5328
    11964, 11964
    3996, 3996
    5458, 5458
    14214, 14214
    13566, 13566
    8086, 8086
    10025, 10025
    18, 18
    10244, 10244
    10947, 10947
    12862, 12862
    13514, 13514
    11636, 11636
    6534, 6534
    13764, 13764
    11791, 11791
    1528, 1528
    230, 230
    15007, 15007
    8989, 8989
    15048, 15048
    13189, 13189
    1020, 1020
    4267, 4267
    8541, 8541
    14177, 14177
    7253, 7253
    7815, 7815
    9052, 9052
    15836, 15836
    3350, 3350
    14958, 14958
    10492, 10492
    10008, 10008
    5180, 5180
    7113, 7113
    5796, 5796
    1649, 1649
    9171, 9171
    7735, 7735
    5409, 5409
    11206, 11206
    13934, 13934
    14726, 14726
    1208, 1208
    11957, 11957
    1618, 1618
    5081, 5081
    2407, 2407
    14781, 14781
    9861, 9861
    13274, 13274
    11553, 11553
    8725, 8725
    14905, 14905
    4104, 4104
    13097, 13097
    10131, 10131
    1553, 1553
    12383, 12383
    2289, 2289
    4617, 4617
    2281, 2281
    8268, 8268
    3578, 3578
    14878, 14878
    14608, 14608
    9558, 9558
    5866, 5866
    7808, 7808
    15856, 15856
    4969, 4969
    13596, 13596
    12841, 12841
    15044, 15044
    6634, 6634
    7961, 7961
    8376, 8376
    15818, 15818
    4242, 4242
    663, 663
    6890, 6890
    14585, 14585
    12418, 12418
    6311, 6311
    13835, 13835
}

S(b, c) = {
    2451, 2451
    6644, 6644
    6651, 6651
    4457, 4457
    4901, 4901
    13379, 13379
    7853, 7853
    11700, 11700
    13904, 13904
    7405, 7405
    436, 436
    14682, 14682
    3566, 3566
    12447, 12447
    1249, 1249
    9695, 9695
    4651, 4651
    47, 47
    3524, 3524
    2460, 2460
    7222, 7222
    1636, 1636
    3704, 3704
    209, 209
    11820, 11820
    2264, 2264
    10231, 10231
    1419, 1419
    4152, 4152
    8693, 8693
    1183, 1183
    4412, 4412
    11442, 11442
    9930, 9930
    11140, 11140
    11945, 11945
    15008, 15008
    4594, 4594
    5466, 5466
    11520, 11520
    15227, 15227
    7266, 7266
    993, 993
    9123, 9123
    9859, 9859
    12237, 12237
    14478, 14478
    1130, 1130
    7170, 7170
    3968, 3968
    8949, 8949
    4587, 4587
    6860, 6860
    8353, 8353
    15926, 15926
    4267, 4267
    13502, 13502
    9739, 9739
    5190, 5190
    15715, 15715
    7726, 7726
    8281, 8281
    1679, 1679
    9236, 9236
    1450, 1450
    3353, 3353
    6206, 6206
    7000, 7000
    3317, 3317
    7224, 7224
    6843, 6843
    13118, 13118
    6398, 6398
    10547, 10547
    97, 97
    15575, 15575
    3958, 3958
    8341, 8341
    10323, 10323
    12844, 12844
    13539, 13539
    5536, 5536
    8117, 8117
    2749, 2749
    9389, 9389
    10230, 10230
    13404, 13404
    13665, 13665
    10922, 10922
    7189, 7189
    9144, 9144
    2052, 2052
    1081, 1081
    1255, 1255
    5528, 5528
    7966, 7966
    1211, 1211
    7232, 7232
    12024, 12024
    1341, 1341
    10409, 10409
    15744, 15744
    5634, 5634
    2526, 2526
    12370, 12370
    1322, 1322
    10660, 10660
    3263, 3263
    7663, 7663
    15199, 15199
    961, 961
    1815, 1815
    11130, 11130
    13222, 13222
    14380, 14380
    6454, 6454
    8403, 8403
    8007, 8007
    15596, 15596
    9737, 9737
    12929, 12929
    14907, 14907
    1059, 1059
    14881, 14881
    6279, 6279
    4646, 4646
    13903, 13903
    492, 492
    14343, 14343
    3606, 3606
    5945, 5945
    6077, 6077
    15497, 15497
    15266, 15266
    10372, 10372
    1581, 1581
    10384, 10384
    11160, 11160
    15695, 15695
    14826, 14826
    15212, 15212
    10860, 10860
    14554, 14554
    12270, 12270
    10618, 10618
    9139, 9139
    7097, 7097
    644, 644
    1506, 1506
    7029, 7029
    14839, 14839
    7294, 7294
    8690, 8690
    10040, 10040
    7334, 7334
    4642, 4642
    15040, 15040
    7718, 7718
    9841, 9841
    6354, 6354
    4362, 4362
    14847, 14847
    7377, 7377
    11501, 11501
    12124, 12124
    11608, 11608
    2728, 2728
    13290, 13290
    1497, 1497
    8044, 8044
    2338, 2338
    9956, 9956
    13953, 13953
    3535, 3535
    4446, 4446
    7125, 7125
    4672, 4672
    4334, 4334
    13621, 13621
    4891, 4891
    7633, 7633
    1140, 1140
    5130, 5130
    4611, 4611
    9072, 9072
    8789, 8789
    15948, 15948
    2097, 2097
    4380, 4380
    7054, 7054
    8292, 8292
    15472, 15472
    5669, 5669
    6721, 6721
    12136, 12136
    10272, 10272
    4872, 4872
    807, 807
    9708, 9708
    9178, 9178
    3055, 3055
    1105, 1105
    11013, 11013
    11172, 11172
    1303, 1303
    10673, 10673
    8248, 8248
    7529, 7529
    2494, 2494
    1480, 1480
    7909, 7909
    8503, 8503
    5904, 5904
    10416, 10416
    15077, 15077
    13850, 13850
    10879, 10879
    9048, 9048
    5285, 5285
    2515, 2515
    12595, 12595
    14505, 14505
    465, 465
    7061, 7061
    5675, 5675
    11256, 11256
    10563, 10563
    4897, 4897
    6992, 6992
    6971, 6971
    4944, 4944
    2353, 2353
    6389, 6389
    14687, 14687
    10754, 10754
    145, 145
    11447, 11447
    6626, 6626
    14111, 14111
    6264, 6264
    3106, 3106
    6267, 6267
    10939, 10939
    11988, 11988
    3470, 3470
    8947, 8947
    12340, 12340
    72, 72
    2002, 2002
    6137, 6137
    3588, 3588
    8759, 8759
    7647, 7647
    955, 955
    4815, 4815
    5554, 5554
    979, 979
    10283, 10283
    544, 544
    3359, 3359
    6558, 6558
    1797, 1797
    10102, 10102
    4137, 4137
    13245, 13245
    14086, 14086
    10803, 10803
    12123, 12123
    1051, 1051
    15637, 15637
    7340, 7340
    10836, 10836
    3826, 3826
    11987, 11987
    788, 788
    9044, 9044
    6524, 6524
    6622, 6622
    5643, 5643
    4892, 4892
    9440, 9440
    7407, 7407
    11750, 11750
    3214, 3214
    8107, 8107
    5142, 5142
    11906, 11906
    2373, 2373
    6702, 6702
    1177, 1177
    12083, 12083
    934, 934
    12216, 12216
    940, 940
    9412, 9412
    7098, 7098
    15404, 15404
    5777, 5777
    13731, 13731
    8028, 8028
    7356, 7356
    2921, 2921
    13374, 13374
    14263, 14263
    12161, 12161
    4482, 4482
    8063, 8063
    10187, 10187
    4227, 4227
    449, 449
    6212, 6212
    10210, 10210
    1969, 1969
    9977, 9977
    12643, 12643
    7441, 7441
    9008, 9008
    1642, 1642
    4367, 4367
    14, 14
    5609, 5609
    6690, 6690
    11443, 11443
    15284, 15284
    12258, 12258
    2643, 2643
    15426, 15426
    13844, 13844
    7142, 7142
    3819, 3819
    14291, 14291
    8092, 8092
    730, 730
    129, 129
    8699, 8699
    11209, 11209
    4968, 4968
    10693, 10693
    2401, 2401
    7737, 7737
    2089, 2089
    2474, 2474
    4458, 4458
    11650, 11650
    3485, 3485
    10493, 10493
    11247, 11247
    2974, 2974
    7025, 7025
    12439, 12439
    4942, 4942
    504, 504
    13403, 13403
    3838, 3838
    7015, 7015
    2271, 2271
    14313, 14313
    4618, 4618
    14947, 14947
    1799, 1799
    7924, 7924
    13265, 13265
    5231, 5231
    1586, 1586
    12309, 12309
    15292, 15292
    11590, 11590
    6520, 6520
    8263, 8263
    6738, 6738
    10325, 10325
    10035, 10035
    13923, 13923
    10570, 10570
    4499, 4499
    6897, 6897
    1259, 1259
    14748, 14748
    4235, 4235
    2056, 2056
    3337, 3337
    5737, 5737
    6701, 6701
    14398, 14398
    6937, 6937
    3159, 3159
    5051, 5051
    614, 614
    3734, 3734
    1500, 1500
    8485, 8485
    3788, 3788
    7670, 7670
    677, 677
    14404, 14404
    10793, 10793
    10930, 10930
    14107, 14107
    3820, 3820
    9506, 9506
    10244, 10244
    5639, 5639
    14273, 14273
    1817, 1817
    6919, 6919
    13549, 13549
    12512, 12512
    7342, 7342
    12303, 12303
    14859, 14859
    1794, 1794
    14755, 14755
    14541, 14541
    6196, 6196
    2048, 2048
    9431, 9431
    4877, 4877
    2483, 2483
    3995, 3995
    13831, 13831
    10413, 10413
    994, 994
    4935, 4935
    11281, 11281
    4038, 4038
    14214, 14214
    12151, 12151
    7533, 7533
    6683, 6683
    8252, 8252
    13268, 13268
    8138, 8138
    14072, 14072
    14548, 14548
    8312, 8312
    11493, 11493
    15003, 15003
    482, 482
    3439, 3439
    5611, 5611
    7316, 7316
    1681, 1681
    679, 679
    14407, 14407
    11535, 11535
    161, 161
    15087, 15087
    6382, 6382
    5265, 5265
    12147, 12147
    12212, 12212
    15468, 15468
    526, 526
    14584, 14584
    13474, 13474
    6004, 6004
    2644, 2644
    10172, 10172
    4780, 4780
    13637, 13637
    15147, 15147
    14703, 14703
    9177, 9177
    7977, 7977
    5548, 5548
    11267, 11267
    6459, 6459
    12067, 12067
    13029, 13029
    5313, 5313
    9358, 9358
    12120, 12120
    13050, 13050
    12352, 12352
    796, 796
    6187, 6187
    4647, 4647
    11864, 11864
    2220, 2220
    1279, 1279
    2842, 2842
    8636, 8636
    8643, 8643
    15353, 15353
    7500, 7500
    8863, 8863
    14927, 14927
    8015, 8015
    6571, 6571
    555, 555
    10074, 10074
    2986, 2986
    12077, 12077
    191, 191
    1212, 1212
    5702, 5702
    920, 920
    7760, 7760
    3897, 3897
    12477, 12477
    11058, 11058
    6365, 6365
    8471, 8471
    11258, 11258
    2021, 2021
    7242, 7242
    12143, 12143
    13699, 13699
    1875, 1875
    8938, 8938
    7182, 7182
    13060, 13060
    13996, 13996
    9647, 9647
    13879, 13879
    3944, 3944
    8871, 8871
    7727, 7727
    7661, 7661
    4932, 4932
    2848, 2848
    9945, 9945
    8376, 8376
    6742, 6742
    15872, 15872
    13869, 13869
    15708, 15708
    8661, 8661
    14229, 14229
    333, 333
    4558, 4558
    6591, 6591
    3528, 3528
    8695, 8695
    12592, 12592
    2151, 2151
    6985, 6985
    13781, 13781
    1239, 1239
    1122, 1122
    2622, 2622
    1577, 1577
    1260, 1260
    3631, 3631
    8191, 8191
    6938, 6938
    4703, 4703
    13309, 13309
    2727, 2727
    2235, 2235
    372, 372
    7983, 7983
    9070, 9070
    14498, 14498
    12565, 12565
    1888, 1888
    9047, 9047
    5816, 5816
    4441, 4441
    6827, 6827
    10382, 10382
    943, 943
    15638, 15638
    6834, 6834
    6934, 6934
    5623, 5623
    9957, 9957
    13824, 13824
    6364, 6364
    15106, 15106
    1491, 1491
    14612, 14612
    15675, 15675
    13415, 13415
    11195, 11195
    14970, 14970
    4920, 4920
    11092, 11092
    15855, 15855
    9892, 9892
    1997, 1997
    10594, 10594
    14784, 14784
    4333, 4333
    8158, 8158
    7709, 7709
    4394, 4394
    14279, 14279
    7374, 7374
    3742, 3742
    10988, 10988
    10136, 10136
    11947, 11947
    12059, 12059
    3896, 3896
    362, 362
    14530, 14530
    13709, 13709
    9614, 9614
    7281, 7281
    8061, 8061
    8005, 8005
    1726, 1726
    14373, 14373
    14087, 14087
    13340, 13340
    14188, 14188
    2140, 2140
    7153, 7153
    9283, 9283
    12628, 12628
    6170, 6170
    8121, 8121
    14311, 14311
    14215, 14215
    12044, 12044
    5384, 5384
    5182, 5182
    6497, 6497
    6613, 6613
    7910, 7910
    15905, 15905
    4643, 4643
    5850, 5850
    11166, 11166
    10456, 10456
    15222, 15222
    15562, 15562
    2133, 2133
    11109, 11109
    5491, 5491
    2606, 2606
    4214, 4214
    8309, 8309
    11427, 11427
    11354, 11354
    13975, 13975
    8461, 8461
    15296, 15296
    2756, 2756
    4190, 4190
    12787, 12787
    9611, 9611
    13623, 13623
    1410, 1410
    3505, 3505
    2333, 2333
    8735, 8735
    7645, 7645
    4165, 4165
    6645, 6645
    2493, 2493
    7062, 7062
    3213, 3213
    9475, 9475
    7784, 7784
    15654, 15654
    6261, 6261
    15083, 15083
    14564, 14564
    122, 122
    1653, 1653
    7117, 7117
    1585, 1585
    12521, 12521
    9449, 9449
    1272, 1272
    15450, 15450
    13176, 13176
    328, 328
    6792, 6792
    14323, 14323
    14674, 14674
    15107, 15107
    4806, 4806
    7115, 7115
    14137, 14137
    10137, 10137
    2967, 2967
    12063, 12063
    8391, 8391
    7308, 7308
    8999, 8999
    8101, 8101
    3622, 3622
    13453, 13453
    1026, 1026
    9098, 9098
    4904, 4904
    10572, 10572
    6096, 6096
    3572, 3572
    7296, 7296
    3085, 3085
    11893, 11893
    9327, 9327
    8828, 8828
    8153, 8153
    13657, 13657
    502, 502
    2077, 2077
    9303, 9303
    3099, 3099
    15348, 15348
    15560, 15560
    14809, 14809
    4083, 4083
    3018, 3018
    656, 656
    9828, 9828
    6840, 6840
    1559, 1559
    9525, 9525
    8672, 8672
    2956, 2956
    9497, 9497
    11061, 11061
    1592, 1592
    7037, 7037
    12794, 12794
    10452, 10452
    1916, 1916
    11210, 11210
    8526, 8526
    2771, 2771
    11334, 11334
    6197, 6197
    14872, 14872
    11887, 11887
    2995, 2995
    14423, 14423
    2134, 2134
    12951, 12951
    12395, 12395
    4808, 4808
    7824, 7824
    1010, 1010
    6961, 6961
    3028, 3028
    518, 518
    633, 633
    12490, 12490
    10980, 10980
    12952, 12952
    12518, 12518
    1865, 1865
    10204, 10204
    9184, 9184
    12176, 12176
    1582, 1582
    7735, 7735
    10881, 10881
    2146, 2146
    7200, 7200
    2709, 2709
    420, 420
    13898, 13898
    14989, 14989
    4605, 4605
    8332, 8332
    4106, 4106
    4955, 4955
    3179, 3179
    10318, 10318
    12550, 12550
    10928, 10928
    4577, 4577
    2062, 2062
    10009, 10009
    6044, 6044
    3977, 3977
    222, 222
    12765, 12765
    11264, 11264
    6342, 6342
    13489, 13489
    13963, 13963
    12999, 12999
    6399, 6399
    4574, 4574
    6765, 6765
    6008, 6008
    15478, 15478
    14869, 14869
    15112, 15112
    4408, 4408
    4219, 4219
    11123, 11123
    10223, 10223
    12734, 12734
    6602, 6602
    7313, 7313
    12499, 12499
    3835, 3835
    1275, 1275
    15569, 15569
    3287, 3287
    5364, 5364
    125, 125
    11206, 11206
    4929, 4929
    1447, 1447
    4828, 4828
    15058, 15058
    2032, 2032
    915, 915
    1947, 1947
    11980, 11980
    421, 421
    8822, 8822
    2022, 2022
    4748, 4748
    4343, 4343
    4984, 4984
    1293, 1293
    15932, 15932
    9528, 9528
    1573, 1573
    10436, 10436
    15734, 15734
    1852, 1852
    8113, 8113
    13551, 13551
    1286, 1286
    6836, 6836
    7388, 7388
    11416, 11416
    14011, 14011
    7103, 7103
    12153, 12153
    14467, 14467
    3623, 3623
    3922, 3922
    2477, 2477
    11366, 11366
    14811, 14811
    15455, 15455
    8098, 8098
    5202, 5202
    4011, 4011
    1054, 1054
    8905, 8905
    10076, 10076
    7465, 7465
    965, 965
    4392, 4392
    13535, 13535
    7332, 7332
    11938, 11938
    12288, 12288
    12385, 12385
    6179, 6179
    6678, 6678
    14956, 14956
    9481, 9481
    12002, 12002
    2292, 2292
    9130, 9130
    8197, 8197
    1057, 1057
    15146, 15146
    2117, 2117
    7828, 7828
    14903, 14903
    11128, 11128
    3483, 3483
    15915, 15915
    9830, 9830
    11054, 11054
    3048, 3048
    10973, 10973
    3071, 3071
    3673, 3673
    3363, 3363
    7579, 7579
    12431, 12431
    3784, 3784
    5875, 5875
    301, 301
    11951, 11951
    8096, 8096
    15699, 15699
    12576, 12576
    273, 273
    12887, 12887
    13730, 13730
    13605, 13605
    10006, 10006
    3642, 3642
    722, 722
    10533, 10533
    15235, 15235
    12717, 12717
    14317, 14317
    6372, 6372
    14347, 14347
    3333, 3333
    1327, 1327
    12325, 12325
    996, 996
    8656, 8656
    2406, 2406
    1222, 1222
    2129, 2129
    2391, 2391
    3596, 3596
    651, 651
    15311, 15311
    3886, 3886
    15043, 15043
    566, 566
    2733, 2733
    9467, 9467
    711, 711
    6281, 6281
    5084, 5084
    1768, 1768
    14428, 14428
    835, 835
    13128, 13128
    2215, 2215
    12922, 12922
    4803, 4803
    5300, 5300
    13764, 13764
    3204, 3204
    15409, 15409
    7341, 7341
    13604, 13604
    8851, 8851
    1425, 1425
    4194, 4194
    15871, 15871
    12266, 12266
    6611, 6611
    13928, 13928
    8114, 8114
    15861, 15861
    5616, 5616
    14602, 14602
    15898, 15898
    8981, 8981
    415, 415
    6628, 6628
    6184, 6184
    7997, 7997
    453, 453
    8706, 8706
    14832, 14832
    1924, 1924
    7863, 7863
    3703, 3703
    7384, 7384
    5247, 5247
    5729, 5729
    11972, 11972
    11571, 11571
    13471, 13471
    2136, 2136
    4163, 4163
    3364, 3364
    2321, 2321
    9363, 9363
    8244, 8244
    9566, 9566
    3600, 3600
    10682, 10682
    7072, 7072
    468, 468
    13823, 13823
    12011, 12011
    5925, 5925
    7362, 7362
    1342, 1342
    14124, 14124
    5863, 5863
    1176, 1176
    4282, 4282
    322, 322
    2040, 2040
    9725, 9725
    6538, 6538
    3400, 3400
    7047, 7047
    11982, 11982
    10173, 10173
    613, 613
    11290, 11290
    3347, 3347
    15457, 15457
    9214, 9214
    5311, 5311
    4397, 4397
    11230, 11230
    861, 861
    3079, 3079
    3953, 3953
    4654, 4654
    9542, 9542
    1445, 1445
    3185, 3185
    11465, 11465
    12945, 12945
    11041, 11041
    2368, 2368
    3034, 3034
    15671, 15671
    9747, 9747
    11907, 11907
    1390, 1390
    8421, 8421
    3274, 3274
    6904, 6904
    4863, 4863
    7542, 7542
    13951, 13951
    7459, 7459
    2422, 2422
    10197, 10197
    11097, 11097
    1517, 1517
    8056, 8056
    205, 205
    8208, 8208
    14441, 14441
    6024, 6024
    6759, 6759
    12342, 12342
    4679, 4679
    7265, 7265
    7557, 7557
    5822, 5822
    10330, 10330
    4924, 4924
    12593, 12593
    14780, 14780
    7065, 7065
    1558, 1558
    5788, 5788
    5778, 5778
    11093, 11093
    15061, 15061
    9616, 9616
    9689, 9689
    12481, 12481
    1933, 1933
    8667, 8667
    15801, 15801
    12831, 12831
    13790, 13790
    10077, 10077
    11798, 11798
    3098, 3098
    6233, 6233
    14365, 14365
    800, 800
    4760, 4760
    11997, 11997
    4396, 4396
    13703, 13703
    257, 257
    10903, 10903
    8436, 8436
    8122, 8122
    10088, 10088
    3773, 3773
    4737, 4737
    8179, 8179
    11986, 11986
    11662, 11662
    13412, 13412
    3708, 3708
    3890, 3890
    8839, 8839
    12778, 12778
    12923, 12923
    15094, 15094
    12761, 12761
    1625, 1625
    7722, 7722
    9061, 9061
    5268, 5268
    10589, 10589
    5262, 5262
    11620, 11620
    9690, 9690
    9742, 9742
    10228, 10228
    7315, 7315
    3397, 3397
    968, 968
    1911, 1911
    12007, 12007
    14861, 14861
    15405, 15405
    4388, 4388
    11454, 11454
    10024, 10024
    1676, 1676
    8383, 8383
    8390, 8390
    11687, 11687
    13815, 13815
    5486, 5486
    6947, 6947
    3684, 3684
    11795, 11795
    3078, 3078
    8602, 8602
    13324, 13324
    4160, 4160
    6781, 6781
    5753, 5753
    4272, 4272
    11204, 11204
    10277, 10277
    12749, 12749
    3794, 3794
    5900, 5900
    13016, 13016
    13100, 13100
    112, 112
    404, 404
    7660, 7660
    3194, 3194
    14531, 14531
    12652, 12652
    7121, 7121
    11974, 11974
    935, 935
    371, 371
    5978, 5978
    10288, 10288
    6777, 6777
    6119, 6119
    2689, 2689
    10336, 10336
    4849, 4849
    1453, 1453
    3868, 3868
    6725, 6725
    14244, 14244
    11996, 11996
    11052, 11052
    1759, 1759
    382, 382
    12869, 12869
    9226, 9226
    14946, 14946
    632, 632
    12782, 12782
    6746, 6746
    8946, 8946
    5975, 5975
    6100, 6100
    1917, 1917
    11155, 11155
    5392, 5392
    14366, 14366
    7118, 7118
    7586, 7586
    4766, 4766
    5445, 5445
    12623, 12623
    5220, 5220
    9448, 9448
    8486, 8486
    10971, 10971
    9902, 9902
    1182, 1182
    2812, 2812
    11712, 11712
    14571, 14571
    3719, 3719
    10504, 10504
    13272, 13272
    1838, 1838
    6472, 6472
    4805, 4805
    13587, 13587
    4556, 4556
    13377, 13377
    8926, 8926
    9212, 9212
    15128, 15128
    5367, 5367
    11745, 11745
    13125, 13125
    7152, 7152
    6629, 6629
    14773, 14773
    4479, 4479
    3616, 3616
    3335, 3335
    2498, 2498
    5912, 5912
    5227, 5227
    15980, 15980
    11508, 11508
    6756, 6756
    11056, 11056
    2298, 2298
    4289, 4289
    2025, 2025
    11324, 11324
    803, 803
    11649, 11649
    11069, 11069
    1266, 1266
    13031, 13031
    15831, 15831
    7741, 7741
    1047, 1047
    13409, 13409
    5249, 5249
    15279, 15279
    9504, 9504
    12005, 12005
    8358, 8358
    6017, 6017
    678, 678
    12443, 12443
    14491, 14491
    7649, 7649
    15331, 15331
    11349, 11349
    3628, 3628
    15436, 15436
    13584, 13584
    6452, 6452
    1739, 1739
    2261, 2261
    11916, 11916
    13782, 13782
    2751, 2751
    15610, 15610
    2548, 2548
    15182, 15182
    9067, 9067
    4756, 4756
    3370, 3370
    11779, 11779
    2426, 2426
    13345, 13345
    11271, 11271
    15735, 15735
    11116, 11116
    8027, 8027
    7949, 7949
    14286, 14286
    9089, 9089
    223, 223
    14664, 14664
    13803, 13803
    5330, 5330
    2434, 2434
    3591, 3591
    9952, 9952
    4314, 4314
    744, 744
    9115, 9115
    7698, 7698
    5837, 5837
    1080, 1080
    6507, 6507
    982, 982
    9903, 9903
    1365, 1365
    11331, 11331
    10369, 10369
    2055, 2055
    5631, 5631
    5156, 5156
    5814, 5814
    8330, 8330
    1602, 1602
    7543, 7543
    12179, 12179
    7608, 7608
    1942, 1942
    1667, 1667
    6831, 6831
    9017, 9017
    1308, 1308
    1451, 1451
    10509, 10509
    2076, 2076
    11718, 11718
    570, 570
    7848, 7848
    2680, 2680
    3310, 3310
    307, 307
    14835, 14835
    15488, 15488
    13979, 13979
    13163, 13163
    1632, 1632
    1961, 1961
    11217, 11217
    11975, 11975
    15031, 15031
    15658, 15658
    7352, 7352
    12911, 12911
    3603, 3603
    7184, 7184
    4493, 4493
    12189, 12189
    3013, 3013
    11240, 11240
    11252, 11252
    3436, 3436
    4096, 4096
    15515, 15515
    5544, 5544
    14844, 14844
    2431, 2431
    10574, 10574
    15054, 15054
    13842, 13842
    10302, 10302
    1836, 1836
    536, 536
    13697, 13697
    5479, 5479
    1798, 1798
    8535, 8535
    14808, 14808
    9727, 9727
    15354, 15354
    6323, 6323
    2704, 2704
    15738, 15738
    3859, 3859
    7088, 7088
    8256, 8256
    12197, 12197
    10124, 10124
    2930, 2930
    7197, 7197
    11671, 11671
    3147, 3147
    9907, 9907
    6007, 6007
    4934, 4934
    8710, 8710
    3115, 3115
    6169, 6169
    4182, 4182
    3769, 3769
    14252, 14252
    7858, 7858
    9961, 9961
    3132, 3132
    11102, 11102
    10464, 10464
    3504, 3504
    10183, 10183
    7003, 7003
    2779, 2779
    13462, 13462
    1810, 1810
    13497, 13497
    10728, 10728
    11707, 11707
    12908, 12908
    9834, 9834
    9778, 9778
    6927, 6927
    3653, 3653
    8159, 8159
    6199, 6199
    9786, 9786
    7763, 7763
    393, 393
    11479, 11479
    9182, 9182
    2984, 2984
    15914, 15914
    11930, 11930
    12049, 12049
    10747, 10747
    1280, 1280
    10381, 10381
    4913, 4913
    13579, 13579
    3557, 3557
    13851, 13851
    1522, 1522
    10170, 10170
    7681, 7681
    8718, 8718
    8555, 8555
    7982, 7982
    5238, 5238
    13310, 13310
    8135, 8135
    5407, 5407
    9750, 9750
    9798, 9798
    7595, 7595
    10743, 10743
    3966, 3966
    1643, 1643
    12857, 12857
    8402, 8402
    1139, 1139
    13893, 13893
    8134, 8134
    10635, 10635
    8914, 8914
    3206, 3206
    11402, 11402
    7696, 7696
    11910, 11910
    5811, 5811
    14326, 14326
    3636, 3636
    7816, 7816
    12121, 12121
    2189, 2189
    7238, 7238
    6776, 6776
    9738, 9738
    11598, 11598
    12456, 12456
    2532, 2532
    11927, 11927
    12515, 12515
    10599, 10599
    12420, 12420
    8035, 8035
    444, 444
    2647, 2647
    14510, 14510
    2803, 2803
    4957, 4957
    3854, 3854
    10162, 10162
    8768, 8768
    14254, 14254
    14724, 14724
    13248, 13248
    7433, 7433
    9131, 9131
    8410, 8410
    5999, 5999
    5798, 5798
    275, 275
    906, 906
    6727, 6727
    5962, 5962
    11961, 11961
    14179, 14179
    261, 261
    9579, 9579
    3574, 3574
    12343, 12343
    792, 792
    15722, 15722
    2234, 2234
    6419, 6419
    15333, 15333
    1298, 1298
    10775, 10775
    7363, 7363
    13943, 13943
    6567, 6567
    14754, 14754
    5793, 5793
    5280, 5280
    5080, 5080
    5105, 5105
    15737, 15737
    14854, 14854
    2085, 2085
    2304, 2304
    6820, 6820
    1520, 1520
    10103, 10103
    11441, 11441
    1387, 1387
    5326, 5326
    4436, 4436
    11223, 11223
    3437, 3437
    3451, 3451
    10476, 10476
    4534, 4534
    13194, 13194
    6680, 6680
    7988, 7988
    3264, 3264
    6648, 6648
    4702, 4702
    14675, 14675
    10306, 10306
    1401, 1401
    8184, 8184
    2306, 2306
    14228, 14228
    8603, 8603
    9560, 9560
    10746, 10746
    9848, 9848
    10586, 10586
    1990, 1990
    6421, 6421
    1929, 1929
    2545, 2545
    4118, 4118
    15093, 15093
    12065, 12065
    8300, 8300
    6276, 6276
    8517, 8517
    10858, 10858
    7818, 7818
    10071, 10071
    4720, 4720
    7908, 7908
    15576, 15576
    5769, 5769
    6607, 6607
    6098, 6098
    2445, 2445
    1058, 1058
    9701, 9701
    15498, 15498
    6003, 6003
    7245, 7245
    1114, 1114
    8644, 8644
    5301, 5301
    1763, 1763
    10171, 10171
    14603, 14603
    5858, 5858
    8100, 8100
    11196, 11196
    11682, 11682
    3984, 3984
    11309, 11309
    7892, 7892
    374, 374
    2470, 2470
    9628, 9628
    1511, 1511
    5482, 5482
    12485, 12485
    727, 727
    8475, 8475
    8665, 8665
    4237, 4237
    11502, 11502
    9491, 9491
    10809, 10809
    15922, 15922
    5266, 5266
    8046, 8046
    7624, 7624
    5888, 5888
    2871, 2871
    750, 750
    3452, 3452
    10469, 10469
    12269, 12269
    2312, 2312
    13582, 13582
    10222, 10222
    6080, 6080
    14355, 14355
    12377, 12377
    6663, 6663
    5709, 5709
    7133, 7133
    11042, 11042
    5673, 5673
    10073, 10073
    8062, 8062
    8225, 8225
    9117, 9117
    13773, 13773
    5173, 5173
    15690, 15690
    8189, 8189
    7793, 7793
    10058, 10058
    1277, 1277
    14190, 14190
    11473, 11473
    2618, 2618
    4746, 4746
    15632, 15632
    3891, 3891
    3526, 3526
    10978, 10978
    2743, 2743
    5263, 5263
    7173, 7173
    347, 347
    8651, 8651
    8137, 8137
    5807, 5807
    11284, 11284
    2793, 2793
    342, 342
    8270, 8270
    8209, 8209
    7843, 7843
    10745, 10745
    14278, 14278
    1856, 1856
    11191, 11191
    7002, 7002
    13733, 13733
    8268, 8268
    11736, 11736
    10423, 10423
    7218, 7218
    4668, 4668
    12318, 12318
    10401, 10401
    15096, 15096
    14050, 14050
    11190, 11190
    1316, 1316
    5687, 5687
    11458, 11458
    14109, 14109
    5716, 5716
    6334, 6334
    1128, 1128
    15406, 15406
    74, 74
    14572, 14572
    8014, 8014
    5439, 5439
    446, 446
    11647, 11647
    11384, 11384
    11294, 11294
    14515, 14515
    9029, 9029
    9417, 9417
    13, 13
    13767, 13767
    14177, 14177
    6722, 6722
    12148, 12148
    15229, 15229
    529, 529
    4368, 4368
    3029, 3029
    5901, 5901
    11231, 11231
    6740, 6740
    9619, 9619
    3523, 3523
    12835, 12835
    14434, 14434
    6687, 6687
    2432, 2432
    13655, 13655
    11617, 11617
    1399, 1399
    94, 94
    6659, 6659
    2478, 2478
    1034, 1034
    5342, 5342
    5653, 5653
    13057, 13057
    87, 87
    8874, 8874
    3802, 3802
    8363, 8363
    2940, 2940
    7096, 7096
    7993, 7993
    14070, 14070
    8396, 8396
    6176, 6176
    4881, 4881
    11406, 11406
    13235, 13235
    1669, 1669
    2096, 2096
    9805, 9805
    5800, 5800
    2330, 2330
    9150, 9150
    12267, 12267
    15358, 15358
    6055, 6055
    3697, 3697
    12166, 12166
    14224, 14224
    8717, 8717
    6760, 6760
    14886, 14886
    6429, 6429
    13168, 13168
    7690, 7690
    12293, 12293
    6293, 6293
    8240, 8240
    11753, 11753
    5281, 5281
    13747, 13747
    12931, 12931
    9451, 9451
    4779, 4779
    15623, 15623
    15256, 15256
    12214, 12214
    10349, 10349
    15759, 15759
    1301, 1301
    5098, 5098
    12804, 12804
    737, 737
    3911, 3911
    8697, 8697
    884, 884
    6972, 6972
    5046, 5046
    3947, 3947
    13327, 13327
    12273, 12273
    4964, 4964
    13108, 13108
    7244, 7244
    13999, 13999
    1230, 1230
    2639, 2639
    2536, 2536
    5993, 5993
    13819, 13819
    9307, 9307
    5560, 5560
    9997, 9997
    5029, 5029
    4781, 4781
    2342, 2342
    11132, 11132
    815, 815
    14384, 14384
    15330, 15330
    1744, 1744
    2972, 2972
    3531, 3531
    12944, 12944
    6506, 6506
    7451, 7451
    7303, 7303
    13369, 13369
    12578, 12578
    9173, 9173
    2188, 2188
    11830, 11830
    3110, 3110
    1974, 1974
    5279, 5279
    6631, 6631
    2857, 2857
    11051, 11051
    14452, 14452
    1905, 1905
    10698, 10698
    14796, 14796
    8842, 8842
    8579, 8579
    2825, 2825
    12429, 12429
    5757, 5757
    2341, 2341
    5674, 5674
    5834, 5834
    5408, 5408
    9905, 9905
    2846, 2846
    14874, 14874
    12252, 12252
    6462, 6462
    9228, 9228
    11431, 11431
    8362, 8362
    3533, 3533
    7493, 7493
    5898, 5898
    107, 107
    2240, 2240
    1028, 1028
    13439, 13439
    12819, 12819
    4302, 4302
    4409, 4409
    1046, 1046
    14321, 14321
    13687, 13687
    2488, 2488
    14644, 14644
    6245, 6245
    12183, 12183
    3216, 3216
    8586, 8586
    13030, 13030
    8504, 8504
    2563, 2563
    4999, 4999
    588, 588
    1738, 1738
    6948, 6948
    7067, 7067
    7995, 7995
    11815, 11815
    10755, 10755
    2628, 2628
    4938, 4938
    6599, 6599
    7109, 7109
    12800, 12800
    3495, 3495
    10293, 10293
    1440, 1440
    12187, 12187
    1235, 1235
    12666, 12666
    9349, 9349
    8514, 8514
    8677, 8677
    4566, 4566
    5640, 5640
    6714, 6714
    5598, 5598
    8352, 8352
    4098, 4098
    7810, 7810
    8802, 8802
    12006, 12006
    2692, 2692
    3461, 3461
    2847, 2847
    10686, 10686
    4178, 4178
    2977, 2977
    13354, 13354
    8335, 8335
    5380, 5380
    533, 533
    4537, 4537
    7820, 7820
    6588, 6588
    282, 282
    9788, 9788
    11021, 11021
    7191, 7191
    7802, 7802
    2079, 2079
    9901, 9901
    12064, 12064
    719, 719
    811, 811
    15526, 15526
    12196, 12196
    6273, 6273
    4783, 4783
    7057, 7057
    7903, 7903
    4497, 4497
    14900, 14900
    6305, 6305
    8034, 8034
    5152, 5152
    15221, 15221
    5432, 5432
    10279, 10279
    8632, 8632
    11215, 11215
    1124, 1124
    15508, 15508
    2142, 2142
    1564, 1564
    7514, 7514
    8283, 8283
    5728, 5728
    3134, 3134
    12995, 12995
    12645, 12645
    12505, 12505
    1925, 1925
    11921, 11921
    6498, 6498
    15500, 15500
    14546, 14546
    9401, 9401
    13707, 13707
    9625, 9625
    11801, 11801
    4438, 4438
    14132, 14132
    1233, 1233
    9366, 9366
    13200, 13200
    3102, 3102
    10038, 10038
    13391, 13391
    3832, 3832
    3629, 3629
    5092, 5092
    11246, 11246
    4902, 4902
    7196, 7196
    7269, 7269
    10303, 10303
    4211, 4211
    805, 805
    2413, 2413
    10611, 10611
    15413, 15413
    13202, 13202
    9537, 9537
    4987, 4987
    14281, 14281
    6113, 6113
    4419, 4419
    9508, 9508
    8782, 8782
    7917, 7917
    12703, 12703
    7369, 7369
    13023, 13023
    15316, 15316
    8129, 8129
    6736, 6736
    127, 127
    11401, 11401
    1746, 1746
    12966, 12966
    9081, 9081
    15004, 15004
    11636, 11636
    24, 24
    2750, 2750
    15651, 15651
    6456, 6456
    8181, 8181
    8633, 8633
    988, 988
    10773, 10773
    12697, 12697
    8564, 8564
    4250, 4250
    11919, 11919
    212, 212
    10562, 10562
    6521, 6521
    7796, 7796
    1550, 1550
    8284, 8284
    9670, 9670
    8701, 8701
    15480, 15480
    11436, 11436
    364, 364
    15609, 15609
    2619, 2619
    713, 713
    4655, 4655
    1568, 1568
    2507, 2507
    9553, 9553
    12358, 12358
    13136, 13136
    7605, 7605
    7406, 7406
    9688, 9688
    7623, 7623
    13110, 13110
    11396, 11396
    7355, 7355
    8071, 8071
    11971, 11971
    6796, 6796
    9079, 9079
    1848, 1848
    6311, 6311
    14899, 14899
    1325, 1325
    12497, 12497
    1552, 1552
    13249, 13249
    4440, 4440
    2569, 2569
    6140, 6140
    3089, 3089
    15884, 15884
    10549, 10549
    14898, 14898
    10776, 10776
    1237, 1237
    1594, 1594
    5723, 5723
    10433, 10433
    15894, 15894
    2241, 2241
    12552, 12552
    6753, 6753
    3517, 3517
    12467, 12467
    5206, 5206
    8405, 8405
    3969, 3969
    12527, 12527
    4570, 4570
    2686, 2686
    7235, 7235
    3798, 3798
    15000, 15000
    14838, 14838
    15437, 15437
    5619, 5619
    214, 214
    4572, 4572
    7403, 7403
    6874, 6874
    2224, 2224
    2934, 2934
    15698, 15698
    14329, 14329
    7045, 7045
    165, 165
    9390, 9390
    2165, 2165
    8287, 8287
    11773, 11773
    9568, 9568
    6103, 6103
    4427, 4427
    4609, 4609
    4584, 4584
    15465, 15465
    11746, 11746
    7548, 7548
    2030, 2030
    10851, 10851
    6409, 6409
    12566, 12566
    4615, 4615
    6428, 6428
    4994, 4994
    10575, 10575
    13974, 13974
    7712, 7712
    9676, 9676
    6875, 6875
    15990, 15990
    1706, 1706
    11211, 11211
    15383, 15383
    6259, 6259
    5004, 5004
    5622, 5622
    2856, 2856
    3612, 3612
    2782, 2782
    5310, 5310
    15931, 15931
    3357, 3357
    14522, 14522
    497, 497
    640, 640
    1939, 1939
    14654, 14654
    8361, 8361
    95, 95
    15621, 15621
    9032, 9032
    7882, 7882
    13492, 13492
    3630, 3630
    14351, 14351
    14481, 14481
    5006, 5006
    1264, 1264
    14750, 14750
    10241, 10241
    15746, 15746
    15645, 15645
    42, 42
    7199, 7199
    8741, 8741
    12916, 12916
    13955, 13955
    13573, 13573
    10695, 10695
    1393, 1393
    6239, 6239
    5801, 5801
    10557, 10557
    4765, 4765
    6136, 6136
    956, 956
    10994, 10994
    15567, 15567
    4158, 4158
    2845, 2845
    8201, 8201
    5991, 5991
    13264, 13264
    11222, 11222
    10389, 10389
    9607, 9607
    4832, 4832
    8038, 8038
    6219, 6219
    164, 164
    10679, 10679
    5403, 5403
    10370, 10370
    12016, 12016
    7081, 7081
    12630, 12630
    591, 591
    10219, 10219
    1908, 1908
    8360, 8360
    14470, 14470
    6991, 6991
    13095, 13095
    9125, 9125
    3286, 3286
    12587, 12587
    13211, 13211
    5512, 5512
    9713, 9713
    3192, 3192
    9681, 9681
    13422, 13422
    8254, 8254
    15703, 15703
    4, 4
    2601, 2601
    638, 638
    15534, 15534
    1787, 1787
    1670, 1670
    1210, 1210
    14395, 14395
    14982, 14982
    7755, 7755
    15941, 15941
    10823, 10823
    6595, 6595
    3493, 3493
    8549, 8549
    3349, 3349
    7157, 7157
    12345, 12345
    11371, 11371
    10233, 10233
    14790, 14790
    10680, 10680
    12545, 12545
    99, 99
    2081, 2081
    15991, 15991
    15655, 15655
    11859, 11859
    15381, 15381
    12631, 12631
    11631, 11631
    2267, 2267
    13801, 13801
    1320, 1320
    6059, 6059
    5283, 5283
    13339, 13339
    6877, 6877
    10181, 10181
    4500, 4500
    5660, 5660
    13115, 13115
    9898, 9898
    8937, 8937
    9286, 9286
    9552, 9552
    2043, 2043
    11253, 11253
    11623, 11623
    2430, 2430
    1600, 1600
    12103, 12103
    2833, 2833
    8682, 8682
    2624, 2624
    14646, 14646
    5704, 5704
    4373, 4373
    13423, 13423
    8577, 8577
    48, 48
    9516, 9516
    2416, 2416
    3247, 3247
    4249, 4249
    7111, 7111
    8052, 8052
    2205, 2205
    12956, 12956
    5531, 5531
    7069, 7069
    7246, 7246
    14837, 14837
    6508, 6508
    3209, 3209
    12632, 12632
    14028, 14028
    8528, 8528
    6822, 6822
    9882, 9882
    13865, 13865
    15191, 15191
    795, 795
    3686, 3686
    13481, 13481
    9155, 9155
    704, 704
    12546, 12546
    13816, 13816
    10534, 10534
    7959, 7959
    13393, 13393
    5701, 5701
    8991, 8991
    8088, 8088
    5480, 5480
    10933, 10933
    9661, 9661
    15511, 15511
    9093, 9093
    4079, 4079
    8243, 8243
    10081, 10081
    4403, 4403
    9988, 9988
    14824, 14824
    729, 729
    7511, 7511
    7927, 7927
    3605, 3605
    8102, 8102
    5402, 5402
    8847, 8847
    13243, 13243
    2905, 2905
    4961, 4961
    1806, 1806
    10625, 10625
    9668, 9668
    14255, 14255
    2289, 2289
    1574, 1574
    11812, 11812
    9326, 9326
    15002, 15002
    4893, 4893
    6086, 6086
    15384, 15384
    13012, 13012
    10180, 10180
    7815, 7815
    3617, 3617
    12859, 12859
    6240, 6240
    12598, 12598
    616, 616
    6310, 6310
    2214, 2214
    15977, 15977
    6847, 6847
    14129, 14129
    8510, 8510
    9873, 9873
    13547, 13547
    1808, 1808
    12759, 12759
    13867, 13867
    2776, 2776
    7134, 7134
    4530, 4530
    978, 978
    8398, 8398
    5823, 5823
    6229, 6229
    5795, 5795
    3164, 3164
    15092, 15092
    7920, 7920
    5316, 5316
    3824, 3824
    4855, 4855
    5332, 5332
    13855, 13855
    4338, 4338
    14708, 14708
    5036, 5036
    5361, 5361
    5193, 5193
    13546, 13546
    4070, 4070
    14379, 14379
    1150, 1150
    2690, 2690
    8245, 8245
    12488, 12488
    4743, 4743
    10161, 10161
    4860, 4860
    3681, 3681
    12969, 12969
    2766, 2766
    2632, 2632
    4775, 4775
    13192, 13192
    10488, 10488
    6356, 6356
    4723, 4723
    6789, 6789
    12393, 12393
    8674, 8674
    14635, 14635
    6984, 6984
    14320, 14320
    4878, 4878
    376, 376
    732, 732
    9920, 9920
    10174, 10174
    3635, 3635
    6325, 6325
    3415, 3415
    7675, 7675
    12409, 12409
    8623, 8623
    14821, 14821
    6590, 6590
    14781, 14781
    13344, 13344
    11478, 11478
    12402, 12402
    11763, 11763
    14590, 14590
    15255, 15255
    8310, 8310
    4364, 4364
    5041, 5041
    10029, 10029
    15503, 15503
    11438, 11438
    8703, 8703
    586, 586
    537, 537
    15903, 15903
    5185, 5185
    15174, 15174
    4301, 4301
    10386, 10386
    6366, 6366
    8855, 8855
    4306, 4306
    1382, 1382
    13207, 13207
    8090, 8090
    11538, 11538
    13150, 13150
    10495, 10495
    91, 91
    6936, 6936
    3350, 3350
    13804, 13804
    5958, 5958
    7704, 7704
    2943, 2943
    2296, 2296
    4528, 4528
    2505, 2505
    1854, 1854
    14042, 14042
    10227, 10227
    12199, 12199
    15582, 15582
    2781, 2781
    4687, 4687
    15422, 15422
    13292, 13292
    13944, 13944
    14890, 14890
    1722, 1722
    14400, 14400
    10443, 10443
    4519, 4519
    3862, 3862
    10253, 10253
    6534, 6534
    12659, 12659
    8, 8
    15696, 15696
    5161, 5161
    11070, 11070
    3887, 3887
    5042, 5042
    6619, 6619
    11352, 11352
    5039, 5039
    6556, 6556
    4008, 4008
    13399, 13399
    11173, 11173
    8645, 8645
    15618, 15618
    15481, 15481
    5270, 5270
    5510, 5510
    10441, 10441
    715, 715
    2444, 2444
    1853, 1853
    14165, 14165
    10514, 10514
    9598, 9598
    13544, 13544
    1703, 1703
    13968, 13968
    8228, 8228
    8395, 8395
    1730, 1730
    7654, 7654
    309, 309
    4095, 4095
    1003, 1003
    3082, 3082
    6545, 6545
    12747, 12747
    5481, 5481
    9781, 9781
    5781, 5781
    5817, 5817
    12913, 12913
    15113, 15113
    13728, 13728
    3836, 3836
    13934, 13934
    138, 138
    11049, 11049
    6070, 6070
    814, 814
    3739, 3739
    2685, 2685
    9640, 9640
    9796, 9796
    11789, 11789
    14153, 14153
    12987, 12987
    2396, 2396
    4135, 4135
    15473, 15473
    2144, 2144
    11630, 11630
    4369, 4369
    380, 380
    9814, 9814
    12669, 12669
    4454, 4454
    5131, 5131
    5058, 5058
    15992, 15992
    11322, 11322
    13274, 13274
    3955, 3955
    15217, 15217
    6962, 6962
    6012, 6012
    417, 417
    10749, 10749
    4706, 4706
    4560, 4560
    5143, 5143
    14599, 14599
    2963, 2963
    8218, 8218
    5700, 5700
    13674, 13674
    4089, 4089
    12712, 12712
    13636, 13636
    12414, 12414
    8805, 8805
    5754, 5754
    2866, 2866
    14146, 14146
    12777, 12777
    12248, 12248
    1226, 1226
    7160, 7160
    6942, 6942
    14123, 14123
    7351, 7351
    4864, 4864
    5864, 5864
    13352, 13352
    1623, 1623
    6035, 6035
    5546, 5546
    14262, 14262
    9329, 9329
    14430, 14430
    12539, 12539
    7777, 7777
    10935, 10935
    10498, 10498
    13368, 13368
    2222, 2222
    3217, 3217
    5782, 5782
    11609, 11609
    6303, 6303
    15656, 15656
    8827, 8827
    4075, 4075
    6959, 6959
    5068, 5068
    6091, 6091
    3114, 3114
    7379, 7379
    5187, 5187
    6922, 6922
    8496, 8496
    3935, 3935
    230, 230
    15262, 15262
    12866, 12866
    1591, 1591
    4358, 4358
    14820, 14820
    6434, 6434
    82, 82
    5632, 5632
    2809, 2809
    4889, 4889
    3084, 3084
    15067, 15067
    5917, 5917
    6092, 6092
    12347, 12347
    13649, 13649
    15485, 15485
    1463, 1463
    6165, 6165
    9726, 9726
    7192, 7192
    11943, 11943
    14733, 14733
    13998, 13998
    14268, 14268
    1138, 1138
    2156, 2156
    3068, 3068
    9091, 9091
    1449, 1449
    12687, 12687
    8801, 8801
    7085, 7085
    5733, 5733
    11153, 11153
    9234, 9234
    6331, 6331
    8385, 8385
    14549, 14549
    10880, 10880
    3869, 3869
    3643, 3643
    6252, 6252
    12397, 12397
    12069, 12069
    11652, 11652
    15866, 15866
    721, 721
    2282, 2282
    3203, 3203
    1254, 1254
    11688, 11688
    2873, 2873
    4928, 4928
    2630, 2630
    4130, 4130
    7128, 7128
    6403, 6403
    7732, 7732
    10080, 10080
    10959, 10959
    2716, 2716
    8864, 8864
    14225, 14225
    7642, 7642
    9291, 9291
    11574, 11574
    8120, 8120
    13686, 13686
    5878, 5878
    10444, 10444
    1300, 1300
    10843, 10843
    9823, 9823
    9454, 9454
    15825, 15825
    1324, 1324
    13772, 13772
    3608, 3608
    1695, 1695
    6635, 6635
    2691, 2691
    6905, 6905
    15241, 15241
    13219, 13219
    8109, 8109
    1835, 1835
    9156, 9156
    10199, 10199
    14027, 14027
    15767, 15767
    12829, 12829
    6666, 6666
    2388, 2388
    10765, 10765
    6195, 6195
    13032, 13032
    7094, 7094
    14864, 14864
    8116, 8116
    10098, 10098
    4172, 4172
    7207, 7207
    3037, 3037
    15967, 15967
    7091, 7091
    5377, 5377
    6596, 6596
    5734, 5734
    13680, 13680
    5667, 5667
    14195, 14195
    2186, 2186
    11474, 11474
    4176, 4176
    11874, 11874
    5836, 5836
    1021, 1021
    3420, 3420
    15009, 15009
    7534, 7534
    11154, 11154
    10565, 10565
    11347, 11347
    232, 232
    5520, 5520
    621, 621
    3796, 3796
    11551, 11551
    7721, 7721
    8328, 8328
    858, 858
    12294, 12294
    9325, 9325
    13133, 13133
    10043, 10043
    13448, 13448
    5775, 5775
    15763, 15763
    15226, 15226
    4691, 4691
    15239, 15239
    1527, 1527
    12412, 12412
    272, 272
    10666, 10666
    3016, 3016
    11857, 11857
    12753, 12753
    6723, 6723
    10737, 10737
    6979, 6979
    7625, 7625
    3570, 3570
    12509, 12509
    10848, 10848
    8824, 8824
    2057, 2057
    10990, 10990
    3145, 3145
    9855, 9855
    7587, 7587
    1612, 1612
    8865, 8865
    15321, 15321
    9453, 9453
    98, 98
    3503, 3503
    12235, 12235
    12290, 12290
    8596, 8596
    3282, 3282
    4835, 4835
    572, 572
    5516, 5516
    14494, 14494
    1250, 1250
    7333, 7333
    4796, 4796
    5284, 5284
    4270, 4270
    5970, 5970
    15373, 15373
    14661, 14661
    12689, 12689
    3711, 3711
    15104, 15104
    1822, 1822
    3257, 3257
    1977, 1977
    11422, 11422
    2556, 2556
    2184, 2184
    10705, 10705
    365, 365
    8493, 8493
    8836, 8836
    13402, 13402
    13093, 13093
    12840, 12840
    11043, 11043
    4449, 4449
    6766, 6766
    13914, 13914
    12573, 12573
    975, 975
    8489, 8489
    831, 831
    12558, 12558
    3141, 3141
    12239, 12239
    15972, 15972
    2579, 2579
    11161, 11161
    5273, 5273
    15953, 15953
    4395, 4395
    3235, 3235
    10397, 10397
    14036, 14036
    3699, 3699
    12045, 12045
    14863, 14863
    4979, 4979
    9459, 9459
    7295, 7295
    9494, 9494
    1396, 1396
    562, 562
    568, 568
    7964, 7964
    4337, 4337
    6272, 6272
    14804, 14804
    8465, 8465
    532, 532
    13739, 13739
    5774, 5774
    3236, 3236
    10560, 10560
    2815, 2815
    9717, 9717
    1007, 1007
    11158, 11158
    6809, 6809
    8804, 8804
    13380, 13380
    7431, 7431
    12682, 12682
    14709, 14709
    31, 31
    7035, 7035
    15783, 15783
    4032, 4032
    5450, 5450
    3925, 3925
    207, 207
    12503, 12503
    2557, 2557
    15805, 15805
    5796, 5796
    12675, 12675
    9419, 9419
    13467, 13467
    10960, 10960
    3534, 3534
    6221, 6221
    6998, 6998
    14185, 14185
    10559, 10559
    2169, 2169
    3267, 3267
    7267, 7267
    7499, 7499
    6414, 6414
    2607, 2607
    2597, 2597
    3942, 3942
    1793, 1793
    15906, 15906
    13258, 13258
    6779, 6779
    3657, 3657
    7164, 7164
    11036, 11036
    5743, 5743
    5672, 5672
    3221, 3221
    11019, 11019
    9783, 9783
    3009, 3009
    15599, 15599
    4081, 4081
    7321, 7321
    12224, 12224
    692, 692
    1789, 1789
    13520, 13520
    3933, 3933
    10992, 10992
    13457, 13457
    4129, 4129
    11378, 11378
    766, 766
    15833, 15833
    10918, 10918
    15844, 15844
    3260, 3260
    9634, 9634
    9444, 9444
    10060, 10060
    288, 288
    9605, 9605
    2003, 2003
    3994, 3994
    12961, 12961
    15068, 15068
    9049, 9049
    1481, 1481
    6689, 6689
    13262, 13262
    14667, 14667
    13811, 13811
    14040, 14040
    400, 400
    1411, 1411
    9310, 9310
    8962, 8962
    10700, 10700
    13229, 13229
    15542, 15542
    9911, 9911
    14961, 14961
    9424, 9424
    1958, 1958
    9078, 9078
    9629, 9629
    14933, 14933
    15848, 15848
    15240, 15240
    1336, 1336
    4167, 4167
    12480, 12480
    9883, 9883
    6269, 6269
    12008, 12008
    7700, 7700
    4349, 4349
    9515, 9515
    7381, 7381
    2374, 2374
    13067, 13067
    4658, 4658
    8392, 8392
    15282, 15282
    1072, 1072
    4633, 4633
    4627, 4627
    11940, 11940
    15065, 15065
    9659, 9659
    13818, 13818
    5158, 5158
    10548, 10548
    785, 785
    9501, 9501
    5160, 5160
    13716, 13716
    9774, 9774
    7258, 7258
    667, 667
    10019, 10019
    5312, 5312
    3795, 3795
    12742, 12742
    2978, 2978
    8543, 8543
    15385, 15385
    12673, 12673
    5920, 5920
    6525, 6525
    9441, 9441
    3813, 3813
    1662, 1662
    14684, 14684
    5256, 5256
    14693, 14693
    13027, 13027
    1405, 1405
    2910, 2910
    6304, 6304
    11289, 11289
    15101, 15101
    11220, 11220
    3590, 3590
    7538, 7538
    8867, 8867
    9521, 9521
    9831, 9831
    15649, 15649
    424, 424
    6931, 6931
    92, 92
    14199, 14199
    10985, 10985
    11033, 11033
    55, 55
    6371, 6371
    5849, 5849
    2611, 2611
    13590, 13590
    15420, 15420
    10871, 10871
    6642, 6642
    3396, 3396
    12361, 12361
    11073, 11073
    401, 401
    6168, 6168
    6268, 6268
    9700, 9700
    10107, 10107
    8917, 8917
    12088, 12088
    14473, 14473
    7684, 7684
    14600, 14600
    4884, 4884
    9944, 9944
    7978, 7978
    9762, 9762
    9001, 9001
    15705, 15705
    13209, 13209
    8595, 8595
    6458, 6458
    8409, 8409
    1649, 1649
    13271, 13271
    9650, 9650
    8819, 8819
    10919, 10919
    1388, 1388
    15245, 15245
    1544, 1544
    3817, 3817
    5657, 5657
    3554, 3554
    6643, 6643
    5243, 5243
    1052, 1052
    11593, 11593
    5116, 5116
    8369, 8369
    15302, 15302
    8490, 8490
    6426, 6426
    13564, 13564
    3432, 3432
    2933, 2933
    1849, 1849
    928, 928
    14511, 14511
    9280, 9280
    6262, 6262
    11297, 11297
    2171, 2171
    8548, 8548
    2126, 2126
    6970, 6970
    4387, 4387
    15270, 15270
    1234, 1234
    9784, 9784
    11747, 11747
    14374, 14374
    14550, 14550
    7456, 7456
    8010, 8010
    7307, 7307
    12320, 12320
    1142, 1142
    13480, 13480
    5299, 5299
    3652, 3652
    2147, 2147
    9071, 9071
    15444, 15444
    9297, 9297
    1646, 1646
    6133, 6133
    3545, 3545
    10894, 10894
    4321, 4321
    15669, 15669
    558, 558
    2339, 2339
    9748, 9748
    10781, 10781
    9102, 9102
    4773, 4773
    14289, 14289
    4360, 4360
    9294, 9294
    14455, 14455
    13184, 13184
    7490, 7490
    567, 567
    12152, 12152
    9509, 9509
    8308, 8308
    8594, 8594
    15244, 15244
    4909, 4909
    6455, 6455
    7150, 7150
    375, 375
    9059, 9059
    1127, 1127
    334, 334
    1154, 1154
    4340, 4340
    1310, 1310
    13109, 13109
    4159, 4159
    4859, 4859
    2922, 2922
    10026, 10026
    7620, 7620
    13053, 13053
    2670, 2670
    7929, 7929
    3939, 3939
    6731, 6731
    15390, 15390
    15011, 15011
    10258, 10258
    10224, 10224
    5091, 5091
    3907, 3907
    9169, 9169
    14535, 14535
    11104, 11104
    6226, 6226
    0, 0
    2311, 2311
    14140, 14140
    11806, 11806
    11389, 11389
    15050, 15050
    153, 153
    550, 550
    2229, 2229
    15639, 15639
    1909, 1909
    15584, 15584
    14142, 14142
    15091, 15091
    7546, 7546
    115, 115
    5101, 5101
    8600, 8600
    11902, 11902
    8318, 8318
    10002, 10002
    15837, 15837
    7076, 7076
    10984, 10984
    13527, 13527
    13070, 13070
    5617, 5617
    12181, 12181
    7435, 7435
    194, 194
    5216, 5216
    3656, 3656
    7635, 7635
    12399, 12399
    8291, 8291
    2326, 2326
    5394, 5394
    9896, 9896
    4588, 4588
    7478, 7478
    8911, 8911
    15391, 15391
    13076, 13076
    10993, 10993
    3172, 3172
    6143, 6143
    9534, 9534
    6134, 6134
    663, 663
    498, 498
    10152, 10152
    6513, 6513
    15434, 15434
    6516, 6516
    3587, 3587
    9267, 9267
    14060, 14060
    15642, 15642
    15357, 15357
    1641, 1641
    12758, 12758
    12242, 12242
    10101, 10101
    5931, 5931
    1243, 1243
    12779, 12779
    11305, 11305
    208, 208
    7754, 7754
    14552, 14552
    6289, 6289
    3245, 3245
    7512, 7512
    7980, 7980
    4665, 4665
    6855, 6855
    1228, 1228
    5441, 5441
    1626, 1626
    7866, 7866
    2287, 2287
    34, 34
    2547, 2547
    3990, 3990
    6996, 6996
    3248, 3248
    14738, 14738
    7540, 7540
    8830, 8830
    10468, 10468
    3318, 3318
    1371, 1371
    2164, 2164
    1314, 1314
    7539, 7539
    8045, 8045
    15683, 15683
    13313, 13313
    5112, 5112
    5338, 5338
    1659, 1659
    14110, 14110
    4750, 4750
    7714, 7714
    985, 985
    9021, 9021
    442, 442
    10497, 10497
    15201, 15201
    3369, 3369
    12332, 12332
    6494, 6494
    3390, 3390
    7883, 7883
    12283, 12283
    2577, 2577
    10807, 10807
    11792, 11792
    10892, 10892
    14964, 14964
    13424, 13424
    8675, 8675
    10865, 10865
    13607, 13607
    10940, 10940
    4684, 4684
    4407, 4407
    14475, 14475
    7421, 7421
    3463, 3463
    15082, 15082
    2354, 2354
    12880, 12880
    14248, 14248
    14330, 14330
    10920, 10920
    6854, 6854
    12757, 12757
    11096, 11096
    4494, 4494
    10605, 10605
    11888, 11888
    7936, 7936
    15713, 15713
    12965, 12965
    10590, 10590
    13947, 13947
    1850, 1850
    3315, 3315
    4010, 4010
    4704, 4704
    1575, 1575
    14656, 14656
    3428, 3428
    1357, 1357
    3809, 3809
    6316, 6316
    10610, 10610
    13593, 13593
    11892, 11892
    14010, 14010
    7891, 7891
    12826, 12826
    7582, 7582
    9378, 9378
    2068, 2068
    1201, 1201
    1894, 1894
    4072, 4072
    15346, 15346
    14449, 14449
    12672, 12672
    13394, 13394
    1542, 1542
    7178, 7178
    13569, 13569
    3877, 3877
    11640, 11640
    8031, 8031
    13483, 13483
    11028, 11028
    4648, 4648
    4986, 4986
    15772, 15772
    4045, 4045
    10883, 10883
    1742, 1742
    637, 637
    11527, 11527
    9394, 9394
    748, 748
    13672, 13672
    6800, 6800
    15850, 15850
    6852, 6852
    4475, 4475
    7386, 7386
    13902, 13902
    11725, 11725
    10639, 10639
    2835, 2835
    6945, 6945
    13282, 13282
    5053, 5053
    6499, 6499
    4952, 4952
    10717, 10717
    13708, 13708
    12770, 12770
    15323, 15323
    8796, 8796
    11769, 11769
    5916, 5916
    12938, 12938
    14613, 14613
    4406, 4406
    5111, 5111
    5406, 5406
    11900, 11900
    11411, 11411
    9287, 9287
    11800, 11800
    2807, 2807
    5469, 5469
    3801, 3801
    4418, 4418
    11607, 11607
    5525, 5525
    582, 582
    10066, 10066
    9420, 9420
    7171, 7171
    15603, 15603
    5563, 5563
    6839, 6839
    2973, 2973
    1417, 1417
    11315, 11315
    15332, 15332
    15072, 15072
    10391, 10391
    2726, 2726
    5134, 5134
    15181, 15181
    1225, 1225
    554, 554
    1134, 1134
    6772, 6772
    10359, 10359
    12892, 12892
    10068, 10068
    6410, 6410
    1536, 1536
    2961, 2961
    13786, 13786
    10422, 10422
    13787, 13787
    12841, 12841
    9804, 9804
    11360, 11360
    12159, 12159
    1232, 1232
    716, 716
    4210, 4210
    11255, 11255
    6886, 6886
    3845, 3845
    4024, 4024
    4657, 4657
    7880, 7880
    13643, 13643
    1091, 1091
    6078, 6078
    10350, 10350
    10981, 10981
    9135, 9135
    9293, 9293
    7326, 7326
    8591, 8591
    524, 524
    5257, 5257
    13035, 13035
    2207, 2207
    10351, 10351
    3909, 3909
    3580, 3580
    8025, 8025
    4134, 4134
    2674, 2674
    1992, 1992
    3816, 3816
    7382, 7382
    12529, 12529
    8072, 8072
    8756, 8756
    11965, 11965
    15677, 15677
    13170, 13170
    12837, 12837
    974, 974
    15867, 15867
    1478, 1478
    4021, 4021
    485, 485
    2023, 2023
    172, 172
    8936, 8936
    8582, 8582
    4967, 4967
    13179, 13179
    8740, 8740
    3389, 3389
    13478, 13478
    6300, 6300
    11544, 11544
    14460, 14460
    13710, 13710
    3746, 3746
    15263, 15263
    9588, 9588
    2590, 2590
    13208, 13208
    7428, 7428
    11113, 11113
    9013, 9013
    12656, 12656
    15167, 15167
    14909, 14909
    12066, 12066
    311, 311
    5618, 5618
    13485, 13485
    1627, 1627
    8319, 8319
    12012, 12012
    1615, 1615
    240, 240
    15260, 15260
    15939, 15939
    13049, 13049
    2141, 2141
    9889, 9889
    7644, 7644
    9247, 9247
    2655, 2655
    5547, 5547
    7464, 7464
    10687, 10687
    578, 578
    9852, 9852
    5011, 5011
    4123, 4123
    3241, 3241
    883, 883
    2739, 2739
    15429, 15429
    9564, 9564
    5490, 5490
    12985, 12985
    2638, 2638
    6879, 6879
    4111, 4111
    2143, 2143
    6000, 6000
    1783, 1783
    1489, 1489
    12198, 12198
    15251, 15251
    2442, 2442
    9861, 9861
    11214, 11214
    6084, 6084
    3334, 3334
    4631, 4631
    10965, 10965
    147, 147
    11060, 11060
    4985, 4985
    4225, 4225
    4047, 4047
    1424, 1424
    3737, 3737
    7137, 7137
    8546, 8546
    13297, 13297
    9198, 9198
    313, 313
    11547, 11547
    10110, 10110
    14514, 14514
    6584, 6584
    14468, 14468
    8081, 8081
    2473, 2473
    14793, 14793
    1747, 1747
    15115, 15115
    6522, 6522
    1472, 1472
    12936, 12936
    6125, 6125
    8001, 8001
    501, 501
    1930, 1930
    6256, 6256
    4386, 4386
    2952, 2952
    8442, 8442
    686, 686
    4255, 4255
    14729, 14729
    1692, 1692
    11781, 11781
    764, 764
    15747, 15747
    10151, 10151
    3510, 3510
    10847, 10847
    1693, 1693
    2999, 2999
    3556, 3556
    4102, 4102
    14980, 14980
    7639, 7639
    8347, 8347
    2880, 2880
    3394, 3394
    2948, 2948
    8227, 8227
    10487, 10487
    15393, 15393
    12474, 12474
    3552, 3552
    13054, 13054
    8527, 8527
    6422, 6422
    14002, 14002
    3732, 3732
    12574, 12574
    14949, 14949
    3376, 3376
    10553, 10553
    10782, 10782
    10463, 10463
    6149, 6149
    6980, 6980
    6608, 6608
    8150, 8150
    10478, 10478
    11078, 11078
    11227, 11227
    15417, 15417
    5113, 5113
    2764, 2764
    13065, 13065
    1347, 1347
    13189, 13189
    10154, 10154
    7643, 7643
    5070, 5070
    15145, 15145
    6171, 6171
    8305, 8305
    15095, 15095
    10311, 10311
    2123, 2123
    12019, 12019
    5118, 5118
    1174, 1174
    14679, 14679
    7034, 7034
    1927, 1927
    5866, 5866
    2260, 2260
    3982, 3982
    12590, 12590
    15652, 15652
    2932, 2932
    277, 277
    9874, 9874
    5444, 5444
    4567, 4567
    264, 264
    6624, 6624
    7519, 7519
    15976, 15976
    14417, 14417
    6487, 6487
    9698, 9698
    5226, 5226
    13771, 13771
    13784, 13784
    10621, 10621
    7290, 7290
    3268, 3268
    4599, 4599
    2748, 2748
    12535, 12535
    11510, 11510
    10007, 10007
    3640, 3640
    4925, 4925
    14479, 14479
    7950, 7950
    8798, 8798
    7549, 7549
    15781, 15781
    9590, 9590
    4535, 4535
    4005, 4005
    3117, 3117
    3328, 3328
    1628, 1628
    2711, 2711
    14157, 14157
    10425, 10425
    2100, 2100
    6830, 6830
    12882, 12882
    14134, 14134
    2791, 2791
    1191, 1191
    3676, 3676
    10169, 10169
    7414, 7414
    559, 559
    51, 51
    5588, 5588
    7443, 7443
    14375, 14375
    5165, 5165
    1443, 1443
    11883, 11883
    11185, 11185
    15258, 15258
    14250, 14250
    13190, 13190
    9036, 9036
    5678, 5678
    14713, 14713
    10096, 10096
    717, 717
    5940, 5940
    5926, 5926
    5180, 5180
    5349, 5349
    2104, 2104
    11581, 11581
    2266, 2266
    7871, 7871
    8174, 8174
    9321, 9321
    3197, 3197
    5124, 5124
    5234, 5234
    7101, 7101
    923, 923
    8908, 8908
    3856, 3856
    13343, 13343
    3855, 3855
    5018, 5018
    820, 820
    14665, 14665
    10734, 10734
    1304, 1304
    11597, 11597
    4033, 4033
    3777, 3777
    3921, 3921
    1827, 1827
    13916, 13916
    4233, 4233
    4222, 4222
    14469, 14469
    1807, 1807
    9002, 9002
    5168, 5168
    15782, 15782
    9847, 9847
    660, 660
    2676, 2676
    15845, 15845
    3694, 3694
    7177, 7177
    5731, 5731
    4136, 4136
    823, 823
    7877, 7877
    5200, 5200
    9715, 9715
    12142, 12142
    8762, 8762
    5938, 5938
    9632, 9632
    12877, 12877
    6949, 6949
    3182, 3182
    14025, 14025
    11075, 11075
    6049, 6049
    14532, 14532
    15777, 15777
    13833, 13833
    8023, 8023
    8149, 8149
    6914, 6914
    653, 653
    7797, 7797
    8239, 8239
    2667, 2667
    14128, 14128
    13019, 13019
    7014, 7014
    14736, 14736
    11918, 11918
    13180, 13180
    2270, 2270
    6600, 6600
    7304, 7304
    11515, 11515
    13090, 13090
    7401, 7401
    10400, 10400
    10917, 10917
    4975, 4975
    8331, 8331
    14636, 14636
    3289, 3289
    13938, 13938
    5153, 5153
    4632, 4632
    10445, 10445
    15666, 15666
    66, 66
    8406, 8406
    3654, 3654
    2045, 2045
    14303, 14303
    5002, 5002
    15910, 15910
    534, 534
    14245, 14245
    13585, 13585
    14876, 14876
    3899, 3899
    7933, 7933
    14089, 14089
    12337, 12337
    4146, 4146
    10064, 10064
    11949, 11949
    11797, 11797
    14816, 14816
    12850, 12850
    10045, 10045
    10967, 10967
    4950, 4950
    5155, 5155
    5109, 5109
    12684, 12684
    11615, 11615
    4463, 4463
    11149, 11149
    15435, 15435
    15810, 15810
    11156, 11156
    9041, 9041
    4384, 4384
    8303, 8303
    7580, 7580
    3382, 3382
    488, 488
    15338, 15338
    2001, 2001
    6106, 6106
    6180, 6180
    14230, 14230
    8888, 8888
    7299, 7299
    9387, 9387
    15288, 15288
    12280, 12280
    12709, 12709
    9714, 9714
    15636, 15636
    9825, 9825
    6019, 6019
    6207, 6207
    5652, 5652
    12329, 12329
    3438, 3438
    11690, 11690
    11492, 11492
    615, 615
    6266, 6266
    1027, 1027
    13630, 13630
    3765, 3765
    3298, 3298
    6368, 6368
    6121, 6121
    12380, 12380
    9381, 9381
    10893, 10893
    456, 456
    15957, 15957
    6743, 6743
    7845, 7845
    8520, 8520
    389, 389
    5718, 5718
    8091, 8091
    1652, 1652
    2794, 2794
    13600, 13600
    4271, 4271
    9408, 9408
    6116, 6116
    10840, 10840
    14158, 14158
    4621, 4621
    3948, 3948
    2458, 2458
    1103, 1103
    3497, 3497
    15554, 15554
    2162, 2162
    9403, 9403
    10246, 10246
    3259, 3259
    2377, 2377
    7506, 7506
    15728, 15728
    6191, 6191
    3421, 3421
    3488, 3488
    202, 202
    7768, 7768
    9950, 9950
    14191, 14191
    11063, 11063
    11755, 11755
    3122, 3122
    8752, 8752
    1132, 1132
    11394, 11394
    11715, 11715
    10672, 10672
    7650, 7650
    10884, 10884
    2336, 2336
    6537, 6537
    628, 628
    779, 779
    2486, 2486
    12934, 12934
    2874, 2874
    9275, 9275
    15702, 15702
    15820, 15820
    12642, 12642
    12624, 12624
    1056, 1056
    14551, 14551
    11471, 11471
    11912, 11912
    8618, 8618
    13749, 13749
    3919, 3919
    4375, 4375
    295, 295
    7562, 7562
    14502, 14502
    9301, 9301
    14827, 14827
    6108, 6108
    15380, 15380
    13608, 13608
    7131, 7131
    13002, 13002
    1106, 1106
    4126, 4126
    6751, 6751
    5346, 5346
    11103, 11103
    13378, 13378
    4900, 4900
    6786, 6786
    2588, 2588
    5128, 5128
    12915, 12915
    3876, 3876
    5260, 5260
    15760, 15760
    9563, 9563
    14557, 14557
    5278, 5278
    769, 769
    14486, 14486
    2307, 2307
    19, 19
    13517, 13517
    12724, 12724
    14130, 14130
    10341, 10341
    10368, 10368
    10627, 10627
    11809, 11809
    8213, 8213
    6477, 6477
    12553, 12553
    12650, 12650
    6397, 6397
    12095, 12095
    13048, 13048
    5684, 5684
    6715, 6715
    9776, 9776
    4757, 4757
    14587, 14587
    4223, 4223
    941, 941
    10591, 10591
    10273, 10273
    6201, 6201
    6930, 6930
    3385, 3385
    15343, 15343
    14632, 14632
    6302, 6302
    181, 181
    655, 655
    15161, 15161
    14917, 14917
    1385, 1385
    11138, 11138
    8831, 8831
    14212, 14212
    6253, 6253
    1887, 1887
    318, 318
    5732, 5732
    9328, 9328
    183, 183
    10786, 10786
    5412, 5412
    11778, 11778
    1354, 1354
    5211, 5211
    1038, 1038
    3931, 3931
    7629, 7629
    10426, 10426
    14913, 14913
    11708, 11708
    13493, 13493
    10438, 10438
    14414, 14414
    903, 903
    3435, 3435
    15945, 15945
    339, 339
    4399, 4399
    5013, 5013
    3399, 3399
    1013, 1013
    8794, 8794
    15537, 15537
    15267, 15267
    6339, 6339
    3426, 3426
    7070, 7070
    5868, 5868
    2469, 2469
    6899, 6899
    5493, 5493
    7279, 7279
    7764, 7764
    2640, 2640
    13948, 13948
    14700, 14700
    2334, 2334
    2090, 2090
    6475, 6475
    2402, 2402
    5446, 5446
    13111, 13111
    13706, 13706
    3093, 3093
    8930, 8930
    3136, 3136
    7202, 7202
    11233, 11233
    14176, 14176
    15038, 15038
    4644, 4644
    6729, 6729
    12451, 12451
    351, 351
    15602, 15602
    15410, 15410
    1302, 1302
    12250, 12250
    3086, 3086
    3401, 3401
    14972, 14972
    11777, 11777
    4977, 4977
    11170, 11170
    13641, 13641
    14342, 14342
    13799, 13799
    6146, 6146
    4162, 4162
    3988, 3988
    3126, 3126
    6255, 6255
    15644, 15644
    9242, 9242
    8817, 8817
    4742, 4742
    13592, 13592
    10028, 10028
    15918, 15918
    13860, 13860
    6488, 6488
    10891, 10891
    9057, 9057
    2997, 2997
    13416, 13416
    5573, 5573
    9833, 9833
    11212, 11212
    905, 905
    10085, 10085
    865, 865
    10579, 10579
    4107, 4107
    8011, 8011
    7837, 7837
    1146, 1146
    14264, 14264
    5291, 5291
    3336, 3336
    15590, 15590
    7968, 7968
    14578, 14578
    11169, 11169
    15261, 15261
    8469, 8469
    4108, 4108
    10491, 10491
    4291, 4291
    14721, 14721
    12769, 12769
    7938, 7938
    7026, 7026
    6865, 6865
    2673, 2673
    12426, 12426
    3792, 3792
    8728, 8728
    12494, 12494
    13725, 13725
    9334, 9334
    12357, 12357
    13124, 13124
    5475, 5475
    14319, 14319
    2366, 2366
    5175, 5175
    248, 248
    9118, 9118
    15039, 15039
    9594, 9594
    3638, 3638
    270, 270
    176, 176
    9073, 9073
    9161, 9161
    14794, 14794
    6997, 6997
    571, 571
    3677, 3677
    7814, 7814
    5272, 5272
    1282, 1282
    863, 863
    7773, 7773
    948, 948
    5429, 5429
    8951, 8951
    11802, 11802
    6457, 6457
    14243, 14243
    9220, 9220
    5791, 5791
    7972, 7972
    11722, 11722
    927, 927
    11833, 11833
    15788, 15788
    10460, 10460
    250, 250
    710, 710
    15880, 15880
    14676, 14676
    9030, 9030
    10756, 10756
    11296, 11296
    8892, 8892
    11079, 11079
    1455, 1455
    1333, 1333
    13577, 13577
    2893, 2893
    9221, 9221
    15379, 15379
    6973, 6973
    3157, 3157
    13614, 13614
    7640, 7640
    10895, 10895
    1860, 1860
    2735, 2735
    14769, 14769
    2137, 2137
    7470, 7470
    6695, 6695
    10927, 10927
    12094, 12094
    1711, 1711
    13797, 13797
    573, 573
    14523, 14523
    10017, 10017
    5665, 5665
    5224, 5224
    11087, 11087
    7234, 7234
    2652, 2652
    9697, 9697
    15942, 15942
    11944, 11944
    10727, 10727
    14924, 14924
    4634, 4634
    14075, 14075
    2035, 2035
    11679, 11679
    6824, 6824
    4531, 4531
    12351, 12351
    3344, 3344
    6238, 6238
    755, 755
    15372, 15372
    13068, 13068
    15681, 15681
    3714, 3714
    15464, 15464
    7030, 7030
    11776, 11776
    9813, 9813
    4675, 4675
    9088, 9088
    7446, 7446
    4715, 4715
    3595, 3595
    2695, 2695
    12105, 12105
    13066, 13066
    4851, 4851
    196, 196
    8673, 8673
    9104, 9104
    11451, 11451
    7301, 7301
    12422, 12422
    15769, 15769
    10069, 10069
    9824, 9824
    11764, 11764
    9461, 9461
    15828, 15828
    5862, 5862
    14339, 14339
    10614, 10614
    6817, 6817
    1541, 1541
    6665, 6665
    5001, 5001
    2263, 2263
    11163, 11163
    8622, 8622
    4674, 4674
    1352, 1352
    1309, 1309
    141, 141
    13553, 13553
    15127, 15127
    6156, 6156
    609, 609
    1563, 1563
    11280, 11280
    15780, 15780
    3498, 3498
    6704, 6704
    816, 816
    11024, 11024
    3989, 3989
    8359, 8359
    6369, 6369
    8264, 8264
    4728, 4728
    2524, 2524
    9151, 9151
    8795, 8795
    12376, 12376
    243, 243
    6, 6
    5951, 5951
    783, 783
    7800, 7800
    10215, 10215
    14204, 14204
    2409, 2409
    14645, 14645
    14328, 14328
    3599, 3599
    4914, 4914
    5120, 5120
    754, 754
    2226, 2226
    8745, 8745
    11752, 11752
    6618, 6618
    4501, 4501
    9740, 9740
    11924, 11924
    6425, 6425
    10337, 10337
    5162, 5162
    12346, 12346
    12334, 12334
    10190, 10190
    13169, 13169
    8372, 8372
    3696, 3696
    14569, 14569
    6641, 6641
    7598, 7598
    11724, 11724
    11005, 11005
    7231, 7231
    8604, 8604
    8060, 8060
    9665, 9665
    13559, 13559
    10748, 10748
    15950, 15950
    12353, 12353
    12417, 12417
    2268, 2268
    14113, 14113
    15447, 15447
    775, 775
    15305, 15305
    15588, 15588
    11129, 11129
    3867, 3867
    12506, 12506
    7345, 7345
    12149, 12149
    2452, 2452
    7906, 7906
    5418, 5418
    11386, 11386
    14084, 14084
    7613, 7613
    11925, 11925
    6095, 6095
    445, 445
    12348, 12348
    12492, 12492
    8241, 8241
    8430, 8430
    470, 470
    14904, 14904
    569, 569
    13357, 13357
    10012, 10012
    5986, 5986
    12075, 12075
    15257, 15257
    2553, 2553
    11536, 11536
    10796, 10796
    6393, 6393
    15612, 15612
    5543, 5543
    2034, 2034
    12401, 12401
    10567, 10567
    15869, 15869
    9471, 9471
    2273, 2273
    11681, 11681
    15482, 15482
    8273, 8273
    12138, 12138
    9627, 9627
    2256, 2256
    14843, 14843
    11279, 11279
    8544, 8544
    8683, 8683
    10048, 10048
    137, 137
    3752, 3752
    789, 789
    9567, 9567
    10969, 10969
    15163, 15163
    4971, 4971
    900, 900
    8994, 8994
    12762, 12762
    4074, 4074
    11994, 11994
    2347, 2347
    8368, 8368
    11868, 11868
    3578, 3578
    9585, 9585
    3208, 3208
    6290, 6290
    9765, 9765
    4683, 4683
    5670, 5670
    9533, 9533
    2279, 2279
    12932, 12932
    1082, 1082
    2687, 2687
    2327, 2327
    2824, 2824
    15502, 15502
    7492, 7492
    4521, 4521
    1921, 1921
    15806, 15806
    8384, 8384
    5505, 5505
    7404, 7404
    3171, 3171
    15768, 15768
    4345, 4345
    15509, 15509
    5436, 5436
    2901, 2901
    2869, 2869
    6032, 6032
    8277, 8277
    7116, 7116
    12390, 12390
    5532, 5532
    3722, 3722
    5219, 5219
    7447, 7447
    13840, 13840
    5655, 5655
    11038, 11038
    2114, 2114
    9382, 9382
    3731, 3731
    3645, 3645
    9051, 9051
    5514, 5514
    13177, 13177
    2118, 2118
    5584, 5584
    3054, 3054
    2900, 2900
    1022, 1022
    8799, 8799
    9838, 9838
    10530, 10530
    14447, 14447
    1946, 1946
    3285, 3285
    6986, 6986
    8479, 8479
    7568, 7568
    3564, 3564
    7965, 7965
    7913, 7913
    7738, 7738
    12440, 12440
    171, 171
    5805, 5805
    6856, 6856
    13306, 13306
    8494, 8494
    323, 323
    6982, 6982
    10725, 10725
    2942, 2942
    10367, 10367
    12909, 12909
    13882, 13882
    9384, 9384
    5437, 5437
    2280, 2280
    12501, 12501
    6445, 6445
    4873, 4873
    12257, 12257
    14003, 14003
    5967, 5967
    9793, 9793
    2024, 2024
    11863, 11863
    2423, 2423
    736, 736
    8894, 8894
    9932, 9932
    4478, 4478
    6189, 6189
    11594, 11594
    9559, 9559
    6804, 6804
    5458, 5458
    9203, 9203
    6489, 6489
    38, 38
    3791, 3791
    12221, 12221
    4827, 4827
    14305, 14305
    15791, 15791
    3500, 3500
    7617, 7617
    622, 622
    15580, 15580
    10764, 10764
    13288, 13288
    13332, 13332
    3256, 3256
    13237, 13237
    6842, 6842
    13362, 13362
    5201, 5201
    10870, 10870
    5267, 5267
    15303, 15303
    15823, 15823
    14457, 14457
    10902, 10902
    3238, 3238
    1023, 1023
    11490, 11490
    2775, 2775
    7585, 7585
    6063, 6063
    5495, 5495
    10502, 10502
    10159, 10159
    5186, 5186
    6867, 6867
    14446, 14446
    7651, 7651
    2786, 2786
    8224, 8224
    10710, 10710
    10952, 10952
    6346, 6346
    2851, 2851
    13802, 13802
    1863, 1863
    3170, 3170
    14490, 14490
    14397, 14397
    11403, 11403
    8455, 8455
    1055, 1055
    5848, 5848
    4797, 4797
    9881, 9881
    7314, 7314
    6373, 6373
    12690, 12690
    1983, 1983
    4425, 4425
    4421, 4421
    2723, 2723
    6526, 6526
    14080, 14080
    5541, 5541
    2376, 2376
    14581, 14581
    457, 457
    40, 40
    2795, 2795
    9773, 9773
    12388, 12388
    6001, 6001
    13020, 13020
    7564, 7564
    8906, 8906
    5608, 5608
    8860, 8860
    14105, 14105
    12907, 12907
    5305, 5305
    10913, 10913
    6427, 6427
    8173, 8173
    14921, 14921
    12870, 12870
    7955, 7955
    5995, 5995
    14436, 14436
    8689, 8689
    4132, 4132
    1715, 1715
    6177, 6177
    14999, 14999
    7293, 7293
    4199, 4199
    14783, 14783
    697, 697
    2127, 2127
    10801, 10801
    4439, 4439
    4653, 4653
    6282, 6282
    7135, 7135
    8950, 8950
    10494, 10494
    11523, 11523
    4626, 4626
    7450, 7450
    1837, 1837
    4082, 4082
    7243, 7243
    11709, 11709
    12408, 12408
    14485, 14485
    950, 950
    8491, 8491
    7175, 7175
    15378, 15378
    10752, 10752
    15124, 15124
    10465, 10465
    13158, 13158
    9596, 9596
    1035, 1035
    1229, 1229
    13992, 13992
    12627, 12627
    1758, 1758
    11184, 11184
    6248, 6248
    8540, 8540
    13173, 13173
    4147, 4147
    7672, 7672
    4325, 4325
    3902, 3902
    13287, 13287
    1922, 1922
    8974, 8974
    7075, 7075
    11205, 11205
    14807, 14807
    1737, 1737
    15507, 15507
    12825, 12825
    10075, 10075
    10090, 10090
    8610, 8610
    6785, 6785
    12209, 12209
    3074, 3074
    44, 44
    5422, 5422
    2403, 2403
    4697, 4697
    9732, 9732
    6955, 6955
    3926, 3926
    13967, 13967
    3175, 3175
    3607, 3607
    4713, 4713
    14459, 14459
    7922, 7922
    4951, 4951
    6038, 6038
    14772, 14772
    6473, 6473
    7302, 7302
    13149, 13149
    10044, 10044
    8386, 8386
    9722, 9722
    8463, 8463
    5164, 5164
    11282, 11282
    1973, 1973
    10926, 10926
    14692, 14692
    7444, 7444
    13365, 13365
    13003, 13003
    13888, 13888
    13355, 13355
    8483, 8483
    12106, 12106
    7336, 7336
    43, 43
    15109, 15109
    7028, 7028
    10335, 10335
    4908, 4908
    7408, 7408
    1398, 1398
    8500, 8500
    6634, 6634
    11482, 11482
    856, 856
    15908, 15908
    4180, 4180
    4606, 4606
    4093, 4093
    8958, 8958
    6752, 6752
    9113, 9113
    15988, 15988
    8960, 8960
    1650, 1650
    2992, 2992
    10331, 10331
    13785, 13785
    12371, 12371
    1732, 1732
    461, 461
    7247, 7247
    12605, 12605
    12331, 12331
    6198, 6198
    5825, 5825
    3012, 3012
    1614, 1614
    4820, 4820
    4639, 4639
    9157, 9157
    14976, 14976
    7631, 7631
    13279, 13279
    11964, 11964
    5530, 5530
    740, 740
    11329, 11329
    452, 452
    12419, 12419
    6423, 6423
    15711, 15711
    3362, 3362
    4393, 4393
    7043, 7043
    8613, 8613
    13426, 13426
    6152, 6152
    5352, 5352
    4652, 4652
    13430, 13430
    2272, 2272
    3443, 3443
    12206, 12206
    12072, 12072
    7229, 7229
    5274, 5274
    6085, 6085
    7039, 7039
    4240, 4240
    6260, 6260
    13836, 13836
    14062, 14062
    9484, 9484
    13878, 13878
    3033, 3033
    14348, 14348
    119, 119
    7689, 7689
    3243, 3243
    9653, 9653
    6655, 6655
    9885, 9885
    8948, 8948
    11419, 11419
    3936, 3936
    4946, 4946
    9872, 9872
    11772, 11772
    4823, 4823
    9479, 9479
    6075, 6075
    6058, 6058
    15084, 15084
    2196, 2196
    4117, 4117
    6417, 6417
    2529, 2529
    14258, 14258
    8142, 8142
    6200, 6200
    4088, 4088
    4071, 4071
    11262, 11262
    6352, 6352
    1749, 1749
    12957, 12957
    11062, 11062
    2208, 2208
    8452, 8452
    8614, 8614
    8082, 8082
    15944, 15944
    607, 607
    7745, 7745
    7603, 7603
    2398, 2398
    15371, 15371
    9904, 9904
    14626, 14626
    447, 447
    15339, 15339
    15403, 15403
    8290, 8290
    9948, 9948
    62, 62
    8866, 8866
    13331, 13331
    15337, 15337
    13755, 13755
    6405, 6405
    842, 842
    6544, 6544
    8519, 8519
    14207, 14207
    4231, 4231
    15959, 15959
    2318, 2318
    8170, 8170
    6501, 6501
    15821, 15821
    11827, 11827
    12811, 12811
    12381, 12381
    14071, 14071
    123, 123
    10432, 10432
    9918, 9918
    10629, 10629
    4867, 4867
    14849, 14849
    8671, 8671
    14870, 14870
    14327, 14327
    6561, 6561
    8658, 8658
    15533, 15533
    12284, 12284
    7190, 7190
    1115, 1115
    12114, 12114
    13044, 13044
    11842, 11842
    8080, 8080
    9230, 9230
    7627, 7627
    2937, 2937
    13401, 13401
    3272, 3272
    9347, 9347
    3188, 3188
    9974, 9974
    4442, 4442
    4191, 4191
    938, 938
    14372, 14372
    8567, 8567
    4026, 4026
    15309, 15309
    14218, 14218
    2370, 2370
    5194, 5194
    4208, 4208
    12604, 12604
    11719, 11719
    11904, 11904
    14133, 14133
    10999, 10999
    11261, 11261
    4995, 4995
    13610, 13610
    2642, 2642
    11601, 11601
    8574, 8574
    9951, 9951
    7970, 7970
    2715, 2715
    10157, 10157
    5504, 5504
    8810, 8810
    454, 454
    428, 428
    538, 538
    11326, 11326
    9909, 9909
    14544, 14544
    1567, 1567
    6589, 6589
    10797, 10797
    9808, 9808
    15137, 15137
    3997, 3997
    5381, 5381
    13820, 13820
    13364, 13364
    7049, 7049
    14495, 14495
    3240, 3240
    96, 96
    13143, 13143
    2663, 2663
    6053, 6053
    12360, 12360
    9853, 9853
    15363, 15363
    11995, 11995
    9322, 9322
    12169, 12169
    1033, 1033
    14297, 14297
    7657, 7657
    132, 132
    4959, 4959
    9193, 9193
    10417, 10417
    11071, 11071
    5052, 5052
    1547, 1547
    14652, 14652
    3392, 3392
    6227, 6227
    11178, 11178
    14741, 14741
    7373, 7373
    13356, 13356
    2965, 2965
    11561, 11561
    5252, 5252
    4350, 4350
    886, 886
    11873, 11873
    1809, 1809
    14973, 14973
    1175, 1175
    5488, 5488
    11162, 11162
    10185, 10185
    4768, 4768
    10393, 10393
    14622, 14622
    1097, 1097
    14399, 14399
    14482, 14482
    8542, 8542
    8919, 8919
    9038, 9038
    4300, 4300
    7561, 7561
    7226, 7226
    5874, 5874
    13335, 13335
    6672, 6672
    3277, 3277
    12902, 12902
    13884, 13884
    2634, 2634
    5989, 5989
    8178, 8178
    8432, 8432
    725, 725
    2209, 2209
    1442, 1442
    7547, 7547
    2099, 2099
    15116, 15116
    7667, 7667
    1528, 1528
    7398, 7398
    625, 625
    3090, 3090
    2065, 2065
    11610, 11610
    13530, 13530
    15606, 15606
    10182, 10182
    3736, 3736
    4527, 4527
    5760, 5760
    10819, 10819
    4001, 4001
    15007, 15007
    15679, 15679
    13918, 13918
    2357, 2357
    7027, 7027
    4157, 4157
    8012, 8012
    10945, 10945
    15682, 15682
    15461, 15461
    9519, 9519
    6697, 6697
    11462, 11462
    1777, 1777
    4198, 4198
    5826, 5826
    11193, 11193
    68, 68
    5517, 5517
    61, 61
    1505, 1505
    857, 857
    14453, 14453
    10651, 10651
    2838, 2838
    9218, 9218
    5961, 5961
    7146, 7146
    5924, 5924
    6976, 6976
    5329, 5329
    3297, 3297
    9791, 9791
    8125, 8125
    9204, 9204
    10774, 10774
    4875, 4875
    8716, 8716
    13677, 13677
    13586, 13586
    5370, 5370
    13241, 13241
    14730, 14730
    7140, 7140
    15544, 15544
    13595, 13595
    3774, 3774
    499, 499
    6572, 6572
    8565, 8565
    15970, 15970
    9777, 9777
    8468, 8468
    14585, 14585
    6583, 6583
    8371, 8371
    14624, 14624
    5998, 5998
    4179, 4179
    2400, 2400
    9304, 9304
    2636, 2636
    14757, 14757
    11548, 11548
    7155, 7155
    5442, 5442
    10550, 10550
    6623, 6623
    2103, 2103
    13390, 13390
    12774, 12774
    8457, 8457
    9320, 9320
    4140, 4140
    12093, 12093
    9562, 9562
    7921, 7921
    7836, 7836
    9392, 9392
    8183, 8183
    7143, 7143
    3648, 3648
    9483, 9483
    7916, 7916
    7522, 7522
    8484, 8484
    64, 64
    5183, 5183
    13450, 13450
    14219, 14219
    5138, 5138
    2383, 2383
    13667, 13667
    15797, 15797
    14560, 14560
    4693, 4693
    4039, 4039
    5787, 5787
    11642, 11642
    3163, 3163
    7083, 7083
    8054, 8054
    1173, 1173
    4051, 4051
    377, 377
    3961, 3961
    1968, 1968
    10457, 10457
    15558, 15558
    14419, 14419
    15684, 15684
    13148, 13148
    15307, 15307
    4734, 4734
    8148, 8148
    9936, 9936
    8952, 8952
    11095, 11095
    3833, 3833
    13506, 13506
    15452, 15452
    4512, 4512
    14145, 14145
    4242, 4242
    6594, 6594
    13922, 13922
    2896, 2896
    9694, 9694
    5259, 5259
    11266, 11266
    10906, 10906
    8407, 8407
    5276, 5276
    6057, 6057
    12268, 12268
    5424, 5424
    699, 699
    11040, 11040
    9565, 9565
    5724, 5724
    3052, 3052
    1784, 1784
    1482, 1482
    11287, 11287
    11543, 11543
    12227, 12227
    3252, 3252
    14944, 14944
    7766, 7766
    10235, 10235
    7607, 7607
    6924, 6924
    3330, 3330
    7149, 7149
    3184, 3184
    6782, 6782
    13554, 13554
    14519, 14519
    2962, 2962
    1422, 1422
    6871, 6871
    7347, 7347
    8816, 8816
    3200, 3200
    3104, 3104
    483, 483
    9127, 9127
    10998, 10998
    8185, 8185
    9165, 9165
    14183, 14183
    3070, 3070
    887, 887
    5786, 5786
    10726, 10726
    10596, 10596
    5980, 5980
    5048, 5048
    7138, 7138
    10054, 10054
    14995, 14995
    8560, 8560
    8815, 8815
    9583, 9583
    7890, 7890
    4322, 4322
    13978, 13978
    90, 90
    15401, 15401
    3822, 3822
    14782, 14782
    3324, 3324
    4453, 4453
    600, 600
    6186, 6186
    10664, 10664
    4246, 4246
    5054, 5054
    253, 253
    6864, 6864
    914, 914
    2106, 2106
    11014, 11014
    13140, 13140
    2891, 2891
    1621, 1621
    3811, 3811
    14969, 14969
    10716, 10716
    14099, 14099
    13957, 13957
    6770, 6770
    402, 402
    10806, 10806
    1825, 1825
    331, 331
    10377, 10377
    8868, 8868
    12559, 12559
    12563, 12563
    8793, 8793
    7055, 7055
    451, 451
    13119, 13119
    4054, 4054
    6918, 6918
    12621, 12621
    146, 146
    10674, 10674
    2411, 2411
    579, 579
    11992, 11992
    5192, 5192
    5942, 5942
    11363, 11363
    8381, 8381
    5423, 5423
    6532, 6532
    7017, 7017
    6523, 6523
    1258, 1258
    10329, 10329
    6633, 6633
    2568, 2568
    12265, 12265
    6788, 6788
    3712, 3712
    11370, 11370
    9101, 9101
    15049, 15049
    3067, 3067
    15319, 15319
    11066, 11066
    2991, 2991
    10582, 10582
    13788, 13788
    5890, 5890
    12436, 12436
    9544, 9544
    7176, 7176
    2176, 2176
    9686, 9686
    12895, 12895
    953, 953
    12291, 12291
    14568, 14568
    6580, 6580
    873, 873
    4383, 4383
    12140, 12140
    11960, 11960
    14992, 14992
    14181, 14181
    15111, 15111
    3701, 3701
    12526, 12526
    2115, 2115
    7556, 7556
    12292, 12292
    15291, 15291
    10910, 10910
    10968, 10968
    6795, 6795
    10094, 10094
    2199, 2199
    8879, 8879
    7110, 7110
    844, 844
    5087, 5087
    14916, 14916
    3785, 3785
    4356, 4356
    6074, 6074
    12218, 12218
    5318, 5318
    8118, 8118
    13218, 13218
    12704, 12704
    6068, 6068
    4516, 4516
    14860, 14860
    458, 458
    5902, 5902
    36, 36
    10454, 10454
    14851, 14851
    14845, 14845
    8315, 8315
    425, 425
    6688, 6688
    4540, 4540
    12833, 12833
    3507, 3507
    12577, 12577
    2404, 2404
    7394, 7394
    11727, 11727
    13652, 13652
    12463, 12463
    5459, 5459
    1406, 1406
    9646, 9646
    10699, 10699
    106, 106
    298, 298
    14887, 14887
    4234, 4234
    13503, 13503
    7946, 7946
    2031, 2031
    14001, 14001
    3262, 3262
    14806, 14806
    15325, 15325
    15923, 15923
    2826, 2826
    13723, 13723
    2410, 2410
    6034, 6034
    3760, 3760
    6692, 6692
    1099, 1099
    3812, 3812
    8068, 8068
    1487, 1487
    14041, 14041
    4112, 4112
    7560, 7560
    7482, 7482
    2957, 2957
    13715, 13715
    605, 605
    8727, 8727
    14696, 14696
    11345, 11345
    5877, 5877
    1814, 1814
    6549, 6549
    11990, 11990
    8940, 8940
    8872, 8872
    9215, 9215
    15543, 15543
    2816, 2816
    3923, 3923
    14162, 14162
    14066, 14066
    4244, 4244
    13405, 13405
    1508, 1508
    1996, 1996
    15930, 15930
    14038, 14038
    13712, 13712
    12271, 12271
    8089, 8089
    10300, 10300
    6866, 6866
    2737, 2737
    1181, 1181
    2763, 2763
    14202, 14202
    15176, 15176
    14735, 14735
    9600, 9600
    5589, 5589
    14577, 14577
    14966, 14966
    4736, 4736
    7572, 7572
    1560, 1560
    12719, 12719
    10390, 10390
    10706, 10706
    7468, 7468
    71, 71
    8638, 8638
    13488, 13488
    1345, 1345
    11613, 11613
    3850, 3850
    8075, 8075
    13341, 13341
    13689, 13689
    14306, 14306
    826, 826
    15936, 15936
    7555, 7555
    6333, 6333
    8970, 8970
    5843, 5843
    6476, 6476
    12874, 12874
    12679, 12679
    14287, 14287
    15042, 15042
    2500, 2500
    14582, 14582
    12561, 12561
    15552, 15552
    9080, 9080
    12113, 12113
    8569, 8569
    9202, 9202
    15830, 15830
    11111, 11111
    1011, 1011
    10412, 10412
    9617, 9617
    3738, 3738
    9418, 9418
    11004, 11004
    4365, 4365
    14699, 14699
    9359, 9359
    6681, 6681
    2467, 2467
    9229, 9229
    12764, 12764
    6682, 6682
    11878, 11878
    12339, 12339
    6022, 6022
    13919, 13919
    9087, 9087
    11668, 11668
    9741, 9741
    7220, 7220
    4355, 4355
    8274, 8274
    11584, 11584
    3295, 3295
    9921, 9921
    13911, 13911
    6811, 6811
    14968, 14968
    14580, 14580
    4261, 4261
    12711, 12711
    9554, 9554
    12061, 12061
    12386, 12386
    6265, 6265
    1253, 1253
    972, 972
    2521, 2521
    9487, 9487
    867, 867
    9254, 9254
    15023, 15023
    3705, 3705
    7205, 7205
    15628, 15628
    6230, 6230
    4785, 4785
    12191, 12191
    11532, 11532
    10148, 10148
    14402, 14402
    1474, 1474
    6569, 6569
    11115, 11115
    5100, 5100
    703, 703
    12338, 12338
    7928, 7928
    1169, 1169
    15036, 15036
    6581, 6581
    6554, 6554
    3358, 3358
    7210, 7210
    4329, 4329
    9669, 9669
    15206, 15206
    3672, 3672
    9485, 9485
    8525, 8525
    7186, 7186
    15081, 15081
    1951, 1951
    12722, 12722
    10766, 10766
    14740, 14740
    12919, 12919
    15445, 15445
    6299, 6299
    1402, 1402
    10392, 10392
    5073, 5073
    3014, 3014
    10156, 10156
    9975, 9975
    5228, 5228
    2760, 2760
    5430, 5430
    2185, 2185
    9223, 9223
    13635, 13635
    8858, 8858
    5485, 5485
    15242, 15242
    2813, 2813
    1412, 1412
    3129, 3129
    5050, 5050
    9623, 9623
    12531, 12531
    12359, 12359
    1755, 1755
    4203, 4203
    2325, 2325
    15670, 15670
    1745, 1745
    9004, 9004
    560, 560
    14018, 14018
    8467, 8467
    8990, 8990
    6858, 6858
    6496, 6496
    15355, 15355
    3741, 3741
    7859, 7859
    4330, 4330
    4771, 4771
    3332, 3332
    4287, 4287
    8628, 8628
    695, 695
    5646, 5646
    14209, 14209
    5218, 5218
    12363, 12363
    10558, 10558
    671, 671
    3952, 3952
    11306, 11306
    13518, 13518
    9723, 9723
    10214, 10214
    4257, 4257
    11507, 11507
    6730, 6730
    7873, 7873
    4274, 4274
    14858, 14858
    57, 57
    12054, 12054
    1461, 1461
    6172, 6172
    12458, 12458
    6929, 6929
    13857, 13857
    5649, 5649
    13832, 13832
    6950, 6950
    10307, 10307
    5981, 5981
    2610, 2610
    2595, 2595
    8247, 8247
    2058, 2058
    13722, 13722
    11710, 11710
    15885, 15885
    312, 312
    7846, 7846
    12192, 12192
    14565, 14565
    3726, 3726
    443, 443
    12062, 12062
    7497, 7497
    13052, 13052
    3062, 3062
    2128, 2128
    13720, 13720
    15824, 15824
    9589, 9589
    7730, 7730
    5693, 5693
    1503, 1503
    3040, 3040
    15927, 15927
    2254, 2254
    8499, 8499
    11145, 11145
    12459, 12459
    3279, 3279
    14518, 14518
    13759, 13759
    39, 39
    8980, 8980
    3560, 3560
    6353, 6353
    8059, 8059
    15616, 15616
    5806, 5806
    14069, 14069
    11174, 11174
    1312, 1312
    12398, 12398
    2819, 2819
    12308, 12308
    7180, 7180
    13726, 13726
    10434, 10434
    10951, 10951
    8995, 8995
    12683, 12683
    8812, 8812
    15839, 15839
    5705, 5705
    11439, 11439
    675, 675
    12906, 12906
    15842, 15842
    5996, 5996
    9162, 9162
    7284, 7284
    6878, 6878
    1289, 1289
    1123, 1123
    12707, 12707
    7233, 7233
    8572, 8572
    239, 239
    10177, 10177
    8458, 8458
    13317, 13317
    5176, 5176
    15962, 15962
    7636, 7636
    4164, 4164
    14547, 14547
    14996, 14996
    13994, 13994
    10379, 10379
    9166, 9166
    9290, 9290
    13765, 13765
    778, 778
    9333, 9333
    12068, 12068
    10658, 10658
    2301, 2301
    10859, 10859
    15443, 15443
    4718, 4718
    2982, 2982
    10678, 10678
    9558, 9558
    12160, 12160
    13083, 13083
    5454, 5454
    3865, 3865
    11816, 11816
    15225, 15225
    14261, 14261
    4769, 4769
    10163, 10163
    11770, 11770
    13363, 13363
    13468, 13468
    10869, 10869
    9937, 9937
    1366, 1366
    15647, 15647
    15180, 15180
    4525, 4525
    8862, 8862
    15024, 15024
    4789, 4789
    10996, 10996
    10510, 10510
    8413, 8413
    5539, 5539
    509, 509
    5410, 5410
    14923, 14923
    689, 689
    15886, 15886
    6797, 6797
    8003, 8003
    13197, 13197
    14026, 14026
    5915, 5915
    10600, 10600
    13428, 13428
    10543, 10543
    5462, 5462
    9012, 9012
    1197, 1197
    3692, 3692
    8167, 8167
    7420, 7420
    388, 388
    11605, 11605
    15813, 15813
    7008, 7008
    11046, 11046
    3193, 3193
    11449, 11449
    11423, 11423
    13768, 13768
    6237, 6237
    6415, 6415
    5129, 5129
    6378, 6378
    2575, 2575
    8561, 8561
    10297, 10297
    929, 929
    12551, 12551
    5549, 5549
    15881, 15881
    4740, 4740
    5668, 5668
    8041, 8041
    11967, 11967
    9402, 9402
    13613, 13613
    2560, 2560
    13748, 13748
    15175, 15175
    14316, 14316
    997, 997
    299, 299
    13679, 13679
    12452, 12452
    11313, 11313
    3440, 3440
    6026, 6026
    2082, 2082
    15254, 15254
    6043, 6043
    15419, 15419
    3803, 3803
    73, 73
    495, 495
    624, 624
    13437, 13437
    14712, 14712
    12771, 12771
    5680, 5680
    676, 676
    13300, 13300
    15134, 15134
    8516, 8516
    14267, 14267
    1421, 1421
    3870, 3870
    3096, 3096
    5922, 5922
    10106, 10106
    741, 741
    9399, 9399
    5031, 5031
    7360, 7360
    13417, 13417
    3562, 3562
    8327, 8327
    8545, 8545
    758, 758
    6768, 6768
    326, 326
    6586, 6586
    215, 215
    876, 876
    13371, 13371
    10139, 10139
    1516, 1516
    6132, 6132
    12665, 12665
    3689, 3689
    2705, 2705
    7991, 7991
    10636, 10636
    1538, 1538
    8556, 8556
    10724, 10724
    5063, 5063
    8800, 8800
    6915, 6915
    6699, 6699
    5088, 5088
    7619, 7619
    2187, 2187
    3167, 3167
    15365, 15365
    8515, 8515
    3183, 3183
    8619, 8619
    6117, 6117
    177, 177
    2878, 2878
    151, 151
    3940, 3940
    7976, 7976
    2797, 2797
    6020, 6020
    4524, 4524
    12175, 12175
    1773, 1773
    15425, 15425
    11524, 11524
    3810, 3810
    12234, 12234
    13278, 13278
    9375, 9375
    7717, 7717
    14435, 14435
    7122, 7122
    2970, 2970
    6502, 6502
    13950, 13950
    10820, 10820
    6215, 6215
    10031, 10031
    5581, 5581
    3377, 3377
    11734, 11734
    10522, 10522
    11382, 11382
    13414, 13414
    6442, 6442
    3474, 3474
    14751, 14751
    4251, 4251
    15001, 15001
    15909, 15909
    12479, 12479
    917, 917
    2879, 2879
    11933, 11933
    5369, 5369
    11898, 11898
    10659, 10659
    2343, 2343
    369, 369
    14627, 14627
    14892, 14892
    9535, 9535
    11706, 11706
    5076, 5076
    12618, 12618
    9860, 9860
    10218, 10218
    14012, 14012
    5949, 5949
    648, 648
    10355, 10355
    9039, 9039
    895, 895
    4547, 4547
    11665, 11665
    10245, 10245
    2071, 2071
    8972, 8972
    12947, 12947
    15709, 15709
    5648, 5648
    9124, 9124
    12406, 12406
    2512, 2512
    7713, 7713
    1305, 1305
    9271, 9271
    2438, 2438
    13342, 13342
    12466, 12466
    14631, 14631
    1216, 1216
    969, 969
    3991, 3991
    204, 204
    12658, 12658
    6511, 6511
    12633, 12633
    15527, 15527
    5093, 5093
    14302, 14302
    12696, 12696
    14929, 14929
    14981, 14981
    12297, 12297
    6401, 6401
    13780, 13780
    9591, 9591
    10248, 10248
    12502, 12502
    10033, 10033
    11335, 11335
    5840, 5840
    1720, 1720
    6880, 6880
    3530, 3530
    15318, 15318
    14988, 14988
    10646, 10646
    2665, 2665
    10885, 10885
    10192, 10192
    2088, 2088
    11911, 11911
    5910, 5910
    9597, 9597
    15857, 15857
    5627, 5627
    7686, 7686
    6335, 6335
    5815, 5815
    15250, 15250
    7418, 7418
    4799, 4799
    3467, 3467
    3831, 3831
    11659, 11659
    3698, 3698
    13727, 13727
    338, 338
    3720, 3720
    6825, 6825
    4064, 4064
    6685, 6685
    5135, 5135
    8691, 8691
    12935, 12935
    14653, 14653
    8907, 8907
    259, 259
    11533, 11533
    10362, 10362
    4510, 4510
    13796, 13796
    8747, 8747
    1920, 1920
    14227, 14227
    3280, 3280
    5839, 5839
    15184, 15184
    6285, 6285
    14461, 14461
    11112, 11112
    11680, 11680
    1299, 1299
    14875, 14875
    506, 506
    893, 893
    7084, 7084
    3433, 3433
    15877, 15877
    14053, 14053
    9599, 9599
    7513, 7513
    7368, 7368
    12437, 12437
    913, 913
    2496, 2496
    15230, 15230
    11583, 11583
    1950, 1950
    4645, 4645
    7551, 7551
    14926, 14926
    4124, 4124
    7655, 7655
    5344, 5344
    2651, 2651
    15889, 15889
    7285, 7285
    8446, 8446
    13452, 13452
    1364, 1364
    9556, 9556
    685, 685
    10761, 10761
    10361, 10361
    471, 471
    110, 110
    4327, 4327
    10344, 10344
    9906, 9906
    2204, 2204
    2274, 2274
    3479, 3479
    10772, 10772
    6749, 6749
    3429, 3429
    3514, 3514
    8477, 8477
    5350, 5350
    13945, 13945
    2192, 2192
    15066, 15066
    15601, 15601
    14563, 14563
    10587, 10587
    9189, 9189
    10970, 10970
    4043, 4043
    6964, 6964
    12127, 12127
    4915, 4915
    9380, 9380
    15494, 15494
    3619, 3619
    8219, 8219
    4546, 4546
    9981, 9981
    11377, 11377
    14715, 14715
    14226, 14226
    11198, 11198
    8725, 8725
    3017, 3017
    9068, 9068
    2425, 2425
    33, 33
    14493, 14493
    14125, 14125
    2535, 2535
    9709, 9709
    4217, 4217
    947, 947
    9186, 9186
    7593, 7593
    10352, 10352
    10949, 10949
    3755, 3755
    3201, 3201
    13321, 13321
    2337, 2337
    8840, 8840
    3912, 3912
    291, 291
    7417, 7417
    7203, 7203
    1163, 1163
    12041, 12041
    13926, 13926
    6142, 6142
    14529, 14529
    13135, 13135
    11201, 11201
    9315, 9315
    350, 350
    9463, 9463
    11720, 11720
    9311, 9311
    5575, 5575
    14095, 14095
    14894, 14894
    12972, 12972
    3059, 3059
    11828, 11828
    12157, 12157
    12963, 12963
    12649, 12649
    5789, 5789
    8539, 8539
    9110, 9110
    6367, 6367
    8338, 8338
    5023, 5023
    3584, 3584
    14543, 14543
    1017, 1017
    9512, 9512
    9549, 9549
    10166, 10166
    849, 849
    5416, 5416
    10234, 10234
    10632, 10632
    8234, 8234
    7985, 7985
    9342, 9342
    15322, 15322
    11562, 11562
    15298, 15298
    11265, 11265
    4113, 4113
    5851, 5851
    2796, 2796
    2335, 2335
    14376, 14376
    10304, 10304
    3750, 3750
    3691, 3691
    7688, 7688
    14567, 14567
    13247, 13247
    9076, 9076
    12086, 12086
    6679, 6679
    13565, 13565
    2066, 2066
    12980, 12980
    12317, 12317
    9344, 9344
    5235, 5235
    7524, 7524
    5025, 5025
    4843, 4843
    15055, 15055
    12657, 12657
    14039, 14039
    1866, 1866
    6470, 6470
    10260, 10260
    11192, 11192
    5726, 5726
    12766, 12766
    503, 503
    8627, 8627
    11667, 11667
    9807, 9807
    1030, 1030
    2344, 2344
    6718, 6718
    13418, 13418
    14126, 14126
    1089, 1089
    14390, 14390
    8394, 8394
    9837, 9837
    4711, 4711
    9014, 9014
    5136, 5136
    11311, 11311
    4722, 4722
    12003, 12003
    3254, 3254
    4505, 4505
    7781, 7781
    13263, 13263
    2447, 2447
    6178, 6178
    6280, 6280
    6693, 6693
    6773, 6773
    9336, 9336
    8236, 8236
    10265, 10265
    15493, 15493
    10868, 10868
    8194, 8194
    15739, 15739
    8050, 8050
    245, 245
    10055, 10055
    10295, 10295
    4144, 4144
    1006, 1006
    3555, 3555
    3081, 3081
    3160, 3160
    14628, 14628
    15220, 15220
    13151, 13151
    7957, 7957
    3542, 3542
    731, 731
    5997, 5997
    12465, 12465
    7759, 7759
    10419, 10419
    4266, 4266
    1599, 1599
    7600, 7600
    5966, 5966
    8945, 8945
    7230, 7230
    7488, 7488
    9923, 9923
    12434, 12434
    4455, 4455
    6707, 6707
    15047, 15047
    11655, 11655
    1862, 1862
    12295, 12295
    10093, 10093
    5913, 5913
    11565, 11565
    12238, 12238
    6610, 6610
    2145, 2145
    3538, 3538
    14333, 14333
    12886, 12886
    12229, 12229
    4710, 4710
    12418, 12418
    14725, 14725
    15006, 15006
    7479, 7479
    7834, 7834
    5337, 5337
    9595, 9595
    12648, 12648
    9578, 9578
    7588, 7588
    6741, 6741
    8737, 8737
    11276, 11276
    4044, 4044
    9205, 9205
    6392, 6392
    8583, 8583
    12676, 12676
    1110, 1110
    13740, 13740
    2093, 2093
    11966, 11966
    832, 832
    1579, 1579
    15035, 15035
    5008, 5008
    5007, 5007
    14440, 14440
    10779, 10779
    3762, 3762
    10518, 10518
    967, 967
    15764, 15764
    4004, 4004
    9545, 9545
    11673, 11673
    7466, 7466
    7114, 7114
    7842, 7842
    5645, 5645
    7016, 7016
    2950, 2950
    12609, 12609
    2457, 2457
    2996, 2996
    9926, 9926
    14788, 14788
    8136, 8136
    14507, 14507
    767, 767
    12323, 12323
    5884, 5884
    13154, 13154
    9829, 9829
    3895, 3895
    3537, 3537
    5576, 5576
    8916, 8916
    4382, 4382
    2888, 2888
    7041, 7041
    4422, 4422
    10899, 10899
    7400, 7400
    10120, 10120
    14765, 14765
    8685, 8685
    15692, 15692
    8584, 8584
    13752, 13752
    11047, 11047
    5114, 5114
    8171, 8171
    8204, 8204
    6297, 6297
    5865, 5865
    10274, 10274
    9114, 9114
    12596, 12596
    8195, 8195
    2541, 2541
    11228, 11228
    10804, 10804
    15193, 15193
    13073, 13073
    10882, 10882
    3138, 3138
    15665, 15665
    6066, 6066
    12366, 12366
    88, 88
    10770, 10770
    15164, 15164
    1273, 1273
    8373, 8373
    10808, 10808
    14990, 14990
    6014, 6014
    13741, 13741
    2299, 2299
    9958, 9958
    6784, 6784
    8562, 8562
    8783, 8783
    4035, 4035
    5239, 5239
    14341, 14341
    10932, 10932
    188, 188
    6312, 6312
    13638, 13638
    2462, 2462
    3668, 3668
    6837, 6837
    12001, 12001
    7874, 7874
    2087, 2087
    12236, 12236
    9054, 9054
    8508, 8508
    6160, 6160
    8902, 8902
    4279, 4279
    9673, 9673
    7785, 7785
    553, 553
    4670, 4670
    5065, 5065
    7771, 7771
    4899, 4899
    8571, 8571
    11143, 11143
    15351, 15351
    28, 28
    2861, 2861
    12051, 12051
    4435, 4435
    2898, 2898
    11701, 11701
    8462, 8462
    757, 757
    14710, 14710
    10470, 10470
    9679, 9679
    1187, 1187
    14009, 14009
    13461, 13461
    6604, 6604
    3913, 3913
    855, 855
    8412, 8412
    9133, 9133
    15680, 15680
    13959, 13959
    9858, 9858
    3610, 3610
    14598, 14598
    10146, 10146
    3565, 3565
    10125, 10125
    1194, 1194
    8144, 8144
    1335, 1335
    392, 392
    11952, 11952
    1492, 1492
    6147, 6147
    5328, 5328
    6110, 6110
    1069, 1069
    4689, 4689
    15504, 15504
    3416, 3416
    3266, 3266
    386, 386
    7757, 7757
    12438, 12438
    12729, 12729
    15545, 15545
    15423, 15423
    13375, 13375
    330, 330
    14850, 14850
    7905, 7905
    15010, 15010
    14509, 14509
    12228, 12228
    7472, 7472
    6968, 6968
    15754, 15754
    3005, 3005
    9046, 9046
    6774, 6774
    10834, 10834
    8397, 8397
    12021, 12021
    1880, 1880
    1546, 1546
    9779, 9779
    6183, 6183
    13037, 13037
    6438, 6438
    1098, 1098
    6131, 6131
    8282, 8282
    14217, 14217
    8844, 8844
    15259, 15259
    12876, 12876
    13907, 13907
    13228, 13228
    4398, 4398
    4963, 4963
    14880, 14880
    7239, 7239
    10702, 10702
    5939, 5939
    8351, 8351
    10800, 10800
    7831, 7831
    5630, 5630
    4416, 4416
    13834, 13834
    13479, 13479
    8538, 8538
    898, 898
    3229, 3229
    12702, 12702
    13927, 13927
    6780, 6780
    1306, 1306
    12217, 12217
    2492, 2492
    15389, 15389
    15904, 15904
    6013, 6013
    15548, 15548
    3053, 3053
    11762, 11762
    2931, 2931
    11978, 11978
    15475, 15475
    6987, 6987
    15479, 15479
    2839, 2839
    10237, 10237
    9971, 9971
    2345, 2345
    15179, 15179
    13015, 13015
    962, 962
    6381, 6381
    520, 520
    5044, 5044
    7691, 7691
    7032, 7032
    13246, 13246
    9648, 9648
    12133, 12133
    9442, 9442
    8899, 8899
    5233, 5233
    7774, 7774
    306, 306
    11670, 11670
    2230, 2230
    7372, 7372
    7058, 7058
    10900, 10900
    6587, 6587
    1952, 1952
    5894, 5894
    9281, 9281
    1792, 1792
    12827, 12827
    4296, 4296
    11460, 11460
    14016, 14016
    14103, 14103
    12190, 12190
    15160, 15160
    13901, 13901
    5633, 5633
    2094, 2094
    4947, 4947
    7023, 7023
    12986, 12986
    12523, 12523
    2765, 2765
    6547, 6547
    15895, 15895
    6308, 6308
    9968, 9968
    2297, 2297
    12560, 12560
    116, 116
    6694, 6694
    1518, 1518
    11134, 11134
    1708, 1708
    12805, 12805
    9842, 9842
    11106, 11106
    3154, 3154
    11852, 11852
    14795, 14795
    3049, 3049
    6467, 6467
    3536, 3536
    7402, 7402
    8110, 8110
    1102, 1102
    15214, 15214
    1479, 1479
    15745, 15745
    12516, 12516
    9160, 9160
    14061, 14061
    952, 952
    3515, 3515
    9227, 9227
    14534, 14534
    3196, 3196
    15394, 15394
    7589, 7589
    9244, 9244
    13204, 13204
    8048, 8048
    1031, 1031
    8400, 8400
    2860, 2860
    6153, 6153
    15620, 15620
    5694, 5694
    2508, 2508
    160, 160
    7452, 7452
    12738, 12738
    5115, 5115
    13285, 13285
    3161, 3161
    2882, 2882
    14356, 14356
    6593, 6593
    14098, 14098
    368, 368
    6408, 6408
    10292, 10292
    4103, 4103
    10758, 10758
    1781, 1781
    4200, 4200
    7544, 7544
    15865, 15865
    15538, 15538
    9931, 9931
    3476, 3476
    58, 58
    1278, 1278
    3393, 3393
    10602, 10602
    11818, 11818
    11787, 11787
    13970, 13970
    15102, 15102
    2417, 2417
    8704, 8704
    11121, 11121
    4040, 4040
    9142, 9142
    3168, 3168
    7454, 7454
    14695, 14695
    13116, 13116
    3871, 3871
    853, 853
    4549, 4549
    10866, 10866
    12611, 12611
    10061, 10061
    14389, 14389
    10296, 10296
    4016, 4016
    118, 118
    11351, 11351
    2463, 2463
    1465, 1465
    9241, 9241
    1648, 1648
    15166, 15166
    14401, 14401
    11397, 11397
    14192, 14192
    11260, 11260
    9879, 9879
    8278, 8278
    2719, 2719
    9570, 9570
    4664, 4664
    1161, 1161
    2177, 2177
    2920, 2920
    12425, 12425
    2712, 2712
    3, 3
    818, 818
    7087, 7087
    10167, 10167
    8431, 8431
    5686, 5686
    7817, 7817
    10047, 10047
    11578, 11578
    11954, 11954
    12163, 12163
    3756, 3756
    3300, 3300
    3579, 3579
    15076, 15076
    7775, 7775
    9217, 9217
    15600, 15600
    11531, 11531
    12082, 12082
    5682, 5682
    13494, 13494
    5736, 5736
    13079, 13079
    4496, 4496
    4466, 4466
    2953, 2953
    13021, 13021
    4911, 4911
    15460, 15460
    12801, 12801
    4133, 4133
    1926, 1926
    14901, 14901
    15940, 15940
    13524, 13524
    3061, 3061
    15622, 15622
    13210, 13210
    4080, 4080
    15285, 15285
    310, 310
    3491, 3491
    8448, 8448
    7792, 7792
    4305, 4305
    4149, 4149
    10709, 10709
    15883, 15883
    144, 144
    6598, 6598
    11503, 11503
    6615, 6615
    8924, 8924
    11656, 11656
    15863, 15863
    14761, 14761
    11663, 11663
    3709, 3709
    10668, 10668
    14186, 14186
    10799, 10799
    10046, 10046
    976, 976
    5809, 5809
    65, 65
    14079, 14079
    980, 980
    11693, 11693
    7864, 7864
    5856, 5856
    2202, 2202
    6431, 6431
    15706, 15706
    12962, 12962
    7119, 7119
    10013, 10013
    1408, 1408
    6135, 6135
    3609, 3609
    15856, 15856
    4114, 4114
    10886, 10886
    10722, 10722
    3097, 3097
    12755, 12755
    10431, 10431
    5663, 5663
    10376, 10376
    3351, 3351
    4916, 4916
    7559, 7559
    6819, 6819
    11756, 11756
    11666, 11666
    3561, 3561
    10449, 10449
    2419, 2419
    1965, 1965
    2332, 2332
    2892, 2892
    1117, 1117
    12144, 12144
    15306, 15306
    8599, 8599
    11534, 11534
    14683, 14683
    464, 464
    10346, 10346
    690, 690
    7159, 7159
    5055, 5055
    4171, 4171
    535, 535
    7166, 7166
    3459, 3459
    8557, 8557
    14897, 14897
    8440, 8440
    4948, 4948
    10989, 10989
    2504, 2504
    15816, 15816
    5592, 5592
    6101, 6101
    9703, 9703
    6574, 6574
    7536, 7536
    3690, 3690
    15186, 15186
    3199, 3199
    14020, 14020
    15034, 15034
    11618, 11618
    3834, 3834
    2677, 2677
    2754, 2754
    1349, 1349
    9775, 9775
    5642, 5642
    2320, 2320
    1660, 1660
    9880, 9880
    13778, 13778
    11926, 11926
    8231, 8231
    1045, 1045
    13508, 13508
    4346, 4346
    1165, 1165
    15187, 15187
    5605, 5605
    5972, 5972
    1407, 1407
    13690, 13690
    5035, 5035
    227, 227
    9482, 9482
    12530, 12530
    12383, 12383
    3223, 3223
    4292, 4292
    10141, 10141
    15707, 15707
    13252, 13252
    13220, 13220
    7323, 7323
    7823, 7823
    8977, 8977
    9973, 9973
    15892, 15892
    3975, 3975
    13557, 13557
    6166, 6166
    1436, 1436
    7151, 7151
    7716, 7716
    9934, 9934
    2534, 2534
    2648, 2648
    11407, 11407
    13658, 13658
    7120, 7120
    15547, 15547
    7876, 7876
    15778, 15778
    6167, 6167
    12264, 12264
    7214, 7214
    11355, 11355
    391, 391
    13711, 13711
    1513, 1513
    2138, 2138
    13406, 13406
    6468, 6468
    5703, 5703
    3960, 3960
    15535, 15535
    13289, 13289
    3019, 3019
    4029, 4029
    13930, 13930
    14068, 14068
    10129, 10129
    11179, 11179
    4447, 4447
    7740, 7740
    12967, 12967
    9308, 9308
    6395, 6395
    10652, 10652
    14063, 14063
    10856, 10856
    5500, 5500
    5664, 5664
    12277, 12277
    8420, 8420
    4220, 4220
    1890, 1890
    1937, 1937
    9045, 9045
    5597, 5597
    1186, 1186
    10566, 10566
    1504, 1504
    5960, 5960
    8155, 8155
    8625, 8625
    8823, 8823
    14905, 14905
    14513, 14513
    25, 25
    10226, 10226
    14334, 14334
    15019, 15019
    13913, 13913
    1928, 1928
    14259, 14259
    6451, 6451
    1044, 1044
    11408, 11408
    7272, 7272
    2481, 2481
    2946, 2946
    9369, 9369
    6720, 6720
    9285, 9285
    11017, 11017
    760, 760
    870, 870
    15840, 15840
    594, 594
    2351, 2351
    5000, 5000
    5956, 5956
    10814, 10814
    157, 157
    14141, 14141
    7989, 7989
    10733, 10733
    2009, 2009
    11496, 11496
    15878, 15878
    6577, 6577
    617, 617
    7833, 7833
    9965, 9965
    8076, 8076
    4091, 4091
    1389, 1389
    6696, 6696
    2472, 2472
    4753, 4753
    6478, 6478
    880, 880
    13296, 13296
    11400, 11400
    6443, 6443
    12746, 12746
    768, 768
    5339, 5339
    12259, 12259
    2487, 2487
    7255, 7255
    11845, 11845
    5933, 5933
    8797, 8797
    15462, 15462
    7895, 7895
    15501, 15501
    2516, 2516
    14198, 14198
    6754, 6754
    11200, 11200
    8447, 8447
    77, 77
    15415, 15415
    14156, 14156
    4156, 4156
    2520, 2520
    6557, 6557
    12461, 12461
    14647, 14647
    1657, 1657
    1617, 1617
    10188, 10188
    2914, 2914
    7558, 7558
    13523, 13523
    1168, 1168
    12491, 12491
    3144, 3144
    9386, 9386
    770, 770
    2053, 2053
    13407, 13407
    2762, 2762
    11744, 11744
    9972, 9972
    11488, 11488
    11000, 11000
    2182, 2182
    6652, 6652
    15278, 15278
    2310, 2310
    8423, 8423
    13847, 13847
    3513, 3513
    2549, 2549
    13383, 13383
    11604, 11604
    2929, 2929
    10569, 10569
    381, 381
    5650, 5650
    7567, 7567
    12084, 12084
    10676, 10676
    9341, 9341
    15740, 15740
    9652, 9652
    9252, 9252
    12468, 12468
    15491, 15491
    1242, 1242
    235, 235
    7803, 7803
    11905, 11905
    10531, 10531
    2708, 2708
    728, 728
    10832, 10832
    15955, 15955
    7664, 7664
    2752, 2752
    15439, 15439
    15956, 15956
    4437, 4437
    15281, 15281
    4491, 4491
    8784, 8784
    7733, 7733
    12862, 12862
    13775, 13775
    11909, 11909
    3840, 3840
    13531, 13531
    14760, 14760
    4304, 4304
    7167, 7167
    6552, 6552
    1219, 1219
    11008, 11008
    5892, 5892
    5419, 5419
    12813, 12813
    1570, 1570
    11016, 11016
    15879, 15879
    983, 983
    4031, 4031
    4046, 4046
    2491, 2491
    11813, 11813
    14516, 14516
    2827, 2827
    9253, 9253
    2834, 2834
    14013, 14013
    11657, 11657
    3301, 3301
    12060, 12060
    11890, 11890
    4833, 4833
    7449, 7449
    3261, 3261
    2315, 2315
    1290, 1290
    11516, 11516
    11539, 11539
    9548, 9548
    15231, 15231
    1019, 1019
    5522, 5522
    12040, 12040
    15370, 15370
    12223, 12223
    1016, 1016
    14054, 14054
    1195, 1195
    5077, 5077
    15272, 15272
    3242, 3242
    10119, 10119
    6336, 6336
    5024, 5024
    13477, 13477
    4256, 4256
    13666, 13666
    7052, 7052
    12478, 12478
    14353, 14353
    5096, 5096
    15836, 15836
    13562, 13562
    4830, 4830
    9983, 9983
    14059, 14059
    5928, 5928
    7201, 7201
    5484, 5484
    12498, 12498
    4434, 4434
    2399, 2399
    12207, 12207
    8971, 8971
    12625, 12625
    4993, 4993
    4761, 4761
    2288, 2288
    12050, 12050
    10484, 10484
    10783, 10783
    5172, 5172
    11979, 11979
    3020, 3020
    1375, 1375
    2696, 2696
    6995, 6995
    2654, 2654
    4917, 4917
    1462, 1462
    4678, 4678
    13270, 13270
    2149, 2149
    13305, 13305
    2210, 2210
    14595, 14595
    1119, 1119
    7902, 7902
    14257, 14257
    833, 833
    1764, 1764
    14167, 14167
    12253, 12253
    30, 30
    2105, 2105
    15663, 15663
    5624, 5624
    4717, 4717
    5647, 5647
    14920, 14920
    11409, 11409
    7256, 7256
    1861, 1861
    15964, 15964
    5336, 5336
    1673, 1673
    12879, 12879
    11504, 11504
    1931, 1931
    8053, 8053
    10021, 10021
    10810, 10810
    5534, 5534
    14883, 14883
    12894, 12894
    435, 435
    1053, 1053
    10508, 10508
    7943, 7943
    1565, 1565
    4879, 4879
    7822, 7822
    3885, 3885
    3650, 3650
    15539, 15539
    6048, 6048
    6882, 6882
    11628, 11628
    6450, 6450
    12102, 12102
    9639, 9639
    3625, 3625
    283, 283
    5321, 5321
    5022, 5022
    3419, 3419
    6912, 6912
    9999, 9999
    5210, 5210
    2433, 2433
    15005, 15005
    1540, 1540
    6870, 6870
    3782, 3782
    4538, 4538
    1543, 1543
    739, 739
    2554, 2554
    6726, 6726
    12864, 12864
    12522, 12522
    8615, 8615
    6664, 6664
    4252, 4252
    2710, 2710
    9914, 9914
    11854, 11854
    15483, 15483
    2355, 2355
    11831, 11831
    12091, 12091
    13318, 13318
    8426, 8426
    8382, 8382
    14236, 14236
    9989, 9989
    7791, 7791
    10598, 10598
    12101, 12101
    2876, 2876
    8163, 8163
    2955, 2955
    14623, 14623
    7092, 7092
    620, 620
    14520, 14520
    557, 557
    1265, 1265
    8551, 8551
    1912, 1912
    12661, 12661
    9383, 9383
    7006, 7006
    14121, 14121
    2471, 2471
    7912, 7912
    14045, 14045
    13827, 13827
    13063, 13063
    9148, 9148
    14164, 14164
    15624, 15624
    15336, 15336
    14429, 14429
    1454, 1454
    8781, 8781
    7574, 7574
    1988, 1988
    10524, 10524
    15273, 15273
    4729, 4729
    5355, 5355
    13138, 13138
    10242, 10242
    14707, 14707
    5527, 5527
    67, 67
    2415, 2415
    7324, 7324
    7622, 7622
    10872, 10872
    8276, 8276
    5615, 5615
    10164, 10164
    266, 266
    12555, 12555
    6340, 6340
    1432, 1432
    922, 922
    13875, 13875
    11057, 11057
    4456, 4456
    1556, 1556
    1750, 1750
    10905, 10905
    3592, 3592
    14589, 14589
    11540, 11540
    9803, 9803
    12634, 12634
    11141, 11141
    14749, 14749
    12296, 12296
    1897, 1897
    8013, 8013
    11862, 11862
    8806, 8806
    8854, 8854
    8870, 8870
    2075, 2075
    5943, 5943
    5784, 5784
    7460, 7460
    11728, 11728
    11886, 11886
    2217, 2217
    8834, 8834
    4941, 4941
    515, 515
    15521, 15521
    9604, 9604
    11849, 11849
    10025, 10025
    9655, 9655
    1719, 1719
    10762, 10762
    5399, 5399
    5681, 5681
    8164, 8164
    8083, 8083
    10556, 10556
    11387, 11387
    5170, 5170
    7677, 7677
    3930, 3930
    6327, 6327
    10289, 10289
    10777, 10777
    4508, 4508
    8139, 8139
    12715, 12715
    4196, 4196
    15929, 15929
    29, 29
    13719, 13719
    10191, 10191
    11090, 11090
    10132, 10132
    1647, 1647
    15041, 15041
    254, 254
    5599, 5599
    9331, 9331
    12382, 12382
    13909, 13909
    7475, 7475
    10067, 10067
    195, 195
    9667, 9667
    772, 772
    4104, 4104
    156, 156
    10374, 10374
    15165, 15165
    6531, 6531
    14116, 14116
    7963, 7963
    2122, 2122
    3306, 3306
    14308, 14308
    2364, 2364
    2050, 2050
    9421, 9421
    5756, 5756
    4348, 4348
    3883, 3883
    9618, 9618
    7665, 7665
    6465, 6465
    8587, 8587
    1932, 1932
    6185, 6185
    4620, 4620
    6306, 6306
    8495, 8495
    6778, 6778
    5735, 5735
    1178, 1178
    10938, 10938
    14561, 14561
    12671, 12671
    14537, 14537
    3412, 3412
    12971, 12971
    5030, 5030
    3563, 3563
    15156, 15156
    2397, 2397
    7498, 7498
    945, 945
    13646, 13646
    6654, 6654
    606, 606
    2245, 2245
    11732, 11732
    6370, 6370
    10268, 10268
    9532, 9532
    14639, 14639
    8320, 8320
    5056, 5056
    4767, 4767
    1774, 1774
    6224, 6224
    3783, 3783
    15723, 15723
    11135, 11135
    7036, 7036
    10299, 10299
    11703, 11703
    14819, 14819
    3374, 3374
    15660, 15660
    15594, 15594
    3133, 3133
    9770, 9770
    8772, 8772
    3107, 3107
    11298, 11298
    15051, 15051
    6566, 6566
    10692, 10692
    10584, 10584
    13852, 13852
    4980, 4980
    9626, 9626
    12856, 12856
    4622, 4622
    7123, 7123
    46, 46
    14148, 14148
    11549, 11549
    14443, 14443
    13004, 13004
    5847, 5847
    14878, 14878
    14797, 14797
    9767, 9767
    15999, 15999
    2788, 2788
    9368, 9368
    7930, 7930
    3475, 3475
    10229, 10229
    8898, 8898
    14304, 14304
    2194, 2194
    5269, 5269
    12622, 12622
    7746, 7746
    9666, 9666
    2917, 2917
    14758, 14758
    15732, 15732
    3665, 3665
    5126, 5126
    565, 565
    12484, 12484
    9407, 9407
    10789, 10789
    4502, 4502
    1149, 1149
    12547, 12547
    11405, 11405
    1629, 1629
    14697, 14697
    5232, 5232
    6283, 6283
    9278, 9278
    10950, 10950
    7040, 7040
    14931, 14931
    3647, 3647
    10662, 10662
    2450, 2450
    809, 809
    13563, 13563
    12080, 12080
    10112, 10112
    478, 478
    8988, 8988
    12564, 12564
    15276, 15276
    8133, 8133
    12903, 12903
    6639, 6639
    5671, 5671
    321, 321
    851, 851
    2323, 2323
    3761, 3761
    3258, 3258
    15141, 15141
    9682, 9682
    14789, 14789
    14108, 14108
    9996, 9996
    13459, 13459
    9953, 9953
    7327, 7327
    14998, 14998
    14394, 14394
    5561, 5561
    9702, 9702
    3577, 3577
    13863, 13863
    12602, 12602
    10375, 10375
    14431, 14431
    5982, 5982
    4694, 4694
    6881, 6881
    11861, 11861
    5171, 5171
    4170, 4170
    9540, 9540
    5150, 5150
    1404, 1404
    4583, 4583
    10118, 10118
    4749, 4749
    1355, 1355
    4590, 4590
    5712, 5712
    6251, 6251
    7958, 7958
    12982, 12982
    3839, 3839
    12410, 12410
    11876, 11876
    15213, 15213
    799, 799
    2571, 2571
    8575, 8575
    4608, 4608
    13619, 13619
    13885, 13885
    21, 21
    3540, 3540
    15154, 15154
    2566, 2566
    8130, 8130
    1940, 1940
    5166, 5166
    14801, 14801
    336, 336
    7509, 7509
    2242, 2242
    1886, 1886
    13701, 13701
    5824, 5824
    5610, 5610
    13809, 13809
    5876, 5876
    1583, 1583
    9635, 9635
    13036, 13036
    8480, 8480
    2613, 2613
    7505, 7505
    14558, 14558
    1270, 1270
    2941, 2941
    3371, 3371
    8147, 8147
    6527, 6527
    1867, 1867
    4376, 4376
    13059, 13059
    7099, 7099
    14378, 14378
    2587, 2587
    1157, 1157
    1379, 1379
    7225, 7225
    14222, 14222
    1953, 1953
    523, 523
    8097, 8097
    5353, 5353
    79, 79
    6568, 6568
    4310, 4310
    13320, 13320
    12276, 12276
    13134, 13134
    14822, 14822
    12220, 12220
    11932, 11932
    8647, 8647
    15924, 15924
    5464, 5464
    1731, 1731
    9942, 9942
    6006, 6006
    1772, 1772
    5820, 5820
    11824, 11824
    2004, 2004
    4451, 4451
    9181, 9181
    6662, 6662
    12644, 12644
    11505, 11505
    13989, 13989
    6582, 6582
    8343, 8343
    15057, 15057
    14242, 14242
    585, 585
    14803, 14803
    11434, 11434
    5049, 5049
    13685, 13685
    12125, 12125
    14005, 14005
    15289, 15289
    32, 32
    10730, 10730
    14288, 14288
    6447, 6447
    12328, 12328
    10661, 10661
    13692, 13692
    8152, 8152
    15312, 15312
    885, 885
    14112, 14112
    3797, 3797
    10768, 10768
    3000, 3000
    409, 409
    2858, 2858
    3352, 3352
    12391, 12391
    10217, 10217
    13822, 13822
    8346, 8346
    2039, 2039
    13431, 13431
    7274, 7274
    1510, 1510
    12310, 12310
    12241, 12241
    2476, 2476
    11517, 11517
    14853, 14853
    2649, 2649
    3959, 3959
    11977, 11977
    2011, 2011
    15069, 15069
    3177, 3177
    7782, 7782
    6357, 6357
    14573, 14573
    1247, 1247
    11619, 11619
    1606, 1606
    9980, 9980
    672, 672
    9710, 9710
    10897, 10897
    15668, 15668
    3908, 3908
    268, 268
    4476, 4476
    3064, 3064
    8211, 8211
    3547, 3547
    7383, 7383
    3453, 3453
    5476, 5476
    6318, 6318
    15459, 15459
    11711, 11711
    1901, 1901
    8920, 8920
    9050, 9050
    6946, 6946
    11627, 11627
    7798, 7798
    9111, 9111
    12525, 12525
    12743, 12743
    2246, 2246
    2392, 2392
    7788, 7788
    4312, 4312
    9985, 9985
    14483, 14483
    1084, 1084
    1761, 1761
    9255, 9255
    15578, 15578
    2161, 2161
    4903, 4903
    10638, 10638
    5869, 5869
    14194, 14194
    6161, 6161
    9498, 9498
    6385, 6385
    13606, 13606
    5037, 5037
    13512, 13512
    8378, 8378
    493, 493
    5020, 5020
    13429, 13429
    4315, 4315
    4389, 4389
    9630, 9630
    8843, 8843
    2734, 2734
    6328, 6328
    11072, 11072
    12784, 12784
    4874, 4874
    7357, 7357
    3323, 3323
    4294, 4294
    14301, 14301
    9493, 9493
    10015, 10015
    654, 654
    13895, 13895
    246, 246
    10442, 10442
    11853, 11853
    12636, 12636
    7829, 7829
    13973, 13973
    9505, 9505
    4699, 4699
    284, 284
    6112, 6112
    6668, 6668
    4059, 4059
    1337, 1337
    13161, 13161
    1539, 1539
    5927, 5927
    8955, 8955
    7894, 7894
    11182, 11182
    4628, 4628
    12034, 12034
    926, 926
    9895, 9895
    7264, 7264
    10583, 10583
    12591, 12591
    13838, 13838
    13795, 13795
    13972, 13972
    6570, 6570
    4725, 4725
    11546, 11546
    9736, 9736
    7682, 7682
    4060, 4060
    9345, 9345
    11418, 11418
    7646, 7646
    636, 636
    15640, 15640
    12372, 12372
    930, 930
    10738, 10738
    10867, 10867
    14147, 14147
    8807, 8807
    7527, 7527
    14705, 14705
    1605, 1605
    10701, 10701
    4554, 4554
    4542, 4542
    10010, 10010
    10767, 10767
    11068, 11068
    9033, 9033
    3632, 3632
    11365, 11365
    10481, 10481
    1101, 1101
    6803, 6803
    9582, 9582
    5545, 5545
    439, 439
    12781, 12781
    1426, 1426
    2790, 2790
    11669, 11669
    14732, 14732
    10790, 10790
    4286, 4286
    13821, 13821
    10683, 10683
    3450, 3450
    4461, 4461
    15985, 15985
    10429, 10429
    12756, 12756
    2109, 2109
    13325, 13325
    6512, 6512
    8324, 8324
    11644, 11644
    8925, 8925
    1678, 1678
    13458, 13458
    14918, 14918
    10794, 10794
    11522, 11522
    5409, 5409
    11675, 11675
    8576, 8576
    7132, 7132
    12635, 12635
    4940, 4940
    14799, 14799
    286, 286
    2175, 2175
    1680, 1680
    9536, 9536
    6435, 6435
    7219, 7219
    2731, 2731
    13776, 13776
    7241, 7241
    11658, 11658
    8774, 8774
    5748, 5748
    7306, 7306
    11550, 11550
    8039, 8039
    23, 23
    14309, 14309
    12036, 12036
    10030, 10030
    9789, 9789
    604, 604
    6802, 6802
    1499, 1499
    6079, 6079
    12177, 12177
    11385, 11385
    3220, 3220
    1060, 1060
    7653, 7653
    247, 247
    15277, 15277
    4752, 4752
    2688, 2688
    8931, 8931
    12713, 12713
    3478, 3478
    9075, 9075
    5658, 5658
    4825, 4825
    10715, 10715
    4465, 4465
    1704, 1704
    15785, 15785
    8928, 8928
    9780, 9780
    2412, 2412
    434, 434
    14746, 14746
    10321, 10321
    9900, 9900
    13866, 13866
    2121, 2121
    13034, 13034
    13435, 13435
    12182, 12182
    9499, 9499
    4714, 4714
    12617, 12617
    3548, 3548
    1109, 1109
    2923, 2923
    11803, 11803
    13280, 13280
    9654, 9654
    12674, 12674
    9355, 9355
    7491, 7491
    7126, 7126
    4926, 4926
    5963, 5963
    4586, 4586
    896, 896
    14879, 14879
    2044, 2044
    1686, 1686
    2836, 2836
    7318, 7318
    5117, 5117
    12996, 12996
    5662, 5662
    14594, 14594
    13260, 13260
    9863, 9863
    723, 723
    1915, 1915
    12718, 12718
    7790, 7790
    3250, 3250
    10366, 10366
    15188, 15188
    11011, 11011
    6067, 6067
    6223, 6223
    14555, 14555
    14588, 14588
    11865, 11865
    5994, 5994
    3999, 3999
    15071, 15071
    4142, 4142
    3781, 3781
    3212, 3212
    2284, 2284
    7020, 7020
    9966, 9966
    3152, 3152
    15608, 15608
    3373, 3373
    13645, 13645
    13977, 13977
    1790, 1790
    13552, 13552
    317, 317
    10805, 10805
    15557, 15557
    12601, 12601
    9890, 9890
    10850, 10850
    2990, 2990
    12111, 12111
    4468, 4468
    4121, 4121
    1981, 1981
    5067, 5067
    5555, 5555
    2253, 2253
    14361, 14361
    11009, 11009
    1824, 1824
    4936, 4936
    3075, 3075
    680, 680
    13183, 13183
    11413, 11413
    3943, 3943
    14669, 14669
    10153, 10153
    11822, 11822
    10266, 10266
    12941, 12941
    15716, 15716
    15487, 15487
    11319, 11319
    5090, 5090
    1409, 1409
    9122, 9122
    14477, 14477
    2168, 2168
    854, 854
    1675, 1675
    6603, 6603
    15838, 15838
    6757, 6757
    12588, 12588
    6670, 6670
    2853, 2853
    1684, 1684
    3464, 3464
    10003, 10003
    11582, 11582
    8897, 8897
    11558, 11558
    2083, 2083
    5214, 5214
    7228, 7228
    13933, 13933
    9443, 9443
    8233, 8233
    3637, 3637
    14421, 14421
    12727, 12727
    4890, 4890
    11528, 11528
    10685, 10685
    13373, 13373
    2564, 2564
    10446, 10446
    8356, 8356
    10841, 10841
    1297, 1297
    8176, 8176
    11157, 11157
    14312, 14312
    1193, 1193
    12389, 12389
    2069, 2069
    7253, 7253
    12589, 12589
    13717, 13717
    15469, 15469
    643, 643
    2976, 2976
    14893, 14893
    10943, 10943
    8151, 8151
    13632, 13632
    931, 931
    1533, 1533
    3449, 3449
    3271, 3271
    15634, 15634
    6088, 6088
    12668, 12668
    8941, 8941
    10942, 10942
    13064, 13064
    1941, 1941
    11199, 11199
    12281, 12281
    6755, 6755
    8986, 8986
    8660, 8660
    13486, 13486
    10818, 10818
    14251, 14251
    15171, 15171
    4378, 4378
    3745, 3745
    6908, 6908
    6464, 6464
    7060, 7060
    1471, 1471
    4888, 4888
    13392, 13392
    14200, 14200
    1458, 1458
    11651, 11651
    2124, 2124
    10708, 10708
    12855, 12855
    1709, 1709
    5595, 5595
    6407, 6407
    3996, 3996
    11039, 11039
    15159, 15159
    10597, 10597
    9819, 9819
    12763, 12763
    14277, 14277
    8450, 8450
    10544, 10544
    8106, 8106
    15947, 15947
    9523, 9523
    3329, 3329
    8765, 8765
    12905, 12905
    6686, 6686
    4862, 4862
    9794, 9794
    441, 441
    11969, 11969
    601, 601
    12469, 12469
    12344, 12344
    4726, 4726
    10482, 10482
    7187, 7187
    2830, 2830
    9792, 9792
    3095, 3095
    10958, 10958
    6928, 6928
    6350, 6350
    11187, 11187
    13642, 13642
    7391, 7391
    13293, 13293
    6430, 6430
    14650, 14650
    2290, 2290
    1831, 1831
    4470, 4470
    5028, 5028
    9058, 9058
    12313, 12313
    8036, 8036
    4120, 4120
    8366, 8366
    13315, 13315
    7260, 7260
    5062, 5062
    7344, 7344
    2964, 2964
    1469, 1469
    2533, 2533
    3338, 3338
    6202, 6202
    8336, 8336
    15779, 15779
    8617, 8617
    4187, 4187
    12890, 12890
    1205, 1205
    11020, 11020
    1111, 1111
    10653, 10653
    14118, 14118
    3063, 3063
    12873, 12873
    9839, 9839
    5765, 5765
    630, 630
    403, 403
    5248, 5248
    2038, 2038
    2382, 2382
    14091, 14091
    5974, 5974
    5032, 5032
    14983, 14983
    9152, 9152
    2495, 2495
    14867, 14867
    6009, 6009
    813, 813
    10703, 10703
    3307, 3307
    11176, 11176
    8939, 8939
    4939, 4939
    15678, 15678
    12362, 12362
    14336, 14336
    13751, 13751
    10194, 10194
    158, 158
    13873, 13873
    1373, 1373
    1904, 1904
    6806, 6806
    11914, 11914
    10525, 10525
    3042, 3042
    15367, 15367
    13939, 13939
    15098, 15098
    11476, 11476
    5568, 5568
    1144, 1144
    354, 354
    13101, 13101
    12741, 12741
    6940, 6940
    6963, 6963
    8342, 8342
    11577, 11577
    10490, 10490
    1501, 1501
    576, 576
    13358, 13358
    192, 192
    14930, 14930
    2844, 2844
    3763, 3763
    12751, 12751
    10972, 10972
    13381, 13381
    6362, 6362
    1262, 1262
    13578, 13578
    1618, 1618
    5519, 5519
    226, 226
    5005, 5005
    11251, 11251
    4377, 4377
    274, 274
    15395, 15395
    5804, 5804
    4852, 4852
    13230, 13230
    3589, 3589
    4239, 4239
    10908, 10908
    13122, 13122
    11941, 11941
    11257, 11257
    2822, 2822
    6321, 6321
    7376, 7376
    1637, 1637
    4273, 4273
    13449, 13449
    14753, 14753
    8065, 8065
    11735, 11735
    5198, 5198
    11, 11
    3767, 3767
    7570, 7570
    8715, 8715
    4719, 4719
    7012, 7012
    9800, 9800
    8777, 8777
    10622, 10622
    7022, 7022
    4600, 4600
    14220, 14220
    13763, 13763
    5400, 5400
    2295, 2295
    10827, 10827
    8813, 8813
    5830, 5830
    2850, 2850
    12728, 12728
    1913, 1913
    3512, 3512
    9391, 9391
    10105, 10105
    13005, 13005
    9529, 9529
    13199, 13199
    9414, 9414
    14487, 14487
    3842, 3842
    12889, 12889
    4323, 4323
    15796, 15796
    1820, 1820
    10458, 10458
    3970, 3970
    7999, 7999
    7778, 7778
    1087, 1087
    13096, 13096
    5501, 5501
    14720, 14720
    3305, 3305
    3288, 3288
    14382, 14382
    5082, 5082
    2909, 2909
    13250, 13250
    1895, 1895
    14029, 14029
    12298, 12298
    603, 603
    10049, 10049
    7577, 7577
    1075, 1075
    8983, 8983
    8441, 8441
    14802, 14802
    2181, 2181
    4115, 4115
    12893, 12893
    15966, 15966
    15110, 15110
    378, 378
    1524, 1524
    9941, 9941
    12710, 12710
    5882, 5882
    13896, 13896
    8464, 8464
    422, 422
    13618, 13618
    13910, 13910
    7257, 7257
    897, 897
    2530, 2530
    15565, 15565
    8111, 8111
    12686, 12686
    12375, 12375
    3754, 3754
    4563, 4563
    13082, 13082
    6925, 6925
    198, 198
    6391, 6391
    11592, 11592
    10220, 10220
    2223, 2223
    4063, 4063
    1882, 1882
    8429, 8429
    14975, 14975
    9095, 9095
    13513, 13513
    3687, 3687
    14526, 14526
    10290, 10290
    12810, 12810
    7867, 7867
    13571, 13571
    7581, 7581
    3130, 3130
    1208, 1208
    9878, 9878
    14671, 14671
    2509, 2509
    829, 829
    6923, 6923
    15891, 15891
    1596, 1596
    1281, 1281
    10130, 10130
    6565, 6565
    15987, 15987
    11398, 11398
    7365, 7365
    9664, 9664
    7537, 7537
    12462, 12462
    7862, 7862
    8422, 8422
    868, 868
    1220, 1220
    12473, 12473
    4515, 4515
    4592, 4592
    6315, 6315
    15969, 15969
    2302, 2302
    4846, 4846
    2518, 2518
    15536, 15536
    2252, 2252
    15448, 15448
    8592, 8592
    1804, 1804
    8732, 8732
    13769, 13769
    7899, 7899
    15301, 15301
    14173, 14173
    8590, 8590
    1519, 1519
    13792, 13792
    5102, 5102
    6921, 6921
    10688, 10688
    13181, 13181
    5585, 5585
    9518, 9518
    10189, 10189
    8162, 8162
    5659, 5659
    1879, 1879
    10911, 10911
    2190, 2190
    7748, 7748
    4906, 4906
    15614, 15614
    13261, 13261
    7918, 7918
    15859, 15859
    6540, 6540
    3137, 3137
    5540, 5540
    12849, 12849
    7583, 7583
    9476, 9476
    15546, 15546
    13361, 13361
    8222, 8222
    11367, 11367
    5841, 5841
    4869, 4869
    4927, 4927
    4058, 4058
    9919, 9919
    13856, 13856
    7819, 7819
    752, 752
    6744, 6744
    12884, 12884
    13700, 13700
    1274, 1274
    12536, 12536
    10641, 10641
    4922, 4922
    8424, 8424
    4027, 4027
    12720, 12720
    10249, 10249
    9025, 9025
    10740, 10740
    4402, 4402
    7813, 7813
    15963, 15963
    14159, 14159
    7584, 7584
    4109, 4109
    1444, 1444
    6145, 6145
    1118, 1118
    6951, 6951
    6250, 6250
    1873, 1873
    3378, 3378
    1343, 1343
    11901, 11901
    15807, 15807
    113, 113
    9264, 9264
    2681, 2681
    9055, 9055
    7473, 7473
    6650, 6650
    3759, 3759
    11742, 11742
    9678, 9678
    696, 696
    3929, 3929
    14501, 14501
    13336, 13336
    13056, 13056
    12579, 12579
    3786, 3786
    8169, 8169
    2903, 2903
    15169, 15169
    15416, 15416
    6990, 6990
    7931, 7931
    4842, 4842
    1209, 1209
    14525, 14525
    7329, 7329
    6510, 6510
    15913, 15913
    5899, 5899
    5451, 5451
    11074, 11074
    11529, 11529
    15269, 15269
    9692, 9692
    11029, 11029
    5492, 5492
    1049, 1049
    1088, 1088
    2660, 2660
    2617, 2617
    5225, 5225
    8787, 8787
    12599, 12599
    231, 231
    5990, 5990
    5601, 5601
    13006, 13006
    2912, 2912
    2730, 2730
    14492, 14492
    15667, 15667
    6326, 6326
    8306, 8306
    15852, 15852
    2251, 2251
    15657, 15657
    20, 20
    10875, 10875
    3047, 3047
    4853, 4853
    1842, 1842
    1872, 1872
    15648, 15648
    13988, 13988
    13880, 13880
    13617, 13617
    12823, 12823
    8249, 8249
    4166, 4166
    11645, 11645
    10079, 10079
    3484, 3484
    7945, 7945
    6479, 6479
    13043, 13043
    5489, 5489
    5891, 5891
    14597, 14597
    15046, 15046
    4195, 4195
    5094, 5094
    6322, 6322
    5879, 5879
    346, 346
    5965, 5965
    11303, 11303
    9636, 9636
    2384, 2384
    12058, 12058
    4483, 4483
    4680, 4680
    714, 714
    6775, 6775
    4201, 4201
    11081, 11081
    1918, 1918
    9183, 9183
    4197, 4197
    5307, 5307
    9458, 9458
    5064, 5064
    6025, 6025
    4224, 4224
    7195, 7195
    12126, 12126
    13984, 13984
    1383, 1383
    9929, 9929
    10963, 10963
    9809, 9809
    13550, 13550
    9268, 9268
    10165, 10165
    15579, 15579
    11823, 11823
    4745, 4745
    15123, 15123
    8910, 8910
    13225, 13225
    5426, 5426
    8655, 8655
    8809, 8809
    7252, 7252
    7552, 7552
    10121, 10121
    4579, 4579
    6999, 6999
    455, 455
    4297, 4297
    5314, 5314
    11717, 11717
    5306, 5306
    925, 925
    9514, 9514
    10542, 10542
    11424, 11424
    4686, 4686
    2550, 2550
    3671, 3671
    12010, 12010
    13534, 13534
    5354, 5354
    10196, 10196
    11484, 11484
    13504, 13504
    843, 843
    12035, 12035
    5040, 5040
    8534, 8534
    9520, 9520
    7496, 7496
    114, 114
    1200, 1200
    12115, 12115
    5507, 5507
    7090, 7090
    2683, 2683
    8250, 8250
    12654, 12654
    324, 324
    13766, 13766
    13326, 13326
    8279, 8279
    14617, 14617
    1311, 1311
    14438, 14438
    15233, 15233
    13072, 13072
    7776, 7776
    545, 545
    5251, 5251
    2110, 2110
    15974, 15974
    15119, 15119
    2758, 2758
    5971, 5971
    5751, 5751
    2593, 2593
    7953, 7953
    8345, 8345
    12116, 12116
    14131, 14131
    13536, 13536
    4616, 4616
    2163, 2163
    6829, 6829
    4727, 4727
    1523, 1523
    10388, 10388
    14583, 14583
    5720, 5720
    14004, 14004
    10404, 10404
    4649, 4649
    6649, 6649
    9145, 9145
    1631, 1631
    3723, 3723
    14638, 14638
    9683, 9683
    4013, 4013
    5596, 5596
    10308, 10308
    2328, 2328
    6818, 6818
    1654, 1654
    13936, 13936
    577, 577
    4844, 4844
    9446, 9446
    7973, 7973
    14367, 14367
    13555, 13555
    9812, 9812
    7, 7
    344, 344
    15954, 15954
    12178, 12178
    14076, 14076
    10198, 10198
    6667, 6667
    13839, 13839
    13745, 13745
    11249, 11249
    13491, 13491
    1331, 1331
    14426, 14426
    10467, 10467
    11110, 11110
    6578, 6578
    2428, 2428
    2759, 2759
    8042, 8042
    12430, 12430
    1494, 1494
    128, 128
    4218, 4218
    1131, 1131
    2510, 2510
    11375, 11375
    3544, 3544
    12790, 12790
    4186, 4186
    2872, 2872
    9354, 9354
    15870, 15870
    10284, 10284
    4966, 4966
    3205, 3205
    7059, 7059
    13887, 13887
    14085, 14085
    3462, 3462
    15463, 15463
    13990, 13990
    5683, 5683
    9464, 9464
    806, 806
    15275, 15275
    12544, 12544
    10606, 10606
    1718, 1718
    337, 337
    7569, 7569
    7662, 7662
    14370, 14370
    15142, 15142
    15085, 15085
    3283, 3283
    8666, 8666
    2063, 2063
    1845, 1845
    12204, 12204
    12678, 12678
    8175, 8175
    11082, 11082
    612, 612
    4854, 4854
    1891, 1891
    7113, 7113
    6495, 6495
    4754, 4754
    10135, 10135
    14223, 14223
    12316, 12316
    9716, 9716
    5571, 5571
    15388, 15388
    12233, 12233
    11692, 11692
    6482, 6482
    10127, 10127
    4052, 4052
    2203, 2203
    2578, 2578
    11452, 11452
    4989, 4989
    8387, 8387
    4786, 4786
    9416, 9416
    5221, 5221
    10849, 10849
    2232, 2232
    907, 907
    5810, 5810
    6543, 6543
    6801, 6801
    6231, 6231
    1645, 1645
    13286, 13286
    4206, 4206
    9210, 9210
    1484, 1484
    13276, 13276
    14634, 14634
    2157, 2157
    3246, 3246
    4318, 4318
    3594, 3594
    5885, 5885
    2741, 2741
    5944, 5944
    3844, 3844
    11333, 11333
    1050, 1050
    15792, 15792
    15531, 15531
    15252, 15252
    1367, 1367
    10637, 10637
    801, 801
    3430, 3430
    15398, 15398
    5987, 5987
    2736, 2736
    14888, 14888
    11414, 11414
    14298, 14298
    1713, 1713
    13147, 13147
    3101, 3101
    12405, 12405
    635, 635
    3036, 3036
    1812, 1812
    9209, 9209
    9799, 9799
    2580, 2580
    10020, 10020
    11588, 11588
    8337, 8337
    329, 329
    12168, 12168
    4898, 4898
    4138, 4138
    3312, 3312
    9365, 9365
    8846, 8846
    9103, 9103
    4243, 4243
    6028, 6028
    11272, 11272
    11869, 11869
    4141, 4141
    11702, 11702
    5766, 5766
    10995, 10995
    6220, 6220
    1964, 1964
    12225, 12225
    15376, 15376
    11340, 11340
    8444, 8444
    4821, 4821
    3675, 3675
    3727, 3727
    8702, 8702
    9192, 9192
    8238, 8238
    11880, 11880
    5880, 5880
    5973, 5973
    2831, 2831
    15424, 15424
    3031, 3031
    12809, 12809
    11023, 11023
    9815, 9815
    7786, 7786
    8771, 8771
    7216, 7216
    1418, 1418
    2698, 2698
    13238, 13238
    4764, 4764
    1549, 1549
    9107, 9107
    4896, 4896
    15946, 15946
    13845, 13845
    9468, 9468
    3284, 3284
    15574, 15574
    11243, 11243
    15809, 15809
    15017, 15017
    11674, 11674
    15512, 15512
    13738, 13738
    13473, 13473
    2729, 2729
    9011, 9011
    12851, 12851
    4275, 4275
    15726, 15726
    4259, 4259
    4798, 4798
    7297, 7297
    15860, 15860
    749, 749
    14630, 14630
    1403, 1403
    2525, 2525
    12476, 12476
    7944, 7944
    3466, 3466
    5893, 5893
    2769, 2769
    11903, 11903
    10718, 10718
    15858, 15858
    13576, 13576
    3585, 3585
    8705, 8705
    12301, 12301
    6910, 6910
    5360, 5360
    370, 370
    332, 332
    5169, 5169
    4486, 4486
    2837, 2837
    12154, 12154
    6771, 6771
    474, 474
    4410, 4410
    10440, 10440
    13737, 13737
    2528, 2528
    10842, 10842
    15559, 15559
    9231, 9231
    12584, 12584
    13511, 13511
    2818, 2818
    5509, 5509
    15295, 15295
    2671, 2671
    13257, 13257
    5477, 5477
    1435, 1435
    548, 548
    10428, 10428
    6711, 6711
    11353, 11353
    5988, 5988
    15223, 15223
    5188, 5188
    11497, 11497
    1870, 1870
    12026, 12026
    12162, 12162
    13908, 13908
    13350, 13350
    12798, 12798
    15411, 15411
    4431, 4431
    1816, 1816
    10451, 10451
    5196, 5196
    6793, 6793
    2713, 2713
    13120, 13120
    103, 103
    15150, 15150
    8769, 8769
    4034, 4034
    5740, 5740
    10313, 10313
    7954, 7954
    11091, 11091
    8033, 8033
    13729, 13729
    7287, 7287
    3281, 3281
    6636, 6636
    5780, 5780
    13155, 13155
    300, 300
    9761, 9761
    3702, 3702
    3829, 3829
    6387, 6387
    11229, 11229
    15432, 15432
    12145, 12145
    9922, 9922
    513, 513
    6965, 6965
    5127, 5127
    2198, 2198
    5287, 5287
    2784, 2784
    14694, 14694
    12583, 12583
    14833, 14833
    7179, 7179
    2405, 2405
    13328, 13328
    7169, 7169
    5363, 5363
    14915, 14915
    14270, 14270
    12085, 12085
    1934, 1934
    5741, 5741
    12030, 12030
    6708, 6708
    9541, 9541
    15133, 15133
    852, 852
    15402, 15402
    7474, 7474
    15103, 15103
    13724, 13724
    7947, 7947
    12099, 12099
    10515, 10515
    5089, 5089
    598, 598
    6210, 6210
    9064, 9064
    2527, 2527
    3624, 3624
    3568, 3568
    6127, 6127
    4241, 4241
    12924, 12924
    1561, 1561
    7328, 7328
    7298, 7298
    14127, 14127
    14591, 14591
    957, 957
    6505, 6505
    9436, 9436
    11870, 11870
    9735, 9735
    9266, 9266
    15290, 15290
    10353, 10353
    15387, 15387
    8792, 8792
    5205, 5205
    11437, 11437
    15615, 15615
    8202, 8202
    11213, 11213
    2372, 2372
    15887, 15887
    6733, 6733
    14823, 14823
    6764, 6764
    4882, 4882
    8532, 8532
    4732, 4732
    10624, 10624
    13807, 13807
    10114, 10114
    8903, 8903
    6536, 6536
    759, 759
    13862, 13862
    1283, 1283
    6486, 6486
    15731, 15731
    4819, 4819
    1090, 1090
    14935, 14935
    14830, 14830
    918, 918
    7073, 7073
    6413, 6413
    6292, 6292
    14415, 14415
    8853, 8853
    7753, 7753
    9656, 9656
    163, 163
    8124, 8124
    244, 244
    10057, 10057
    4629, 4629
    7286, 7286
    11274, 11274
    8379, 8379
    15315, 15315
    5242, 5242
    2119, 2119
    8996, 8996
    1597, 1597
    10041, 10041
    11839, 11839
    13106, 13106
    5691, 5691
    9864, 9864
    2916, 2916
    15808, 15808
    911, 911
    13126, 13126
    13872, 13872
    6343, 6343
    14231, 14231
    4068, 4068
    13681, 13681
    1883, 1883
    7237, 7237
    2558, 2558
    11991, 11991
    1795, 1795
    9005, 9005
    1584, 1584
    5203, 5203
    7728, 7728
    13254, 13254
    7998, 7998
    9711, 9711
    10414, 10414
    3527, 3527
    5590, 5590
    13891, 13891
    1949, 1949
    3827, 3827
    11624, 11624
    2975, 2975
    3494, 3494
    27, 27
    10714, 10714
    8857, 8857
    8954, 8954
    13055, 13055
    9728, 9728
    15925, 15925
    4733, 4733
    14643, 14643
    12817, 12817
    11045, 11045
    11858, 11858
    10309, 10309
    4907, 4907
    2439, 2439
    9538, 9538
    3178, 3178
    4817, 4817
    9435, 9435
    14965, 14965
    9201, 9201
    9413, 9413
    2300, 2300
    9573, 9573
    11131, 11131
    4838, 4838
    15408, 15408
    2125, 2125
    1415, 1415
    12037, 12037
    1954, 1954
    2324, 2324
    15052, 15052
    3218, 3218
    14208, 14208
    11855, 11855
    11553, 11553
    5854, 5854
    11048, 11048
    12205, 12205
    11891, 11891
    7942, 7942
    11730, 11730
    15074, 15074
    93, 93
    15986, 15986
    432, 432
    7553, 7553
    7430, 7430
    3162, 3162
    10099, 10099
    11323, 11323
    4018, 4018
    15730, 15730
    14238, 14238
    6993, 6993
    9870, 9870
    10630, 10630
    4539, 4539
    3715, 3715
    13001, 13001
    8821, 8821
    15882, 15882
    10016, 10016
    5600, 5600
    6750, 6750
    2359, 2359
    9158, 9158
    10612, 10612
    4974, 4974
    10252, 10252
    10034, 10034
    12716, 12716
    12407, 12407
    4485, 4485
    10000, 10000
    12796, 12796
    7900, 7900
    11107, 11107
    11566, 11566
    8223, 8223
    13915, 13915
    1677, 1677
    10966, 10966
    4023, 4023
    8668, 8668
    9318, 9318
    8820, 8820
    2889, 2889
    9018, 9018
    9432, 9432
    14997, 14997
    15787, 15787
    6810, 6810
    10211, 10211
    5572, 5572
    1813, 1813
    15765, 15765
    15520, 15520
    13216, 13216
    1061, 1061
    8751, 8751
    1374, 1374
    11634, 11634
    3361, 3361
    221, 221
    3198, 3198
    14322, 14322
    8639, 8639
    9447, 9447
    9273, 9273
    14641, 14641
    3729, 3729
    9257, 9257
    3458, 3458
    3778, 3778
    4564, 4564
    8365, 8365
    14620, 14620
    9426, 9426
    13691, 13691
    11299, 11299
    15900, 15900
    1877, 1877
    11207, 11207
    7001, 7001
    11999, 11999
    1370, 1370
    6052, 6052
    12029, 12029
    12146, 12146
    2489, 2489
    6799, 6799
    4122, 4122
    5463, 5463
    4188, 4188
    2732, 2732
    3511, 3511
    13201, 13201
    8531, 8531
    11118, 11118
    6011, 6011
    13432, 13432
    1595, 1595
    10964, 10964
    12901, 12901
    2656, 2656
    13868, 13868
    2800, 2800
    8852, 8852
    8427, 8427
    6015, 6015
    7019, 7019
    4326, 4326
    3651, 3651
    5697, 5697
    9721, 9721
    14576, 14576
    2774, 2774
    8488, 8488
    2918, 2918
    1655, 1655
    8414, 8414
    2390, 2390
    7896, 7896
    15080, 15080
    12460, 12460
    8449, 8449
    6474, 6474
    6040, 6040
    7641, 7641
    1859, 1859
    10503, 10503
    3326, 3326
    5448, 5448
    4472, 4472
    11175, 11175
    4949, 4949
    14637, 14637
    200, 200
    11044, 11044
    4937, 4937
    5725, 5725
    2631, 2631
    11555, 11555
    7952, 7952
    14922, 14922
    13890, 13890
    327, 327
    252, 252
    4131, 4131
    12432, 12432
    4230, 4230
    10837, 10837
    6284, 6284
    319, 319
    3215, 3215
    5767, 5767
    10663, 10663
    773, 773
    13794, 13794
    15073, 15073
    15506, 15506
    4604, 4604
    2574, 2574
    8669, 8669
    12867, 12867
    10207, 10207
    4277, 4277
    4276, 4276
    8220, 8220
    1257, 1257
    8182, 8182
    15208, 15208
    358, 358
    13858, 13858
    2503, 2503
    6330, 6330
    9757, 9757
    10890, 10890
    3808, 3808
    12959, 12959
    10691, 10691
    7320, 7320
    7165, 7165
    517, 517
    1223, 1223
    8982, 8982
    7261, 7261
    6988, 6988
    15995, 15995
    4661, 4661
    13085, 13085
    9606, 9606
    7526, 7526
    9752, 9752
    13750, 13750
    9176, 9176
    10649, 10649
    1663, 1663
    9246, 9246
    14825, 14825
    11575, 11575
    7046, 7046
    8921, 8921
    13187, 13187
    14170, 14170
    10696, 10696
    263, 263
    3418, 3418
    15293, 15293
    3189, 3189
    2012, 2012
    15045, 15045
    5886, 5886
    11420, 11420
    1966, 1966
    8476, 8476
    2968, 2968
    5396, 5396
    15653, 15653
    14290, 14290
    6896, 6896
    7987, 7987
    11208, 11208
    13877, 13877
    3949, 3949
    9120, 9120
    5562, 5562
    11585, 11585
    2456, 2456
    14284, 14284
    11065, 11065
    1271, 1271
    12172, 12172
    5317, 5317
    6045, 6045
    11100, 11100
    1976, 1976
    9406, 9406
    973, 973
    1765, 1765
    4139, 4139
    9374, 9374
    15105, 15105
    5908, 5908
    15168, 15168
    3131, 3131
    15591, 15591
    6869, 6869
    2805, 2805
    13447, 13447
    583, 583
    14151, 14151
    6244, 6244
    6916, 6916
    3735, 3735
    9685, 9685
    9790, 9790
    15822, 15822
    13193, 13193
    9445, 9445
    2448, 2448
    2679, 2679
    6104, 6104
    10319, 10319
    6158, 6158
    7516, 7516
    3733, 3733
    2101, 2101
    11084, 11084
    6517, 6517
    10186, 10186
    7934, 7934
    9612, 9612
    8004, 8004
    9251, 9251
    11108, 11108
    3601, 3601
    691, 691
    8302, 8302
    14506, 14506
    693, 693
    4143, 4143
    11025, 11025
    4724, 4724
    7079, 7079
    7602, 7602
    5953, 5953
    5308, 5308
    1819, 1819
    13814, 13814
    14163, 14163
    6449, 6449
    10948, 10948
    8987, 8987
    15088, 15088
    9480, 9480
    4174, 4174
    3022, 3022
    12834, 12834
    1159, 1159
    11928, 11928
    7358, 7358
    1995, 1995
    2802, 2802
    1537, 1537
    3586, 3586
    1148, 1148
    3910, 3910
    3411, 3411
    7925, 7925
    9027, 9027
    3088, 3088
    9933, 9933
    3386, 3386
    2236, 2236
    2060, 2060
    216, 216
    10631, 10631
    519, 519
    3986, 3986
    658, 658
    6926, 6926
    13937, 13937
    11480, 11480
    15120, 15120
    7038, 7038
    5755, 5755
    6967, 6967
    7364, 7364
    7618, 7618
    2697, 2697
    7666, 7666
    10133, 10133
    6941, 6941
    6099, 6099
    12708, 12708
    12868, 12868
    5612, 5612
    14448, 14448
    5696, 5696
    14562, 14562
    1368, 1368
    908, 908
    3790, 3790
    15064, 15064
    3920, 3920
    6123, 6123
    12455, 12455
    10953, 10953
    4308, 4308
    8869, 8869
    12736, 12736
    3010, 3010
    4264, 4264
    10340, 10340
    2237, 2237
    8415, 8415
    12861, 12861
    10778, 10778
    5139, 5139
    8730, 8730
    7053, 7053
    9990, 9990
    7861, 7861
    13174, 13174
    9644, 9644
    13601, 13601
    15965, 15965
    8967, 8967
    8192, 8192
    3618, 3618
    3233, 3233
    5057, 5057
    12278, 12278
    10822, 10822
    5177, 5177
    1416, 1416
    3381, 3381
    10427, 10427
    15551, 15551
    8680, 8680
    10406, 10406
    11837, 11837
    2380, 2380
    9531, 9531
    14442, 14442
    9785, 9785
    15529, 15529
    5779, 5779
    7056, 7056
    15232, 15232
    10315, 10315
    9601, 9601
    11879, 11879
    5395, 5395
    7725, 7725
    4858, 4858
    10437, 10437
    10623, 10623
    10916, 10916
    5333, 5333
    14798, 14798
    10991, 10991
    7410, 7410
    14815, 14815
    14466, 14466
    12349, 12349
    12139, 12139
    9348, 9348
    6907, 6907
    14957, 14957
    367, 367
    11920, 11920
    12910, 12910
    13756, 13756
    3186, 3186
    14977, 14977
    6893, 6893
    9238, 9238
    13526, 13526
    12653, 12653
    11450, 11450
    15693, 15693
    4738, 4738
    13475, 13475
    14337, 14337
    1313, 1313
    12131, 12131
    7545, 7545
    15442, 15442
    1714, 1714
    3559, 3559
    13074, 13074
    11526, 11526
    8032, 8032
    3521, 3521
    542, 542
    228, 228
    6042, 6042
    7495, 7495
    13165, 13165
    4514, 4514
    2239, 2239
    8966, 8966
    1392, 1392
    14465, 14465
    13359, 13359
    1086, 1086
    13291, 13291
    7458, 7458
    8791, 8791
    14410, 14410
    3202, 3202
    14280, 14280
    1869, 1869
    1156, 1156
    951, 951
    6122, 6122
    8850, 8850
    2927, 2927
    14731, 14731
    6735, 6735
    15814, 15814
    11086, 11086
    13397, 13397
    4238, 4238
    14405, 14405
    3291, 3291
    2770, 2770
    4344, 4344
    2155, 2155
    10956, 10956
    5577, 5577
    12249, 12249
    9581, 9581
    4758, 4758
    3409, 3409
    12964, 12964
    3775, 3775
    15299, 15299
    2849, 2849
    12900, 12900
    6396, 6396
    10506, 10506
    15356, 15356
    11699, 11699
    7840, 7840
    12411, 12411
    4474, 4474
    1321, 1321
    12990, 12990
    9415, 9415
    10645, 10645
    13360, 13360
    15484, 15484
    15550, 15550
    3780, 3780
    14197, 14197
    15162, 15162
    233, 233
    2612, 2612
    5470, 5470
    13205, 13205
    15899, 15899
    12744, 12744
    15718, 15718
    8297, 8297
    3135, 3135
    9373, 9373
    11518, 11518
    14810, 14810
    13800, 13800
    7221, 7221
    7879, 7879
    10418, 10418
    2356, 2356
    11428, 11428
    623, 623
    7606, 7606
    12725, 12725
    10628, 10628
    12511, 12511
    7107, 7107
    2072, 2072
    7683, 7683
    4363, 4363
    8157, 8157
    1369, 1369
    2604, 2604
    6850, 6850
    3341, 3341
    8918, 8918
    9633, 9633
    4401, 4401
    9179, 9179
    11263, 11263
    12582, 12582
    14959, 14959
    3360, 3360
    8006, 8006
    5282, 5282
    7106, 7106
    69, 69
    5803, 5803
    840, 840
    9405, 9405
    3292, 3292
    13456, 13456
    9699, 9699
    13594, 13594
    1113, 1113
    5524, 5524
    13993, 13993
    4424, 4424
    4471, 4471
    3148, 3148
    9043, 9043
    742, 742
    11885, 11885
    5137, 5137
    4831, 4831
    9132, 9132
    7887, 7887
    12457, 12457
    8288, 8288
    7611, 7611
    9886, 9886
    9822, 9822
    11050, 11050
    13958, 13958
    5327, 5327
    294, 294
    13509, 13509
    1395, 1395
    15326, 15326
    1129, 1129
    11348, 11348
    4009, 4009
    13132, 13132
    7183, 7183
    7678, 7678
    11580, 11580
    3035, 3035
    5710, 5710
    3354, 3354
    11077, 11077
    10380, 10380
    100, 100
    11780, 11780
    5759, 5759
    7960, 7960
    278, 278
    14737, 14737
    13294, 13294
    1530, 1530
    3641, 3641
    1851, 1851
    14848, 14848
    4677, 4677
    3234, 3234
    11757, 11757
    1994, 1994
    2455, 2455
    5277, 5277
    1611, 1611
    13214, 13214
    7217, 7217
    2862, 2862
    11250, 11250
    6296, 6296
    3025, 3025
    1066, 1066
    280, 280
    6383, 6383
    8779, 8779
    10677, 10677
    5719, 5719
    8909, 8909
    5790, 5790
    3821, 3821
    1635, 1635
    2331, 2331
    6444, 6444
    4933, 4933
    12983, 12983
    11445, 11445
    2029, 2029
    14764, 14764
    9362, 9362
    9811, 9811
    9608, 9608
    3311, 3311
    8296, 8296
    2895, 2895
    15935, 15935
    1227, 1227
    1378, 1378
    1821, 1821
    4221, 4221
    3187, 3187
    7734, 7734
    15086, 15086
    2717, 2717
    1893, 1893
    9928, 9928
    13542, 13542
    5241, 5241
    525, 525
    10338, 10338
    9035, 9035
    14136, 14136
    3571, 3571
    14952, 14952
    13616, 13616
    8334, 8334
    4426, 4426
    6469, 6469
    7518, 7518
    1291, 1291
    2650, 2650
    4366, 4366
    6275, 6275
    8719, 8719
    7807, 7807
    1716, 1716
    11512, 11512
    1397, 1397
    1078, 1078
    12275, 12275
    3613, 3613
    3889, 3889
    6174, 6174
    10193, 10193
    12108, 12108
    1619, 1619
    14480, 14480
    3321, 3321
    6222, 6222
    11189, 11189
    139, 139
    11596, 11596
    4721, 4721
    7674, 7674
    7827, 7827
    1241, 1241
    2863, 2863
    2258, 2258
    2108, 2108
    1610, 1610
    4148, 4148
    8066, 8066
    17, 17
    3597, 3597
    5085, 5085
    8018, 8018
    7868, 7868
    14828, 14828
    14476, 14476
    10757, 10757
    2787, 2787
    8466, 8466
    3569, 3569
    6420, 6420
    8763, 8763
    15874, 15874
    13071, 13071
    76, 76
    1566, 1566
    6767, 6767
    5932, 5932
    8172, 8172
    14315, 14315
    2926, 2926
    13307, 13307
    12921, 12921
    14614, 14614
    8597, 8597
    13917, 13917
    8634, 8634
    7710, 7710
    6703, 6703
    13386, 13386
    5625, 5625
    14295, 14295
    12156, 12156
    3830, 3830
    8889, 8889
    5103, 5103
    11579, 11579
    14908, 14908
    4923, 4923
    15198, 15198
    3249, 3249
    7872, 7872
    11359, 11359
    2637, 2637
    1430, 1430
    13408, 13408
    4503, 4503
    2635, 2635
    1796, 1796
    10053, 10053
    647, 647
    2897, 2897
    3818, 3818
    13510, 13510
    6355, 6355
    10008, 10008
    10838, 10838
    7276, 7276
    6332, 6332
    7275, 7275
    83, 83
    5952, 5952
    14688, 14688
    7919, 7919
    13092, 13092
    2479, 2479
    5483, 5483
    14035, 14035
    9844, 9844
    14314, 14314
    11761, 11761
    7042, 7042
    7736, 7736
    10411, 10411
    5258, 5258
    14701, 14701
    5604, 5604
    15079, 15079
    12752, 12752
    14154, 14154
    2740, 2740
    7021, 7021
    13663, 13663
    664, 664
    15016, 15016
    13061, 13061
    14774, 14774
    1507, 1507
    11766, 11766
    6533, 6533
    13376, 13376
    774, 774
    7878, 7878
    587, 587
    7706, 7706
    11664, 11664
    10275, 10275
    11514, 11514
    3655, 3655
    6989, 6989
    3541, 3541
    8237, 8237
    5405, 5405
    10326, 10326
    10824, 10824
    11804, 11804
    11511, 11511
    175, 175
    12858, 12858
    12854, 12854
    825, 825
    9277, 9277
    3620, 3620
    14936, 14936
    2596, 2596
    15841, 15841
    2443, 2443
    8848, 8848
    9395, 9395
    13574, 13574
    14545, 14545
    4895, 4895
    9022, 9022
    12927, 12927
    10571, 10571
    13897, 13897
    10399, 10399
    12872, 12872
    916, 916
    10697, 10697
    14354, 14354
    2159, 2159
    4331, 4331
    12215, 12215
    4701, 4701
    894, 894
    12193, 12193
    10104, 10104
    7597, 7597
    480, 480
    102, 102
    15888, 15888
    1689, 1689
    9978, 9978
    12272, 12272
    1037, 1037
    1330, 1330
    4637, 4637
    5496, 5496
    14925, 14925
    6805, 6805
    2919, 2919
    4248, 4248
    8837, 8837
    8482, 8482
    12557, 12557
    9935, 9935
    5985, 5985
    15694, 15694
    8979, 8979
    10472, 10472
    7236, 7236
    8388, 8388
    2418, 2418
    4861, 4861
    2894, 2894
    4871, 4871
    12247, 12247
    3150, 3150
    9486, 9486
    507, 507
    9551, 9551
    3309, 3309
    13301, 13301
    15755, 15755
    13812, 13812
    3402, 3402
    7461, 7461
    14338, 14338
    2823, 2823
    6054, 6054
    10339, 10339
    1292, 1292
    14536, 14536
    5538, 5538
    13490, 13490
    7719, 7719
    9743, 9743
    11037, 11037
    13661, 13661
    15846, 15846
    1476, 1476
    15139, 15139
    2007, 2007
    1014, 1014
    14984, 14984
    4175, 4175
    14877, 14877
    10830, 10830
    5253, 5253
    4469, 4469
    10833, 10833
    3992, 3992
    9206, 9206
    15943, 15943
    2262, 2262
    3447, 3447
    5304, 5304
    11499, 11499
    8757, 8757
    3468, 3468
    8773, 8773
    7563, 7563
    10091, 10091
    10320, 10320
    2070, 2070
    11291, 11291
    13597, 13597
    3065, 3065
    3707, 3707
    8460, 8460
    13905, 13905
    958, 958
    2221, 2221
    7108, 7108
    2546, 2546
    11786, 11786
    1359, 1359
    14489, 14489
    4084, 4084
    9427, 9427
    2701, 2701
    14756, 14756
    5358, 5358
    13505, 13505
    15360, 15360
    11968, 11968
    5498, 5498
    7752, 7752
    4228, 4228
    1350, 1350
    5425, 5425
    15207, 15207
    4094, 4094
    2598, 2598
    3155, 3155
    13648, 13648
    15901, 15901
    13269, 13269
    12464, 12464
    8552, 8552
    11648, 11648
    15572, 15572
    8742, 8742
    4698, 4698
    4202, 4202
    1874, 1874
    1551, 1551
    8021, 8021
    6504, 6504
    2594, 2594
    11006, 11006
    8878, 8878
    5474, 5474
    2, 2
    1604, 1604
    15523, 15523
    12070, 12070
    11672, 11672
    15114, 15114
    5895, 5895
    11860, 11860
    3043, 3043
    8445, 8445
    12092, 12092
    8280, 8280
    15236, 15236
    13446, 13446
    6056, 6056
    8776, 8776
    14943, 14943
    12117, 12117
    4866, 4866
    3888, 3888
    3116, 3116
    5290, 5290
    10829, 10829
    13146, 13146
    6029, 6029
    12721, 12721
    13735, 13735
    8275, 8275
    1986, 1986
    1705, 1705
    11552, 11552
    6614, 6614
    765, 765
    1734, 1734
    1936, 1936
    13171, 13171
    10334, 10334
    12286, 12286
    8374, 8374
    15685, 15685
    7457, 7457
    15247, 15247
    14233, 14233
    2915, 2915
    5209, 5209
    2669, 2669
    3041, 3041
    11896, 11896
    15752, 15752
    4707, 4707
    8301, 8301
    2095, 2095
    12730, 12730
    15496, 15496
    11832, 11832
    10511, 10511
    6072, 6072
    9460, 9460
    7838, 7838
    260, 260
    7310, 7310
    2018, 2018
    7971, 7971
    8453, 8453
    14369, 14369
    8833, 8833
    1361, 1361
    13849, 13849
    6257, 6257
    4204, 4204
    2225, 2225
    5045, 5045
    14834, 14834
    11519, 11519
    5607, 5607
    9557, 9557
    1192, 1192
    14324, 14324
    5431, 5431
    11935, 11935
    13160, 13160
    6974, 6974
    11098, 11098
    11826, 11826
    5739, 5739
    15975, 15975
    14155, 14155
    1754, 1754
    11120, 11120
    14474, 14474
    9496, 9496
    4415, 4415
    4619, 4619
    15012, 15012
    9816, 9816
    2250, 2250
    3858, 3858
    6848, 6848
    11270, 11270
    12104, 12104
    10499, 10499
    3946, 3946
    9642, 9642
    2019, 2019
    2309, 2309
    3211, 3211
    1736, 1736
    10324, 10324
    1572, 1572
    10665, 10665
    10857, 10857
    1601, 1601
    320, 320
    12056, 12056
    5537, 5537
    2231, 2231
    787, 787
    9657, 9657
    2286, 2286
    15056, 15056
    6737, 6737
    9167, 9167
    5157, 5157
    10604, 10604
    6555, 6555
    762, 762
    6769, 6769
    4997, 4997
    5772, 5772
    3748, 3748
    13472, 13472
    3662, 3662
    149, 149
    8803, 8803
    3176, 3176
    1295, 1295
    4837, 4837
    11606, 11606
    10654, 10654
    4283, 4283
    15122, 15122
    9967, 9967
    7162, 7162
    4101, 4101
    10896, 10896
    14048, 14048
    4918, 4918
    15177, 15177
    6031, 6031
    10923, 10923
    14000, 14000
    1832, 1832
    10209, 10209
    5465, 5465
    6675, 6675
    13870, 13870
    9571, 9571
    13558, 13558
    2437, 2437
    836, 836
    9472, 9472
    1096, 1096
    7693, 7693
    14566, 14566
    9547, 9547
    14777, 14777
    9146, 9146
    14427, 14427
    15876, 15876
    9019, 9019
    3210, 3210
    11908, 11908
    15687, 15687
    8912, 8912
    12797, 12797
    1358, 1358
    10941, 10941
    7841, 7841
    7832, 7832
    7517, 7517
    12641, 12641
    3700, 3700
    11686, 11686
    4215, 4215
    8251, 8251
    9337, 9337
    10855, 10855
    15025, 15025
    9143, 9143
    10640, 10640
    2098, 2098
    15021, 15021
    4232, 4232
    8829, 8829
    8744, 8744
    13684, 13684
    8637, 8637
    7986, 7986
    5159, 5159
    5861, 5861
    9319, 9319
    13018, 13018
    12768, 12768
    1319, 1319
    8087, 8087
    8333, 8333
    11064, 11064
    7508, 7508
    12776, 12776
    10787, 10787
    14049, 14049
    2340, 2340
    1429, 1429
    6406, 6406
    4969, 4969
    4782, 4782
    12441, 12441
    10345, 10345
    11600, 11600
    4511, 4511
    4630, 4630
    3934, 3934
    4066, 4066
    13226, 13226
    7102, 7102
    11560, 11560
    15364, 15364
    7897, 7897
    4339, 4339
    7634, 7634
    348, 348
    10254, 10254
    1624, 1624
    970, 970
    3575, 3575
    959, 959
    11713, 11713
    13104, 13104
    2994, 2994
    8235, 8235
    8404, 8404
    12567, 12567
    8884, 8884
    12568, 12568
    7427, 7427
    4921, 4921
    12119, 12119
    8070, 8070
    15700, 15700
    1231, 1231
    1423, 1423
    12112, 12112
    5594, 5594
    13302, 13302
    4507, 4507
    10480, 10480
    7082, 7082
    15556, 15556
    12575, 12575
    7826, 7826
    3002, 3002
    2008, 2008
    9821, 9821
    8411, 8411
    11083, 11083
    1155, 1155
    2424, 2424
    7857, 7857
    3878, 3878
    14593, 14593
    10588, 10588
    12830, 12830
    8074, 8074
    5835, 5835
    5844, 5844
    10578, 10578
    14662, 14662
    5714, 5714
    4332, 4332
    4379, 4379
    7844, 7844
    7486, 7486
    8933, 8933
    7851, 7851
    2006, 2006
    13612, 13612
    4597, 4597
    13303, 13303
    11177, 11177
    13808, 13808
    2228, 2228
    8474, 8474
    12435, 12435
    2944, 2944
    10486, 10486
    12891, 12891
    10853, 10853
    11429, 11429
    7249, 7249
    10176, 10176
    6551, 6551
    2987, 2987
    6917, 6917
    875, 875
    10581, 10581
    13465, 13465
    9577, 9577
    12701, 12701
    10342, 10342
    8767, 8767
    14690, 14690
    6463, 6463
    10527, 10527
    8428, 8428
    11654, 11654
    9546, 9546
    126, 126
    3151, 3151
    13570, 13570
    4575, 4575
    11567, 11567
    15540, 15540
    11368, 11368
    15727, 15727
    13900, 13900
    10360, 10360
    7112, 7112
    15835, 15835
    10333, 10333
    4467, 4467
    13906, 13906
    7423, 7423
    9840, 9840
    1588, 1588
    11136, 11136
    15172, 15172
    5746, 5746
    75, 75
    14677, 14677
    547, 547
    3860, 3860
    966, 966
    4481, 4481
    397, 397
    3730, 3730
    4788, 4788
    7018, 7018
    3166, 3166
    7701, 7701
    8566, 8566
    12954, 12954
    8963, 8963
    4641, 4641
    12052, 12052
    6514, 6514
    5309, 5309
    4036, 4036
    14857, 14857
    15037, 15037
    3015, 3015
    6609, 6609
    539, 539
    12173, 12173
    6846, 6846
    6671, 6671
    670, 670
    3525, 3525
    10580, 10580
    14241, 14241
    14450, 14450
    2313, 2313
    5586, 5586
    3294, 3294
    10528, 10528
    3316, 3316
    13651, 13651
    9434, 9434
    6023, 6023
    15978, 15978
    1571, 1571
    15890, 15890
    396, 396
    3296, 3296
    10208, 10208
    15875, 15875
    3680, 3680
    6379, 6379
    4183, 4183
    6301, 6301
    14818, 14818
    4731, 4731
    10997, 10997
    1724, 1724
    14293, 14293
    2283, 2283
    4110, 4110
    674, 674
    9851, 9851
    8456, 8456
    14024, 14024
    6047, 6047
    15973, 15973
    1555, 1555
    13166, 13166
    14987, 14987
    3519, 3519
    1800, 1800
    9357, 9357
    7317, 7317
    1608, 1608
    2625, 2625
    4662, 4662
    5676, 5676
    5783, 5783
    14524, 14524
    984, 984
    4640, 4640
    3546, 3546
    2193, 2193
    489, 489
    6018, 6018
    8205, 8205
    4357, 4357
    2627, 2627
    1712, 1712
    10934, 10934
    2998, 2998
    7697, 7697
    6287, 6287
    13476, 13476
    15607, 15607
    14046, 14046
    13040, 13040
    10291, 10291
    944, 944
    5473, 5473
    14955, 14955
    13387, 13387
    11171, 11171
    7937, 7937
    13347, 13347
    14092, 14092
    7426, 7426
    15314, 15314
    3227, 3227
    2086, 2086
    8724, 8724
    3551, 3551
    9042, 9042
    589, 589
    7100, 7100
    1240, 1240
    15896, 15896
    2379, 2379
    6441, 6441
    54, 54
    11379, 11379
    15784, 15784
    15704, 15704
    1767, 1767
    8998, 8998
    5356, 5356
    6944, 6944
    11124, 11124
    6324, 6324
    10568, 10568
    11159, 11159
    8663, 8663
    12274, 12274
    3499, 3499
    9753, 9753
    11426, 11426
    5414, 5414
    7637, 7637
    3146, 3146
    6309, 6309
    6493, 6493
    2658, 2658
    7289, 7289
    15286, 15286
    148, 148
    1701, 1701
    3659, 3659
    15516, 15516
    7962, 7962
    14934, 14934
    5191, 5191
    8712, 8712
    6863, 6863
    6885, 6885
    2706, 2706
    14282, 14282
    10723, 10723
    12184, 12184
    3407, 3407
    1079, 1079
    11336, 11336
    5250, 5250
    15710, 15710
    10259, 10259
    2855, 2855
    6884, 6884
    10328, 10328
    9379, 9379
    12852, 12852
    6794, 6794
    8513, 8513
    6519, 6519
    14500, 14500
    2158, 2158
    2777, 2777
    10529, 10529
    9433, 9433
    10888, 10888
    2363, 2363
    8326, 8326
    8260, 8260
    516, 516
    5730, 5730
    10634, 10634
    12496, 12496
    13051, 13051
    13881, 13881
    11338, 11338
    4430, 4430
    8267, 8267
    9235, 9235
    4811, 4811
    14642, 14642
    11602, 11602
    2465, 2465
    11127, 11127
    10684, 10684
    6901, 6901
    4557, 4557
    745, 745
    8425, 8425
    343, 343
    6213, 6213
    6216, 6216
    5271, 5271
    8530, 8530
    7967, 7967
    11576, 11576
    6969, 6969
    9260, 9260
    12, 12
    8733, 8733
    2798, 2798
    13721, 13721
    9423, 9423
    11633, 11633
    12373, 12373
    4623, 4623
    7353, 7353
    11841, 11841
    4829, 4829
    6402, 6402
    902, 902
    5140, 5140
    14994, 14994
    13599, 13599
    13329, 13329
    3667, 3667
    3799, 3799
    11564, 11564
    12311, 12311
    11388, 11388
    15532, 15532
    3319, 3319
    13221, 13221
    4824, 4824
    3482, 3482
    13223, 13223
    4517, 4517
    12450, 12450
    2585, 2585
    4489, 4489
    5340, 5340
    9510, 9510
    6432, 6432
    12688, 12688
    7185, 7185
    13540, 13540
    7078, 7078
    496, 496
    383, 383
    5244, 5244
    878, 878
    189, 189
    63, 63
    15919, 15919
    743, 743
    8434, 8434
    4464, 4464
    3814, 3814
    14102, 14102
    3174, 3174
    11676, 11676
    6453, 6453
    10538, 10538
    10084, 10084
    6114, 6114
    9249, 9249
    6484, 6484
    12285, 12285
    7502, 7502
    13114, 13114
    1136, 1136
    1427, 1427
    12118, 12118
    14791, 14791
    13965, 13965
    581, 581
    15720, 15720
    9729, 9729
    12448, 12448
    7086, 7086
    6319, 6319
    12202, 12202
    4209, 4209
    15994, 15994
    683, 683
    6981, 6981
    1164, 1164
    10771, 10771
    14619, 14619
    13167, 13167
    6416, 6416
    888, 888
    6157, 6157
    15136, 15136
    7756, 7756
    6082, 6082
    10845, 10845
    782, 782
    2513, 2513
    10977, 10977
    8067, 8067
    1202, 1202
    2565, 2565
    6211, 6211
    8497, 8497
    6939, 6939
    9053, 9053
    9662, 9662
    15803, 15803
    1224, 1224
    9696, 9696
    2218, 2218
    5078, 5078
    13602, 13602
    850, 850
    10711, 10711
    2785, 2785
    11455, 11455
    12942, 12942
    9517, 9517
    50, 50
    6553, 6553
    12556, 12556
    8401, 8401
    142, 142
    203, 203
    14371, 14371
    6277, 6277
    5086, 5086
    6041, 6041
    3356, 3356
    9916, 9916
    3127, 3127
    12993, 12993
    4635, 4635
    15873, 15873
    4086, 4086
    989, 989
    4062, 4062
    9010, 9010
    412, 412
    193, 193
    12607, 12607
    3403, 3403
    13742, 13742
    2789, 2789
    14406, 14406
    8354, 8354
    3861, 3861
    12807, 12807
    13097, 13097
    7375, 7375
    5420, 5420
    500, 500
    5695, 5695
    10149, 10149
    2238, 2238
    4057, 4057
    7923, 7923
    3853, 3853
    12783, 12783
    12786, 12786
    11487, 11487
    971, 971
    1982, 1982
    8708, 8708
    4972, 4972
    14139, 14139
    4543, 4543
    12979, 12979
    1467, 1467
    8043, 8043
    8785, 8785
    8024, 8024
    1100, 1100
    8215, 8215
    13482, 13482
    14951, 14951
    11350, 11350
    419, 419
    15349, 15349
    3072, 3072
    10720, 10720
    6338, 6338
    4371, 4371
    5707, 5707
    12968, 12968
    595, 595
    8200, 8200
    7349, 7349
    3118, 3118
    5081, 5081
    10225, 10225
    15430, 15430
    13215, 13215
    1780, 1780
    8086, 8086
    5677, 5677
    12569, 12569
    5133, 5133
    2960, 2960
    11589, 11589
    2828, 2828
    8721, 8721
    4755, 4755
    12647, 12647
    10018, 10018
    13206, 13206
    6761, 6761
    669, 669
    2958, 2958
    7599, 7599
    9199, 9199
    6093, 6093
    2592, 2592
    2552, 2552
    7652, 7652
    3710, 3710
    10750, 10750
    7322, 7322
    12695, 12695
    10535, 10535
    9651, 9651
    5060, 5060
    12078, 12078
    9992, 9992
    15125, 15125
    3728, 3728
    4565, 4565
    4607, 4607
    2738, 2738
    4484, 4484
    11953, 11953
    14221, 14221
    2562, 2562
    10144, 10144
    14117, 14117
    3391, 3391
    15283, 15283
    5692, 5692
    1694, 1694
    13153, 13153
    12970, 12970
    13434, 13434
    6348, 6348
    8993, 8993
    1980, 1980
    9744, 9744
    12792, 12792
    4816, 4816
    14451, 14451
    5401, 5401
    3683, 3683
    3658, 3658
    2278, 2278
    13017, 13017
    12222, 12222
    13841, 13841
    15811, 15811
    2407, 2407
    13924, 13924
    10128, 10128
    12335, 12335
    15271, 15271
    10619, 10619
    4784, 4784
    9724, 9724
    155, 155
    8657, 8657
    8761, 8761
    8849, 8849
    15795, 15795
    352, 352
    12307, 12307
    469, 469
    373, 373
    13443, 13443
    8678, 8678
    4812, 4812
    6647, 6647
    15815, 15815
    13045, 13045
    1957, 1957
    2191, 2191
    437, 437
    11829, 11829
    13556, 13556
    9429, 9429
    6271, 6271
    10070, 10070
    10322, 10322
    12570, 12570
    776, 776
    3980, 3980
    10059, 10059
    487, 487
    109, 109
    3304, 3304
    8321, 8321
    3077, 3077
    9154, 9154
    9835, 9835
    7105, 7105
    869, 869
    5550, 5550
    9105, 9105
    12096, 12096
    15170, 15170
    1296, 1296
    479, 479
    1377, 1377
    12899, 12899
    7830, 7830
    15958, 15958
    4316, 4316
    10301, 10301
    9171, 9171
    1446, 1446
    6530, 6530
    12071, 12071
    15818, 15818
    11775, 11775
    4992, 4992
    7992, 7992
    13581, 13581
    804, 804
    13695, 13695
    14172, 14172
    13640, 13640
    11922, 11922
    14021, 14021
    3066, 3066
    8681, 8681
    15238, 15238
    15518, 15518
    7532, 7532
    2111, 2111
    13670, 13670
    12977, 12977
    4772, 4772
    6500, 6500
    9658, 9658
    9731, 9731
    14512, 14512
    3649, 3649
    9691, 9691
    7311, 7311
    15907, 15907
    11310, 11310
    14391, 14391
    2441, 2441
    7010, 7010
    450, 450
    1671, 1671
    8357, 8357
    10356, 10356
    10473, 10473
    7854, 7854
    8093, 8093
    10526, 10526
    1786, 1786
    11834, 11834
    14232, 14232
    9270, 9270
    7158, 7158
    2511, 2511
    1598, 1598
    9539, 9539
    2572, 2572
    11183, 11183
    7412, 7412
    2928, 2928
    6953, 6953
    6710, 6710
    11343, 11343
    14349, 14349
    1490, 1490
    10072, 10072
    70, 70
    6225, 6225
    10082, 10082
    15633, 15633
    7147, 7147
    5711, 5711
    4090, 4090
    14078, 14078
    6351, 6351
    12057, 12057
    5461, 5461
    7350, 7350
    1353, 1353
    10348, 10348
    1167, 1167
    13081, 13081
    9306, 9306
    3380, 3380
    5255, 5255
    15770, 15770
    2605, 2605
    10831, 10831
    11099, 11099
    6748, 6748
    10247, 10247
    12027, 12027
    9766, 9766
    190, 190
    3627, 3627
    12620, 12620
    5613, 5613
    7273, 7273
    14706, 14706
    13141, 13141
    14539, 14539
    8758, 8758
    14611, 14611
    7630, 7630
    8339, 8339
    8570, 8570
    13522, 13522
    5654, 5654
    4581, 4581
    9208, 9208
    11219, 11219
    9112, 9112
    1622, 1622
    11950, 11950
    2010, 2010
    13366, 13366
    1380, 1380
    15968, 15968
    12185, 12185
    14104, 14104
    13444, 13444
    6347, 6347
    6377, 6377
    7787, 7787
    8923, 8923
    12540, 12540
    13810, 13810
    2808, 2808
    15158, 15158
    3915, 3915
    9063, 9063
    1196, 1196
    11144, 11144
    13198, 13198
    390, 390
    11689, 11689
    10921, 10921
    4666, 4666
    14458, 14458
    14766, 14766
    5764, 5764
    11599, 11599
    11844, 11844
    6548, 6548
    5386, 5386
    1391, 1391
    3900, 3900
    1683, 1683
    14052, 14052
    293, 293
    5303, 5303
    2886, 2886
    11022, 11022
    10731, 10731
    15505, 15505
    15691, 15691
    13164, 13164
    13575, 13575
    1269, 1269
    1326, 1326
    5, 5
    3006, 3006
    15374, 15374
    14866, 14866
    12087, 12087
    8002, 8002
    7436, 7436
    3532, 3532
    5930, 5930
    7319, 7319
    4429, 4429
    14205, 14205
    12315, 12315
    802, 802
    4744, 4744
    8537, 8537
    14621, 14621
    15592, 15592
    9430, 9430
    7676, 7676
    14993, 14993
    563, 563
    641, 641
    12733, 12733
    2906, 2906
    9168, 9168
    817, 817
    5246, 5246
    8944, 8944
    7213, 7213
    3331, 3331
    3410, 3410
    6813, 6813
    7438, 7438
    10123, 10123
    1779, 1779
    10126, 10126
    1868, 1868
    3384, 3384
    229, 229
    1064, 1064
    111, 111
    15216, 15216
    6010, 6010
    751, 751
    1962, 1962
    3278, 3278
    9020, 9020
    14106, 14106
    6193, 6193
    13976, 13976
    13469, 13469
    1190, 1190
    2714, 2714
    12322, 12322
    4153, 4153
    5376, 5376
    13007, 13007
    1665, 1665
    1857, 1857
    6564, 6564
    10545, 10545
    6337, 6337
    7616, 7616
    3663, 3663
    786, 786
    357, 357
    12454, 12454
    14504, 14504
    8160, 8160
    11328, 11328
    14318, 14318
    8156, 8156
    8729, 8729
    5324, 5324
    2573, 2573
    3404, 3404
    8242, 8242
    5750, 5750
    13089, 13089
    8030, 8030
    407, 407
    15938, 15938
    3490, 3490
    14051, 14051
    4290, 4290
    14411, 14411
    11790, 11790
    5453, 5453
    13886, 13886
    7590, 7590
    15912, 15912
    15804, 15804
    9096, 9096
    12081, 12081
    8650, 8650
    10540, 10540
    1864, 1864
    14508, 14508
    7612, 7612
    12314, 12314
    4676, 4676
    12594, 12594
    990, 990
    3981, 3981
    8687, 8687
    6320, 6320
    5195, 5195
    3837, 3837
    9140, 9140
    7390, 7390
    5557, 5557
    2840, 2840
    14919, 14919
    6546, 6546
    1434, 1434
    7592, 7592
    9827, 9827
    14842, 14842
    11232, 11232
    2623, 2623
    4347, 4347
    4991, 4991
    3039, 3039
    9802, 9802
    335, 335
    12667, 12667
    3368, 3368
    12396, 12396
    14393, 14393
    12572, 12572
    14203, 14203
    8214, 8214
    472, 472
    15751, 15751
    10741, 10741
    3951, 3951
    5264, 5264
    15989, 15989
    12585, 12585
    4372, 4372
    8298, 8298
    15701, 15701
    9530, 9530
    8927, 8927
    718, 718
    6138, 6138
    12613, 12613
    8608, 8608
    13266, 13266
    11238, 11238
    2829, 2829
    7277, 7277
    15674, 15674
    11391, 11391
    10285, 10285
    13445, 13445
    1004, 1004
    3069, 3069
    6807, 6807
    9946, 9946
    15313, 15313
    11395, 11395
    5812, 5812
    6911, 6911
    1459, 1459
    11226, 11226
    6344, 6344
    5533, 5533
    13348, 13348
    4155, 4155
    8529, 8529
    2243, 2243
    14160, 14160
    9222, 9222
    9377, 9377
    14114, 14114
    1420, 1420
    11946, 11946
    10042, 10042
    2543, 2543
    13367, 13367
    4073, 4073
    8611, 8611
    6128, 6128
    2621, 2621
    8186, 8186
    2907, 2907
    8255, 8255
    13611, 13611
    12089, 12089
    10095, 10095
    13718, 13718
    15020, 15020
    431, 431
    11638, 11638
    3937, 3937
    438, 438
    3598, 3598
    12076, 12076
    14392, 14392
    14985, 14985
    5286, 5286
    7855, 7855
    1063, 1063
    7731, 7731
    4865, 4865
    11399, 11399
    9569, 9569
    11784, 11784
    10004, 10004
    11288, 11288
    2016, 2016
    6175, 6175
    3502, 3502
    10168, 10168
    3398, 3398
    4660, 4660
    15396, 15396
    13654, 13654
    11726, 11726
    15433, 15433
    10736, 10736
    355, 355
    2904, 2904
    6374, 6374
    1470, 1470
    4998, 4998
    9718, 9718
    12387, 12387
    11805, 11805
    763, 763
    15499, 15499
    14425, 14425
    15571, 15571
    463, 463
    4006, 4006
    2780, 2780
    11899, 11899
    512, 512
    15211, 15211
    6246, 6246
    41, 41
    12937, 12937
    15308, 15308
    15934, 15934
    881, 881
    13859, 13859
    9338, 9338
    3903, 3903
    13843, 13843
    6241, 6241
    11242, 11242
    1984, 1984
    14745, 14745
    13683, 13683
    8547, 8547
    1236, 1236
    13382, 13382
    668, 668
    15741, 15741
    9240, 9240
    1910, 1910
    15328, 15328
    4751, 4751
    12914, 12914
    4247, 4247
    8470, 8470
    1771, 1771
    8016, 8016
    3486, 3486
    15595, 15595
    5145, 5145
    11392, 11392
    10138, 10138
    7596, 7596
    9298, 9298
    4285, 4285
    8518, 8518
    6528, 6528
    13255, 13255
    3721, 3721
    14950, 14950
    8259, 8259
    6509, 6509
    9987, 9987
    14629, 14629
    13620, 13620
    1985, 1985
    7194, 7194
    6027, 6027
    12200, 12200
    11376, 11376
    5909, 5909
    521, 521
    10675, 10675
    14168, 14168
    14840, 14840
    5362, 5362
    12495, 12495
    8942, 8942
    5374, 5374
    7914, 7914
    10983, 10983
    12732, 12732
    8738, 8738
    11731, 11731
    4284, 4284
    13304, 13304
    14958, 14958
    7839, 7839
    1221, 1221
    8506, 8506
    3143, 3143
    7193, 7193
    7280, 7280
    2561, 2561
    9849, 9849
    9292, 9292
    15753, 15753
    8558, 8558
    10243, 10243
    1630, 1630
    6821, 6821
    1104, 1104
    14056, 14056
    9411, 9411
    6102, 6102
    121, 121
    5521, 5521
    7729, 7729
    186, 186
    3685, 3685
    14610, 14610
    4603, 4603
    5819, 5819
    12014, 12014
    824, 824
    11094, 11094
    11810, 11810
    8653, 8653
    11053, 11053
    5553, 5553
    13256, 13256
    1073, 1073
    349, 349
    6159, 6159
    8078, 8078
    919, 919
    5957, 5957
    13762, 13762
    356, 356
    4177, 4177
    15662, 15662
    5937, 5937
    15789, 15789
    7278, 7278
    14310, 14310
    225, 225
    10097, 10097
    13087, 13087
    11956, 11956
    14527, 14527
    848, 848
    4473, 4473
    15375, 15375
    4777, 4777
    6815, 6815
    2015, 2015
    11939, 11939
    4428, 4428
    11733, 11733
    5223, 5223
    11464, 11464
    15368, 15368
    9428, 9428
    4667, 4667
    3716, 3716
    11357, 11357
    3094, 3094
    899, 899
    4269, 4269
    4762, 4762
    6814, 6814
    9477, 9477
    1884, 1884
    7705, 7705
    6349, 6349
    10826, 10826
    12680, 12680
    7080, 7080
    1871, 1871
    3024, 3024
    11557, 11557
    3956, 3956
    7974, 7974
    4495, 4495
    4003, 4003
    14618, 14618
    726, 726
    9425, 9425
    315, 315
    13920, 13920
    15117, 15117
    1938, 1938
    1043, 1043
    13152, 13152
    7074, 7074
    13567, 13567
    117, 117
    4839, 4839
    6258, 6258
    9082, 9082
    5174, 5174
    688, 688
    12933, 12933
    10062, 10062
    3158, 3158
    14161, 14161
    399, 399
    11931, 11931
    5685, 5685
    13704, 13704
    6883, 6883
    3508, 3508
    12846, 12846
    3112, 3112
    220, 220
    13224, 13224
    8166, 8166
    2653, 2653
    15613, 15613
    3776, 3776
    12788, 12788
    6139, 6139
    15625, 15625
    14210, 14210
    15549, 15549
    13319, 13319
    7335, 7335
    1998, 1998
    8265, 8265
    10477, 10477
    5635, 5635
    11126, 11126
    9602, 9602
    476, 476
    1603, 1603
    8079, 8079
    14211, 14211
    9663, 9663
    551, 551
    3460, 3460
    4150, 4150
    4313, 4313
    11468, 11468
    4576, 4576
    2768, 2768
    14359, 14359
    15563, 15563
    11148, 11148
    4391, 4391
    3983, 3983
    10521, 10521
    11530, 11530
    11723, 11723
    159, 159
    14201, 14201
    12164, 12164
    2811, 2811
    9675, 9675
    11142, 11142
    1042, 1042
    2150, 2150
    5213, 5213
    4354, 4354
    15659, 15659
    3602, 3602
    11364, 11364
    10671, 10671
    3051, 3051
    12802, 12802
    130, 130
    6485, 6485
    8648, 8648
    8688, 8688
    8973, 8973
    7424, 7424
    2951, 2951
    639, 639
    3882, 3882
    12571, 12571
    14074, 14074
    793, 793
    12231, 12231
    7926, 7926
    3120, 3120
    8764, 8764
    3139, 3139
    5855, 5855
    11088, 11088
    1535, 1535
    13277, 13277
    4076, 4076
    7507, 7507
    12141, 12141
    10435, 10435
    4958, 4958
    8922, 8922
    2662, 2662
    8523, 8523
    3100, 3100
    10065, 10065
    15921, 15921
    11362, 11362
    3950, 3950
    15800, 15800
    13501, 13501
    666, 666
    3050, 3050
    12350, 12350
    6404, 6404
    2200, 2200
    5587, 5587
    4541, 4541
    11435, 11435
    10554, 10554
    13283, 13283
    13008, 13008
    9893, 9893
    2276, 2276
    1456, 1456
    15996, 15996
    12038, 12038
    5713, 5713
    11285, 11285
    9116, 9116
    5542, 5542
    7283, 7283
    8760, 8760
    10620, 10620
    15264, 15264
    9269, 9269
    12845, 12845
    6046, 6046
    7601, 7601
    6254, 6254
    5511, 5511
    2875, 2875
    7419, 7419
    15729, 15729
    9543, 9543
    13396, 13396
    6390, 6390
    9970, 9970
    4708, 4708
    3045, 3045
    3190, 3190
    13323, 13323
    1166, 1166
    14456, 14456
    5976, 5976
    6706, 6706
    11055, 11055
    10742, 10742
    10798, 10798
    2542, 2542
    2744, 2744
    6307, 6307
    602, 602
    13982, 13982
    14083, 14083
    14256, 14256
    13892, 13892
    4353, 4353
    3766, 3766
    5918, 5918
    85, 85
    11705, 11705
    1805, 1805
    2887, 2887
    9339, 9339
    3581, 3581
    12824, 12824
    13421, 13421
    14862, 14862
    7467, 7467
    2626, 2626
    7806, 7806
    4982, 4982
    11415, 11415
    8943, 8943
    9261, 9261
    10813, 10813
    14081, 14081
    6278, 6278
    8838, 8838
    4411, 4411
    810, 810
    5620, 5620
    8438, 8438
    2608, 2608
    52, 52
    11003, 11003
    2116, 2116
    8492, 8492
    5122, 5122
    3669, 3669
    13626, 13626
    2531, 2531
    15604, 15604
    4663, 4663
    14906, 14906
    9704, 9704
    5852, 5852
    839, 839
    13466, 13466
    11446, 11446
    15786, 15786
    5621, 5621
    8199, 8199
    9705, 9705
    2421, 2421
    15646, 15646
    9680, 9680
    11444, 11444
    9754, 9754
    6460, 6460
    12256, 12256
    5421, 5421
    9976, 9976
    15366, 15366
    7888, 7888
    2959, 2959
    459, 459
    11498, 11498
    12988, 12988
    11237, 11237
    6762, 6762
    1788, 1788
    1993, 1993
    3481, 3481
    4813, 4813
    10904, 10904
    1092, 1092
    6448, 6448
    2870, 2870
    9586, 9586
    11684, 11684
    3879, 3879
    9624, 9624
    1902, 1902
    4978, 4978
    8714, 8714
    10216, 10216
    3423, 3423
    11225, 11225
    8304, 8304
    13464, 13464
    249, 249
    10387, 10387
    1428, 1428
    1987, 1987
    14065, 14065
    6263, 6263
    6745, 6745
    11537, 11537
    11221, 11221
    8711, 8711
    4682, 4682
    14497, 14497
    11817, 11817
    7692, 7692
    4037, 4037
    7638, 7638
    12282, 12282
    4513, 4513
    15449, 15449
    5706, 5706
    5744, 5744
    6232, 6232
    10769, 10769
    650, 650
    12475, 12475
    7541, 7541
    12330, 12330
    8593, 8593
    2020, 2020
    2755, 2755
    645, 645
    9371, 9371
    12700, 12700
    1843, 1843
    838, 838
    15617, 15617
    7767, 7767
    15525, 15525
    12500, 12500
    1012, 1012
    15446, 15446
    3455, 3455
    8581, 8581
    9284, 9284
    14396, 14396
    14616, 14616
    9119, 9119
    14829, 14829
    6728, 6728
    14625, 14625
    13754, 13754
    3518, 3518
    5502, 5502
    5288, 5288
    255, 255
    2753, 2753
    7779, 7779
    5275, 5275
    3863, 3863
    11957, 11957
    12074, 12074
    477, 477
    11244, 11244
    2890, 2890
    15369, 15369
    8780, 8780
    1509, 1509
    12211, 12211
    3320, 3320
    6492, 6492
    9734, 9734
    6862, 6862
    2899, 2899
    6900, 6900
    7437, 7437
    11983, 11983
    11694, 11694
    12767, 12767
    4324, 4324
    2466, 2466
    12706, 12706
    13212, 13212
    9764, 9764
    14939, 14939
    2449, 2449
    9572, 9572
    15418, 15418
    5359, 5359
    1762, 1762
    11089, 11089
    11894, 11894
    12210, 12210
    5104, 5104
    12948, 12948
    15771, 15771
    5752, 5752
    1126, 1126
    6097, 6097
    2178, 2178
    590, 590
    10690, 10690
    15183, 15183
    13330, 13330
    2947, 2947
    4105, 4105
    10876, 10876
    14152, 14152
    8965, 8965
    7825, 7825
    11848, 11848
    5440, 5440
    11030, 11030
    14234, 14234
    251, 251
    12319, 12319
    14115, 14115
    11695, 11695
    199, 199
    7463, 7463
    5919, 5919
    2042, 2042
    11984, 11984
    4671, 4671
    1267, 1267
    10744, 10744
    4328, 4328
    12773, 12773
    7445, 7445
    13420, 13420
    13894, 13894
    1811, 1811
    4254, 4254
    11133, 11133
    8230, 8230
    15773, 15773
    12888, 12888
    13995, 13995
    4883, 4883
    3471, 3471
    2387, 2387
    60, 60
    12219, 12219
    8037, 8037
    5565, 5565
    3501, 3501
    13334, 13334
    8861, 8861
    1687, 1687
    14360, 14360
    687, 687
    5351, 5351
    3717, 3717
    2979, 2979
    10592, 10592
    11884, 11884
    287, 287
    8246, 8246
    11788, 11788
    11559, 11559
    6913, 6913
    12244, 12244
    13410, 13410
    162, 162
    15758, 15758
    592, 592
    2348, 2348
    7129, 7129
    4020, 4020
    15676, 15676
    3441, 3441
    10681, 10681
    8957, 8957
    1248, 1248
    14169, 14169
    11018, 11018
    15100, 15100
    9470, 9470
    10650, 10650
    5382, 5382
    1775, 1775
    1334, 1334
    10317, 10317
    10160, 10160
    11224, 11224
    13232, 13232
    5969, 5969
    2154, 2154
    2361, 2361
    4988, 4988
    14014, 14014
    11318, 11318
    12714, 12714
    794, 794
    8132, 8132
    6887, 6887
    3222, 3222
    845, 845
    14800, 14800
    5569, 5569
    738, 738
    946, 946
    14778, 14778
    9908, 9908
    3621, 3621
    8131, 8131
    5043, 5043
    12989, 12989
    10946, 10946
    15949, 15949
    10825, 10825
    7442, 7442
    10083, 10083
    11031, 11031
    11740, 11740
    3938, 3938
    7366, 7366
    9550, 9550
    131, 131
    11509, 11509
    4278, 4278
    9912, 9912
    812, 812
    11235, 11235
    13633, 13633
    7354, 7354
    10537, 10537
    6194, 6194
    6597, 6597
    11737, 11737
    4956, 4956
    8145, 8145
    11466, 11466
    3121, 3121
    5229, 5229
    13528, 13528
    8736, 8736
    37, 37
    5468, 5468
    26, 26
    15981, 15981
    7044, 7044
    13713, 13713
    9962, 9962
    11635, 11635
    10424, 10424
    14357, 14357
    11653, 11653
    3327, 3327
    7393, 7393
    2112, 2112
    4119, 4119
    11758, 11758
    10037, 10037
    724, 724
    2591, 2591
    4802, 4802
    10063, 10063
    3302, 3302
    12976, 12976
    12170, 12170
    2227, 2227
    5015, 5015
    2027, 2027
    1147, 1147
    7127, 7127
    7361, 7361
    6832, 6832
    1899, 1899
    2902, 2902
    13971, 13971
    8654, 8654
    405, 405
    2131, 2131
    9172, 9172
    13969, 13969
    7212, 7212
    7503, 7503
    3558, 3558
    9289, 9289
    8216, 8216
    11729, 11729
    5061, 5061
    11114, 11114
    684, 684
    8959, 8959
    12828, 12828
    2884, 2884
    8165, 8165
    12046, 12046
    4000, 4000
    9580, 9580
    9986, 9986
    8550, 8550
    15971, 15971
    12691, 12691
    5455, 5455
    10937, 10937
    9749, 9749
    395, 395
    4504, 4504
    3916, 3916
    7413, 7413
    8877, 8877
    2446, 2446
    15297, 15297
    10532, 10532
    3583, 3583
    13042, 13042
    8348, 8348
    10327, 10327
    7031, 7031
    13682, 13682
    6674, 6674
    15721, 15721
    11167, 11167
    9367, 9367
    10669, 10669
    2179, 2179
    14193, 14193
    5181, 5181
    12616, 12616
    6386, 6386
    12816, 12816
    5397, 5397
    1062, 1062
    9138, 9138
    11180, 11180
    7093, 7093
    15362, 15362
    10815, 10815
    9615, 9615
    596, 596
    11486, 11486
    12692, 12692
    9, 9
    9147, 9147
    22, 22
    7849, 7849
    2174, 2174
    14575, 14575
    8269, 8269
    11973, 11973
    3550, 3550
    5768, 5768
    8367, 8367
    7901, 7901
    9060, 9060
    14424, 14424
    8659, 8659
    10852, 10852
    14266, 14266
    2102, 2102
    11807, 11807
    14596, 14596
    13734, 13734
    5012, 5012
    13499, 13499
    108, 108
    13026, 13026
    9195, 9195
    10707, 10707
    12333, 12333
    4462, 4462
    14044, 14044
    830, 830
    7835, 7835
    6763, 6763
    11796, 11796
    8154, 8154
    7263, 7263
    1068, 1068
    3092, 3092
    5121, 5121
    12832, 12832
    10719, 10719
    2514, 2514
    12378, 12378
    10603, 10603
    3003, 3003
    3682, 3682
    5144, 5144
    4390, 4390
    12997, 12997
    7870, 7870
    3967, 3967
    4161, 4161
    6575, 6575
    5935, 5935
    14385, 14385
    4303, 4303
    14896, 14896
    15454, 15454
    10232, 10232
    15756, 15756
    10505, 10505
    9759, 9759
    9163, 9163
    7380, 7380
    10354, 10354
    6090, 6090
    7487, 7487
    9719, 9719
    5347, 5347
    2046, 2046
    12926, 12926
    13580, 13580
    6891, 6891
    15280, 15280
    5580, 5580
    12445, 12445
    7483, 7483
    9787, 9787
    11570, 11570
    1162, 1162
    8624, 8624
    7262, 7262
    5799, 5799
    14047, 14047
    10944, 10944
    11459, 11459
    4400, 4400
    872, 872
    8713, 8713
    11794, 11794
    11958, 11958
    14135, 14135
    9031, 9031
    8451, 8451
    5905, 5905
    2551, 2551
    6376, 6376
    11453, 11453
    3924, 3924
    13694, 13694
    14776, 14776
    891, 891
    13384, 13384
    11268, 11268
    5212, 5212
    821, 821
    5614, 5614
    4688, 4688
    15152, 15152
    1521, 1521
    1204, 1204
    14889, 14889
    761, 761
    14978, 14978
    6562, 6562
    14986, 14986
    14714, 14714
    5523, 5523
    7769, 7769
    484, 484
    9674, 9674
    135, 135
    14362, 14362
    5497, 5497
    4822, 4822
    1698, 1698
    13568, 13568
    7385, 7385
    7389, 7389
    13514, 13514
    5574, 5574
    2678, 2678
    4544, 4544
    9409, 9409
    2497, 2497
    4536, 4536
    1823, 1823
    8818, 8818
    14138, 14138
    2484, 2484
    14747, 14747
    7489, 7489
    1245, 1245
    13954, 13954
    6956, 6956
    2817, 2817
    8180, 8180
    14196, 14196
    12379, 12379
    7615, 7615
    15817, 15817
    6002, 6002
    6747, 6747
    3644, 3644
    4553, 4553
    4847, 4847
    15218, 15218
    4673, 4673
    5831, 5831
    12444, 12444
    14814, 14814
    10113, 10113
    15553, 15553
    13777, 13777
    12548, 12548
    4591, 4591
    304, 304
    3639, 3639
    6394, 6394
    13185, 13185
    6036, 6036
    15097, 15097
    8212, 8212
    13014, 13014
    8095, 8095
    12487, 12487
    3457, 3457
    7422, 7422
    6446, 6446
    11963, 11963
    15361, 15361
    14213, 14213
    8700, 8700
    11421, 11421
    3414, 3414
    7744, 7744
    10753, 10753
    6270, 6270
    12694, 12694
    7811, 7811
    5763, 5763
    1699, 1699
    13647, 13647
    6851, 6851
    1488, 1488
    1840, 1840
    9845, 9845
    13668, 13668
    8694, 8694
    13400, 13400
    3848, 3848
    1881, 1881
    8997, 8997
    15619, 15619
    1363, 1363
    1108, 1108
    6341, 6341
    7416, 7416
    7523, 7523
    15742, 15742
    4857, 4857
    4545, 4545
    15566, 15566
    11677, 11677
    5237, 5237
    481, 481
    11372, 11372
    15490, 15490
    14206, 14206
    12449, 12449
    9964, 9964
    10364, 10364
    13548, 13548
    13333, 13333
    4826, 4826
    13186, 13186
    13669, 13669
    4042, 4042
    14940, 14940
    1199, 1199
    8975, 8975
    9712, 9712
    8417, 8417
    2702, 2702
    11302, 11302
    2620, 2620
    1107, 1107
    14649, 14649
    1948, 1948
    10023, 10023
    11489, 11489
    14743, 14743
    5197, 5197
    2064, 2064
    13986, 13986
    10142, 10142
    3293, 3293
    12433, 12433
    3582, 3582
    4887, 4887
    10027, 10027
    4613, 4613
    13217, 13217
    413, 413
    1778, 1778
    9745, 9745
    9207, 9207
    2061, 2061
    1639, 1639
    10316, 10316
    2600, 2600
    2609, 2609
    8057, 8057
    15060, 15060
    1040, 1040
    2885, 2885
    12128, 12128
    12739, 12739
    12538, 12538
    932, 932
    8443, 8443
    13322, 13322
    4552, 4552
    15581, 15581
    8749, 8749
    5472, 5472
    15014, 15014
    2041, 2041
    10655, 10655
    12155, 12155
    8140, 8140
    12327, 12327
    11685, 11685
    2316, 2316
    12655, 12655
    308, 308
    9478, 9478
    7699, 7699
    5357, 5357
    12048, 12048
    169, 169
    12263, 12263
    8418, 8418
    9360, 9360
    11811, 11811
    14718, 14718
    1802, 1802
    8559, 8559
    13987, 13987
    218, 218
    3678, 3678
    5240, 5240
    10924, 10924
    3918, 3918
    3060, 3060
    1468, 1468
    5079, 5079
    9452, 9452
    15237, 15237
    9037, 9037
    15864, 15864
    14484, 14484
    9867, 9867
    5391, 5391
    2772, 2772
    11218, 11218
    3417, 3417
    14346, 14346
    12677, 12677
    11808, 11808
    15643, 15643
    8311, 8311
    6076, 6076
    14464, 14464
    2502, 2502
    15471, 15471
    13454, 13454
    12167, 12167
    1666, 1666
    5178, 5178
    14090, 14090
    14237, 14237
    5148, 5148
    4580, 4580
    11273, 11273
    2468, 2468
    13761, 13761
    10116, 10116
    1414, 1414
    5578, 5578
    13830, 13830
    8226, 8226
    14601, 14601
    9684, 9684
    11970, 11970
    4184, 4184
    9128, 9128
    14744, 14744
    11125, 11125
    13537, 13537
    5452, 5452
    4559, 4559
    5556, 5556
    15441, 15441
    14007, 14007
    1008, 1008
    7024, 7024
    1634, 1634
    8435, 8435
    13956, 13956
    3764, 3764
    1268, 1268
    262, 262
    13372, 13372
    11344, 11344
    4983, 4983
    4709, 4709
    5293, 5293
    9439, 9439
    10271, 10271
    13451, 13451
    2436, 2436
    7251, 7251
    14240, 14240
    3529, 3529
    10155, 10155
    6208, 6208
    12896, 12896
    303, 303
    756, 756
    9969, 9969
    8408, 8408
    13714, 13714
    11819, 11819
    14332, 14332
    12043, 12043
    7136, 7136
    3772, 3772
    5827, 5827
    14891, 14891
    15733, 15733
    7515, 7515
    8698, 8698
    9917, 9917
    8640, 8640
    1002, 1002
    1769, 1769
    8509, 8509
    8692, 8692
    9488, 9488
    14763, 14763
    1858, 1858
    15129, 15129
    6205, 6205
    11295, 11295
    12042, 12042
    10788, 10788
    14249, 14249
    12240, 12240
    9340, 9340
    694, 694
    3954, 3954
    5738, 5738
    2767, 2767
    5348, 5348
    10975, 10975
    1580, 1580
    4910, 4910
    3480, 3480
    1, 1
    10617, 10617
    15802, 15802
    1756, 1756
    9888, 9888
    12542, 12542
    210, 210
    13698, 13698
    9187, 9187
    14285, 14285
    4692, 4692
    13159, 13159
    12483, 12483
    9850, 9850
    9643, 9643
    1294, 1294
    5914, 5914
    709, 709
    8498, 8498
    10453, 10453
    14363, 14363
    11314, 11314
    1534, 1534
    12009, 12009
    992, 992
    11430, 11430
    2703, 2703
    13925, 13925
    3180, 3180
    236, 236
    8750, 8750
    6217, 6217
    9938, 9938
    10642, 10642
    1256, 1256
    6717, 6717
    11254, 11254
    13829, 13829
    11749, 11749
    10667, 10667
    3219, 3219
    9225, 9225
    2814, 2814
    4585, 4585
    15451, 15451
    5832, 5832
    1137, 1137
    10287, 10287
    3874, 3874
    1125, 1125
    10539, 10539
    1067, 1067
    7869, 7869
    5199, 5199
    15626, 15626
    8289, 8289
    10839, 10839
    1246, 1246
    6439, 6439
    2584, 2584
    8419, 8419
    5792, 5792
    5593, 5593
    14928, 14928
    5860, 5860
    6144, 6144
    7259, 7259
    13631, 13631
    8187, 8187
    14974, 14974
    2381, 2381
    4612, 4612
    4361, 4361
    6188, 6188
    1120, 1120
    9707, 9707
    11027, 11027
    2216, 2216
    180, 180
    1502, 1502
    733, 733
    12920, 12920
    7337, 7337
    15078, 15078
    8670, 8670
    8609, 8609
    14660, 14660
    10251, 10251
    13671, 13671
    5602, 5602
    13113, 13113
    5829, 5829
    10821, 10821
    15798, 15798
    13312, 13312
    13039, 13039
    1285, 1285
    10643, 10643
    11312, 11312
    2954, 2954
    5021, 5021
    14043, 14043
    9998, 9998
    1213, 1213
    15249, 15249
    11759, 11759
    11835, 11835
    12626, 12626
    9984, 9984
    11541, 11541
    219, 219
    3880, 3880
    7783, 7783
    6632, 6632
    13075, 13075
    12973, 12973
    2275, 2275
    15140, 15140
    5189, 5189
    6933, 6933
    14932, 14932
    14325, 14325
    8969, 8969
    6437, 6437
    14272, 14272
    4778, 4778
    9994, 9994
    5141, 5141
    14096, 14096
    14031, 14031
    6724, 6724
    10011, 10011
    11283, 11283
    7425, 7425
    15757, 15757
    9108, 9108
    6943, 6943
    2435, 2435
    11825, 11825
    8380, 8380
    14698, 14698
    11791, 11791
    13589, 13589
    9404, 9404
    5626, 5626
    13433, 13433
    2329, 2329
    9495, 9495
    7367, 7367
    753, 753
    5099, 5099
    3757, 3757
    11390, 11390
    9772, 9772
    15998, 15998
    2641, 2641
    9314, 9314
    15407, 15407
    2616, 2616
    892, 892
    13625, 13625
    15421, 15421
    4954, 4954
    14462, 14462
    7750, 7750
    4268, 4268
    10415, 10415
    13538, 13538
    353, 353
    3465, 3465
    7812, 7812
    6621, 6621
    2544, 2544
    13743, 13743
    11768, 11768
    8646, 8646
    9003, 9003
    3477, 3477
    9109, 9109
    14852, 14852
    1036, 1036
    5699, 5699
    10408, 10408
    6313, 6313
    889, 889
    12836, 12836
    6709, 6709
    10358, 10358
    9671, 9671
    7050, 7050
    3881, 3881
    9185, 9185
    1829, 1829
    394, 394
    4868, 4868
    7875, 7875
    8811, 8811
    2349, 2349
    8588, 8588
    11393, 11393
    14813, 14813
    4506, 4506
    12737, 12737
    3038, 3038
    15192, 15192
    9857, 9857
    10407, 10407
    9769, 9769
    14770, 14770
    6033, 6033
    53, 53
    4739, 4739
    11774, 11774
    11754, 11754
    10264, 10264
    14180, 14180
    10863, 10863
    8630, 8630
    6148, 6148
    15392, 15392
    11691, 11691
    1590, 1590
    2091, 2091
    11948, 11948
    5208, 5208
    9584, 9584
    7610, 7610
    105, 105
    6243, 6243
    10887, 10887
    4681, 4681
    3779, 3779
    5690, 5690
    841, 841
    8664, 8664
    15397, 15397
    6021, 6021
    1203, 1203
    1830, 1830
    5026, 5026
    4017, 4017
    10873, 10873
    3239, 3239
    4487, 4487
    8649, 8649
    6957, 6957
    1029, 1029
    59, 59
    6812, 6812
    6903, 6903
    528, 528
    14668, 14668
    81, 81
    15075, 15075
    10864, 10864
    10961, 10961
    11929, 11929
    14082, 14082
    1955, 1955
    13123, 13123
    170, 170
    13182, 13182
    657, 657
    13653, 13653
    5075, 5075
    6585, 6585
    9272, 9272
    6060, 6060
    13395, 13395
    14979, 14979
    3718, 3718
    9871, 9871
    4894, 4894
    6573, 6573
    2459, 2459
    1735, 1735
    8726, 8726
    13779, 13779
    15664, 15664
    2657, 2657
    4804, 4804
    11782, 11782
    179, 179
    8115, 8115
    15477, 15477
    1071, 1071
    4078, 4078
    5097, 5097
    13864, 13864
    8606, 8606
    9129, 9129
    11942, 11942
    15761, 15761
    4065, 4065
    11621, 11621
    2555, 2555
    11554, 11554
    15342, 15342
    1360, 1360
    6560, 6560
    13798, 13798
    6787, 6787
    15219, 15219
    9090, 9090
    5471, 5471
    5638, 5638
    12208, 12208
    9939, 9939
    15724, 15724
    15611, 15611
    9500, 9500
    5074, 5074
    14742, 14742
    12646, 12646
    15952, 15952
    8325, 8325
    4319, 4319
    271, 271
    11760, 11760
    14094, 14094
    6461, 6461
    12960, 12960
    10086, 10086
    4602, 4602
    6660, 6660
    1723, 1723
    9069, 9069
    9422, 9422
    15195, 15195
    12507, 12507
    9631, 9631
    12446, 12446
    7161, 7161
    7743, 7743
    9511, 9511
    5785, 5785
    7163, 7163
    2047, 2047
    4568, 4568
    2938, 2938
    3448, 3448
    10238, 10238
    2629, 2629
    10485, 10485
    10512, 10512
    14471, 14471
    9279, 9279
    8541, 8541
    9159, 9159
    5119, 5119
    13961, 13961
    10089, 10089
    13234, 13234
    7174, 7174
    12341, 12341
    14166, 14166
    5014, 5014
    11847, 11847
    3046, 3046
    13876, 13876
    8022, 8022
    13191, 13191
    6657, 6657
    15015, 15015
    12336, 12336
    7481, 7481
    5833, 5833
    3847, 3847
    949, 949
    9982, 9982
    1215, 1215
    2988, 2988
    316, 316
    12453, 12453
    12482, 12482
    12186, 12186
    2180, 2180
    12808, 12808
    486, 486
    8631, 8631
    4529, 4529
    10276, 10276
    14792, 14792
    10261, 10261
    3898, 3898
    1532, 1532
    7485, 7485
    3021, 3021
    3688, 3688
    15458, 15458
    7063, 7063
    13419, 13419
    2672, 2672
    4085, 4085
    3815, 3815
    7565, 7565
    3425, 3425
    8876, 8876
    12055, 12055
    3275, 3275
    1486, 1486
    2501, 2501
    12871, 12871
    3290, 3290
    5289, 5289
    6625, 6625
    10398, 10398
    15749, 15749
    4523, 4523
    5371, 5371
    5934, 5934
    11278, 11278
    14182, 14182
    3674, 3674
    597, 597
    11683, 11683
    7501, 7501
    3573, 3573
    10143, 10143
    9797, 9797
    1198, 1198
    7130, 7130
    3367, 3367
    11846, 11846
    8533, 8533
    4856, 4856
    10573, 10573
    8272, 8272
    14657, 14657
    9084, 9084
    10032, 10032
    7860, 7860
    8684, 8684
    12015, 12015
    3251, 3251
    4492, 4492
    10694, 10694
    15224, 15224
    1145, 1145
    1457, 1457
    429, 429
    5929, 5929
    7520, 7520
    14971, 14971
    6826, 6826
    6294, 6294
    5583, 5583
    8826, 8826
    13498, 13498
    5345, 5345
    12122, 12122
    1441, 1441
    2969, 2969
    9121, 9121
    14119, 14119
    10014, 10014
    9856, 9856
    3634, 3634
    15027, 15027
    9915, 9915
    9891, 9891
    11472, 11472
    7747, 7747
    10844, 10844
    4030, 4030
    9960, 9960
    14296, 14296
    10131, 10131
    6418, 6418
    7805, 7805
    14057, 14057
    15650, 15650
    5343, 5343
    9637, 9637
    5215, 5215
    9188, 9188
    827, 827
    1328, 1328
    15555, 15555
    3322, 3322
    11625, 11625
    7148, 7148
    7941, 7941
    10986, 10986
    12554, 12554
    6853, 6853
    8505, 8505
    4569, 4569
    3313, 3313
    8271, 8271
    15157, 15157
    10517, 10517
    9561, 9561
    12949, 12949
    6209, 6209
    1188, 1188
    12940, 12940
    6892, 6892
    5897, 5897
    3626, 3626
    14752, 14752
    8589, 8589
    14368, 14368
    1498, 1498
    706, 706
    15911, 15911
    9211, 9211
    6872, 6872
    2877, 2877
    11203, 11203
    3679, 3679
    12950, 12950
    3119, 3119
    4097, 4097
    8128, 8128
    13516, 13516
    15826, 15826
    11467, 11467
    3149, 3149
    5009, 5009
    78, 78
    15453, 15453
    10647, 10647
    13094, 13094
    8563, 8563
    4450, 4450
    4770, 4770
    9884, 9884
    8262, 8262
    6845, 6845
    6978, 6978
    7510, 7510
    15148, 15148
    1960, 1960
    8399, 8399
    8722, 8722
    15400, 15400
    12803, 12803
    5889, 5889
    9768, 9768
    12885, 12885
    13598, 13598
    4912, 4912
    3169, 3169
    8017, 8017
    13525, 13525
    15274, 15274
    14019, 14019
    8568, 8568
    4919, 4919
    5107, 5107
    1433, 1433
    10347, 10347
    2464, 2464
    1717, 1717
    3225, 3225
    11369, 11369
    11139, 11139
    13678, 13678
    15178, 15178
    8605, 8605
    14659, 14659
    7981, 7981
    9136, 9136
    3516, 3516
    5941, 5941
    86, 86
    540, 540
    6363, 6363
    15026, 15026
    6081, 6081
    2212, 2212
    2576, 2576
    4561, 4561
    1740, 1740
    12262, 12262
    4173, 4173
    12471, 12471
    7270, 7270
    1171, 1171
    10492, 10492
    12994, 12994
    708, 708
    3751, 3751
    661, 661
    1785, 1785
    936, 936
    626, 626
    1287, 1287
    3422, 3422
    15799, 15799
    1133, 1133
    15514, 15514
    1554, 1554
    13178, 13178
    13541, 13541
    12194, 12194
    4807, 4807
    7671, 7671
    2454, 2454
    398, 398
    4555, 4555
    4192, 4192
    8364, 8364
    1152, 1152
    8709, 8709
    15495, 15495
    1818, 1818
    9492, 9492
    305, 305
    6684, 6684
    6471, 6471
    5749, 5749
    2201, 2201
    7181, 7181
    3244, 3244
    9052, 9052
    12740, 12740
    3770, 3770
    3593, 3593
    406, 406
    4067, 4067
    2646, 2646
    8322, 8322
    13088, 13088
    9388, 9388
    10036, 10036
    9364, 9364
    9398, 9398
    11477, 11477
    9006, 9006
    12416, 12416
    4181, 4181
    5679, 5679
    11856, 11856
    15200, 15200
    13010, 13010
    3884, 3884
    11595, 11595
    15467, 15467
    9457, 9457
    15851, 15851
    15573, 15573
    610, 610
    5983, 5983
    10519, 10519
    11117, 11117
    1074, 1074
    2854, 2854
    4168, 4168
    15209, 15209
    14873, 14873
    5292, 5292
    1640, 1640
    1400, 1400
    5151, 5151
    1018, 1018
    12847, 12847
    8766, 8766
    3087, 3087
    1460, 1460
    6274, 6274
    10202, 10202
    12640, 12640
    12534, 12534
    10862, 10862
    13308, 13308
    13011, 13011
    7455, 7455
    7434, 7434
    14187, 14187
    10056, 10056
    14658, 14658
    3434, 3434
    12912, 12912
    15775, 15775
    14472, 14472
    11785, 11785
    9522, 9522
    3191, 3191
    2375, 2375
    10735, 10735
    3008, 3008
    11915, 11915
    14403, 14403
    7007, 7007
    6182, 6182
    9232, 9232
    1372, 1372
    10689, 10689
    15736, 15736
    1741, 1741
    12493, 12493
    10555, 10555
    8578, 8578
    7789, 7789
    7535, 7535
    11494, 11494
    1338, 1338
    1135, 1135
    9023, 9023
    3408, 3408
    14556, 14556
    13609, 13609
    2314, 2314
    12838, 12838
    2804, 2804
    2913, 2913
    15673, 15673
    11641, 11641
    5047, 5047
    10595, 10595
    642, 642
    15335, 15335
    7632, 7632
    12946, 12946
    2746, 2746
    10541, 10541
    15294, 15294
    45, 45
    6111, 6111
    14609, 14609
    5818, 5818
    8573, 8573
    9687, 9687
    5651, 5651
    2843, 2843
    2350, 2350
    10489, 10489
    6115, 6115
    11587, 11587
    2000, 2000
    8734, 8734
    6620, 6620
    11877, 11877
    682, 682
    10145, 10145
    8210, 8210
    3894, 3894
    4870, 4870
    2810, 2810
    2570, 2570
    2028, 2028
    4309, 4309
    13338, 13338
    10889, 10889
    11032, 11032
    1065, 1065
    10523, 10523
    8229, 8229
    13311, 13311
    8009, 8009
    14691, 14691
    8190, 8190
    1979, 1979
    5896, 5896
    2581, 2581
    15149, 15149
    9865, 9865
    14775, 14775
    12254, 12254
    13962, 13962
    6109, 6109
    2936, 2936
    7656, 7656
    14383, 14383
    15090, 15090
    11337, 11337
    14358, 14358
    4571, 4571
    5984, 5984
    6480, 6480
    3823, 3823
    7685, 7685
    15155, 15155
    10239, 10239
    1376, 1376
    705, 705
    12586, 12586
    3456, 3456
    14122, 14122
    2582, 2582
    8915, 8915
    13240, 13240
    6491, 6491
    12670, 12670
    505, 505
    7948, 7948
    10373, 10373
    10195, 10195
    12232, 12232
    10633, 10633
    363, 363
    124, 124
    13463, 13463
    8601, 8601
    8968, 8968
    1770, 1770
    12735, 12735
    6466, 6466
    12300, 12300
    6844, 6844
    8626, 8626
    4716, 4716
    13413, 13413
    4299, 4299
    12424, 12424
    964, 964
    1607, 1607
    1009, 1009
    4385, 4385
    8502, 8502
    3140, 3140
    7708, 7708
    14771, 14771
    6087, 6087
    10383, 10383
    5867, 5867
    3270, 3270
    6380, 6380
    13013, 13013
    11661, 11661
    9313, 9313
    14727, 14727
    2983, 2983
    6638, 6638
    15340, 15340
    7604, 7604
    10459, 10459
    11002, 11002
    7951, 7951
    15920, 15920
    7885, 7885
    3945, 3945
    13129, 13129
    2745, 2745
    7668, 7668
    1214, 1214
    4317, 4317
    9216, 9216
    1307, 1307
    4522, 4522
    13139, 13139
    6249, 6249
    15979, 15979
    9324, 9324
    2664, 2664
    790, 790
    6345, 6345
    13789, 13789
    4374, 4374
    4562, 4562
    12299, 12299
    143, 143
    13603, 13603
    6118, 6118
    7227, 7227
    700, 700
    1757, 1757
    11432, 11432
    575, 575
    2985, 2985
    12032, 12032
    12384, 12384
    475, 475
    977, 977
    15812, 15812
    2427, 2427
    14942, 14942
    14033, 14033
    9332, 9332
    4207, 4207
    13284, 13284
    15714, 15714
    1900, 1900
    4281, 4281
    1651, 1651
    2832, 2832
    5254, 5254
    4624, 4624
    8266, 8266
    8026, 8026
    2420, 2420
    10420, 10420
    4876, 4876
    5222, 5222
    13985, 13985
    12400, 12400
    3928, 3928
    10648, 10648
    3549, 3549
    14488, 14488
    9645, 9645
    5946, 5946
    7188, 7188
    11293, 11293
    8961, 8961
    987, 987
    8472, 8472
    15834, 15834
    2092, 2092
    3023, 3023
    995, 995
    9954, 9954
    13774, 13774
    12533, 12533
    10479, 10479
    13022, 13022
    8198, 8198
    8085, 8085
    12930, 12930
    7659, 7659
    7956, 7956
    7462, 7462
    7071, 7071
    12201, 12201
    10909, 10909
    2319, 2319
    11374, 11374
    3522, 3522
    13142, 13142
    11146, 11146
    8985, 8985
    12878, 12878
    6329, 6329
    5947, 5947
    5375, 5375
    13267, 13267
    6105, 6105
    9149, 9149
    8686, 8686
    1661, 1661
    7145, 7145
    4236, 4236
    6361, 6361
    9191, 9191
    14100, 14100
    14175, 14175
    6838, 6838
    909, 909
    5230, 5230
    11286, 11286
    5727, 5727
    1967, 1967
    5564, 5564
    1094, 1094
    7240, 7240
    15204, 15204
    2206, 2206
    9239, 9239
    13846, 13846
    3807, 3807
    14216, 14216
    1963, 1963
    10780, 10780
    15334, 15334
    14719, 14719
    15352, 15352
    15344, 15344
    2183, 2183
    13688, 13688
    10262, 10262
    6424, 6424
    846, 846
    14559, 14559
    13131, 13131
    10615, 10615
    9305, 9305
    15982, 15982
    4905, 4905
    14538, 14538
    13127, 13127
    1184, 1184
    1672, 1672
    4128, 4128
    6064, 6064
    14963, 14963
    9868, 9868
    8553, 8553
    5636, 5636
    4253, 4253
    847, 847
    2013, 2013
    13047, 13047
    379, 379
    361, 361
    15586, 15586
    5637, 5637
    13932, 13932
    5038, 5038
    13024, 13024
    11704, 11704
    11259, 11259
    619, 619
    618, 618
    1593, 1593
    11010, 11010
    3789, 3789
    15829, 15829
    8511, 8511
    4092, 4092
    11556, 11556
    15189, 15189
    9959, 9959
    10365, 10365
    13572, 13572
    1238, 1238
    9866, 9866
    8880, 8880
    1664, 1664
    6876, 6876
    1644, 1644
    11168, 11168
    5721, 5721
    13791, 13791
    7940, 7940
    991, 991
    4015, 4015
    4885, 4885
    8585, 8585
    7033, 7033
    8641, 8641
    6384, 6384
    3446, 3446
    12842, 12842
    14592, 14592
    2139, 2139
    2538, 2538
    2132, 2132
    2352, 2352
    10078, 10078
    12226, 12226
    3372, 3372
    9410, 9410
    3253, 3253
    1339, 1339
    8731, 8731
    8580, 8580
    11632, 11632
    3614, 3614
    3076, 3076
    8294, 8294
    5802, 5802
    4295, 4295
    2945, 2945
    11151, 11151
    6515, 6515
    13441, 13441
    8814, 8814
    12698, 12698
    14352, 14352
    13038, 13038
    10421, 10421
    2675, 2675
    2602, 2602
    8524, 8524
    14521, 14521
    5487, 5487
    1437, 1437
    12860, 12860
    5606, 5606
    15776, 15776
    4423, 4423
    4886, 4886
    1351, 1351
    13427, 13427
    3487, 3487
    10267, 10267
    13425, 13425
    3740, 3740
    7847, 7847
    7794, 7794
    10184, 10184
    5979, 5979
    9593, 9593
    890, 890
    8193, 8193
    7211, 7211
    4962, 4962
    5373, 5373
    7658, 7658
    8314, 8314
    10280, 10280
    735, 735
    11248, 11248
    7248, 7248
    3825, 3825
    6535, 6535
    1362, 1362
    7254, 7254
    13009, 13009
    7591, 7591
    6828, 6828
    1733, 1733
    8808, 8808
    184, 184
    7751, 7751
    9295, 9295
    9385, 9385
    986, 986
    10050, 10050
    1317, 1317
    11889, 11889
    2073, 2073
    1707, 1707
    12955, 12955
    3325, 3325
    3265, 3265
    10332, 10332
    104, 104
    14058, 14058
    11316, 11316
    530, 530
    12472, 12472
    9603, 9603
    14884, 14884
    746, 746
    5570, 5570
    1095, 1095
    2369, 2369
    3424, 3424
    9370, 9370
    5460, 5460
    9086, 9086
    2037, 2037
    7409, 7409
    10256, 10256
    14948, 14948
    12820, 12820
    7550, 7550
    3664, 3664
    13883, 13883
    514, 514
    11985, 11985
    4293, 4293
    15587, 15587
    4417, 4417
    3228, 3228
    12608, 12608
    866, 866
    12693, 12693
    10874, 10874
    13615, 13615
    8454, 8454
    9672, 9672
    10704, 10704
    2362, 2362
    3749, 3749
    5390, 5390
    2346, 2346
    7209, 7209
    14817, 14817
    10954, 10954
    13028, 13028
    5295, 5295
    4342, 4342
    4452, 4452
    1658, 1658
    12629, 12629
    4226, 4226
    12898, 12898
    12367, 12367
    2166, 2166
    4125, 4125
    877, 877
    6061, 6061
    15522, 15522
    166, 166
    12991, 12991
    1005, 1005
    13854, 13854
    187, 187
    5245, 5245
    9056, 9056
    14846, 14846
    11743, 11743
    11646, 11646
    4351, 4351
    7292, 7292
    11603, 11603
    15190, 15190
    6592, 6592
    1093, 1093
    15794, 15794
    6906, 6906
    9489, 9489
    9237, 9237
    4381, 4381
    15743, 15743
    4053, 4053
    3142, 3142
    5559, 5559
    10200, 10200
    6126, 6126
    4953, 4953
    5083, 5083
    9751, 9751
    933, 933
    3345, 3345
    14938, 14938
    13195, 13195
    12428, 12428
    580, 580
    4432, 4432
    6375, 6375
    549, 549
    7048, 7048
    11245, 11245
    6411, 6411
    2281, 2281
    10115, 10115
    6612, 6612
    7648, 7648
    13495, 13495
    9927, 9927
    13259, 13259
    7300, 7300
    13098, 13098
    13634, 13634
    7104, 7104
    1077, 1077
    13940, 13940
    10979, 10979
    13069, 13069
    12918, 12918
    5661, 5661
    15130, 15130
    6120, 6120
    13848, 13848
    7578, 7578
    10122, 10122
    13295, 13295
    13656, 13656
    7758, 7758
    13588, 13588
    14608, 14608
    15382, 15382
    11843, 11843
    2718, 2718
    6039, 6039
    8832, 8832
    14247, 14247
    10213, 10213
    14445, 14445
    14960, 14960
    9638, 9638
    15577, 15577
    9350, 9350
    1001, 1001
    15324, 15324
    9503, 9503
    7271, 7271
    15399, 15399
    3957, 3957
    15359, 15359
    6550, 6550
    13144, 13144
    12203, 12203
    12427, 12427
    14865, 14865
    14344, 14344
    4526, 4526
    2949, 2949
    13529, 13529
    780, 780
    8746, 8746
    2389, 2389
    6314, 6314
    4405, 4405
    14605, 14605
    14077, 14077
    14253, 14253
    12651, 12651
    6286, 6286
    13077, 13077
    1121, 1121
    4205, 4205
    2720, 2720
    702, 702
    7898, 7898
    5236, 5236
    1384, 1384
    10593, 10593
    9894, 9894
    13496, 13496
    10644, 10644
    13591, 13591
    12799, 12799
    12815, 12815
    631, 631
    4990, 4990
    11616, 11616
    3105, 3105
    10577, 10577
    15541, 15541
    12355, 12355
    13273, 13273
    6071, 6071
    9469, 9469
    8598, 8598
    2820, 2820
    6481, 6481
    9963, 9963
    11937, 11937
    18, 18
    3744, 3744
    8051, 8051
    15605, 15605
    1493, 1493
    8077, 8077
    10278, 10278
    3800, 3800
    13298, 13298
    14779, 14779
    6214, 6214
    1032, 1032
    1885, 1885
    1172, 1172
    423, 423
    15997, 15997
    14768, 14768
    15144, 15144
    6030, 6030
    3125, 3125
    7494, 7494
    13000, 13000
    3706, 3706
    2852, 2852
    8329, 8329
    5513, 5513
    11239, 11239
    14331, 14331
    8040, 8040
    5389, 5389
    15519, 15519
    5948, 5948
    12760, 12760
    15438, 15438
    15033, 15033
    12998, 12998
    12637, 12637
    4404, 4404
    4814, 4814
    14954, 14954
    13736, 13736
    10371, 10371
    1691, 1691
    2583, 2583
    11463, 11463
    9219, 9219
    9720, 9720
    15327, 15327
    6541, 6541
    4595, 4595
    13353, 13353
    12638, 12638
    1656, 1656
    9507, 9507
    9258, 9258
    5907, 5907
    511, 511
    7975, 7975
    10713, 10713
    8607, 8607
    14416, 14416
    13931, 13931
    646, 646
    5059, 5059
    1690, 1690
    5123, 5123
    13041, 13041
    13889, 13889
    2219, 2219
    12939, 12939
    5297, 5297
    15513, 15513
    9993, 9993
    4359, 4359
    314, 314
    2197, 2197
    9465, 9465
    5666, 5666
    2747, 2747
    8536, 8536
    5341, 5341
    2385, 2385
    14463, 14463
    9456, 9456
    1170, 1170
    4444, 4444
    8978, 8978
    8323, 8323
    11923, 11923
    5298, 5298
    14967, 14967
    5566, 5566
    3153, 3153
    15248, 15248
    963, 963
    9693, 9693
    14015, 14015
    6705, 6705
    5629, 5629
    416, 416
    408, 408
    8416, 8416
    7208, 7208
    4840, 4840
    4850, 4850
    2603, 2603
    5072, 5072
    2453, 2453
    4433, 4433
    12251, 12251
    4077, 4077
    11866, 11866
    13156, 13156
    12928, 12928
    12504, 12504
    937, 937
    12137, 12137
    15350, 15350
    9979, 9979
    11241, 11241
    9949, 9949
    6129, 6129
    5842, 5842
    6661, 6661
    2841, 2841
    297, 297
    8437, 8437
    9621, 9621
    14409, 14409
    12374, 12374
    13899, 13899
    7013, 7013
    2172, 2172
    1180, 1180
    3355, 3355
    8084, 8084
    2414, 2414
    15, 15
    7453, 7453
    12260, 12260
    296, 296
    1898, 1898
    7628, 7628
    3442, 3442
    1682, 1682
    5443, 5443
    15984, 15984
    9376, 9376
    15138, 15138
    1025, 1025
    8103, 8103
    11164, 11164
    9924, 9924
    13952, 13952
    13103, 13103
    15310, 15310
    6298, 6298
    7525, 7525
    4050, 4050
    12415, 12415
    11470, 11470
    10861, 10861
    2213, 2213
    10520, 10520
    12404, 12404
    9263, 9263
    345, 345
    6606, 6606
    14640, 14640
    10175, 10175
    13130, 13130
    3927, 3927
    11993, 11993
    13533, 13533
    11783, 11783
    14528, 14528
    10405, 10405
    2761, 2761
    4048, 4048
    7371, 7371
    7979, 7979
    2615, 2615
    8055, 8055
    136, 136
    9592, 9592
    11959, 11959
    9940, 9940
    8676, 8676
    13622, 13622
    2506, 2506
    1685, 1685
    14762, 14762
    10179, 10179
    1748, 1748
    15153, 15153
    1439, 1439
    5641, 5641
    14275, 14275
    7399, 7399
    8913, 8913
    11085, 11085
    5368, 5368
    15329, 15329
    11895, 11895
    7799, 7799
    11513, 11513
    3007, 3007
    462, 462
    3787, 3787
    10236, 10236
    5217, 5217
    11461, 11461
    5204, 5204
    998, 998
    10816, 10816
    1085, 1085
    4696, 4696
    10551, 10551
    4069, 4069
    8739, 8739
    13117, 13117
    7694, 7694
    7554, 7554
    13871, 13871
    14034, 14034
    7673, 7673
    5582, 5582
    1743, 1743
    2980, 2980
    5019, 5019
    6563, 6563
    14734, 14734
    5325, 5325
    11851, 11851
    4352, 4352
    11076, 11076
    13388, 13388
    4100, 4100
    15961, 15961
    13874, 13874
    9609, 9609
    2881, 2881
    2153, 2153
    10448, 10448
    2633, 2633
    12289, 12289
    7095, 7095
    4589, 4589
    10513, 10513
    1346, 1346
    4341, 4341
    4002, 4002
    3314, 3314
    6637, 6637
    5379, 5379
    15937, 15937
    13758, 13758
    9196, 9196
    14670, 14670
    7064, 7064
    1284, 1284
    13732, 13732
    2257, 2257
    9034, 9034
    4880, 4880
    13817, 13817
    15070, 15070
    864, 864
    13507, 13507
    15793, 15793
    13253, 13253
    9137, 9137
    12619, 12619
    49, 49
    12165, 12165
    7742, 7742
    7669, 7669
    2519, 2519
    11122, 11122
    3979, 3979
    5387, 5387
    6069, 6069
    3875, 3875
    531, 531
    14292, 14292
    12000, 12000
    15265, 15265
    14542, 14542
    490, 490
    7915, 7915
    11332, 11332
    12107, 12107
    6630, 6630
    4700, 4700
    8885, 8885
    13659, 13659
    5320, 5320
    7168, 7168
    3964, 3964
    12780, 12780
    999, 999
    1696, 1696
    10987, 10987
    6734, 6734
    6360, 6360
    1776, 1776
    6791, 6791
    14120, 14120
    14340, 14340
    2130, 2130
    5921, 5921
    14150, 14150
    7387, 7387
    14294, 14294
    10536, 10536
    14717, 14717
    8696, 8696
    1688, 1688
    13231, 13231
    11361, 11361
    9309, 9309
    13946, 13946
    3339, 3339
    12750, 12750
    10812, 10812
    4794, 4794
    10396, 10396
    9613, 9613
    5296, 5296
    11981, 11981
    3974, 3974
    4229, 4229
    3156, 3156
    1512, 1512
    4943, 4943
    10846, 10846
    1697, 1697
    1545, 1545
    12603, 12603
    11882, 11882
    8976, 8976
    10378, 10378
    4996, 4996
    13236, 13236
    14377, 14377
    12953, 12953
    9330, 9330
    167, 167
    4578, 4578
    2247, 2247
    9473, 9473
    7440, 7440
    14413, 14413
    4518, 4518
    4151, 4151
    1251, 1251
    5010, 5010
    2017, 2017
    3892, 3892
    1344, 1344
    10403, 10403
    6894, 6894
    8890, 8890
    11872, 11872
    15234, 15234
    15570, 15570
    8873, 8873
    14759, 14759
    8317, 8317
    11015, 11015
    2033, 2033
    14991, 14991
    11383, 11383
    7068, 7068
    5883, 5883
    6107, 6107
    6960, 6960
    11793, 11793
    5503, 5503
    13532, 13532
    5302, 5302
    5758, 5758
    13337, 13337
    6669, 6669
    14663, 14663
    224, 224
    10929, 10929
    6954, 6954
    5923, 5923
    1141, 1141
    7051, 7051
    5808, 5808
    9153, 9153
    15253, 15253
    2682, 2682
    6247, 6247
    206, 206
    2966, 2966
    13929, 13929
    15593, 15593
    3747, 3747
    133, 133
    3109, 3109
    7575, 7575
    12135, 12135
    3108, 3108
    13025, 13025
    3492, 3492
    13628, 13628
    6673, 6673
    3901, 3901
    15210, 15210
    3852, 3852
    11871, 11871
    13112, 13112
    11495, 11495
    1700, 1700
    1464, 1464
    1070, 1070
    7932, 7932
    6440, 6440
    5846, 5846
    14680, 14680
    9771, 9771
    8168, 8168
    384, 384
    3073, 3073
    1000, 1000
    11483, 11483
    1112, 1112
    12981, 12981
    15790, 15790
    14055, 14055
    3472, 3472
    10052, 10052
    11771, 11771
    15717, 15717
    12600, 12600
    15320, 15320
    14437, 14437
    5261, 5261
    7715, 7715
    4262, 4262
    14911, 14911
    11059, 11059
    12025, 12025
    15032, 15032
    707, 707
    2440, 2440
    12004, 12004
    10150, 10150
    4213, 4213
    6529, 6529
    3044, 3044
    3056, 3056
    6192, 6192
    5950, 5950
    15203, 15203
    12580, 12580
    12978, 12978
    1839, 1839
    6890, 6890
    9000, 9000
    13980, 13980
    11346, 11346
    13227, 13227
    11150, 11150
    6016, 6016
    15131, 15131
    1751, 1751
    5857, 5857
    4498, 4498
    2589, 2589
    2429, 2429
    4790, 4790
    3388, 3388
    4981, 4981
    6975, 6975
    10450, 10450
    3805, 3805
    9587, 9587
    1189, 1189
    2269, 2269
    9846, 9846
    8439, 8439
    13676, 13676
    6983, 6983
    3506, 3506
    6218, 6218
    12047, 12047
    5977, 5977
    13560, 13560
    3308, 3308
    15583, 15583
    8481, 8481
    7448, 7448
    3849, 3849
    7886, 7886
    11917, 11917
    4573, 4573
    5071, 5071
    14420, 14420
    10240, 10240
    681, 681
    1207, 1207
    12109, 12109
    13436, 13436
    3111, 3111
    9677, 9677
    11269, 11269
    2148, 2148
    8355, 8355
    4265, 4265
    8350, 8350
    9913, 9913
    2173, 2173
    7392, 7392
    13196, 13196
    1448, 1448
    12306, 12306
    4834, 4834
    7711, 7711
    2393, 2393
    10947, 10947
    7856, 7856
    10394, 10394
    1978, 1978
    1475, 1475
    1473, 1473
    7370, 7370
    3273, 3273
    5435, 5435
    1616, 1616
    5797, 5797
    1638, 1638
    8340, 8340
    7969, 7969
    7707, 7707
    8881, 8881
    15598, 15598
    12195, 12195
    8934, 8934
    15983, 15983
    8895, 8895
    3758, 3758
    3851, 3851
    1261, 1261
    954, 954
    2868, 2868
    11067, 11067
    8459, 8459
    2051, 2051
    5385, 5385
    14432, 14432
    698, 698
    4532, 4532
    9024, 9024
    10785, 10785
    15766, 15766
    6617, 6617
    13442, 13442
    5968, 5968
    9094, 9094
    6958, 6958
    12726, 12726
    9991, 9991
    14607, 14607
    4061, 4061
    9843, 9843
    13314, 13314
    7626, 7626
    4288, 4288
    10811, 10811
    1999, 1999
    7809, 7809
    1218, 1218
    9733, 9733
    3255, 3255
    15849, 15849
    7521, 7521
    7795, 7795
    8896, 8896
    8316, 8316
    6503, 6503
    15202, 15202
    1496, 1496
    5717, 5717
    13662, 13662
    4480, 4480
    3469, 3469
    15928, 15928
    11320, 11320
    12984, 12984
    11325, 11325
    14704, 14704
    4792, 4792
    13370, 13370
    12662, 12662
    10974, 10974
    2395, 2395
    10828, 10828
    12018, 12018
    7411, 7411
    4551, 4551
    5415, 5415
    11330, 11330
    8261, 8261
    9356, 9356
    2170, 2170
    14702, 14702
    3303, 3303
    11186, 11186
    1263, 1263
    14239, 14239
    185, 185
    15028, 15028
    1943, 1943
    6994, 6994
    8790, 8790
    2378, 2378
    6579, 6579
    10447, 10447
    9259, 9259
    819, 819
    7801, 7801
    7772, 7772
    8835, 8835
    10100, 10100
    10976, 10976
    784, 784
    2523, 2523
    4448, 4448
    14716, 14716
    8473, 8473
    3932, 3932
    7089, 7089
    10001, 10001
    11767, 11767
    2160, 2160
    10402, 10402
    12699, 12699
    7850, 7850
    8707, 8707
    9641, 9641
    340, 340
    11568, 11568
    4028, 4028
    11739, 11739
    2211, 2211
    5742, 5742
    15474, 15474
    5870, 5870
    12413, 12413
    901, 901
    12279, 12279
    10561, 10561
    9955, 9955
    11936, 11936
    15868, 15868
    2935, 2935
    12213, 12213
    5871, 5871
    10255, 10255
    13949, 13949
    1729, 1729
    8953, 8953
    1477, 1477
    4650, 4650
    7680, 7680
    5936, 5936
    7614, 7614
    11381, 11381
    10552, 10552
    6181, 6181
    11716, 11716
    2475, 2475
    11897, 11897
    238, 238
    13078, 13078
    9862, 9862
    12612, 12612
    15466, 15466
    5529, 5529
    11591, 11591
    13470, 13470
    12100, 12100
    11194, 11194
    15151, 15151
    3806, 3806
    13997, 13997
    7396, 7396
    14910, 14910
    12150, 12150
    6073, 6073
    5881, 5881
    7397, 7397
    9810, 9810
    13705, 13705
    15585, 15585
    4818, 4818
    2539, 2539
    12848, 12848
    9134, 9134
    15629, 15629
    9660, 9660
    15630, 15630
    13398, 13398
    1945, 1945
    3666, 3666
    3661, 3661
    8753, 8753
    14335, 14335
    11506, 11506
    12843, 12843
    5747, 5747
    11373, 11373
    10205, 10205
    6400, 6400
    13566, 13566
    13102, 13102
    9524, 9524
    4260, 4260
    3387, 3387
    3753, 3753
    13389, 13389
    5294, 5294
    1956, 1956
    611, 611
    4022, 4022
    4793, 4793
    11147, 11147
    6083, 6083
    2305, 2305
    494, 494
    6490, 6490
    1515, 1515
    15121, 15121
    1834, 1834
    201, 201
    11216, 11216
    14672, 14672
    8349, 8349
    7338, 7338
    11626, 11626
    1876, 1876
    2586, 2586
    12748, 12748
    12039, 12039
    7808, 7808
    12097, 12097
    3473, 3473
    1158, 1158
    3181, 3181
    8635, 8635
    561, 561
    5959, 5959
    7480, 7480
    7780, 7780
    1076, 1076
    5813, 5813
    15143, 15143
    14856, 14856
    10914, 10914
    15510, 15510
    11412, 11412
    5433, 5433
    11457, 11457
    258, 258
    3237, 3237
    3058, 3058
    4370, 4370
    9610, 9610
    10109, 10109
    2867, 2867
    9466, 9466
    8123, 8123
    14260, 14260
    10982, 10982
    9250, 9250
    13107, 13107
    10134, 10134
    14307, 14307
    5106, 5106
    15048, 15048
    3124, 3124
    1413, 1413
    2285, 2285
    1431, 1431
    1826, 1826
    1903, 1903
    3963, 3963
    629, 629
    11007, 11007
    13351, 13351
    1725, 1725
    2499, 2499
    1855, 1855
    8377, 8377
    267, 267
    1972, 1972
    3431, 3431
    11317, 11317
    14517, 14517
    14433, 14433
    2005, 2005
    12245, 12245
    13137, 13137
    15862, 15862
    15341, 15341
    12513, 12513
    6656, 6656
    2517, 2517
    7703, 7703
    5207, 5207
    1466, 1466
    13460, 13460
    12974, 12974
    11875, 11875
    174, 174
    10147, 10147
    6932, 6932
    4185, 4185
    11035, 11035
    7530, 7530
    4712, 4712
    14540, 14540
    8393, 8393
    12489, 12489
    6050, 6050
    7172, 7172
    2700, 2700
    6888, 6888
    460, 460
    12789, 12789
    1529, 1529
    8662, 8662
    13746, 13746
    7312, 7312
    3905, 3905
    13175, 13175
    12606, 12606
    7141, 7141
    15893, 15893
    6288, 6288
    120, 120
    11485, 11485
    15492, 15492
    12255, 12255
    9801, 9801
    9074, 9074
    217, 217
    608, 608
    10022, 10022
    13639, 13639
    2482, 2482
    12723, 12723
    11850, 11850
    5378, 5378
    13627, 13627
    6873, 6873
    3342, 3342
    15287, 15287
    13062, 13062
    12073, 12073
    2801, 2801
    14553, 14553
    15697, 15697
    11425, 11425
    9760, 9760
    4848, 4848
    2371, 2371
    2078, 2078
    12017, 12017
    8177, 8177
    1847, 1847
    5427, 5427
    5366, 5366
    7573, 7573
    12519, 12519
    10466, 10466
    12369, 12369
    9256, 9256
    11308, 11308
    2049, 2049
    5688, 5688
    14088, 14088
    13105, 13105
    10763, 10763
    11181, 11181
    7066, 7066
    4741, 4741
    5331, 5331
    8049, 8049
    7935, 7935
    10298, 10298
    4335, 4335
    8775, 8775
    2567, 2567
    8433, 8433
    9756, 9756
    8989, 8989
    1989, 1989
    8008, 8008
    11913, 11913
    5438, 5438
    13644, 13644
    11814, 11814
    3973, 3973
    12664, 12664
    3695, 3695
    12304, 12304
    8285, 8285
    12639, 12639
    265, 265
    14962, 14962
    6868, 6868
    3743, 3743
    80, 80
    11586, 11586
    6952, 6952
    12795, 12795
    10795, 10795
    13515, 13515
    10140, 10140
    6539, 6539
    2537, 2537
    3553, 3553
    13455, 13455
    12821, 12821
    11001, 11001
    8616, 8616
    9097, 9097
    9077, 9077
    11721, 11721
    6816, 6816
    12853, 12853
    7415, 7415
    9007, 9007
    12033, 12033
    10670, 10670
    10729, 10729
    2360, 2360
    8891, 8891
    5794, 5794
    9141, 9141
    8206, 8206
    12925, 12925
    8964, 8964
    211, 211
    712, 712
    9353, 9353
    15412, 15412
    3713, 3713
    14381, 14381
    13964, 13964
    14017, 14017
    9854, 9854
    3348, 3348
    5506, 5506
    13826, 13826
    13783, 13783
    8020, 8020
    12597, 12597
    14574, 14574
    4548, 4548
    2461, 2461
    13251, 13251
    4930, 4930
    11637, 11637
    15774, 15774
    912, 912
    6835, 6835
    5467, 5467
    5017, 5017
    6065, 6065
    8720, 8720
    9576, 9576
    12023, 12023
    12818, 12818
    385, 385
    14871, 14871
    15431, 15431
    13411, 13411
    1991, 1991
    11569, 11569
    8286, 8286
    10363, 10363
    433, 433
    7961, 7961
    7343, 7343
    7528, 7528
    10257, 10257
    11765, 11765
    6359, 6359
    4809, 4809
    11955, 11955
    9026, 9026
    11998, 11998
    8770, 8770
    5906, 5906
    2480, 2480
    5644, 5644
    430, 430
    9462, 9462
    1923, 1923
    924, 924
    3693, 3693
    5722, 5722
    15304, 15304
    10760, 10760
    13828, 13828
    2864, 2864
    9746, 9746
    5853, 5853
    15627, 15627
    7770, 7770
    15672, 15672
    3576, 3576
    8901, 8901
    8221, 8221
    6712, 6712
    6653, 6653
    8126, 8126
    8112, 8112
    8621, 8621
    7124, 7124
    4598, 4598
    12230, 12230
    7939, 7939
    14030, 14030
    14805, 14805
    466, 466
    10206, 10206
    4245, 4245
    6713, 6713
    13561, 13561
    10915, 10915
    9995, 9995
    8073, 8073
    4307, 4307
    10270, 10270
    10613, 10613
    14648, 14648
    411, 411
    5393, 5393
    14171, 14171
    701, 701
    3615, 3615
    13991, 13991
    234, 234
    414, 414
    15748, 15748
    15917, 15917
    14912, 14912
    285, 285
    6977, 6977
    9897, 9897
    1381, 1381
    9083, 9083
    1179, 1179
    276, 276
    15194, 15194
    14178, 14178
    12356, 12356
    4836, 4836
    8478, 8478
    8258, 8258
    15902, 15902
    11500, 11500
    8845, 8845
    8755, 8755
    14723, 14723
    8104, 8104
    12130, 12130
    256, 256
    5428, 5428
    12324, 12324
    12614, 12614
    467, 467
    12754, 12754
    10461, 10461
    15029, 15029
    882, 882
    9836, 9836
    14064, 14064
    14022, 14022
    11300, 11300
    15108, 15108
    13385, 13385
    13281, 13281
    11697, 11697
    5499, 5499
    10212, 10212
    11137, 11137
    10936, 10936
    921, 921
    15377, 15377
    3904, 3904
    5315, 5315
    10312, 10312
    3030, 3030
    9706, 9706
    14786, 14786
    8512, 8512
    5404, 5404
    12537, 12537
    12392, 12392
    7889, 7889
    12287, 12287
    7990, 7990
    3866, 3866
    3978, 3978
    12180, 12180
    10784, 10784
    13793, 13793
    366, 366
    3965, 3965
    6698, 6698
    5411, 5411
    13941, 13941
    9943, 9943
    3509, 3509
    8064, 8064
    302, 302
    1553, 1553
    1020, 1020
    5149, 5149
    2883, 2883
    12524, 12524
    4636, 4636
    9164, 9164
    1944, 1944
    8047, 8047
    15317, 15317
    6150, 6150
    1801, 1801
    11611, 11611
    11836, 11836
    3103, 3103
    12917, 12917
    14689, 14689
    4965, 4965
    665, 665
    448, 448
    7821, 7821
    1483, 1483
    3165, 3165
    11714, 11714
    4601, 4601
    1340, 1340
    9194, 9194
    4025, 4025
    14008, 14008
    12543, 12543
    8679, 8679
    7702, 7702
    14666, 14666
    12368, 12368
    5184, 5184
    1083, 1083
    4490, 4490
    15561, 15561
    2742, 2742
    5515, 5515
    11301, 11301
    11678, 11678
    15059, 15059
    7429, 7429
    1975, 1975
    6700, 6700
    10601, 10601
    3454, 3454
    1878, 1878
    4695, 4695
    7594, 7594
    14271, 14271
    12775, 12775
    4169, 4169
    13583, 13583
    8652, 8652
    4488, 4488
    13921, 13921
    3857, 3857
    822, 822
    9899, 9899
    6204, 6204
    427, 427
    527, 527
    6234, 6234
    7804, 7804
    12243, 12243
    152, 152
    4690, 4690
    5992, 5992
    10877, 10877
    3567, 3567
    8000, 8000
    12354, 12354
    1578, 1578
    12421, 12421
    9009, 9009
    14412, 14412
    15205, 15205
    10474, 10474
    10546, 10546
    6483, 6483
    140, 140
    10925, 10925
    8929, 8929
    8521, 8521
    11748, 11748
    11342, 11342
    11976, 11976
    6833, 6833
    1024, 1024
    5179, 5179
    12883, 12883
    584, 584
    10759, 10759
    11119, 11119
    9869, 9869
    9085, 9085
    15960, 15960
    15428, 15428
    2865, 2865
    14274, 14274
    1329, 1329
    3269, 3269
    6576, 6576
    15135, 15135
    9276, 9276
    5372, 5372
    1833, 1833
    5323, 5323
    6691, 6691
    673, 673
    2084, 2084
    13145, 13145
    15712, 15712
    4320, 4320
    4973, 4973
    10931, 10931
    6909, 6909
    14673, 14673
    10410, 10410
    4614, 4614
    8507, 8507
    9126, 9126
    5761, 5761
    1633, 1633
    3646, 3646
    11440, 11440
    1766, 1766
    9092, 9092
    6640, 6640
    14655, 14655
    1525, 1525
    7996, 7996
    1185, 1185
    5413, 5413
    879, 879
    7893, 7893
    1315, 1315
    1914, 1914
    2939, 2939
    10564, 10564
    2233, 2233
    7156, 7156
    12326, 12326
    6005, 6005
    3406, 3406
    1276, 1276
    4041, 4041
    1892, 1892
    5535, 5535
    10343, 10343
    2365, 2365
    14386, 14386
    6190, 6190
    6559, 6559
    12423, 12423
    10576, 10576
    387, 387
    15827, 15827
    12132, 12132
    9555, 9555
    3846, 3846
    4099, 4099
    7004, 7004
    12863, 12863
    9243, 9243
    10117, 10117
    7011, 7011
    14283, 14283
    15916, 15916
    7904, 7904
    13099, 13099
    3365, 3365
    12806, 12806
    9317, 9317
    14032, 14032
    3771, 3771
    15013, 15013
    14174, 14174
    168, 168
    6646, 6646
    13203, 13203
    7679, 7679
    8522, 8522
    4841, 4841
    13543, 13543
    12881, 12881
    14785, 14785
    9213, 9213
    15819, 15819
    9351, 9351
    10607, 10607
    10516, 10516
    13188, 13188
    1485, 1485
    9947, 9947
    1791, 1791
    2614, 2614
    56, 56
    11840, 11840
    11404, 11404
    10203, 10203
    2167, 2167
    10626, 10626
    14914, 14914
    10912, 10912
    2792, 2792
    12365, 12365
    14422, 14422
    10955, 10955
    15345, 15345
    12079, 12079
    13942, 13942
    3604, 3604
    5027, 5027
    10732, 10732
    15486, 15486
    9649, 9649
    12897, 12897
    9040, 9040
    4593, 4593
    8143, 8143
    8217, 8217
    1841, 1841
    237, 237
    11481, 11481
    7005, 7005
    4189, 4189
    2152, 2152
    1039, 1039
    1589, 1589
    3993, 3993
    10395, 10395
    3011, 3011
    7215, 7215
    10263, 10263
    7907, 7907
    5579, 5579
    12520, 12520
    290, 290
    1702, 1702
    522, 522
    4116, 4116
    5365, 5365
    6790, 6790
    6154, 6154
    5449, 5449
    14604, 14604
    14037, 14037
    7331, 7331
    4212, 4212
    15196, 15196
    15847, 15847
    154, 154
    101, 101
    7204, 7204
    3633, 3633
    4970, 4970
    5457, 5457
    2195, 2195
    13813, 13813
    11962, 11962
    4216, 4216
    15528, 15528
    14023, 14023
    12261, 12261
    14953, 14953
    11275, 11275
    9174, 9174
    13157, 13157
    798, 798
    7724, 7724
    11321, 11321
    14101, 14101
    874, 874
    13805, 13805
    13693, 13693
    3539, 3539
    5911, 5911
    292, 292
    14895, 14895
    862, 862
    3660, 3660
    1782, 1782
    10282, 10282
    10507, 10507
    11307, 11307
    10907, 10907
    15456, 15456
    9396, 9396
    11660, 11660
    11292, 11292
    510, 510
    8069, 8069
    8900, 8900
    7144, 7144
    8887, 8887
    3841, 3841
    834, 834
    8554, 8554
    13806, 13806
    6124, 6124
    9782, 9782
    15470, 15470
    9372, 9372
    12174, 12174
    14586, 14586
    11165, 11165
    12814, 12814
    13981, 13981
    14885, 14885
    3026, 3026
    3962, 3962
    8141, 8141
    5095, 5095
    2490, 2490
    410, 410
    9876, 9876
    14615, 14615
    2989, 2989
    15440, 15440
    4420, 4420
    13275, 13275
    11197, 11197
    8293, 8293
    7749, 7749
    2255, 2255
    9393, 9393
    9574, 9574
    8859, 8859
    1452, 1452
    4007, 4007
    3224, 3224
    11741, 11741
    6935, 6935
    2322, 2322
    8232, 8232
    15030, 15030
    15476, 15476
    12098, 12098
    2859, 2859
    2522, 2522
    5146, 5146
    7609, 7609
    12865, 12865
    15661, 15661
    5656, 5656
    13960, 13960
    541, 541
    10305, 10305
    15832, 15832
    4154, 4154
    11573, 11573
    4533, 4533
    9274, 9274
    2259, 2259
    4656, 4656
    5838, 5838
    12822, 12822
    1919, 1919
    9015, 9015
    1562, 1562
    12302, 12302
    9438, 9438
    9887, 9887
    3004, 3004
    2107, 2107
    3383, 3383
    10898, 10898
    1970, 1970
    12020, 12020
    15993, 15993
    797, 797
    7198, 7198
    269, 269
    1620, 1620
    9622, 9622
    2358, 2358
    5903, 5903
    4445, 4445
    5154, 5154
    5417, 5417
    14364, 14364
    11881, 11881
    8375, 8375
    3893, 3893
    13744, 13744
    10158, 10158
    9299, 9299
    7571, 7571
    12791, 12791
    5508, 5508
    7911, 7911
    939, 939
    3828, 3828
    14235, 14235
    14496, 14496
    5955, 5955
    11799, 11799
    4759, 4759
    3032, 3032
    11612, 11612
    543, 543
    2059, 2059
    12031, 12031
    11469, 11469
    12904, 12904
    325, 325
    6235, 6235
    3917, 3917
    440, 440
    12745, 12745
    10294, 10294
    13046, 13046
    12958, 12958
    9200, 9200
    11026, 11026
    13835, 13835
    84, 84
    15386, 15386
    15022, 15022
    3340, 3340
    8629, 8629
    12581, 12581
    14299, 14299
    7250, 7250
    14454, 14454
    7206, 7206
    3445, 3445
    9316, 9316
    9343, 9343
    10439, 10439
    3346, 3346
    9361, 9361
    8307, 8307
    5319, 5319
    3027, 3027
    13233, 13233
    7484, 7484
    6605, 6605
    11521, 11521
    11012, 11012
    9490, 9490
    7695, 7695
    9190, 9190
    1151, 1151
    2911, 2911
    14439, 14439
    599, 599
    3379, 3379
    942, 942
    2074, 2074
    11152, 11152
    14812, 14812
    1609, 1609
    5873, 5873
    1569, 1569
    12129, 12129
    8058, 8058
    418, 418
    10310, 10310
    4459, 4459
    8875, 8875
    491, 491
    1721, 1721
    8723, 8723
    9100, 9100
    15568, 15568
    9170, 9170
    15489, 15489
    7346, 7346
    2036, 2036
    13660, 13660
    10739, 10739
    6163, 6163
    7994, 7994
    6857, 6857
    5147, 5147
    3113, 3113
    6164, 6164
    10092, 10092
    777, 777
    828, 828
    8094, 8094
    3864, 3864
    1906, 1906
    1252, 1252
    8883, 8883
    15044, 15044
    5034, 5034
    12875, 12875
    182, 182
    12090, 12090
    7865, 7865
    10178, 10178
    12312, 12312
    14868, 14868
    4800, 4800
    2054, 2054
    871, 871
    9245, 9245
    15854, 15854
    11821, 11821
    11277, 11277
    15018, 15018
    13696, 13696
    6798, 6798
    12532, 12532
    791, 791
    3987, 3987
    9197, 9197
    13650, 13650
    13162, 13162
    5745, 5745
    6037, 6037
    4791, 4791
    8932, 8932
    9224, 9224
    178, 178
    15053, 15053
    7621, 7621
    11622, 11622
    5125, 5125
    13349, 13349
    4509, 4509
    4145, 4145
    4014, 4014
    14831, 14831
    8313, 8313
    9450, 9450
    13172, 13172
    13500, 13500
    15517, 15517
    3276, 3276
    13033, 13033
    1526, 1526
    5828, 5828
    9397, 9397
    5322, 5322
    2026, 2026
    11639, 11639
    10430, 10430
    4617, 4617
    359, 359
    8984, 8984
    15641, 15641
    3366, 3366
    3343, 3343
    5567, 5567
    8778, 8778
    9323, 9323
    1752, 1752
    7009, 7009
    35, 35
    89, 89
    3083, 3083
    15268, 15268
    4127, 4127
    12610, 12610
    3057, 3057
    12660, 12660
    8956, 8956
    3768, 3768
    15719, 15719
    9820, 9820
    2367, 2367
    9817, 9817
    2135, 2135
    1015, 1015
    10385, 10385
    1356, 1356
    14686, 14686
    3001, 3001
    5954, 5954
    2725, 2725
    10501, 10501
    4056, 4056
    6719, 6719
    14685, 14685
    6716, 6716
    860, 860
    14767, 14767
    2265, 2265
    6808, 6808
    10250, 10250
    14937, 14937
    14902, 14902
    13438, 13438
    2925, 2925
    13675, 13675
    1674, 1674
    1935, 1935
    2540, 2540
    15197, 15197
    7288, 7288
    10802, 10802
    5628, 5628
    12975, 12975
    15243, 15243
    771, 771
    15597, 15597
    13299, 13299
    13983, 13983
    15126, 15126
    8161, 8161
    213, 213
    4049, 4049
    11751, 11751
    14073, 14073
    2799, 2799
    7223, 7223
    8019, 8019
    4596, 4596
    837, 837
    9526, 9526
    10221, 10221
    8935, 8935
    13091, 13091
    4776, 4776
    14882, 14882
    8203, 8203
    1288, 1288
    360, 360
    7881, 7881
    8105, 8105
    9335, 9335
    4787, 4787
    5708, 5708
    15063, 15063
    12772, 12772
    15089, 15089
    9175, 9175
    242, 242
    8344, 8344
    12731, 12731
    564, 564
    2993, 2993
    4730, 4730
    426, 426
    13080, 13080
    8642, 8642
    8886, 8886
    5163, 5163
    6601, 6601
    1557, 1557
    12364, 12364
    14722, 14722
    9527, 9527
    5069, 5069
    6902, 6902
    720, 720
    6317, 6317
    13242, 13242
    2778, 2778
    13770, 13770
    15631, 15631
    2080, 2080
    4801, 4801
    9400, 9400
    9832, 9832
    1386, 1386
    4311, 4311
    10286, 10286
    6841, 6841
    2668, 2668
    11358, 11358
    7477, 7477
    4638, 4638
    12394, 12394
    2783, 2783
    6388, 6388
    627, 627
    11080, 11080
    3195, 3195
    5770, 5770
    14444, 14444
    5016, 5016
    10281, 10281
    9265, 9265
    3998, 3998
    5859, 5859
    1889, 1889
    2661, 2661
    15589, 15589
    10500, 10500
    13760, 13760
    1495, 1495
    1760, 1760
    7348, 7348
    8389, 8389
    3207, 3207
    15173, 15173
    13244, 13244
    6889, 6889
    4735, 4735
    6236, 6236
    13861, 13861
    12305, 12305
    2294, 2294
    13837, 13837
    508, 508
    11410, 11410
    134, 134
    13239, 13239
    1318, 1318
    5603, 5603
    6358, 6358
    14067, 14067
    1143, 1143
    12705, 12705
    2599, 2599
    1348, 1348
    6151, 6151
    14246, 14246
    3873, 3873
    5003, 5003
    14651, 14651
    15228, 15228
    14533, 14533
    3906, 3906
    6859, 6859
    12470, 12470
    8196, 8196
    7762, 7762
    4763, 4763
    7268, 7268
    10483, 10483
    3123, 3123
    13753, 13753
    3804, 3804
    10854, 10854
    5335, 5335
    10051, 10051
    12615, 12615
    3985, 3985
    2308, 2308
    14841, 14841
    3375, 3375
    473, 473
    173, 173
    11456, 11456
    15062, 15062
    4258, 4258
    7739, 7739
    2394, 2394
    14633, 14633
    7476, 7476
    6203, 6203
    3489, 3489
    1803, 1803
    10462, 10462
    3496, 3496
    5558, 5558
    2277, 2277
    8108, 8108
    3128, 3128
    9233, 9233
    10791, 10791
    8743, 8743
    5494, 5494
    2248, 2248
    13086, 13086
    15524, 15524
    5334, 5334
    10005, 10005
    14276, 14276
    1531, 1531
    4087, 4087
    5689, 5689
    13058, 13058
    7884, 7884
    12992, 12992
    11696, 11696
    12321, 12321
    4012, 4012
    4582, 4582
    1206, 1206
    1160, 1160
    8188, 8188
    3231, 3231
    9312, 9312
    7359, 7359
    9910, 9910
    3232, 3232
    8029, 8029
    9437, 9437
    4477, 4477
    5478, 5478
    12549, 12549
    15689, 15689
    11563, 11563
    5447, 5447
    2707, 2707
    279, 279
    4810, 4810
    9818, 9818
    4414, 4414
    1514, 1514
    6895, 6895
    2757, 2757
    12943, 12943
    12517, 12517
    10269, 10269
    8127, 8127
    9755, 9755
    11614, 11614
    11475, 11475
    7325, 7325
    1828, 1828
    13935, 13935
    13213, 13213
    574, 574
    7154, 7154
    9288, 9288
    14006, 14006
    15564, 15564
    2014, 2014
    15300, 15300
    12158, 12158
    10039, 10039
    14739, 14739
    6141, 6141
    10751, 10751
    3405, 3405
    4413, 4413
    8119, 8119
    14300, 14300
    15530, 15530
    9016, 9016
    14345, 14345
    2722, 2722
    10201, 10201
    1548, 1548
    6676, 6676
    1332, 1332
    8825, 8825
    5715, 5715
    9099, 9099
    5591, 5591
    14945, 14945
    4685, 4685
    1668, 1668
    1244, 1244
    13484, 13484
    15750, 15750
    9875, 9875
    634, 634
    8882, 8882
    14728, 14728
    11433, 11433
    1613, 1613
    6616, 6616
    10111, 10111
    2821, 2821
    3543, 3543
    7723, 7723
    14097, 14097
    10496, 10496
    197, 197
    12681, 12681
    8257, 8257
    15725, 15725
    3843, 3843
    4669, 4669
    10792, 10792
    2291, 2291
    6089, 6089
    7395, 7395
    5771, 5771
    7330, 7330
    8992, 8992
    9826, 9826
    7687, 7687
    5845, 5845
    3793, 3793
    14941, 14941
    9758, 9758
    2113, 2113
    14678, 14678
    12442, 12442
    2303, 2303
    2293, 2293
    9730, 9730
    12663, 12663
    9763, 9763
    4298, 4298
    6783, 6783
    981, 981
    1971, 1971
    3230, 3230
    11542, 11542
    14184, 14184
    11629, 11629
    15118, 15118
    1587, 1587
    1753, 1753
    241, 241
    3091, 3091
    14570, 14570
    6542, 6542
    10455, 10455
    8754, 8754
    14681, 14681
    3520, 3520
    10657, 10657
    2485, 2485
    9028, 9028
    6228, 6228
    14350, 14350
    5872, 5872
    289, 289
    14093, 14093
    2694, 2694
    593, 593
    11572, 11572
    3226, 3226
    13084, 13084
    12110, 12110
    5108, 5108
    10878, 10878
    4019, 4019
    4705, 4705
    11202, 11202
    6433, 6433
    7504, 7504
    6658, 6658
    2249, 2249
    6436, 6436
    10901, 10901
    4443, 4443
    5434, 5434
    12134, 12134
    6242, 6242
    13664, 13664
    6173, 6173
    8893, 8893
    9302, 9302
    11491, 11491
    12508, 12508
    9346, 9346
    3611, 3611
    11105, 11105
    1153, 1153
    4976, 4976
    14855, 14855
    7305, 7305
    5698, 5698
    13487, 13487
    13316, 13316
    12486, 12486
    15099, 15099
    9575, 9575
    8099, 8099
    4610, 4610
    9062, 9062
    10314, 10314
    2120, 2120
    15635, 15635
    11341, 11341
    1727, 1727
    552, 552
    7378, 7378
    3080, 3080
    2806, 2806
    6518, 6518
    4795, 4795
    6898, 6898
    13912, 13912
    910, 910
    11236, 11236
    7432, 7432
    6094, 6094
    6920, 6920
    1048, 1048
    10087, 10087
    8748, 8748
    14269, 14269
    150, 150
    10608, 10608
    11304, 11304
    10475, 10475
    14606, 14606
    9455, 9455
    11867, 11867
    10656, 10656
    12188, 12188
    14265, 14265
    960, 960
    12839, 12839
    2408, 2408
    4774, 4774
    13596, 13596
    5066, 5066
    7531, 7531
    13825, 13825
    9513, 9513
    13121, 13121
    5821, 5821
    6758, 6758
    12528, 12528
    15897, 15897
    2773, 2773
    3872, 3872
    3299, 3299
    4625, 4625
    5776, 5776
    13346, 13346
    1844, 1844
    11339, 11339
    3427, 3427
    8487, 8487
    7309, 7309
    14579, 14579
    12028, 12028
    14499, 14499
    13702, 13702
    11188, 11188
    3173, 3173
    9180, 9180
    5964, 5964
    808, 808
    9066, 9066
    652, 652
    4460, 4460
    556, 556
    10712, 10712
    3413, 3413
    12013, 12013
    662, 662
    3670, 3670
    11101, 11101
    8146, 8146
    15853, 15853
    7471, 7471
    11643, 11643
    15951, 15951
    10957, 10957
    2386, 2386
    15933, 15933
    4520, 4520
    1041, 1041
    6627, 6627
    11327, 11327
    2693, 2693
    6739, 6739
    9248, 9248
    12812, 12812
    8370, 8370
    2721, 2721
    6861, 6861
    10616, 10616
    2924, 2924
    546, 546
    10108, 10108
    12053, 12053
    11525, 11525
    747, 747
    8501, 8501
    11234, 11234
    7282, 7282
    6677, 6677
    3971, 3971
    7765, 7765
    5773, 5773
    2067, 2067
    14836, 14836
    13629, 13629
    1959, 1959
    14711, 14711
    6291, 6291
    9065, 9065
    9262, 9262
    5132, 5132
    8620, 8620
    8295, 8295
    12514, 12514
    6130, 6130
    11738, 11738
    13545, 13545
    8612, 8612
    2317, 2317
    15246, 15246
    11838, 11838
    12246, 12246
    7291, 7291
    8786, 8786
    8841, 8841
    8856, 8856
    12022, 12022
    14144, 14144
    13853, 13853
    1896, 1896
    14387, 14387
    9296, 9296
    10609, 10609
    9352, 9352
    1710, 1710
    11034, 11034
    7761, 7761
    2981, 2981
    10835, 10835
    9806, 9806
    4550, 4550
    14408, 14408
    15843, 15843
    11356, 11356
    1323, 1323
    6051, 6051
    7984, 7984
    12562, 12562
    11934, 11934
    2666, 2666
    8299, 8299
    3941, 3941
    8788, 8788
    10585, 10585
    3725, 3725
    13757, 13757
    649, 649
    7469, 7469
    2645, 2645
    10962, 10962
    1846, 1846
    11989, 11989
    7439, 7439
    7139, 7139
    10, 10
    11417, 11417
    9795, 9795
    9502, 9502
    9474, 9474
    6062, 6062
    9925, 9925
    11545, 11545
    5398, 5398
    2659, 2659
    3914, 3914
    9620, 9620
    14503, 14503
    8904, 8904
    14787, 14787
    1116, 1116
    10817, 10817
    1576, 1576
    8253, 8253
    5033, 5033
    6412, 6412
    281, 281
    6966, 6966
    14189, 14189
    10357, 10357
    12541, 12541
    11448, 11448
    12793, 12793
    9106, 9106
    1907, 1907
    2559, 2559
    5110, 5110
    14149, 14149
    6162, 6162
    14418, 14418
    4960, 4960
    13519, 13519
    15215, 15215
    15688, 15688
    9300, 9300
    4263, 4263
    15686, 15686
    13966, 13966
    12510, 12510
    11698, 11698
    5383, 5383
    3972, 3972
    10721, 10721
    5551, 5551
    4055, 4055
    12685, 12685
    7720, 7720
    6732, 6732
    3724, 3724
    16, 16
    781, 781
    15185, 15185
    6823, 6823
    5167, 5167
    3976, 3976
    12403, 12403
    12785, 12785
    7566, 7566
    2699, 2699
    3395, 3395
    15427, 15427
    13521, 13521
    10471, 10471
    4280, 4280
    14726, 14726
    7077, 7077
    3444, 3444
    5456, 5456
    6849, 6849
    904, 904
    13440, 13440
    4659, 4659
    734, 734
    6155, 6155
    9282, 9282
    2684, 2684
    2724, 2724
    859, 859
    6295, 6295
    5518, 5518
    5887, 5887
    13673, 13673
    4931, 4931
    1394, 1394
    15132, 15132
    5552, 5552
    4945, 4945
    2244, 2244
    15347, 15347
    4747, 4747
    5762, 5762
    7576, 7576
    1217, 1217
    1728, 1728
    12171, 12171
    7339, 7339
    13624, 13624
    4336, 4336
    11380, 11380
    8207, 8207
    2971, 2971
    15414, 15414
    2908, 2908
    14388, 14388
    7852, 7852
    14143, 14143
    4193, 4193
    4845, 4845
    5388, 5388
    341, 341
    15762, 15762
    1438, 1438
    9877, 9877
    5526, 5526
    659, 659
}
