R(a, b) = {
    2314, 2314
    3128, 3128
    1211, 1211
    666, 666
    1266, 1266
    1627, 1627
    2831, 2831
    2975, 2975
    3163, 3163
    2836, 2836
    2967, 2967
    2585, 2585
    1291, 1291
    621, 621
    3825, 3825
    2794, 2794
    61, 61
    195, 195
    1001, 1001
    3722, 3722
    1132, 1132
    997, 997
    3708, 3708
    2564, 2564
    1816, 1816
    2363, 2363
    877, 877
    732, 732
    2010, 2010
    1566, 1566
    3625, 3625
    1529, 1529
    1659, 1659
    872, 872
    3504, 3504
    85, 85
    870, 870
    1171, 1171
    668, 668
    2584, 2584
    396, 396
    2418, 2418
    3888, 3888
    3941, 3941
    3197, 3197
    3572, 3572
    1614, 1614
    3868, 3868
    2631, 2631
    2274, 2274
    1103, 1103
    865, 865
    68, 68
    351, 351
    3044, 3044
    2092, 2092
    1377, 1377
    3052, 3052
    3115, 3115
    190, 190
    600, 600
    3445, 3445
    3995, 3995
    2372, 2372
    3645, 3645
    3345, 3345
    1151, 1151
    3130, 3130
    2235, 2235
    2127, 2127
    2643, 2643
    1005, 1005
    2592, 2592
    1282, 1282
    1789, 1789
    506, 506
    298, 298
    3493, 3493
    2765, 2765
    3377, 3377
    1494, 1494
    391, 391
    348, 348
    1231, 1231
    1976, 1976
    1846, 1846
    3559, 3559
    3519, 3519
    2696, 2696
    2221, 2221
    3425, 3425
    560, 560
    3813, 3813
    1210, 1210
    2898, 2898
    2474, 2474
    3608, 3608
    1350, 1350
    2648, 2648
    1475, 1475
    1582, 1582
    1327, 1327
    2791, 2791
    2746, 2746
    1648, 1648
    1500, 1500
    930, 930
    1797, 1797
    2835, 2835
    433, 433
    1507, 1507
    2676, 2676
    823, 823
    3523, 3523
    207, 207
    1775, 1775
    2144, 2144
    447, 447
    2163, 2163
    389, 389
    2310, 2310
    1437, 1437
    3511, 3511
    595, 595
    2503, 2503
    3172, 3172
    3111, 3111
    1221, 1221
    941, 941
    2963, 2963
    462, 462
    1484, 1484
    1397, 1397
    961, 961
    2325, 2325
    3801, 3801
    1395, 1395
    2635, 2635
    2161, 2161
    2504, 2504
    22, 22
    2849, 2849
    866, 866
    2058, 2058
    2361, 2361
    2377, 2377
    697, 697
    3365, 3365
    3770, 3770
    3137, 3137
    1279, 1279
    3198, 3198
    3012, 3012
    3731, 3731
    622, 622
    2949, 2949
    1764, 1764
    357, 357
    3998, 3998
    2198, 2198
    559, 559
    1872, 1872
    3618, 3618
    3443, 3443
    270, 270
    1980, 1980
    2469, 2469
    3084, 3084
    3175, 3175
    1561, 1561
    1888, 1888
    1084, 1084
    544, 544
    1030, 1030
    3989, 3989
    873, 873
    920, 920
    868, 868
    2024, 2024
    1071, 1071
    2204, 2204
    2173, 2173
    2797, 2797
    422, 422
    3067, 3067
    398, 398
    2728, 2728
    516, 516
    3902, 3902
    2197, 2197
    1904, 1904
    3554, 3554
    3265, 3265
    3476, 3476
    94, 94
    1062, 1062
    1726, 1726
    2822, 2822
    306, 306
    3226, 3226
    2079, 2079
    305, 305
    1854, 1854
    2256, 2256
    2624, 2624
    2086, 2086
    1551, 1551
    2725, 2725
    3348, 3348
    1370, 1370
    25, 25
    1267, 1267
    1341, 1341
    500, 500
    2390, 2390
    2191, 2191
    2177, 2177
    222, 222
    2183, 2183
    1115, 1115
    2792, 2792
    3836, 3836
    2578, 2578
    2344, 2344
    1801, 1801
    437, 437
    2986, 2986
    1559, 1559
    3594, 3594
    175, 175
    1599, 1599
    1537, 1537
    3064, 3064
    1640, 1640
    3077, 3077
    1237, 1237
    2355, 2355
    1182, 1182
    252, 252
    1209, 1209
    1815, 1815
    517, 517
    418, 418
    869, 869
    276, 276
    623, 623
    1163, 1163
    53, 53
    1656, 1656
    3251, 3251
    860, 860
    2944, 2944
    3939, 3939
    2958, 2958
    499, 499
    1172, 1172
    3178, 3178
    3870, 3870
    3304, 3304
    1730, 1730
    2519, 2519
    1949, 1949
    3893, 3893
    2396, 2396
    364, 364
    2368, 2368
    1044, 1044
    2683, 2683
    2179, 2179
    1008, 1008
    455, 455
    3193, 3193
    3896, 3896
    3454, 3454
    2222, 2222
    3169, 3169
    2572, 2572
    3900, 3900
    1604, 1604
    754, 754
    2825, 2825
    527, 527
    2093, 2093
    878, 878
    2393, 2393
    1422, 1422
    3501, 3501
    1501, 1501
    2467, 2467
    3159, 3159
    1580, 1580
    676, 676
    2131, 2131
    3087, 3087
    2834, 2834
    615, 615
    1771, 1771
    2548, 2548
    1947, 1947
    183, 183
    3332, 3332
    1415, 1415
    3878, 3878
    1741, 1741
    1054, 1054
    1679, 1679
    2118, 2118
    2973, 2973
    569, 569
    1831, 1831
    1461, 1461
    2369, 2369
    3196, 3196
    2521, 2521
    2848, 2848
    3157, 3157
    3447, 3447
    773, 773
    1554, 1554
    2960, 2960
    2895, 2895
    2999, 2999
    2513, 2513
    2272, 2272
    248, 248
    101, 101
    492, 492
    423, 423
    947, 947
    2694, 2694
    3325, 3325
    720, 720
    3053, 3053
    2301, 2301
    1638, 1638
    1336, 1336
    3469, 3469
    547, 547
    1654, 1654
    2682, 2682
    545, 545
    1759, 1759
    2690, 2690
    229, 229
    875, 875
    3482, 3482
    3131, 3131
    2840, 2840
    74, 74
    3496, 3496
    1890, 1890
    3029, 3029
    134, 134
    1539, 1539
    1690, 1690
    936, 936
    1560, 1560
    3185, 3185
    3957, 3957
    3167, 3167
    152, 152
    2915, 2915
    1367, 1367
    1176, 1176
    819, 819
    1649, 1649
    863, 863
    3693, 3693
    2668, 2668
    3805, 3805
    1863, 1863
    1851, 1851
    1101, 1101
    593, 593
    603, 603
    1216, 1216
    1181, 1181
    1136, 1136
    3194, 3194
    1493, 1493
    126, 126
    438, 438
    369, 369
    2446, 2446
    45, 45
    3986, 3986
    2364, 2364
    611, 611
    1637, 1637
    11, 11
    2838, 2838
    937, 937
    3505, 3505
    656, 656
    2187, 2187
    2514, 2514
    1045, 1045
    2560, 2560
    1625, 1625
    988, 988
    906, 906
    2566, 2566
    2901, 2901
    1704, 1704
    3239, 3239
    2827, 2827
    295, 295
    239, 239
    2428, 2428
    1530, 1530
    1619, 1619
    2500, 2500
    3700, 3700
    3047, 3047
    876, 876
    3945, 3945
    3778, 3778
    3244, 3244
    808, 808
    1025, 1025
    1505, 1505
    3529, 3529
    2700, 2700
    990, 990
    307, 307
    3743, 3743
    3109, 3109
    115, 115
    1861, 1861
    585, 585
    3876, 3876
    332, 332
    3231, 3231
    81, 81
    1712, 1712
    3903, 3903
    3038, 3038
    3309, 3309
    421, 421
    1281, 1281
    2423, 2423
    3218, 3218
    2056, 2056
    2317, 2317
    2283, 2283
    1860, 1860
    3697, 3697
    946, 946
    700, 700
    2972, 2972
    809, 809
    3728, 3728
    3973, 3973
    1793, 1793
    2862, 2862
    301, 301
    1810, 1810
    2669, 2669
    363, 363
    818, 818
    2158, 2158
    3760, 3760
    266, 266
    2231, 2231
    253, 253
    3946, 3946
    1519, 1519
    971, 971
    1825, 1825
    2800, 2800
    1843, 1843
    2806, 2806
    777, 777
    2022, 2022
    1048, 1048
    19, 19
    846, 846
    3832, 3832
    1884, 1884
    918, 918
    3985, 3985
    750, 750
    1758, 1758
    1097, 1097
    1083, 1083
    3783, 3783
    59, 59
    2151, 2151
    522, 522
    3712, 3712
    1848, 1848
    2285, 2285
    729, 729
    3541, 3541
    2141, 2141
    3390, 3390
    3685, 3685
    3435, 3435
    3191, 3191
    3716, 3716
    1476, 1476
    3929, 3929
    2162, 2162
    2843, 2843
    3026, 3026
    933, 933
    3923, 3923
    1389, 1389
    1985, 1985
    1330, 1330
    2407, 2407
    2671, 2671
    434, 434
    2559, 2559
    205, 205
    1347, 1347
    368, 368
    77, 77
    2269, 2269
    2388, 2388
    1188, 1188
    793, 793
    573, 573
    3241, 3241
    634, 634
    986, 986
    1122, 1122
    2340, 2340
    1999, 1999
    2070, 2070
    235, 235
    535, 535
    3484, 3484
    1924, 1924
    1853, 1853
    2037, 2037
    1596, 1596
    2320, 2320
    3413, 3413
    2039, 2039
    1262, 1262
    3510, 3510
    1117, 1117
    1093, 1093
    1161, 1161
    2104, 2104
    2075, 2075
    3122, 3122
    1067, 1067
    2912, 2912
    3494, 3494
    3220, 3220
    3389, 3389
    210, 210
    1966, 1966
    672, 672
    2132, 2132
    482, 482
    3280, 3280
    1891, 1891
    441, 441
    532, 532
    1359, 1359
    2245, 2245
    739, 739
    1038, 1038
    3670, 3670
    703, 703
    503, 503
    2660, 2660
    2190, 2190
    3199, 3199
    217, 217
    2266, 2266
    3810, 3810
    2210, 2210
    1082, 1082
    1823, 1823
    806, 806
    3546, 3546
    762, 762
    3639, 3639
    1558, 1558
    1545, 1545
    717, 717
    124, 124
    910, 910
    955, 955
    3202, 3202
    1535, 1535
    3907, 3907
    3248, 3248
    2250, 2250
    767, 767
    2268, 2268
    1007, 1007
    3730, 3730
    3222, 3222
    3306, 3306
    2761, 2761
    155, 155
    2323, 2323
    2343, 2343
    128, 128
    1959, 1959
    1139, 1139
    3767, 3767
    3132, 3132
    2051, 2051
    2852, 2852
    385, 385
    1514, 1514
    1956, 1956
    1932, 1932
    1371, 1371
    2771, 2771
    1840, 1840
    1276, 1276
    2430, 2430
    432, 432
    2788, 2788
    3281, 3281
    141, 141
    1496, 1496
    2385, 2385
    2538, 2538
    3270, 3270
    1564, 1564
    1112, 1112
    1544, 1544
    3432, 3432
    3350, 3350
    292, 292
    3080, 3080
    289, 289
    1882, 1882
    2679, 2679
    361, 361
    2511, 2511
    501, 501
    358, 358
    102, 102
    2629, 2629
    1675, 1675
    3803, 3803
    1247, 1247
    324, 324
    1439, 1439
    3314, 3314
    859, 859
    1531, 1531
    1379, 1379
    2695, 2695
    1308, 1308
    2640, 2640
    683, 683
    1013, 1013
    1032, 1032
    1946, 1946
    591, 591
    2946, 2946
    2678, 2678
    3238, 3238
    723, 723
    3988, 3988
    2422, 2422
    1473, 1473
    2774, 2774
    914, 914
    1428, 1428
    1223, 1223
    1908, 1908
    359, 359
    2234, 2234
    1584, 1584
    2742, 2742
    186, 186
    853, 853
    139, 139
    3605, 3605
    2040, 2040
    3045, 3045
    3030, 3030
    1170, 1170
    310, 310
    3330, 3330
    1800, 1800
    3715, 3715
    133, 133
    1133, 1133
    2688, 2688
    2976, 2976
    1669, 1669
    162, 162
    3188, 3188
    3626, 3626
    202, 202
    1152, 1152
    2032, 2032
    3550, 3550
    131, 131
    891, 891
    1214, 1214
    1623, 1623
    1499, 1499
    2558, 2558
    1527, 1527
    20, 20
    240, 240
    3260, 3260
    98, 98
    1692, 1692
    1847, 1847
    1644, 1644
    3219, 3219
    675, 675
    17, 17
    2208, 2208
    3891, 3891
    815, 815
    749, 749
    3372, 3372
    1518, 1518
    1448, 1448
    3502, 3502
    1315, 1315
    2956, 2956
    1923, 1923
    316, 316
    448, 448
    3974, 3974
    2734, 2734
    2634, 2634
    3189, 3189
    1119, 1119
    3921, 3921
    3283, 3283
    1906, 1906
    2455, 2455
    3237, 3237
    3701, 3701
    2536, 2536
    3049, 3049
    3745, 3745
    1996, 1996
    705, 705
    3293, 3293
    2316, 2316
    256, 256
    952, 952
    469, 469
    1445, 1445
    1438, 1438
    3509, 3509
    3392, 3392
    196, 196
    1031, 1031
    3010, 3010
    748, 748
    2968, 2968
    416, 416
    3917, 3917
    206, 206
    3571, 3571
    1477, 1477
    399, 399
    3533, 3533
    1776, 1776
    1986, 1986
    553, 553
    1435, 1435
    3144, 3144
    2152, 2152
    3016, 3016
    1098, 1098
    3772, 3772
    3786, 3786
    708, 708
    3075, 3075
    841, 841
    2338, 2338
    976, 976
    1756, 1756
    1795, 1795
    721, 721
    1095, 1095
    2710, 2710
    1333, 1333
    3809, 3809
    1472, 1472
    814, 814
    1609, 1609
    3720, 3720
    3764, 3764
    2047, 2047
    1456, 1456
    1989, 1989
    1228, 1228
    2408, 2408
    466, 466
    1299, 1299
    2192, 2192
    3990, 3990
    2108, 2108
    3408, 3408
    1000, 1000
    3632, 3632
    1183, 1183
    390, 390
    3634, 3634
    2606, 2606
    3576, 3576
    2715, 2715
    1852, 1852
    938, 938
    2930, 2930
    3808, 3808
    2945, 2945
    440, 440
    335, 335
    2515, 2515
    2615, 2615
    452, 452
    2060, 2060
    1921, 1921
    686, 686
    3295, 3295
    3549, 3549
    1738, 1738
    2087, 2087
    1184, 1184
    3894, 3894
    495, 495
    594, 594
    3915, 3915
    1003, 1003
    3649, 3649
    2939, 2939
    2884, 2884
    674, 674
    538, 538
    1757, 1757
    756, 756
    3644, 3644
    3374, 3374
    1321, 1321
    1241, 1241
    2911, 2911
    2646, 2646
    822, 822
    3558, 3558
    1108, 1108
    2237, 2237
    3021, 3021
    911, 911
    1021, 1021
    2174, 2174
    241, 241
    1041, 1041
    3354, 3354
    2360, 2360
    3173, 3173
    1195, 1195
    3201, 3201
    3710, 3710
    1206, 1206
    2798, 2798
    2964, 2964
    3235, 3235
    1090, 1090
    3138, 3138
    2520, 2520
    3018, 3018
    3889, 3889
    3587, 3587
    1954, 1954
    942, 942
    2409, 2409
    3224, 3224
    249, 249
    633, 633
    784, 784
    3470, 3470
    376, 376
    3205, 3205
    2750, 2750
    3947, 3947
    2414, 2414
    1850, 1850
    3451, 3451
    3729, 3729
    1374, 1374
    2202, 2202
    3657, 3657
    2319, 2319
    2175, 2175
    742, 742
    3134, 3134
    514, 514
    2828, 2828
    3714, 3714
    353, 353
    2720, 2720
    2923, 2923
    3006, 3006
    1917, 1917
    761, 761
    1070, 1070
    1714, 1714
    605, 605
    3895, 3895
    2965, 2965
    744, 744
    1425, 1425
    681, 681
    360, 360
    1096, 1096
    1391, 1391
    1314, 1314
    992, 992
    2594, 2594
    680, 680
    2773, 2773
    578, 578
    660, 660
    2392, 2392
    35, 35
    2048, 2048
    3498, 3498
    72, 72
    900, 900
    151, 151
    320, 320
    523, 523
    3003, 3003
    2481, 2481
    3472, 3472
    1012, 1012
    3263, 3263
    224, 224
    3437, 3437
    2169, 2169
    1480, 1480
    1547, 1547
    1934, 1934
    2637, 2637
    3687, 3687
    3916, 3916
    2380, 2380
    2207, 2207
    3311, 3311
    2936, 2936
    3420, 3420
    86, 86
    3061, 3061
    1123, 1123
    3771, 3771
    1431, 1431
    1826, 1826
    2306, 2306
    2526, 2526
    2085, 2085
    1011, 1011
    1244, 1244
    2672, 2672
    3616, 3616
    1988, 1988
    3492, 3492
    338, 338
    1017, 1017
    3086, 3086
    331, 331
    2652, 2652
    2386, 2386
    3650, 3650
    1334, 1334
    117, 117
    960, 960
    1191, 1191
    1177, 1177
    2262, 2262
    3677, 3677
    3250, 3250
    2252, 2252
    3622, 3622
    291, 291
    3140, 3140
    2293, 2293
    1509, 1509
    2907, 2907
    1760, 1760
    792, 792
    536, 536
    2215, 2215
    2807, 2807
    1977, 1977
    885, 885
    3628, 3628
    2046, 2046
    2816, 2816
    2611, 2611
    3468, 3468
    1533, 1533
    1964, 1964
    2711, 2711
    2113, 2113
    91, 91
    1693, 1693
    2804, 2804
    3291, 3291
    1524, 1524
    212, 212
    659, 659
    130, 130
    923, 923
    1255, 1255
    574, 574
    2842, 2842
    2055, 2055
    1864, 1864
    456, 456
    856, 856
    760, 760
    112, 112
    1280, 1280
    2573, 2573
    2052, 2052
    3334, 3334
    1361, 1361
    2425, 2425
    56, 56
    1202, 1202
    3388, 3388
    1301, 1301
    2603, 2603
    2966, 2966
    1086, 1086
    2419, 2419
    1305, 1305
    3046, 3046
    2961, 2961
    1557, 1557
    3042, 3042
    1284, 1284
    2217, 2217
    30, 30
    3905, 3905
    2717, 2717
    2264, 2264
    1641, 1641
    3139, 3139
    226, 226
    3317, 3317
    537, 537
    2645, 2645
    3604, 3604
    602, 602
    2714, 2714
    380, 380
    228, 228
    230, 230
    258, 258
    1085, 1085
    1963, 1963
    1650, 1650
    917, 917
    1856, 1856
    2205, 2205
    3551, 3551
    3741, 3741
    2556, 2556
    3035, 3035
    3485, 3485
    2277, 2277
    677, 677
    1808, 1808
    1957, 1957
    561, 561
    647, 647
    2126, 2126
    3373, 3373
    3127, 3127
    387, 387
    1164, 1164
    2486, 2486
    1666, 1666
    1987, 1987
    3426, 3426
    277, 277
    1311, 1311
    2692, 2692
    110, 110
    5, 5
    1950, 1950
    3011, 3011
    3275, 3275
    3662, 3662
    2405, 2405
    366, 366
    377, 377
    653, 653
    3664, 3664
    1492, 1492
    427, 427
    3499, 3499
    2974, 2974
    2760, 2760
    2796, 2796
    352, 352
    2579, 2579
    3829, 3829
    1785, 1785
    3307, 3307
    3617, 3617
    743, 743
    3092, 3092
    804, 804
    2739, 2739
    2294, 2294
    3459, 3459
    42, 42
    33, 33
    1830, 1830
    2315, 2315
    2308, 2308
    355, 355
    378, 378
    2180, 2180
    3822, 3822
    525, 525
    3102, 3102
    3914, 3914
    2464, 2464
    2106, 2106
    939, 939
    526, 526
    397, 397
    2630, 2630
    1078, 1078
    3177, 3177
    2713, 2713
    3019, 3019
    530, 530
    699, 699
    974, 974
    1036, 1036
    2424, 2424
    1945, 1945
    2439, 2439
    2482, 2482
    3419, 3419
    1053, 1053
    3246, 3246
    443, 443
    2793, 2793
    386, 386
    481, 481
    1156, 1156
    610, 610
    1734, 1734
    1796, 1796
    3344, 3344
    3807, 3807
    2303, 2303
    1387, 1387
    2545, 2545
    973, 973
    285, 285
    2879, 2879
    2517, 2517
    2381, 2381
    1440, 1440
    812, 812
    3655, 3655
    3262, 3262
    3898, 3898
    1871, 1871
    2533, 2533
    2044, 2044
    608, 608
    751, 751
    733, 733
    719, 719
    2013, 2013
    27, 27
    592, 592
    2756, 2756
    3887, 3887
    1454, 1454
    1300, 1300
    1611, 1611
    2657, 2657
    2023, 2023
    3340, 3340
    92, 92
    2107, 2107
    496, 496
    1356, 1356
    3312, 3312
    3434, 3434
    3438, 3438
    707, 707
    1486, 1486
    3718, 3718
    922, 922
    3387, 3387
    1532, 1532
    1984, 1984
    1907, 1907
    2166, 2166
    1287, 1287
    3414, 3414
    2432, 2432
    1665, 1665
    1705, 1705
    1077, 1077
    1092, 1092
    788, 788
    435, 435
    794, 794
    1628, 1628
    3880, 3880
    3078, 3078
    843, 843
    1534, 1534
    409, 409
    943, 943
    1490, 1490
    613, 613
    2577, 2577
    2667, 2667
    2913, 2913
    1190, 1190
    1910, 1910
    2211, 2211
    2494, 2494
    2535, 2535
    2605, 2605
    2373, 2373
    2366, 2366
    2434, 2434
    1114, 1114
    3066, 3066
    1961, 1961
    381, 381
    3942, 3942
    616, 616
    2334, 2334
    309, 309
    510, 510
    414, 414
    731, 731
    3278, 3278
    336, 336
    119, 119
    1792, 1792
    2437, 2437
    3865, 3865
    2074, 2074
    2449, 2449
    1023, 1023
    3126, 3126
    3821, 3821
    1642, 1642
    847, 847
    1076, 1076
    1981, 1981
    2244, 2244
    3361, 3361
    2990, 2990
    3768, 3768
    201, 201
    2367, 2367
    2980, 2980
    488, 488
    3329, 3329
    785, 785
    1606, 1606
    473, 473
    105, 105
    1376, 1376
    347, 347
    766, 766
    867, 867
    2411, 2411
    3815, 3815
    1474, 1474
    2633, 2633
    3635, 3635
    2680, 2680
    461, 461
    3085, 3085
    3212, 3212
    857, 857
    2896, 2896
    3328, 3328
    3002, 3002
    2140, 2140
    3744, 3744
    2280, 2280
    3213, 3213
    1735, 1735
    588, 588
    1636, 1636
    1740, 1740
    641, 641
    3342, 3342
    1355, 1355
    1307, 1307
    1716, 1716
    46, 46
    2398, 2398
    587, 587
    3978, 3978
    2045, 2045
    2933, 2933
    1874, 1874
    3442, 3442
    3709, 3709
    948, 948
    3349, 3349
    2527, 2527
    1612, 1612
    1944, 1944
    2805, 2805
    2762, 2762
    2059, 2059
    3401, 3401
    919, 919
    2027, 2027
    1135, 1135
    3819, 3819
    1418, 1418
    563, 563
    340, 340
    2621, 2621
    598, 598
    2478, 2478
    2751, 2751
    3540, 3540
    71, 71
    662, 662
    2200, 2200
    3746, 3746
    3182, 3182
    1689, 1689
    2510, 2510
    3671, 3671
    1634, 1634
    2212, 2212
    1939, 1939
    2632, 2632
    2378, 2378
    1120, 1120
    1357, 1357
    3588, 3588
    3679, 3679
    713, 713
    899, 899
    2546, 2546
    3475, 3475
    2267, 2267
    3409, 3409
    1506, 1506
    2636, 2636
    3036, 3036
    2719, 2719
    198, 198
    3824, 3824
    457, 457
    1701, 1701
    70, 70
    2000, 2000
    2228, 2228
    1200, 1200
    153, 153
    3073, 3073
    3489, 3489
    2304, 2304
    1925, 1925
    3535, 3535
    2612, 2612
    1149, 1149
    1256, 1256
    2686, 2686
    3407, 3407
    281, 281
    3367, 3367
    528, 528
    1526, 1526
    2362, 2362
    1014, 1014
    2305, 2305
    28, 28
    1130, 1130
    2088, 2088
    2061, 2061
    122, 122
    3398, 3398
    1109, 1109
    3972, 3972
    1304, 1304
    2100, 2100
    1914, 1914
    597, 597
    1770, 1770
    2043, 2043
    3839, 3839
    2073, 2073
    2259, 2259
    2330, 2330
    65, 65
    3758, 3758
    880, 880
    243, 243
    2661, 2661
    1661, 1661
    273, 273
    1360, 1360
    1243, 1243
    3421, 3421
    3261, 3261
    3828, 3828
    2785, 2785
    3694, 3694
    890, 890
    3956, 3956
    1079, 1079
    3633, 3633
    3781, 3781
    3975, 3975
    1972, 1972
    1283, 1283
    646, 646
    1585, 1585
    2539, 2539
    2752, 2752
    2091, 2091
    1208, 1208
    1603, 1603
    1635, 1635
    2722, 2722
    1761, 1761
    3352, 3352
    449, 449
    3976, 3976
    2493, 2493
    2709, 2709
    3319, 3319
    2928, 2928
    3118, 3118
    314, 314
    1677, 1677
    1049, 1049
    1919, 1919
    3079, 3079
    2365, 2365
    489, 489
    47, 47
    2555, 2555
    2460, 2460
    2006, 2006
    1263, 1263
    3579, 3579
    3593, 3593
    3004, 3004
    1009, 1009
    1709, 1709
    3612, 3612
    2201, 2201
    1100, 1100
    2371, 2371
    2412, 2412
    3940, 3940
    1002, 1002
    1316, 1316
    2302, 2302
    279, 279
    3996, 3996
    8, 8
    1553, 1553
    2871, 2871
    1495, 1495
    1574, 1574
    1166, 1166
    2529, 2529
    3302, 3302
    1593, 1593
    2321, 2321
    831, 831
    1935, 1935
    95, 95
    3223, 3223
    3082, 3082
    1687, 1687
    1897, 1897
    2969, 2969
    950, 950
    2808, 2808
    3214, 3214
    232, 232
    3097, 3097
    300, 300
    3315, 3315
    1578, 1578
    1540, 1540
    1549, 1549
    898, 898
    3227, 3227
    2345, 2345
    1469, 1469
    3516, 3516
    2436, 2436
    763, 763
    3256, 3256
    1572, 1572
    1403, 1403
    3640, 3640
    2081, 2081
    3725, 3725
    3133, 3133
    2009, 2009
    2218, 2218
    871, 871
    1056, 1056
    223, 223
    1798, 1798
    3524, 3524
    2109, 2109
    1249, 1249
    3465, 3465
    2675, 2675
    1543, 1543
    3953, 3953
    2069, 2069
    3901, 3901
    2979, 2979
    402, 402
    1497, 1497
    1881, 1881
    650, 650
    3453, 3453
    998, 998
    3145, 3145
    2232, 2232
    3039, 3039
    2919, 2919
    2199, 2199
    1168, 1168
    1358, 1358
    2540, 2540
    3322, 3322
    3812, 3812
    2258, 2258
    2065, 2065
    888, 888
    2995, 2995
    1217, 1217
    2837, 2837
    3508, 3508
    3536, 3536
    3875, 3875
    3495, 3495
    3362, 3362
    2426, 2426
    3938, 3938
    1396, 1396
    2812, 2812
    2103, 2103
    96, 96
    800, 800
    343, 343
    393, 393
    3056, 3056
    3538, 3538
    2850, 2850
    1388, 1388
    2454, 2454
    959, 959
    1568, 1568
    2206, 2206
    1273, 1273
    684, 684
    75, 75
    1842, 1842
    2243, 2243
    3142, 3142
    2583, 2583
    1378, 1378
    1292, 1292
    1893, 1893
    2530, 2530
    384, 384
    2803, 2803
    2413, 2413
    2702, 2702
    304, 304
    1227, 1227
    3806, 3806
    1337, 1337
    737, 737
    2410, 2410
    902, 902
    467, 467
    2902, 2902
    1922, 1922
    2282, 2282
    518, 518
    2927, 2927
    879, 879
    2155, 2155
    1772, 1772
    1621, 1621
    3965, 3965
    1918, 1918
    3684, 3684
    2549, 2549
    3384, 3384
    915, 915
    48, 48
    840, 840
    3675, 3675
    3150, 3150
    718, 718
    508, 508
    2049, 2049
    1718, 1718
    687, 687
    2370, 2370
    1927, 1927
    160, 160
    3774, 3774
    3269, 3269
    3284, 3284
    263, 263
    2433, 2433
    1121, 1121
    931, 931
    1725, 1725
    962, 962
    916, 916
    1982, 1982
    2932, 2932
    1691, 1691
    2490, 2490
    216, 216
    3569, 3569
    2906, 2906
    2745, 2745
    1955, 1955
    3909, 3909
    3792, 3792
    654, 654
    2655, 2655
    1173, 1173
    3971, 3971
    776, 776
    2953, 2953
    2472, 2472
    3119, 3119
    1271, 1271
    3477, 3477
    1417, 1417
    49, 49
    558, 558
    1667, 1667
    1779, 1779
    3883, 3883
    2445, 2445
    2063, 2063
    1058, 1058
    3379, 3379
    275, 275
    1312, 1312
    929, 929
    1386, 1386
    690, 690
    2905, 2905
    1441, 1441
    2830, 2830
    1193, 1193
    3601, 3601
    551, 551
    3481, 3481
    2487, 2487
    2562, 2562
    1817, 1817
    430, 430
    2914, 2914
    3288, 3288
    2220, 2220
    2542, 2542
    3014, 3014
    2952, 2952
    1836, 1836
    3802, 3802
    362, 362
    1099, 1099
    2839, 2839
    850, 850
    3818, 3818
    2703, 2703
    3749, 3749
    2735, 2735
    3683, 3683
    1517, 1517
    167, 167
    2935, 2935
    3277, 3277
    3285, 3285
    3343, 3343
    2590, 2590
    2673, 2673
    3581, 3581
    1094, 1094
    3527, 3527
    16, 16
    3560, 3560
    478, 478
    3932, 3932
    3286, 3286
    2851, 2851
    1632, 1632
    1899, 1899
    231, 231
    365, 365
    2954, 2954
    1485, 1485
    3566, 3566
    539, 539
    2461, 2461
    2910, 2910
    3296, 3296
    1579, 1579
    3877, 3877
    2781, 2781
    2899, 2899
    1680, 1680
    465, 465
    1902, 1902
    2463, 2463
    966, 966
    1880, 1880
    3, 3
    3440, 3440
    3993, 3993
    2431, 2431
    476, 476
    1968, 1968
    1833, 1833
    1028, 1028
    817, 817
    2194, 2194
    2072, 2072
    1265, 1265
    1696, 1696
    2950, 2950
    945, 945
    3615, 3615
    3959, 3959
    2394, 2394
    3411, 3411
    2102, 2102
    225, 225
    1844, 1844
    2602, 2602
    692, 692
    3179, 3179
    2123, 2123
    2685, 2685
    3578, 3578
    3259, 3259
    3643, 3643
    247, 247
    3170, 3170
    1911, 1911
    2802, 2802
    1774, 1774
    1806, 1806
    3817, 3817
    1569, 1569
    3273, 3273
    820, 820
    2375, 2375
    568, 568
    3181, 3181
    734, 734
    3033, 3033
    2853, 2853
    2353, 2353
    2537, 2537
    1965, 1965
    3834, 3834
    3949, 3949
    1024, 1024
    727, 727
    821, 821
    244, 244
    2356, 2356
    3338, 3338
    264, 264
    1254, 1254
    3648, 3648
    579, 579
    3480, 3480
    2116, 2116
    2030, 2030
    3913, 3913
    985, 985
    3656, 3656
    3320, 3320
    408, 408
    589, 589
    3555, 3555
    297, 297
    3785, 3785
    1762, 1762
    2230, 2230
    752, 752
    1513, 1513
    463, 463
    864, 864
    3548, 3548
    624, 624
    2290, 2290
    3676, 3676
    3797, 3797
    3282, 3282
    726, 726
    2147, 2147
    2337, 2337
    2096, 2096
    2832, 2832
    3449, 3449
    3827, 3827
    1019, 1019
    3171, 3171
    2983, 2983
    2012, 2012
    1404, 1404
    2479, 2479
    1787, 1787
    702, 702
    2165, 2165
    1791, 1791
    711, 711
    1145, 1145
    2403, 2403
    219, 219
    1413, 1413
    2053, 2053
    2354, 2354
    1232, 1232
    1546, 1546
    1433, 1433
    1143, 1143
    828, 828
    2452, 2452
    3129, 3129
    14, 14
    3627, 3627
    1144, 1144
    2456, 2456
    280, 280
    2766, 2766
    2821, 2821
    116, 116
    1769, 1769
    1348, 1348
    283, 283
    3556, 3556
    3376, 3376
    736, 736
    2962, 2962
    3355, 3355
    1994, 1994
    1668, 1668
    2066, 2066
    3924, 3924
    1900, 1900
    188, 188
    1138, 1138
    2020, 2020
    1159, 1159
    805, 805
    979, 979
    2747, 2747
    2485, 2485
    2399, 2399
    3742, 3742
    3568, 3568
    1703, 1703
    1246, 1246
    3795, 3795
    3031, 3031
    2900, 2900
    3567, 3567
    2880, 2880
    3542, 3542
    370, 370
    3236, 3236
    968, 968
    807, 807
    3580, 3580
    3837, 3837
    1004, 1004
    2298, 2298
    1706, 1706
    2948, 2948
    208, 208
    1269, 1269
    2753, 2753
    80, 80
    932, 932
    1788, 1788
    1037, 1037
    477, 477
    685, 685
    1937, 1937
    1204, 1204
    1997, 1997
    177, 177
    2925, 2925
    1903, 1903
    2440, 2440
    3217, 3217
    2111, 2111
    1157, 1157
    3800, 3800
    1812, 1812
    2981, 2981
    795, 795
    1883, 1883
    274, 274
    3206, 3206
    43, 43
    3069, 3069
    829, 829
    1400, 1400
    2918, 2918
    897, 897
    426, 426
    1353, 1353
    1245, 1245
    3944, 3944
    2005, 2005
    2844, 2844
    3595, 3595
    1739, 1739
    3255, 3255
    1960, 1960
    52, 52
    3166, 3166
    1814, 1814
    1885, 1885
    2484, 2484
    1753, 1753
    2551, 2551
    3610, 3610
    2859, 2859
    1694, 1694
    2124, 2124
    3674, 3674
    325, 325
    1889, 1889
    3001, 3001
    1588, 1588
    1663, 1663
    996, 996
    3507, 3507
    3930, 3930
    1426, 1426
    1196, 1196
    755, 755
    926, 926
    1384, 1384
    3849, 3849
    2099, 2099
    3967, 3967
    2885, 2885
    2563, 2563
    741, 741
    3028, 3028
    3050, 3050
    21, 21
    73, 73
    3204, 3204
    174, 174
    2764, 2764
    345, 345
    1258, 1258
    3136, 3136
    3112, 3112
    3552, 3552
    3264, 3264
    1051, 1051
    1235, 1235
    1319, 1319
    3060, 3060
    3370, 3370
    1429, 1429
    1325, 1325
    3934, 3934
    1427, 1427
    218, 218
    1059, 1059
    2240, 2240
    1915, 1915
    2557, 2557
    3871, 3871
    1219, 1219
    2608, 2608
    2270, 2270
    3958, 3958
    2729, 2729
    1993, 1993
    1399, 1399
    200, 200
    3532, 3532
    3882, 3882
    839, 839
    3310, 3310
    3404, 3404
    3383, 3383
    965, 965
    2101, 2101
    799, 799
    709, 709
    3866, 3866
    2531, 2531
    1803, 1803
    3705, 3705
    2291, 2291
    1137, 1137
    3799, 3799
    1515, 1515
    2826, 2826
    3598, 3598
    1868, 1868
    2749, 2749
    2339, 2339
    1091, 1091
    679, 679
    1983, 1983
    3696, 3696
    1286, 1286
    2550, 2550
    3711, 3711
    1072, 1072
    2552, 2552
    485, 485
    3105, 3105
    3619, 3619
    2071, 2071
    2019, 2019
    2647, 2647
    121, 121
    934, 934
    2376, 2376
    849, 849
    3845, 3845
    3979, 3979
    3987, 3987
    1742, 1742
    318, 318
    311, 311
    1898, 1898
    2977, 2977
    2891, 2891
    127, 127
    3623, 3623
    3690, 3690
    451, 451
    3547, 3547
    549, 549
    1420, 1420
    3107, 3107
    1536, 1536
    1102, 1102
    1681, 1681
    142, 142
    3412, 3412
    2457, 2457
    169, 169
    1556, 1556
    1212, 1212
    3151, 3151
    2727, 2727
    2628, 2628
    801, 801
    2819, 2819
    2916, 2916
    2988, 2988
    2903, 2903
    3141, 3141
    3418, 3418
    3114, 3114
    3735, 3735
    1162, 1162
    2189, 2189
    1683, 1683
    1942, 1942
    3020, 3020
    694, 694
    661, 661
    2705, 2705
    2741, 2741
    3165, 3165
    1773, 1773
    1610, 1610
    1724, 1724
    3186, 3186
    1607, 1607
    590, 590
    199, 199
    436, 436
    1600, 1600
    1317, 1317
    3994, 3994
    1131, 1131
    970, 970
    1943, 1943
    3478, 3478
    2934, 2934
    1129, 1129
    1033, 1033
    3858, 3858
    1626, 1626
    3467, 3467
    2674, 2674
    3490, 3490
    3333, 3333
    1563, 1563
    2644, 2644
    1006, 1006
    2149, 2149
    1767, 1767
    395, 395
    3363, 3363
    1670, 1670
    2653, 2653
    3070, 3070
    1639, 1639
    887, 887
    2416, 2416
    1491, 1491
    3658, 3658
    3022, 3022
    1363, 1363
    3738, 3738
    1715, 1715
    108, 108
    1555, 1555
    627, 627
    2322, 2322
    458, 458
    193, 193
    2997, 2997
    3842, 3842
    2089, 2089
    1324, 1324
    2352, 2352
    79, 79
    3323, 3323
    704, 704
    1597, 1597
    23, 23
    2512, 2512
    2219, 2219
    2358, 2358
    565, 565
    1488, 1488
    1896, 1896
    1723, 1723
    3271, 3271
    2940, 2940
    2718, 2718
    975, 975
    3299, 3299
    3473, 3473
    1153, 1153
    984, 984
    927, 927
    2251, 2251
    3630, 3630
    1978, 1978
    97, 97
    1344, 1344
    2471, 2471
    651, 651
    3023, 3023
    657, 657
    3089, 3089
    642, 642
    2253, 2253
    2524, 2524
    2, 2
    150, 150
    3267, 3267
    3885, 3885
    631, 631
    3863, 3863
    2993, 2993
    403, 403
    2627, 2627
    2278, 2278
    2768, 2768
    392, 392
    2112, 2112
    3405, 3405
    2496, 2496
    1646, 1646
    3861, 3861
    211, 211
    3899, 3899
    2276, 2276
    2489, 2489
    2295, 2295
    2778, 2778
    3062, 3062
    2453, 2453
    725, 725
    87, 87
    1436, 1436
    107, 107
    2929, 2929
    394, 394
    1464, 1464
    262, 262
    3791, 3791
    3195, 3195
    1081, 1081
    2617, 2617
    3158, 3158
    740, 740
    2743, 2743
    2786, 2786
    1268, 1268
    1047, 1047
    1453, 1453
    1805, 1805
    221, 221
    1672, 1672
    317, 317
    1465, 1465
    688, 688
    213, 213
    2847, 2847
    1274, 1274
    3793, 3793
    2733, 2733
    180, 180
    791, 791
    3925, 3925
    2391, 2391
    3088, 3088
    747, 747
    3933, 3933
    1297, 1297
    557, 557
    2698, 2698
    1482, 1482
    2288, 2288
    3385, 3385
    3847, 3847
    3403, 3403
    3147, 3147
    1751, 1751
    425, 425
    327, 327
    10, 10
    1406, 1406
    2120, 2120
    3816, 3816
    2427, 2427
    234, 234
    3859, 3859
    3673, 3673
    1366, 1366
    652, 652
    2139, 2139
    3521, 3521
    3906, 3906
    1870, 1870
    790, 790
    293, 293
    2856, 2856
    138, 138
    2098, 2098
    2565, 2565
    3850, 3850
    625, 625
    3943, 3943
    3562, 3562
    2651, 2651
    1869, 1869
    2119, 2119
    3375, 3375
    1039, 1039
    2348, 2348
    3416, 3416
    2763, 2763
    1087, 1087
    714, 714
    2921, 2921
    3096, 3096
    339, 339
    2459, 2459
    2724, 2724
    1586, 1586
    2273, 2273
    2447, 2447
    2128, 2128
    3624, 3624
    2618, 2618
    548, 548
    2326, 2326
    2620, 2620
    245, 245
    2095, 2095
    1253, 1253
    1655, 1655
    2858, 2858
    3125, 3125
    1664, 1664
    1126, 1126
    513, 513
    3577, 3577
    3534, 3534
    3008, 3008
    1288, 1288
    176, 176
    1929, 1929
    3843, 3843
    453, 453
    781, 781
    284, 284
    18, 18
    3513, 3513
    1423, 1423
    3613, 3613
    2920, 2920
    170, 170
    554, 554
    2136, 2136
    1940, 1940
    3844, 3844
    99, 99
    3713, 3713
    3543, 3543
    2311, 2311
    519, 519
    2329, 2329
    3058, 3058
    1905, 1905
    157, 157
    1594, 1594
    1784, 1784
    3247, 3247
    1629, 1629
    830, 830
    2706, 2706
    44, 44
    3823, 3823
    3153, 3153
    1257, 1257
    3603, 3603
    1342, 1342
    1458, 1458
    1790, 1790
    1035, 1035
    1113, 1113
    1616, 1616
    3455, 3455
    267, 267
    2731, 2731
    673, 673
    771, 771
    411, 411
    2084, 2084
    1841, 1841
    3083, 3083
    3641, 3641
    2347, 2347
    3072, 3072
    3174, 3174
    758, 758
    1124, 1124
    3869, 3869
    2341, 2341
    2955, 2955
    78, 78
    2035, 2035
    1451, 1451
    796, 796
    649, 649
    3032, 3032
    3106, 3106
    64, 64
    935, 935
    1686, 1686
    2300, 2300
    2522, 2522
    1901, 1901
    3491, 3491
    2607, 2607
    2307, 2307
    636, 636
    3991, 3991
    24, 24
    580, 580
    3024, 3024
    2770, 2770
    1401, 1401
    1302, 1302
    2271, 2271
    2159, 2159
    3517, 3517
    3110, 3110
    1148, 1148
    1755, 1755
    55, 55
    1167, 1167
    3692, 3692
    1088, 1088
    1780, 1780
    2639, 2639
    2225, 2225
    2064, 2064
    450, 450
    3826, 3826
    644, 644
    259, 259
    695, 695
    3707, 3707
    712, 712
    3257, 3257
    1736, 1736
    2248, 2248
    287, 287
    768, 768
    1055, 1055
    2666, 2666
    38, 38
    1398, 1398
    515, 515
    2708, 2708
    178, 178
    2328, 2328
    3406, 3406
    3922, 3922
    696, 696
    3156, 3156
    3830, 3830
    2619, 2619
    1323, 1323
    3040, 3040
    3402, 3402
    1487, 1487
    1411, 1411
    3724, 3724
    2554, 2554
    3294, 3294
    3424, 3424
    2748, 2748
    2878, 2878
    626, 626
    665, 665
    2587, 2587
    2182, 2182
    2400, 2400
    993, 993
    1349, 1349
    3168, 3168
    2883, 2883
    2854, 2854
    3706, 3706
    1581, 1581
    2525, 2525
    2817, 2817
    3051, 3051
    3663, 3663
    2951, 2951
    2383, 2383
    1040, 1040
    140, 140
    1118, 1118
    3074, 3074
    209, 209
    2031, 2031
    3229, 3229
    1653, 1653
    491, 491
    2887, 2887
    1867, 1867
    3100, 3100
    1074, 1074
    2261, 2261
    2336, 2336
    2178, 2178
    143, 143
    1920, 1920
    2254, 2254
    1180, 1180
    2172, 2172
    1272, 1272
    3853, 3853
    1608, 1608
    2016, 2016
    1105, 1105
    3506, 3506
    1657, 1657
    2596, 2596
    1457, 1457
    2078, 2078
    967, 967
    1876, 1876
    617, 617
    1199, 1199
    1467, 1467
    3857, 3857
    2033, 2033
    148, 148
    111, 111
    3303, 3303
    3359, 3359
    2970, 2970
    164, 164
    3258, 3258
    2697, 2697
    614, 614
    1873, 1873
    424, 424
    2448, 2448
    1749, 1749
    3148, 3148
    2866, 2866
    3614, 3614
    691, 691
    3015, 3015
    1010, 1010
    722, 722
    972, 972
    1351, 1351
    326, 326
    2860, 2860
    2707, 2707
    566, 566
    2050, 2050
    12, 12
    2663, 2663
    1598, 1598
    1674, 1674
    502, 502
    2313, 2313
    171, 171
    1895, 1895
    2943, 2943
    2186, 2186
    1080, 1080
    1676, 1676
    3360, 3360
    1567, 1567
    3048, 3048
    1346, 1346
    2650, 2650
    1277, 1277
    3982, 3982
    3117, 3117
    3176, 3176
    1838, 1838
    886, 886
    556, 556
    1731, 1731
    1412, 1412
    3272, 3272
    2994, 2994
    1338, 1338
    924, 924
    3682, 3682
    184, 184
    989, 989
    3120, 3120
    251, 251
    2571, 2571
    2011, 2011
    90, 90
    3522, 3522
    3382, 3382
    2582, 2582
    238, 238
    2209, 2209
    2349, 2349
    1459, 1459
    69, 69
    1248, 1248
    664, 664
    1409, 1409
    3851, 3851
    925, 925
    3043, 3043
    1405, 1405
    2723, 2723
    1290, 1290
    3200, 3200
    854, 854
    242, 242
    3232, 3232
    1194, 1194
    1296, 1296
    3910, 3910
    3590, 3590
    2475, 2475
    2662, 2662
    3620, 3620
    322, 322
    1285, 1285
    2236, 2236
    1969, 1969
    2026, 2026
    3955, 3955
    2275, 2275
    2721, 2721
    51, 51
    1264, 1264
    2776, 2776
    2003, 2003
    3410, 3410
    2441, 2441
    2156, 2156
    106, 106
    2523, 2523
    442, 442
    3368, 3368
    3000, 3000
    3659, 3659
    2924, 2924
    3698, 3698
    1447, 1447
    3525, 3525
    957, 957
    3076, 3076
    963, 963
    2732, 2732
    2332, 2332
    3152, 3152
    845, 845
    555, 555
    313, 313
    2090, 2090
    724, 724
    635, 635
    1620, 1620
    3488, 3488
    103, 103
    3775, 3775
    3766, 3766
    1503, 1503
    1343, 1343
    3977, 3977
    3101, 3101
    63, 63
    562, 562
    701, 701
    2384, 2384
    1174, 1174
    1967, 1967
    2574, 2574
    1528, 1528
    3292, 3292
    1340, 1340
    1259, 1259
    2122, 2122
    265, 265
    3672, 3672
    907, 907
    1155, 1155
    2239, 2239
    3225, 3225
    1470, 1470
    3446, 3446
    2957, 2957
    2701, 2701
    2642, 2642
    2757, 2757
    498, 498
    2841, 2841
    1754, 1754
    2110, 2110
    3300, 3300
    2886, 2886
    2823, 2823
    893, 893
    1018, 1018
    3471, 3471
    706, 706
    405, 405
    2518, 2518
    486, 486
    67, 67
    949, 949
    1116, 1116
    1069, 1069
    2598, 2598
    2196, 2196
    3005, 3005
    2476, 2476
    2105, 2105
    1809, 1809
    1215, 1215
    824, 824
    2216, 2216
    2498, 2498
    1169, 1169
    2281, 2281
    439, 439
    1781, 1781
    1309, 1309
    3669, 3669
    1142, 1142
    524, 524
    2846, 2846
    2810, 2810
    1022, 1022
    3737, 3737
    3335, 3335
    1615, 1615
    2289, 2289
    1748, 1748
    315, 315
    3814, 3814
    1804, 1804
    3638, 3638
    1695, 1695
    629, 629
    3960, 3960
    987, 987
    3358, 3358
    3856, 3856
    483, 483
    1802, 1802
    1886, 1886
    3835, 3835
    1688, 1688
    194, 194
    1794, 1794
    2028, 2028
    2869, 2869
    37, 37
    296, 296
    2260, 2260
    1252, 1252
    3190, 3190
    982, 982
    1408, 1408
    1974, 1974
    2809, 2809
    1575, 1575
    2117, 2117
    3607, 3607
    3892, 3892
    3717, 3717
    1029, 1029
    825, 825
    769, 769
    1416, 1416
    3838, 3838
    858, 858
    3848, 3848
    1510, 1510
    778, 778
    181, 181
    2138, 2138
    118, 118
    3242, 3242
    1331, 1331
    1866, 1866
    2195, 2195
    1322, 1322
    1306, 1306
    350, 350
    3773, 3773
    419, 419
    3573, 3573
    1390, 1390
    789, 789
    1858, 1858
    3436, 3436
    2284, 2284
    3563, 3563
    2492, 2492
    909, 909
    3779, 3779
    1752, 1752
    260, 260
    575, 575
    3124, 3124
    2681, 2681
    3428, 3428
    2881, 2881
    1432, 1432
    667, 667
    215, 215
    179, 179
    3393, 3393
    1089, 1089
    1381, 1381
    882, 882
    3912, 3912
    1043, 1043
    2007, 2007
    1862, 1862
    3093, 3093
    1763, 1763
    3879, 3879
    2656, 2656
    3702, 3702
    2114, 2114
    2985, 2985
    220, 220
    3386, 3386
    1685, 1685
    1446, 1446
    1165, 1165
    2097, 2097
    3013, 3013
    2508, 2508
    1218, 1218
    2501, 2501
    954, 954
    710, 710
    2775, 2775
    2613, 2613
    233, 233
    1489, 1489
    3864, 3864
    3057, 3057
    3596, 3596
    958, 958
    136, 136
    1590, 1590
    203, 203
    2402, 2402
    836, 836
    1799, 1799
    803, 803
    3417, 3417
    1595, 1595
    2015, 2015
    1750, 1750
    1592, 1592
    1430, 1430
    1819, 1819
    3116, 3116
    855, 855
    529, 529
    1294, 1294
    2146, 2146
    604, 604
    1832, 1832
    606, 606
    1782, 1782
    2815, 2815
    2654, 2654
    3025, 3025
    3326, 3326
    689, 689
    3881, 3881
    3992, 3992
    3321, 3321
    1777, 1777
    3789, 3789
    783, 783
    3667, 3667
    2346, 2346
    576, 576
    928, 928
    3855, 3855
    3457, 3457
    3520, 3520
    1107, 1107
    15, 15
    3660, 3660
    3999, 3999
    3564, 3564
    1479, 1479
    26, 26
    1618, 1618
    2740, 2740
    3155, 3155
    3561, 3561
    2813, 2813
    272, 272
    2157, 2157
    41, 41
    1601, 1601
    3699, 3699
    3017, 3017
    104, 104
    883, 883
    2544, 2544
    214, 214
    3371, 3371
    584, 584
    1229, 1229
    1818, 1818
    3221, 3221
    2670, 2670
    2018, 2018
    3356, 3356
    2054, 2054
    2845, 2845
    2002, 2002
    3113, 3113
    892, 892
    3161, 3161
    1936, 1936
    3216, 3216
    1450, 1450
    1224, 1224
    2737, 2737
    3952, 3952
    571, 571
    1916, 1916
    2420, 2420
    1643, 1643
    1562, 1562
    493, 493
    2855, 2855
    505, 505
    643, 643
    564, 564
    2575, 2575
    3636, 3636
    3041, 3041
    3703, 3703
    1197, 1197
    1141, 1141
    1652, 1652
    2226, 2226
    2599, 2599
    1682, 1682
    3233, 3233
    2176, 2176
    861, 861
    2568, 2568
    3531, 3531
    2351, 2351
    550, 550
    2129, 2129
    1158, 1158
    3464, 3464
    1699, 1699
    278, 278
    669, 669
    1020, 1020
    2171, 2171
    484, 484
    1392, 1392
    2185, 2185
    1251, 1251
    1075, 1075
    3135, 3135
    3353, 3353
    349, 349
    2438, 2438
    802, 802
    2754, 2754
    1160, 1160
    3950, 3950
    3149, 3149
    417, 417
    3055, 3055
    1622, 1622
    2908, 2908
    2382, 2382
    2154, 2154
    1631, 1631
    3396, 3396
    1, 1
    3331, 3331
    2738, 2738
    1106, 1106
    494, 494
    3935, 3935
    3500, 3500
    1147, 1147
    1660, 1660
    2227, 2227
    951, 951
    3456, 3456
    2777, 2777
    379, 379
    1930, 1930
    2892, 2892
    1737, 1737
    3160, 3160
    2495, 2495
    2233, 2233
    3740, 3740
    2576, 2576
    468, 468
    1222, 1222
    895, 895
    31, 31
    1892, 1892
    2534, 2534
    1839, 1839
    2863, 2863
    7, 7
    1207, 1207
    834, 834
    1979, 1979
    354, 354
    3642, 3642
    2586, 2586
    1894, 1894
    1455, 1455
    3904, 3904
    2143, 2143
    1394, 1394
    1857, 1857
    1015, 1015
    715, 715
    1768, 1768
    1727, 1727
    3680, 3680
    3928, 3928
    1827, 1827
    2877, 2877
    630, 630
    2818, 2818
    3763, 3763
    2286, 2286
    459, 459
    1134, 1134
    444, 444
    759, 759
    372, 372
    3243, 3243
    3123, 3123
    1522, 1522
    835, 835
    1807, 1807
    1313, 1313
    2982, 2982
    3154, 3154
    34, 34
    1673, 1673
    1541, 1541
    236, 236
    2167, 2167
    3794, 3794
    1512, 1512
    2591, 2591
    1821, 1821
    1016, 1016
    3337, 3337
    1452, 1452
    2609, 2609
    1220, 1220
    1729, 1729
    2421, 2421
    582, 582
    3287, 3287
    1707, 1707
    2255, 2255
    1226, 1226
    1721, 1721
    540, 540
    299, 299
    2876, 2876
    319, 319
    3606, 3606
    84, 84
    2462, 2462
    541, 541
    189, 189
    2716, 2716
    1719, 1719
    3518, 3518
    3512, 3512
    3098, 3098
    969, 969
    994, 994
    2082, 2082
    1293, 1293
    912, 912
    512, 512
    3962, 3962
    1542, 1542
    640, 640
    1260, 1260
    2379, 2379
    2184, 2184
    420, 420
    3651, 3651
    2429, 2429
    3867, 3867
    1339, 1339
    2604, 2604
    2265, 2265
    3209, 3209
    1198, 1198
    1938, 1938
    3452, 3452
    1483, 1483
    852, 852
    114, 114
    3854, 3854
    1057, 1057
    2897, 2897
    1410, 1410
    3983, 3983
    460, 460
    1859, 1859
    765, 765
    581, 581
    953, 953
    2477, 2477
    100, 100
    2824, 2824
    1511, 1511
    3487, 3487
    29, 29
    3063, 3063
    504, 504
    2998, 2998
    3637, 3637
    2699, 2699
    838, 838
    3586, 3586
    3515, 3515
    586, 586
    3732, 3732
    3146, 3146
    1498, 1498
    944, 944
    40, 40
    728, 728
    1424, 1424
    1414, 1414
    120, 120
    2833, 2833
    3665, 3665
    3203, 3203
    288, 288
    1443, 1443
    321, 321
    1034, 1034
    2959, 2959
    1329, 1329
    2034, 2034
    123, 123
    1708, 1708
    2811, 2811
    1765, 1765
    1829, 1829
    125, 125
    3007, 3007
    639, 639
    3599, 3599
    406, 406
    3911, 3911
    1702, 1702
    3381, 3381
    344, 344
    1728, 1728
    2318, 2318
    1744, 1744
    596, 596
    464, 464
    1250, 1250
    2077, 2077
    1720, 1720
    2145, 2145
    3798, 3798
    3316, 3316
    2569, 2569
    3931, 3931
    940, 940
    3919, 3919
    2342, 2342
    3721, 3721
    2730, 2730
    2130, 2130
    3884, 3884
    1046, 1046
    1991, 1991
    163, 163
    182, 182
    308, 308
    2588, 2588
    1460, 1460
    1865, 1865
    3575, 3575
    3099, 3099
    1521, 1521
    1820, 1820
    1605, 1605
    156, 156
    774, 774
    3429, 3429
    497, 497
    3537, 3537
    3054, 3054
    1203, 1203
    1587, 1587
    520, 520
    1213, 1213
    2547, 2547
    2922, 2922
    2795, 2795
    3460, 3460
    2664, 2664
    1383, 1383
    2589, 2589
    2516, 2516
    3734, 3734
    2870, 2870
    3668, 3668
    246, 246
    454, 454
    2008, 2008
    3184, 3184
    3180, 3180
    3208, 3208
    1570, 1570
    798, 798
    1419, 1419
    3691, 3691
    2249, 2249
    2867, 2867
    431, 431
    1326, 1326
    2580, 2580
    543, 543
    2528, 2528
    2450, 2450
    132, 132
    82, 82
    3253, 3253
    3187, 3187
    1928, 1928
    3747, 3747
    192, 192
    1879, 1879
    1583, 1583
    1909, 1909
    2505, 2505
    144, 144
    1684, 1684
    1444, 1444
    620, 620
    3647, 3647
    3831, 3831
    334, 334
    2937, 2937
    3984, 3984
    2014, 2014
    577, 577
    3298, 3298
    1971, 1971
    147, 147
    227, 227
    1368, 1368
    2987, 2987
    1175, 1175
    978, 978
    521, 521
    3394, 3394
    670, 670
    3937, 3937
    1571, 1571
    1573, 1573
    1671, 1671
    3164, 3164
    1240, 1240
    1073, 1073
    3920, 3920
    268, 268
    3796, 3796
    1042, 1042
    2335, 2335
    2076, 2076
    3631, 3631
    745, 745
    3034, 3034
    3611, 3611
    2691, 2691
    83, 83
    3463, 3463
    956, 956
    2401, 2401
    3526, 3526
    3689, 3689
    3240, 3240
    1975, 1975
    1711, 1711
    2451, 2451
    2193, 2193
    1186, 1186
    844, 844
    3090, 3090
    1746, 1746
    3357, 3357
    312, 312
    2458, 2458
    3997, 3997
    2121, 2121
    3936, 3936
    3252, 3252
    3589, 3589
    371, 371
    3784, 3784
    137, 137
    2057, 2057
    2170, 2170
    1565, 1565
    2068, 2068
    1520, 1520
    1887, 1887
    2687, 2687
    609, 609
    3754, 3754
    658, 658
    1354, 1354
    3427, 3427
    3108, 3108
    62, 62
    1230, 1230
    3539, 3539
    3592, 3592
    921, 921
    3339, 3339
    3733, 3733
    2115, 2115
    3439, 3439
    3557, 3557
    271, 271
    3723, 3723
    3305, 3305
    2893, 2893
    3759, 3759
    1205, 1205
    2387, 2387
    1552, 1552
    638, 638
    3211, 3211
    2468, 2468
    1052, 1052
    3926, 3926
    2150, 2150
    145, 145
    1318, 1318
    3351, 3351
    1303, 1303
    3059, 3059
    2890, 2890
    1393, 1393
    39, 39
    3787, 3787
    2497, 2497
    2223, 2223
    827, 827
    2744, 2744
    2601, 2601
    2042, 2042
    2041, 2041
    1320, 1320
    3474, 3474
    2029, 2029
    2134, 2134
    1733, 1733
    2784, 2784
    2614, 2614
    1662, 1662
    2309, 2309
    607, 607
    1998, 1998
    3874, 3874
    429, 429
    619, 619
    2238, 2238
    1481, 1481
    1548, 1548
    1877, 1877
    810, 810
    428, 428
    3790, 3790
    2553, 2553
    884, 884
    3266, 3266
    3530, 3530
    2625, 2625
    848, 848
    3918, 3918
    1630, 1630
    2036, 2036
    3574, 3574
    826, 826
    2772, 2772
    3081, 3081
    1849, 1849
    2153, 2153
    113, 113
    2875, 2875
    3366, 3366
    3621, 3621
    3545, 3545
    3968, 3968
    786, 786
    1766, 1766
    3448, 3448
    3183, 3183
    2397, 2397
    1068, 1068
    901, 901
    1508, 1508
    342, 342
    1732, 1732
    889, 889
    3752, 3752
    2926, 2926
    2395, 2395
    3228, 3228
    2001, 2001
    1837, 1837
    1187, 1187
    2125, 2125
    2279, 2279
    1613, 1613
    401, 401
    32, 32
    3872, 3872
    3736, 3736
    905, 905
    3071, 3071
    811, 811
    346, 346
    3308, 3308
    269, 269
    356, 356
    2616, 2616
    3301, 3301
    3514, 3514
    2312, 2312
    2567, 2567
    682, 682
    637, 637
    2814, 2814
    3009, 3009
    1372, 1372
    1236, 1236
    154, 154
    1747, 1747
    2038, 2038
    2865, 2865
    3765, 3765
    3757, 3757
    3776, 3776
    1407, 1407
    3600, 3600
    3873, 3873
    3444, 3444
    1380, 1380
    1941, 1941
    1970, 1970
    2297, 2297
    407, 407
    445, 445
    1698, 1698
    1225, 1225
    1345, 1345
    3422, 3422
    1651, 1651
    1239, 1239
    290, 290
    2984, 2984
    2142, 2142
    735, 735
    1261, 1261
    197, 197
    981, 981
    2992, 2992
    1958, 1958
    470, 470
    1201, 1201
    531, 531
    3597, 3597
    1617, 1617
    1478, 1478
    1185, 1185
    3981, 3981
    3852, 3852
    671, 671
    1104, 1104
    168, 168
    146, 146
    3748, 3748
    3192, 3192
    1385, 1385
    383, 383
    2942, 2942
    1504, 1504
    3234, 3234
    1382, 1382
    1365, 1365
    1111, 1111
    618, 618
    567, 567
    36, 36
    3890, 3890
    3811, 3811
    1538, 1538
    851, 851
    730, 730
    2203, 2203
    1525, 1525
    1783, 1783
    2622, 2622
    1878, 1878
    2638, 2638
    2917, 2917
    3609, 3609
    2684, 2684
    2488, 2488
    2872, 2872
    3068, 3068
    3466, 3466
    172, 172
    3833, 3833
    3629, 3629
    1502, 1502
    1289, 1289
    2287, 2287
    1063, 1063
    2789, 2789
    842, 842
    166, 166
    173, 173
    76, 76
    3486, 3486
    1140, 1140
    632, 632
    471, 471
    1421, 1421
    2641, 2641
    3980, 3980
    3347, 3347
    2133, 2133
    2677, 2677
    546, 546
    1050, 1050
    3528, 3528
    474, 474
    3245, 3245
    3276, 3276
    1855, 1855
    1125, 1125
    89, 89
    333, 333
    2570, 2570
    1624, 1624
    3661, 3661
    1948, 1948
    410, 410
    746, 746
    2820, 2820
    1146, 1146
    1238, 1238
    813, 813
    2659, 2659
    2491, 2491
    487, 487
    780, 780
    400, 400
    2507, 2507
    2164, 2164
    2767, 2767
    3602, 3602
    9, 9
    3091, 3091
    2938, 2938
    58, 58
    874, 874
    13, 13
    3948, 3948
    1710, 1710
    2779, 2779
    1645, 1645
    60, 60
    534, 534
    2971, 2971
    3430, 3430
    341, 341
    2593, 2593
    2246, 2246
    770, 770
    1700, 1700
    3327, 3327
    3897, 3897
    3369, 3369
    3313, 3313
    204, 204
    1912, 1912
    3688, 3688
    1278, 1278
    1335, 1335
    2025, 2025
    159, 159
    0, 0
    3094, 3094
    2473, 2473
    2299, 2299
    1995, 1995
    2160, 2160
    1828, 1828
    645, 645
    2873, 2873
    1061, 1061
    261, 261
    1824, 1824
    678, 678
    191, 191
    2904, 2904
    2712, 2712
    3162, 3162
    1713, 1713
    3908, 3908
    2874, 2874
    3570, 3570
    1647, 1647
    129, 129
    3654, 3654
    3582, 3582
    2327, 2327
    2759, 2759
    3585, 3585
    3927, 3927
    1550, 1550
    1835, 1835
    2610, 2610
    913, 913
    980, 980
    655, 655
    1369, 1369
    2861, 2861
    787, 787
    2435, 2435
    6, 6
    330, 330
    2665, 2665
    3395, 3395
    1697, 1697
    3065, 3065
    1589, 1589
    3961, 3961
    2931, 2931
    542, 542
    2543, 2543
    3497, 3497
    2595, 2595
    3653, 3653
    2417, 2417
    1471, 1471
    2758, 2758
    1179, 1179
    2499, 2499
    1442, 1442
    1973, 1973
    3121, 3121
    983, 983
    552, 552
    1150, 1150
    3750, 3750
    187, 187
    3027, 3027
    1375, 1375
    323, 323
    3037, 3037
    1875, 1875
    50, 50
    2829, 2829
    2296, 2296
    628, 628
    1027, 1027
    2693, 2693
    3840, 3840
    1591, 1591
    1462, 1462
    2658, 2658
    1275, 1275
    2083, 2083
    3583, 3583
    2331, 2331
    3686, 3686
    1678, 1678
    2790, 2790
    1931, 1931
    54, 54
    716, 716
    2726, 2726
    1811, 1811
    2444, 2444
    480, 480
    3969, 3969
    2168, 2168
    1402, 1402
    663, 663
    3462, 3462
    648, 648
    2769, 2769
    3230, 3230
    237, 237
    3143, 3143
    833, 833
    2755, 2755
    3788, 3788
    693, 693
    2333, 2333
    3963, 3963
    3433, 3433
    1926, 1926
    3804, 3804
    3704, 3704
    1468, 1468
    3860, 3860
    816, 816
    3769, 3769
    3846, 3846
    413, 413
    2443, 2443
    161, 161
    1913, 1913
    2062, 2062
    3753, 3753
    738, 738
    1786, 1786
    1434, 1434
    1233, 1233
    2649, 2649
    294, 294
    904, 904
    286, 286
    1064, 1064
    3423, 3423
    415, 415
    2541, 2541
    1743, 1743
    2229, 2229
    93, 93
    2782, 2782
    250, 250
    3279, 3279
    2978, 2978
    862, 862
    1962, 1962
    507, 507
    2941, 2941
    757, 757
    797, 797
    88, 88
    2480, 2480
    149, 149
    475, 475
    3415, 3415
    1516, 1516
    374, 374
    3841, 3841
    490, 490
    2359, 2359
    3400, 3400
    2483, 2483
    772, 772
    2600, 2600
    509, 509
    109, 109
    303, 303
    2787, 2787
    2466, 2466
    2188, 2188
    3727, 3727
    2597, 2597
    2350, 2350
    3346, 3346
    185, 185
    896, 896
    2857, 2857
    3503, 3503
    599, 599
    3207, 3207
    3951, 3951
    254, 254
    3341, 3341
    1745, 1745
    3886, 3886
    698, 698
    3254, 3254
    1523, 1523
    903, 903
    2889, 2889
    479, 479
    1110, 1110
    2996, 2996
    66, 66
    995, 995
    779, 779
    3461, 3461
    1373, 1373
    2581, 2581
    2404, 2404
    1992, 1992
    472, 472
    3862, 3862
    1328, 1328
    337, 337
    1463, 1463
    3249, 3249
    3755, 3755
    2868, 2868
    2626, 2626
    2704, 2704
    2017, 2017
    1845, 1845
    1127, 1127
    2374, 2374
    1717, 1717
    3380, 3380
    2415, 2415
    2783, 2783
    3666, 3666
    881, 881
    3479, 3479
    964, 964
    3324, 3324
    2137, 2137
    1128, 1128
    2148, 2148
    3966, 3966
    3431, 3431
    1602, 1602
    2799, 2799
    2214, 2214
    3397, 3397
    3780, 3780
    2864, 2864
    3678, 3678
    328, 328
    3450, 3450
    158, 158
    3782, 3782
    612, 612
    3591, 3591
    533, 533
    3103, 3103
    2780, 2780
    367, 367
    282, 282
    1951, 1951
    1065, 1065
    2689, 2689
    2509, 2509
    135, 135
    764, 764
    3364, 3364
    775, 775
    753, 753
    1189, 1189
    991, 991
    2357, 2357
    1298, 1298
    1576, 1576
    3268, 3268
    2442, 2442
    375, 375
    1822, 1822
    1178, 1178
    2406, 2406
    2241, 2241
    2470, 2470
    3970, 3970
    832, 832
    2213, 2213
    3777, 3777
    3336, 3336
    1362, 1362
    2242, 2242
    511, 511
    2894, 2894
    1192, 1192
    2257, 2257
    1234, 1234
    446, 446
    2004, 2004
    3820, 3820
    2080, 2080
    3584, 3584
    1310, 1310
    329, 329
    373, 373
    1834, 1834
    2224, 2224
    3289, 3289
    583, 583
    3290, 3290
    977, 977
    908, 908
    2324, 2324
    3756, 3756
    782, 782
    257, 257
    3565, 3565
    2882, 2882
    1332, 1332
    2991, 2991
    999, 999
    1364, 1364
    3553, 3553
    3391, 3391
    2021, 2021
    2506, 2506
    4, 4
    2561, 2561
    2736, 2736
    3215, 3215
    3378, 3378
    2909, 2909
    1633, 1633
    3441, 3441
    2947, 2947
    382, 382
    57, 57
    3751, 3751
    2247, 2247
    3762, 3762
    3297, 3297
    255, 255
    1066, 1066
    2135, 2135
    3544, 3544
    1813, 1813
    1953, 1953
    2263, 2263
    837, 837
    3739, 3739
    2623, 2623
    2502, 2502
    1295, 1295
    1778, 1778
    1449, 1449
    412, 412
    2292, 2292
    1933, 1933
    1352, 1352
    2801, 2801
    3483, 3483
    3681, 3681
    302, 302
    2989, 2989
    404, 404
    1270, 1270
    601, 601
    3695, 3695
    2465, 2465
    3318, 3318
    2888, 2888
    2181, 2181
    3726, 3726
    1026, 1026
    3274, 3274
    2532, 2532
    388, 388
    3095, 3095
    572, 572
    1154, 1154
    570, 570
    2067, 2067
    894, 894
    3719, 3719
    3652, 3652
    2389, 2389
    1466, 1466
    1952, 1952
    3964, 3964
    1242, 1242
    3399, 3399
    3210, 3210
    3761, 3761
    1658, 1658
    1990, 1990
    2094, 2094
    3954, 3954
    1060, 1060
    165, 165
    1722, 1722
    3646, 3646
    3104, 3104
    1577, 1577
    3458, 3458
}

S(b, c) = {
    763, 763
    2151, 2151
    3066, 3066
    3534, 3534
    2890, 2890
    2636, 2636
    1712, 1712
    2455, 2455
    3016, 3016
    2414, 2414
    3915, 3915
    1225, 1225
    2402, 2402
    1944, 1944
    1913, 1913
    2016, 2016
    3804, 3804
    1487, 1487
    2119, 2119
    1862, 1862
    2081, 2081
    2200, 2200
    3736, 3736
    3107, 3107
    3780, 3780
    3565, 3565
    3307, 3307
    3402, 3402
    1303, 1303
    1420, 1420
    2050, 2050
    2561, 2561
    1618, 1618
    3370, 3370
    3832, 3832
    1996, 1996
    406, 406
    2650, 2650
    3326, 3326
    3697, 3697
    1553, 1553
    2812, 2812
    1565, 1565
    709, 709
    3288, 3288
    2397, 2397
    1323, 1323
    2585, 2585
    62, 62
    1170, 1170
    80, 80
    943, 943
    1378, 1378
    1022, 1022
    2819, 2819
    1580, 1580
    2694, 2694
    915, 915
    1199, 1199
    194, 194
    1535, 1535
    2903, 2903
    3413, 3413
    2987, 2987
    523, 523
    2825, 2825
    1204, 1204
    3484, 3484
    663, 663
    604, 604
    2829, 2829
    281, 281
    1436, 1436
    3971, 3971
    883, 883
    716, 716
    2, 2
    2131, 2131
    3733, 3733
    4, 4
    1560, 1560
    3110, 3110
    3374, 3374
    144, 144
    3773, 3773
    923, 923
    2787, 2787
    1251, 1251
    703, 703
    2534, 2534
    2456, 2456
    3902, 3902
    3739, 3739
    3425, 3425
    3262, 3262
    825, 825
    1523, 1523
    960, 960
    1004, 1004
    1243, 1243
    2544, 2544
    3826, 3826
    2627, 2627
    235, 235
    1469, 1469
    3055, 3055
    511, 511
    3874, 3874
    352, 352
    2869, 2869
    1964, 1964
    1513, 1513
    338, 338
    3401, 3401
    35, 35
    334, 334
    1925, 1925
    633, 633
    1798, 1798
    3749, 3749
    1515, 1515
    3147, 3147
    2683, 2683
    142, 142
    172, 172
    3296, 3296
    1169, 1169
    925, 925
    3306, 3306
    3720, 3720
    1124, 1124
    3951, 3951
    1827, 1827
    1538, 1538
    3608, 3608
    3423, 3423
    2738, 2738
    178, 178
    264, 264
    3270, 3270
    3200, 3200
    1564, 1564
    141, 141
    3850, 3850
    1030, 1030
    783, 783
    3528, 3528
    494, 494
    1264, 1264
    2377, 2377
    2412, 2412
    1587, 1587
    3441, 3441
    240, 240
    964, 964
    3499, 3499
    2156, 2156
    287, 287
    1036, 1036
    2172, 2172
    1026, 1026
    3700, 3700
    2303, 2303
    3591, 3591
    3793, 3793
    1667, 1667
    2083, 2083
    508, 508
    492, 492
    2557, 2557
    3509, 3509
    247, 247
    1058, 1058
    2272, 2272
    2204, 2204
    2948, 2948
    1433, 1433
    2399, 2399
    1490, 1490
    2449, 2449
    1943, 1943
    3903, 3903
    1848, 1848
    1389, 1389
    3996, 3996
    2258, 2258
    1721, 1721
    1687, 1687
    1524, 1524
    3741, 3741
    1011, 1011
    3027, 3027
    2002, 2002
    3549, 3549
    2035, 2035
    2873, 2873
    3015, 3015
    1336, 1336
    180, 180
    3712, 3712
    1555, 1555
    294, 294
    66, 66
    3438, 3438
    2798, 2798
    798, 798
    215, 215
    3997, 3997
    2884, 2884
    3442, 3442
    1631, 1631
    382, 382
    2525, 2525
    3818, 3818
    3745, 3745
    116, 116
    1849, 1849
    778, 778
    3581, 3581
    3660, 3660
    853, 853
    3180, 3180
    3368, 3368
    1414, 1414
    3960, 3960
    1405, 1405
    173, 173
    3232, 3232
    1437, 1437
    3035, 3035
    3659, 3659
    145, 145
    3295, 3295
    2761, 2761
    2066, 2066
    1541, 1541
    2759, 2759
    3873, 3873
    2946, 2946
    1903, 1903
    2076, 2076
    2158, 2158
    605, 605
    3185, 3185
    3233, 3233
    2736, 2736
    369, 369
    2340, 2340
    3430, 3430
    2225, 2225
    3321, 3321
    800, 800
    588, 588
    1678, 1678
    1884, 1884
    3119, 3119
    3365, 3365
    257, 257
    3099, 3099
    558, 558
    291, 291
    1330, 1330
    16, 16
    2514, 2514
    1836, 1836
    2329, 2329
    3344, 3344
    3927, 3927
    2472, 2472
    3729, 3729
    788, 788
    684, 684
    2010, 2010
    755, 755
    2863, 2863
    2067, 2067
    190, 190
    1765, 1765
    3524, 3524
    1331, 1331
    563, 563
    3890, 3890
    427, 427
    3860, 3860
    2624, 2624
    2637, 2637
    3539, 3539
    2302, 2302
    862, 862
    1897, 1897
    1181, 1181
    2565, 2565
    130, 130
    289, 289
    2583, 2583
    295, 295
    1260, 1260
    1116, 1116
    1813, 1813
    1019, 1019
    1895, 1895
    383, 383
    262, 262
    39, 39
    673, 673
    2620, 2620
    3864, 3864
    2029, 2029
    2051, 2051
    3087, 3087
    1583, 1583
    1705, 1705
    3187, 3187
    3831, 3831
    3397, 3397
    1324, 1324
    1641, 1641
    2254, 2254
    1873, 1873
    3589, 3589
    3751, 3751
    1447, 1447
    1987, 1987
    459, 459
    639, 639
    1745, 1745
    1403, 1403
    26, 26
    967, 967
    1815, 1815
    942, 942
    2125, 2125
    2259, 2259
    1935, 1935
    3426, 3426
    2901, 2901
    2522, 2522
    1367, 1367
    2549, 2549
    2615, 2615
    787, 787
    2662, 2662
    272, 272
    3112, 3112
    1890, 1890
    311, 311
    3681, 3681
    2176, 2176
    2078, 2078
    510, 510
    1645, 1645
    3181, 3181
    500, 500
    2390, 2390
    1743, 1743
    2513, 2513
    2776, 2776
    159, 159
    1861, 1861
    1954, 1954
    3517, 3517
    3171, 3171
    1637, 1637
    1348, 1348
    2843, 2843
    304, 304
    2169, 2169
    3293, 3293
    2381, 2381
    3842, 3842
    2766, 2766
    2885, 2885
    1178, 1178
    973, 973
    2810, 2810
    710, 710
    1652, 1652
    3661, 3661
    2850, 2850
    3757, 3757
    840, 840
    2721, 2721
    3954, 3954
    243, 243
    1375, 1375
    2797, 2797
    2431, 2431
    669, 669
    1752, 1752
    3488, 3488
    1797, 1797
    1937, 1937
    2256, 2256
    1272, 1272
    487, 487
    811, 811
    3994, 3994
    835, 835
    2327, 2327
    1295, 1295
    161, 161
    103, 103
    689, 689
    1247, 1247
    609, 609
    237, 237
    2271, 2271
    2992, 2992
    1533, 1533
    1754, 1754
    741, 741
    2523, 2523
    949, 949
    538, 538
    2830, 2830
    3596, 3596
    3421, 3421
    3645, 3645
    3946, 3946
    436, 436
    1875, 1875
    3194, 3194
    3922, 3922
    3179, 3179
    2077, 2077
    2848, 2848
    2250, 2250
    303, 303
    3475, 3475
    2052, 2052
    292, 292
    2084, 2084
    3949, 3949
    2391, 2391
    0, 0
    2835, 2835
    698, 698
    1975, 1975
    3995, 3995
    3324, 3324
    253, 253
    1901, 1901
    2358, 2358
    1018, 1018
    101, 101
    1889, 1889
    3483, 3483
    1845, 1845
    3211, 3211
    2227, 2227
    2520, 2520
    1249, 1249
    1357, 1357
    3885, 3885
    2542, 2542
    2387, 2387
    3037, 3037
    1071, 1071
    978, 978
    2508, 2508
    2855, 2855
    3141, 3141
    2425, 2425
    2777, 2777
    2444, 2444
    3843, 3843
    2089, 2089
    24, 24
    3759, 3759
    1684, 1684
    158, 158
    528, 528
    2678, 2678
    1819, 1819
    3291, 3291
    2287, 2287
    2219, 2219
    2783, 2783
    2816, 2816
    1716, 1716
    2772, 2772
    3440, 3440
    1936, 1936
    2454, 2454
    2088, 2088
    2882, 2882
    3043, 3043
    2942, 2942
    3471, 3471
    299, 299
    2336, 2336
    2374, 2374
    3213, 3213
    1872, 1872
    1810, 1810
    93, 93
    1744, 1744
    844, 844
    3834, 3834
    1059, 1059
    3718, 3718
    465, 465
    1332, 1332
    961, 961
    234, 234
    2997, 2997
    1333, 1333
    2858, 2858
    3053, 3053
    3630, 3630
    2925, 2925
    3285, 3285
    852, 852
    1882, 1882
    1847, 1847
    224, 224
    2298, 2298
    1086, 1086
    594, 594
    1545, 1545
    2752, 2752
    2072, 2072
    3077, 3077
    1787, 1787
    1182, 1182
    2079, 2079
    2057, 2057
    283, 283
    2170, 2170
    2153, 2153
    2931, 2931
    2985, 2985
    251, 251
    3708, 3708
    980, 980
    2095, 2095
    3135, 3135
    3468, 3468
    2107, 2107
    1781, 1781
    2864, 2864
    3907, 3907
    2320, 2320
    2834, 2834
    678, 678
    1691, 1691
    1670, 1670
    3703, 3703
    2996, 2996
    3481, 3481
    1573, 1573
    936, 936
    1187, 1187
    1190, 1190
    2496, 2496
    197, 197
    1735, 1735
    930, 930
    1547, 1547
    3986, 3986
    3052, 3052
    3796, 3796
    2255, 2255
    2372, 2372
    1589, 1589
    2195, 2195
    1154, 1154
    1452, 1452
    2248, 2248
    485, 485
    1563, 1563
    1177, 1177
    244, 244
    1604, 1604
    1121, 1121
    2339, 2339
    1834, 1834
    2122, 2122
    1927, 1927
    3663, 3663
    837, 837
    1680, 1680
    1926, 1926
    2601, 2601
    3391, 3391
    2682, 2682
    1184, 1184
    2279, 2279
    184, 184
    3704, 3704
    1517, 1517
    2369, 2369
    1502, 1502
    672, 672
    3117, 3117
    2820, 2820
    1439, 1439
    1558, 1558
    2183, 2183
    3432, 3432
    774, 774
    3385, 3385
    911, 911
    1688, 1688
    2655, 2655
    2906, 2906
    1431, 1431
    1581, 1581
    3564, 3564
    3086, 3086
    2762, 2762
    2801, 2801
    3229, 3229
    124, 124
    902, 902
    3443, 3443
    2727, 2727
    3717, 3717
    3312, 3312
    626, 626
    2253, 2253
    3485, 3485
    43, 43
    3292, 3292
    2705, 2705
    1850, 1850
    2875, 2875
    1835, 1835
    2196, 2196
    2041, 2041
    1213, 1213
    1293, 1293
    994, 994
    579, 579
    1031, 1031
    468, 468
    997, 997
    899, 899
    580, 580
    346, 346
    3298, 3298
    13, 13
    1529, 1529
    781, 781
    2711, 2711
    388, 388
    1739, 1739
    1194, 1194
    808, 808
    3764, 3764
    1902, 1902
    1192, 1192
    1941, 1941
    2395, 2395
    802, 802
    814, 814
    105, 105
    1309, 1309
    3164, 3164
    2658, 2658
    3437, 3437
    2383, 2383
    2426, 2426
    3824, 3824
    2865, 2865
    1253, 1253
    607, 607
    616, 616
    1218, 1218
    1624, 1624
    525, 525
    2941, 2941
    1493, 1493
    3687, 3687
    3346, 3346
    3476, 3476
    2026, 2026
    3446, 3446
    3167, 3167
    1820, 1820
    3732, 3732
    3259, 3259
    1791, 1791
    1340, 1340
    2462, 2462
    2141, 2141
    2212, 2212
    984, 984
    2805, 2805
    1717, 1717
    1761, 1761
    2924, 2924
    3956, 3956
    3363, 3363
    2040, 2040
    754, 754
    1155, 1155
    185, 185
    2223, 2223
    820, 820
    1422, 1422
    280, 280
    2781, 2781
    2190, 2190
    470, 470
    1345, 1345
    3781, 3781
    1, 1
    2013, 2013
    1053, 1053
    2025, 2025
    2367, 2367
    1980, 1980
    3516, 3516
    601, 601
    2621, 2621
    683, 683
    1164, 1164
    2117, 2117
    3886, 3886
    1605, 1605
    981, 981
    1001, 1001
    983, 983
    1435, 1435
    544, 544
    3604, 3604
    345, 345
    3989, 3989
    2894, 2894
    3070, 3070
    2060, 2060
    1747, 1747
    2751, 2751
    3088, 3088
    681, 681
    2230, 2230
    1858, 1858
    1503, 1503
    2110, 2110
    1289, 1289
    1217, 1217
    2806, 2806
    599, 599
    723, 723
    2393, 2393
    3670, 3670
    108, 108
    356, 356
    1552, 1552
    3212, 3212
    745, 745
    364, 364
    2547, 2547
    905, 905
    2854, 2854
    898, 898
    708, 708
    45, 45
    263, 263
    2831, 2831
    3600, 3600
    77, 77
    1017, 1017
    697, 697
    821, 821
    2106, 2106
    3624, 3624
    2231, 2231
    3092, 3092
    3266, 3266
    1021, 1021
    846, 846
    1404, 1404
    2886, 2886
    1224, 1224
    1427, 1427
    2221, 2221
    2240, 2240
    2473, 2473
    3992, 3992
    2532, 2532
    1881, 1881
    623, 623
    1559, 1559
    3058, 3058
    1938, 1938
    2356, 2356
    2366, 2366
    3424, 3424
    385, 385
    1753, 1753
    2394, 2394
    1117, 1117
    2008, 2008
    1998, 1998
    357, 357
    55, 55
    2606, 2606
    223, 223
    972, 972
    1570, 1570
    1049, 1049
    2316, 2316
    1993, 1993
    2712, 2712
    2467, 2467
    308, 308
    2673, 2673
    977, 977
    2900, 2900
    1666, 1666
    3727, 3727
    3222, 3222
    1120, 1120
    210, 210
    2638, 2638
    1808, 1808
    1893, 1893
    3707, 3707
    1616, 1616
    854, 854
    3575, 3575
    1463, 1463
    1723, 1723
    1143, 1143
    2702, 2702
    1382, 1382
    3051, 3051
    1153, 1153
    248, 248
    2293, 2293
    935, 935
    1311, 1311
    252, 252
    1999, 1999
    2251, 2251
    2400, 2400
    1610, 1610
    2215, 2215
    3201, 3201
    1877, 1877
    278, 278
    1395, 1395
    2726, 2726
    3234, 3234
    3920, 3920
    620, 620
    1509, 1509
    1909, 1909
    3257, 3257
    1732, 1732
    1297, 1297
    2234, 2234
    3816, 3816
    1857, 1857
    1816, 1816
    2187, 2187
    2709, 2709
    52, 52
    347, 347
    326, 326
    2032, 2032
    2811, 2811
    3823, 3823
    3651, 3651
    414, 414
    517, 517
    2228, 2228
    2807, 2807
    2940, 2940
    1757, 1757
    3439, 3439
    1632, 1632
    549, 549
    2208, 2208
    2949, 2949
    958, 958
    3034, 3034
    2990, 2990
    3805, 3805
    1710, 1710
    2799, 2799
    3457, 3457
    3597, 3597
    481, 481
    606, 606
    23, 23
    1257, 1257
    3109, 3109
    1456, 1456
    990, 990
    359, 359
    3566, 3566
    1662, 1662
    3655, 3655
    2267, 2267
    3198, 3198
    661, 661
    457, 457
    2039, 2039
    1674, 1674
    114, 114
    2842, 2842
    3408, 3408
    3858, 3858
    349, 349
    2832, 2832
    446, 446
    3999, 3999
    3641, 3641
    2643, 2643
    665, 665
    2943, 2943
    1731, 1731
    3710, 3710
    2626, 2626
    1790, 1790
    2979, 2979
    2973, 2973
    3336, 3336
    647, 647
    1097, 1097
    2468, 2468
    2756, 2756
    1918, 1918
    1201, 1201
    640, 640
    2758, 2758
    503, 503
    877, 877
    1494, 1494
    2944, 2944
    3280, 3280
    1273, 1273
    502, 502
    447, 447
    2515, 2515
    2181, 2181
    2325, 2325
    2286, 2286
    270, 270
    214, 214
    2417, 2417
    1141, 1141
    3094, 3094
    1132, 1132
    1592, 1592
    493, 493
    2977, 2977
    3192, 3192
    3798, 3798
    2135, 2135
    1250, 1250
    2161, 2161
    3797, 3797
    2545, 2545
    1609, 1609
    3225, 3225
    3612, 3612
    702, 702
    2422, 2422
    3204, 3204
    3100, 3100
    1400, 1400
    3943, 3943
    3434, 3434
    3628, 3628
    274, 274
    1794, 1794
    453, 453
    3282, 3282
    315, 315
    3122, 3122
    1265, 1265
    636, 636
    656, 656
    3607, 3607
    1136, 1136
    1516, 1516
    2423, 2423
    3959, 3959
    3158, 3158
    2852, 2852
    2568, 2568
    2111, 2111
    834, 834
    3026, 3026
    3153, 3153
    2980, 2980
    3128, 3128
    1048, 1048
    792, 792
    1313, 1313
    3930, 3930
    1245, 1245
    3942, 3942
    2090, 2090
    87, 87
    954, 954
    1774, 1774
    219, 219
    1673, 1673
    1044, 1044
    650, 650
    2749, 2749
    2634, 2634
    3919, 3919
    3458, 3458
    1462, 1462
    1788, 1788
    1698, 1698
    3274, 3274
    2460, 2460
    914, 914
    3576, 3576
    1298, 1298
    957, 957
    254, 254
    2677, 2677
    3039, 3039
    600, 600
    2748, 2748
    2505, 2505
    1466, 1466
    3115, 3115
    3706, 3706
    189, 189
    3974, 3974
    3812, 3812
    2427, 2427
    426, 426
    1211, 1211
    2069, 2069
    1043, 1043
    3519, 3519
    2828, 2828
    2281, 2281
    1150, 1150
    2097, 2097
    3726, 3726
    2262, 2262
    2028, 2028
    3611, 3611
    305, 305
    812, 812
    1649, 1649
    2898, 2898
    1863, 1863
    785, 785
    1488, 1488
    216, 216
    894, 894
    3010, 3010
    1416, 1416
    3287, 3287
    397, 397
    3342, 3342
    3428, 3428
    3163, 3163
    482, 482
    3540, 3540
    3947, 3947
    2593, 2593
    3418, 3418
    2590, 2590
    461, 461
    2406, 2406
    2824, 2824
    2966, 2966
    2625, 2625
    3172, 3172
    1783, 1783
    348, 348
    2735, 2735
    3696, 3696
    929, 929
    3367, 3367
    795, 795
    2597, 2597
    2062, 2062
    3963, 3963
    92, 92
    1957, 1957
    3493, 3493
    3162, 3162
    2571, 2571
    3449, 3449
    3840, 3840
    363, 363
    2123, 2123
    3492, 3492
    64, 64
    3155, 3155
    11, 11
    2527, 2527
    2023, 2023
    976, 976
    260, 260
    839, 839
    2576, 2576
    3469, 3469
    2573, 2573
    1215, 1215
    1078, 1078
    506, 506
    3154, 3154
    2209, 2209
    953, 953
    2889, 2889
    3142, 3142
    767, 767
    1751, 1751
    643, 643
    3856, 3856
    1865, 1865
    2134, 2134
    297, 297
    887, 887
    1554, 1554
    841, 841
    3877, 3877
    3882, 3882
    3871, 3871
    1968, 1968
    3472, 3472
    1235, 1235
    2277, 2277
    1453, 1453
    2166, 2166
    729, 729
    405, 405
    1183, 1183
    419, 419
    1228, 1228
    2582, 2582
    134, 134
    2068, 2068
    2729, 2729
    33, 33
    1804, 1804
    1997, 1997
    1337, 1337
    192, 192
    2872, 2872
    743, 743
    1165, 1165
    3934, 3934
    2645, 2645
    3113, 3113
    1214, 1214
    1809, 1809
    2475, 2475
    1934, 1934
    3786, 3786
    3779, 3779
    2434, 2434
    838, 838
    285, 285
    3553, 3553
    1233, 1233
    2492, 2492
    3405, 3405
    2584, 2584
    659, 659
    1702, 1702
    614, 614
    3463, 3463
    850, 850
    1942, 1942
    3220, 3220
    1630, 1630
    2507, 2507
    747, 747
    1353, 1353
    1992, 1992
    212, 212
    2899, 2899
    773, 773
    3060, 3060
    3742, 3742
    3403, 3403
    375, 375
    2184, 2184
    771, 771
    1409, 1409
    1837, 1837
    2263, 2263
    2465, 2465
    3763, 3763
    794, 794
    2363, 2363
    2331, 2331
    2639, 2639
    1334, 1334
    3899, 3899
    864, 864
    3579, 3579
    3656, 3656
    1301, 1301
    1227, 1227
    3387, 3387
    3217, 3217
    2955, 2955
    719, 719
    2555, 2555
    3693, 3693
    1831, 1831
    3044, 3044
    3069, 3069
    413, 413
    1156, 1156
    945, 945
    1870, 1870
    731, 731
    3097, 3097
    3769, 3769
    3698, 3698
    3905, 3905
    2439, 2439
    1133, 1133
    2953, 2953
    360, 360
    3800, 3800
    149, 149
    3489, 3489
    2428, 2428
    3594, 3594
    155, 155
    1449, 1449
    2982, 2982
    687, 687
    1885, 1885
    282, 282
    14, 14
    3384, 3384
    2670, 2670
    3506, 3506
    1275, 1275
    128, 128
    2769, 2769
    2193, 2193
    2502, 2502
    740, 740
    2435, 2435
    3123, 3123
    1114, 1114
    2916, 2916
    2857, 2857
    1229, 1229
    2352, 2352
    555, 555
    1800, 1800
    1263, 1263
    1356, 1356
    218, 218
    118, 118
    2307, 2307
    1896, 1896
    2201, 2201
    1612, 1612
    229, 229
    1521, 1521
    478, 478
    2893, 2893
    1960, 1960
    3006, 3006
    2929, 2929
    483, 483
    2273, 2273
    1740, 1740
    2344, 2344
    2019, 2019
    2222, 2222
    3177, 3177
    1569, 1569
    100, 100
    381, 381
    1805, 1805
    2105, 2105
    3003, 3003
    1792, 1792
    313, 313
    1919, 1919
    3223, 3223
    2631, 2631
    867, 867
    3417, 3417
    584, 584
    1511, 1511
    1341, 1341
    1621, 1621
    1683, 1683
    323, 323
    3633, 3633
    3825, 3825
    2283, 2283
    1054, 1054
    3841, 3841
    2553, 2553
    1271, 1271
    2290, 2290
    1828, 1828
    2121, 2121
    1920, 1920
    2908, 2908
    1692, 1692
    758, 758
    163, 163
    306, 306
    2044, 2044
    2528, 2528
    535, 535
    2744, 2744
    19, 19
    540, 540
    1528, 1528
    1906, 1906
    1304, 1304
    3862, 3862
    1879, 1879
    1220, 1220
    2206, 2206
    147, 147
    2644, 2644
    310, 310
    1981, 1981
    1448, 1448
    3965, 3965
    125, 125
    36, 36
    1104, 1104
    2763, 2763
    2245, 2245
    1930, 1930
    1994, 1994
    324, 324
    896, 896
    3752, 3752
    2814, 2814
    38, 38
    137, 137
    96, 96
    2530, 2530
    3801, 3801
    355, 355
    2140, 2140
    547, 547
    2396, 2396
    3283, 3283
    1222, 1222
    962, 962
    2312, 2312
    3674, 3674
    3668, 3668
    2351, 2351
    866, 866
    509, 509
    94, 94
    67, 67
    3235, 3235
    895, 895
    2333, 2333
    2782, 2782
    2451, 2451
    3866, 3866
    2579, 2579
    2651, 2651
    569, 569
    988, 988
    1137, 1137
    1602, 1602
    1101, 1101
    1196, 1196
    1144, 1144
    1440, 1440
    362, 362
    166, 166
    3170, 3170
    585, 585
    1951, 1951
    1362, 1362
    277, 277
    2866, 2866
    3991, 3991
    3955, 3955
    1326, 1326
    526, 526
    2458, 2458
    2861, 2861
    3459, 3459
    296, 296
    2127, 2127
    906, 906
    3143, 3143
    3844, 3844
    2179, 2179
    2500, 2500
    3794, 3794
    2061, 2061
    3945, 3945
    1426, 1426
    2235, 2235
    3358, 3358
    1931, 1931
    3251, 3251
    2760, 2760
    596, 596
    966, 966
    140, 140
    1009, 1009
    2531, 2531
    3679, 3679
    1208, 1208
    892, 892
    1368, 1368
    3460, 3460
    1102, 1102
    3124, 3124
    1676, 1676
    322, 322
    3538, 3538
    3186, 3186
    1387, 1387
    1002, 1002
    1549, 1549
    2202, 2202
    2836, 2836
    3944, 3944
    1254, 1254
    1586, 1586
    164, 164
    366, 366
    2242, 2242
    1424, 1424
    1282, 1282
    845, 845
    3277, 3277
    3686, 3686
    2724, 2724
    8, 8
    316, 316
    1633, 1633
    3852, 3852
    3455, 3455
    830, 830
    3245, 3245
    3810, 3810
    3279, 3279
    1922, 1922
    1014, 1014
    2345, 2345
    891, 891
    3839, 3839
    3237, 3237
    139, 139
    3527, 3527
    202, 202
    2007, 2007
    3081, 3081
    3165, 3165
    944, 944
    3734, 3734
    733, 733
    2602, 2602
    1703, 1703
    2963, 2963
    1267, 1267
    458, 458
    744, 744
    3901, 3901
    1664, 1664
    2808, 2808
    3314, 3314
    1411, 1411
    1379, 1379
    3550, 3550
    2155, 2155
    1599, 1599
    3912, 3912
    2675, 2675
    3872, 3872
    2167, 2167
    2210, 2210
    1343, 1343
    3898, 3898
    3046, 3046
    590, 590
    2178, 2178
    298, 298
    1749, 1749
    2063, 2063
    3515, 3515
    813, 813
    3777, 3777
    1498, 1498
    160, 160
    3356, 3356
    2118, 2118
    924, 924
    377, 377
    329, 329
    2554, 2554
    2403, 2403
    2688, 2688
    1006, 1006
    3620, 3620
    1162, 1162
    1200, 1200
    1163, 1163
    1771, 1771
    3399, 3399
    1032, 1032
    1832, 1832
    674, 674
    1591, 1591
    769, 769
    805, 805
    3908, 3908
    3503, 3503
    3814, 3814
    3210, 3210
    3445, 3445
    2623, 2623
    1886, 1886
    1157, 1157
    2313, 2313
    3250, 3250
    2482, 2482
    550, 550
    3080, 3080
    3900, 3900
    751, 751
    211, 211
    1384, 1384
    1807, 1807
    3289, 3289
    3790, 3790
    1911, 1911
    1127, 1127
    893, 893
    3231, 3231
    86, 86
    2269, 2269
    3837, 3837
    3598, 3598
    2733, 2733
    3375, 3375
    2229, 2229
    395, 395
    1891, 1891
    269, 269
    3518, 3518
    582, 582
    2648, 2648
    2419, 2419
    750, 750
    3695, 3695
    112, 112
    543, 543
    3341, 3341
    1977, 1977
    581, 581
    403, 403
    3286, 3286
    1594, 1594
    3353, 3353
    1134, 1134
    2701, 2701
    1596, 1596
    2361, 2361
    2664, 2664
    1481, 1481
    3967, 3967
    910, 910
    3551, 3551
    2818, 2818
    3145, 3145
    2915, 2915
    3072, 3072
    1147, 1147
    3191, 3191
    3089, 3089
    642, 642
    1118, 1118
    908, 908
    2717, 2717
    2288, 2288
    171, 171
    288, 288
    3111, 3111
    3802, 3802
    3632, 3632
    2355, 2355
    69, 69
    2665, 2665
    2846, 2846
    378, 378
    1701, 1701
    1976, 1976
    2974, 2974
    1285, 1285
    3766, 3766
    2311, 2311
    2560, 2560
    3909, 3909
    151, 151
    1681, 1681
    1978, 1978
    1455, 1455
    1179, 1179
    227, 227
    3334, 3334
    1868, 1868
    3376, 3376
    3775, 3775
    1064, 1064
    2347, 2347
    2617, 2617
    1039, 1039
    520, 520
    724, 724
    1283, 1283
    720, 720
    1483, 1483
    3178, 3178
    1103, 1103
    2503, 2503
    849, 849
    3522, 3522
    2099, 2099
    2999, 2999
    2971, 2971
    1501, 1501
    232, 232
    1099, 1099
    2217, 2217
    1317, 1317
    136, 136
    3980, 3980
    766, 766
    2370, 2370
    3664, 3664
    3252, 3252
    2718, 2718
    1252, 1252
    1768, 1768
    3542, 3542
    2847, 2847
    3701, 3701
    1546, 1546
    2159, 2159
    1574, 1574
    1779, 1779
    48, 48
    3968, 3968
    111, 111
    1921, 1921
    2260, 2260
    1089, 1089
    1239, 1239
    1983, 1983
    1796, 1796
    3978, 3978
    1579, 1579
    2935, 2935
    1672, 1672
    1989, 1989
    3196, 3196
    3969, 3969
    361, 361
    1079, 1079
    1460, 1460
    3705, 3705
    354, 354
    2059, 2059
    2603, 2603
    2755, 2755
    979, 979
    2103, 2103
    2261, 2261
    940, 940
    220, 220
    2604, 2604
    3239, 3239
    2844, 2844
    2938, 2938
    1969, 1969
    1446, 1446
    177, 177
    2334, 2334
    1962, 1962
    2173, 2173
    1718, 1718
    3371, 3371
    1510, 1510
    472, 472
    3161, 3161
    658, 658
    1730, 1730
    3970, 3970
    2319, 2319
    1458, 1458
    2466, 2466
    2608, 2608
    445, 445
    3343, 3343
    2382, 2382
    3791, 3791
    1110, 1110
    3870, 3870
    3614, 3614
    442, 442
    1709, 1709
    2595, 2595
    2270, 2270
    922, 922
    886, 886
    2154, 2154
    3140, 3140
    530, 530
    475, 475
    1042, 1042
    2907, 2907
    3407, 3407
    1388, 1388
    1979, 1979
    3075, 3075
    187, 187
    3268, 3268
    2274, 2274
    3410, 3410
    18, 18
    1339, 1339
    2570, 2570
    78, 78
    343, 343
    1335, 1335
    1578, 1578
    3626, 3626
    3236, 3236
    2418, 2418
    3673, 3673
    41, 41
    1077, 1077
    1491, 1491
    2180, 2180
    565, 565
    904, 904
    2914, 2914
    2622, 2622
    2218, 2218
    275, 275
    1907, 1907
    2794, 2794
    1958, 1958
    301, 301
    551, 551
    152, 152
    2722, 2722
    505, 505
    996, 996
    3677, 3677
    597, 597
    3709, 3709
    286, 286
    870, 870
    2883, 2883
    2031, 2031
    1760, 1760
    336, 336
    484, 484
    1145, 1145
    2614, 2614
    309, 309
    2236, 2236
    176, 176
    3543, 3543
    2055, 2055
    1172, 1172
    2082, 2082
    969, 969
    3338, 3338
    83, 83
    777, 777
    2353, 2353
    1963, 1963
    874, 874
    2578, 2578
    2324, 2324
    2120, 2120
    3635, 3635
    2909, 2909
    333, 333
    3012, 3012
    2004, 2004
    3373, 3373
    2498, 2498
    3610, 3610
    3029, 3029
    542, 542
    546, 546
    3007, 3007
    1073, 1073
    2695, 2695
    246, 246
    1308, 1308
    341, 341
    2981, 2981
    1391, 1391
    901, 901
    2380, 2380
    1198, 1198
    1908, 1908
    1933, 1933
    803, 803
    746, 746
    1070, 1070
    2112, 2112
    501, 501
    1736, 1736
    2359, 2359
    951, 951
    1625, 1625
    2174, 2174
    435, 435
    3815, 3815
    3431, 3431
    1093, 1093
    836, 836
    496, 496
    3452, 3452
    399, 399
    3768, 3768
    621, 621
    2548, 2548
    1726, 1726
    3993, 3993
    2859, 2859
    1722, 1722
    655, 655
    3935, 3935
    660, 660
    3218, 3218
    2618, 2618
    598, 598
    557, 557
    889, 889
    2516, 2516
    1766, 1766
    3685, 3685
    622, 622
    2598, 2598
    2945, 2945
    696, 696
    2609, 2609
    3684, 3684
    1095, 1095
    1762, 1762
    612, 612
    3847, 3847
    3256, 3256
    1929, 1929
    1091, 1091
    2014, 2014
    2970, 2970
    2538, 2538
    680, 680
    3552, 3552
    2481, 2481
    3544, 3544
    2030, 2030
    3776, 3776
    1364, 1364
    982, 982
    3510, 3510
    2796, 2796
    3265, 3265
    1953, 1953
    2679, 2679
    284, 284
    3096, 3096
    1947, 1947
    3558, 3558
    1010, 1010
    1434, 1434
    317, 317
    2684, 2684
    3938, 3938
    2463, 2463
    1131, 1131
    75, 75
    3853, 3853
    3063, 3063
    1663, 1663
    3317, 3317
    524, 524
    860, 860
    2690, 2690
    1377, 1377
    1786, 1786
    3427, 3427
    3643, 3643
    3054, 3054
    2742, 2742
    1789, 1789
    1914, 1914
    504, 504
    135, 135
    3573, 3573
    3450, 3450
    1415, 1415
    2599, 2599
    2588, 2588
    3261, 3261
    1785, 1785
    2085, 2085
    2768, 2768
    3061, 3061
    1085, 1085
    1069, 1069
    2410, 2410
    2661, 2661
    2868, 2868
    3216, 3216
    1871, 1871
    3715, 3715
    2408, 2408
    989, 989
    473, 473
    489, 489
    1135, 1135
    3398, 3398
    2220, 2220
    2976, 2976
    2964, 2964
    3588, 3588
    206, 206
    3308, 3308
    3737, 3737
    843, 843
    1189, 1189
    2681, 2681
    434, 434
    70, 70
    2182, 2182
    1544, 1544
    2168, 2168
    1708, 1708
    201, 201
    1291, 1291
    1076, 1076
    3682, 3682
    1795, 1795
    3772, 3772
    2506, 2506
    1527, 1527
    2917, 2917
    2493, 2493
    2919, 2919
    3894, 3894
    1566, 1566
    3224, 3224
    1647, 1647
    1338, 1338
    714, 714
    2698, 2698
    91, 91
    3490, 3490
    1638, 1638
    3665, 3665
    1508, 1508
    1628, 1628
    3514, 3514
    3627, 3627
    217, 217
    782, 782
    1138, 1138
    1844, 1844
    53, 53
    3512, 3512
    679, 679
    3381, 3381
    2972, 2972
    2720, 2720
    2913, 2913
    833, 833
    3079, 3079
    98, 98
    3415, 3415
    3436, 3436
    2543, 2543
    3629, 3629
    1280, 1280
    1627, 1627
    1171, 1171
    2642, 2642
    3325, 3325
    2533, 2533
    3447, 3447
    873, 873
    3613, 3613
    1669, 1669
    737, 737
    50, 50
    644, 644
    1186, 1186
    3869, 3869
    3056, 3056
    809, 809
    3453, 3453
    2630, 2630
    2006, 2006
    1984, 1984
    1780, 1780
    2594, 2594
    625, 625
    15, 15
    3303, 3303
    1158, 1158
    1759, 1759
    2443, 2443
    707, 707
    1851, 1851
    3244, 3244
    480, 480
    2132, 2132
    3300, 3300
    3126, 3126
    1109, 1109
    1221, 1221
    1484, 1484
    3131, 3131
    2693, 2693
    799, 799
    536, 536
    880, 880
    3917, 3917
    2995, 2995
    1167, 1167
    2813, 2813
    438, 438
    2484, 2484
    327, 327
    1370, 1370
    927, 927
    3042, 3042
    780, 780
    1961, 1961
    3833, 3833
    1949, 1949
    3975, 3975
    1846, 1846
    1839, 1839
    3958, 3958
    2700, 2700
    3414, 3414
    2447, 2447
    2289, 2289
    890, 890
    3114, 3114
    2152, 2152
    963, 963
    2478, 2478
    1915, 1915
    221, 221
    3836, 3836
    2809, 2809
    974, 974
    2177, 2177
    921, 921
    3082, 3082
    611, 611
    1966, 1966
    1603, 1603
    3723, 3723
    2314, 2314
    1241, 1241
    3529, 3529
    400, 400
    2897, 2897
    469, 469
    1354, 1354
    3297, 3297
    3146, 3146
    153, 153
    415, 415
    1770, 1770
    2385, 2385
    2686, 2686
    209, 209
    868, 868
    2043, 2043
    2927, 2927
    2086, 2086
    2774, 2774
    1363, 1363
    3511, 3511
    3983, 3983
    2087, 2087
    881, 881
    2291, 2291
    3255, 3255
    46, 46
    3174, 3174
    815, 815
    3400, 3400
    1575, 1575
    882, 882
    2896, 2896
    965, 965
    1119, 1119
    2226, 2226
    3348, 3348
    3144, 3144
    2386, 2386
    848, 848
    1685, 1685
    3863, 3863
    3001, 3001
    851, 851
    1451, 1451
    133, 133
    2453, 2453
    168, 168
    591, 591
    1648, 1648
    1322, 1322
    3404, 3404
    3215, 3215
    2793, 2793
    3093, 3093
    1634, 1634
    3392, 3392
    2632, 2632
    3662, 3662
    2823, 2823
    3988, 3988
    1582, 1582
    516, 516
    37, 37
    165, 165
    2577, 2577
    1408, 1408
    2407, 2407
    342, 342
    1727, 1727
    2252, 2252
    2867, 2867
    937, 937
    3537, 3537
    2719, 2719
    3521, 3521
    1398, 1398
    121, 121
    231, 231
    2162, 2162
    2160, 2160
    2392, 2392
    2384, 2384
    1067, 1067
    1694, 1694
    2786, 2786
    2790, 2790
    1142, 1142
    3783, 3783
    760, 760
    3913, 3913
    2654, 2654
    3756, 3756
    518, 518
    429, 429
    2800, 2800
    3835, 3835
    856, 856
    1421, 1421
    671, 671
    3560, 3560
    1258, 1258
    857, 857
    617, 617
    3880, 3880
    1107, 1107
    1266, 1266
    424, 424
    2703, 2703
    1197, 1197
    2157, 2157
    829, 829
    2849, 2849
    154, 154
    3396, 3396
    2034, 2034
    748, 748
    827, 827
    1892, 1892
    2364, 2364
    1626, 1626
    2640, 2640
    2042, 2042
    1188, 1188
    583, 583
    2952, 2952
    1413, 1413
    1734, 1734
    1622, 1622
    2266, 2266
    553, 553
    1923, 1923
    1479, 1479
    1967, 1967
    3638, 3638
    513, 513
    3036, 3036
    1038, 1038
    545, 545
    1584, 1584
    903, 903
    2504, 2504
    3508, 3508
    1767, 1767
    3166, 3166
    63, 63
    2521, 2521
    3658, 3658
    1111, 1111
    3189, 3189
    2424, 2424
    117, 117
    1279, 1279
    3498, 3498
    2080, 2080
    1425, 1425
    3750, 3750
    2564, 2564
    2874, 2874
    72, 72
    2297, 2297
    3889, 3889
    933, 933
    3647, 3647
    3461, 3461
    1840, 1840
    3584, 3584
    2750, 2750
    3691, 3691
    685, 685
    2510, 2510
    1269, 1269
    250, 250
    3918, 3918
    3984, 3984
    1741, 1741
    2474, 2474
    3206, 3206
    2647, 2647
    939, 939
    12, 12
    1764, 1764
    3281, 3281
    1185, 1185
    1590, 1590
    2674, 2674
    387, 387
    1675, 1675
    1806, 1806
    126, 126
    559, 559
    1497, 1497
    3470, 3470
    1000, 1000
    1748, 1748
    1883, 1883
    645, 645
    818, 818
    847, 847
    1695, 1695
    608, 608
    1441, 1441
    2792, 2792
    1531, 1531
    1532, 1532
    3563, 3563
    1833, 1833
    3148, 3148
    3813, 3813
    1062, 1062
    3076, 3076
    1299, 1299
    3622, 3622
    1476, 1476
    1714, 1714
    1617, 1617
    3208, 3208
    2357, 2357
    2464, 2464
    3559, 3559
    1046, 1046
    1465, 1465
    3621, 3621
    393, 393
    2550, 2550
    2375, 2375
    456, 456
    3910, 3910
    3985, 3985
    759, 759
    2373, 2373
    871, 871
    2959, 2959
    3605, 3605
    1478, 1478
    768, 768
    1677, 1677
    265, 265
    3546, 3546
    1519, 1519
    353, 353
    1402, 1402
    1504, 1504
    1505, 1505
    40, 40
    971, 971
    65, 65
    2308, 2308
    1410, 1410
    1180, 1180
    3811, 3811
    3304, 3304
    1593, 1593
    1668, 1668
    3464, 3464
    2243, 2243
    618, 618
    571, 571
    321, 321
    634, 634
    3023, 3023
    2186, 2186
    2552, 2552
    79, 79
    675, 675
    2309, 2309
    1352, 1352
    556, 556
    3973, 3973
    242, 242
    22, 22
    3448, 3448
    938, 938
    1122, 1122
    3846, 3846
    1210, 1210
    3372, 3372
    3327, 3327
    3422, 3422
    1075, 1075
    2512, 2512
    2815, 2815
    3038, 3038
    2022, 2022
    2438, 2438
    2880, 2880
    2343, 2343
    3649, 3649
    2667, 2667
    1281, 1281
    2743, 2743
    3789, 3789
    2559, 2559
    3331, 3331
    467, 467
    3669, 3669
    2147, 2147
    3792, 3792
    2539, 2539
    2856, 2856
    2932, 2932
    2143, 2143
    1811, 1811
    975, 975
    2129, 2129
    193, 193
    3486, 3486
    2954, 2954
    1087, 1087
    1386, 1386
    1972, 1972
    1366, 1366
    2710, 2710
    3032, 3032
    2616, 2616
    2148, 2148
    1733, 1733
    3904, 3904
    42, 42
    239, 239
    561, 561
    2757, 2757
    3105, 3105
    228, 228
    3284, 3284
    1639, 1639
    420, 420
    1905, 1905
    721, 721
    2870, 2870
    1024, 1024
    1880, 1880
    51, 51
    3652, 3652
    1328, 1328
    150, 150
    3451, 3451
    1823, 1823
    2851, 2851
    2877, 2877
    3806, 3806
    955, 955
    1423, 1423
    999, 999
    2891, 2891
    1824, 1824
    7, 7
    3248, 3248
    1083, 1083
    2745, 2745
    3916, 3916
    711, 711
    1838, 1838
    3031, 3031
    3025, 3025
    307, 307
    1310, 1310
    2802, 2802
    2822, 2822
    1240, 1240
    3355, 3355
    2214, 2214
    3578, 3578
    1950, 1950
    2784, 2784
    3861, 3861
    3603, 3603
    1572, 1572
    233, 233
    1474, 1474
    1361, 1361
    1475, 1475
    1028, 1028
    213, 213
    2754, 2754
    706, 706
    340, 340
    3433, 3433
    1948, 1948
    1061, 1061
    3568, 3568
    3654, 3654
    2257, 2257
    749, 749
    907, 907
    1140, 1140
    1428, 1428
    1074, 1074
    1869, 1869
    1576, 1576
    629, 629
    373, 373
    2671, 2671
    437, 437
    1205, 1205
    2461, 2461
    2984, 2984
    2860, 2860
    61, 61
    3136, 3136
    3586, 3586
    1952, 1952
    1830, 1830
    2471, 2471
    1644, 1644
    822, 822
    1081, 1081
    1234, 1234
    2108, 2108
    1123, 1123
    968, 968
    2046, 2046
    81, 81
    2116, 2116
    3340, 3340
    1894, 1894
    1270, 1270
    2495, 2495
    3350, 3350
    20, 20
    2338, 2338
    804, 804
    3849, 3849
    431, 431
    2411, 2411
    1347, 1347
    444, 444
    27, 27
    1396, 1396
    1784, 1784
    312, 312
    1321, 1321
    1274, 1274
    3209, 3209
    3555, 3555
    1829, 1829
    1852, 1852
    1094, 1094
    3533, 3533
    3914, 3914
    3390, 3390
    1286, 1286
    3809, 3809
    1259, 1259
    2280, 2280
    3593, 3593
    1608, 1608
    1013, 1013
    2321, 2321
    2337, 2337
    3116, 3116
    205, 205
    3735, 3735
    2436, 2436
    1646, 1646
    2789, 2789
    2268, 2268
    1226, 1226
    2501, 2501
    519, 519
    863, 863
    2138, 2138
    2892, 2892
    2146, 2146
    2652, 2652
    57, 57
    1619, 1619
    3507, 3507
    3618, 3618
    2764, 2764
    2518, 2518
    3045, 3045
    3535, 3535
    2292, 2292
    2459, 2459
    170, 170
    432, 432
    2804, 2804
    402, 402
    950, 950
    872, 872
    3950, 3950
    998, 998
    204, 204
    2071, 2071
    2838, 2838
    3497, 3497
    1284, 1284
    2197, 2197
    1534, 1534
    2317, 2317
    1278, 1278
    1045, 1045
    3360, 3360
    2950, 2950
    919, 919
    3199, 3199
    1514, 1514
    376, 376
    203, 203
    3929, 3929
    682, 682
    10, 10
    646, 646
    3267, 3267
    1855, 1855
    657, 657
    3962, 3962
    1562, 1562
    1126, 1126
    2725, 2725
    3378, 3378
    84, 84
    1174, 1174
    3569, 3569
    3653, 3653
    1773, 1773
    3788, 3788
    339, 339
    2315, 2315
    3193, 3193
    1480, 1480
    806, 806
    2706, 2706
    2278, 2278
    3571, 3571
    512, 512
    379, 379
    587, 587
    3202, 3202
    99, 99
    1287, 1287
    3714, 3714
    2232, 2232
    90, 90
    2469, 2469
    2930, 2930
    3548, 3548
    3748, 3748
    2379, 2379
    2574, 2574
    3207, 3207
    71, 71
    824, 824
    1536, 1536
    1468, 1468
    1482, 1482
    2753, 2753
    993, 993
    2613, 2613
    1316, 1316
    3139, 3139
    73, 73
    3755, 3755
    1041, 1041
    2668, 2668
    3195, 3195
    1799, 1799
    3495, 3495
    3197, 3197
    3149, 3149
    1843, 1843
    2714, 2714
    1066, 1066
    1393, 1393
    3740, 3740
    3602, 3602
    3500, 3500
    2098, 2098
    1060, 1060
    1654, 1654
    3807, 3807
    169, 169
    855, 855
    3394, 3394
    2524, 2524
    1372, 1372
    1173, 1173
    3386, 3386
    2519, 2519
    2142, 2142
    3219, 3219
    425, 425
    3305, 3305
    418, 418
    1015, 1015
    3619, 3619
    3362, 3362
    2102, 2102
    421, 421
    613, 613
    3761, 3761
    89, 89
    742, 742
    1399, 1399
    765, 765
    2452, 2452
    2450, 2450
    2936, 2936
    2928, 2928
    1008, 1008
    2092, 2092
    1988, 1988
    2737, 2737
    3351, 3351
    3526, 3526
    3683, 3683
    2192, 2192
    3479, 3479
    443, 443
    2669, 2669
    2676, 2676
    667, 667
    1005, 1005
    931, 931
    1506, 1506
    3642, 3642
    1689, 1689
    3435, 3435
    200, 200
    3923, 3923
    127, 127
    2216, 2216
    1209, 1209
    2389, 2389
    2567, 2567
    1742, 1742
    439, 439
    2563, 2563
    1195, 1195
    947, 947
    3592, 3592
    462, 462
    279, 279
    727, 727
    3799, 3799
    3730, 3730
    271, 271
    1682, 1682
    186, 186
    3098, 3098
    577, 577
    3891, 3891
    3040, 3040
    2497, 2497
    1306, 1306
    1974, 1974
    1642, 1642
    1887, 1887
    3294, 3294
    3221, 3221
    2075, 2075
    3879, 3879
    2569, 2569
    1898, 1898
    575, 575
    423, 423
    3474, 3474
    1100, 1100
    1746, 1746
    1467, 1467
    789, 789
    1956, 1956
    3004, 3004
    985, 985
    3547, 3547
    2207, 2207
    1012, 1012
    1206, 1206
    1990, 1990
    3337, 3337
    3254, 3254
    1176, 1176
    499, 499
    603, 603
    735, 735
    3911, 3911
    2264, 2264
    3952, 3952
    2048, 2048
    428, 428
    351, 351
    3631, 3631
    2093, 2093
    3454, 3454
    1040, 1040
    3309, 3309
    1776, 1776
    2189, 2189
    2912, 2912
    2740, 2740
    3646, 3646
    3577, 3577
    1600, 1600
    1418, 1418
    691, 691
    2723, 2723
    3867, 3867
    3590, 3590
    498, 498
    1550, 1550
    3738, 3738
    2965, 2965
    987, 987
    952, 952
    1394, 1394
    797, 797
    3678, 3678
    1471, 1471
    441, 441
    1084, 1084
    238, 238
    3389, 3389
    1520, 1520
    2015, 2015
    1098, 1098
    430, 430
    2728, 2728
    1381, 1381
    791, 791
    3246, 3246
    3134, 3134
    1020, 1020
    245, 245
    1707, 1707
    3838, 3838
    2511, 2511
    3744, 3744
    3085, 3085
    885, 885
    2109, 2109
    182, 182
    564, 564
    1500, 1500
    54, 54
    1050, 1050
    1704, 1704
    3713, 3713
    736, 736
    3762, 3762
    2163, 2163
    3357, 3357
    2536, 2536
    537, 537
    466, 466
    1307, 1307
    115, 115
    1242, 1242
    676, 676
    627, 627
    454, 454
    2213, 2213
    3000, 3000
    2341, 2341
    918, 918
    3743, 3743
    1636, 1636
    2101, 2101
    2993, 2993
    932, 932
    2149, 2149
    3364, 3364
    2635, 2635
    188, 188
    1485, 1485
    2821, 2821
    3892, 3892
    1812, 1812
    2587, 2587
    2294, 2294
    3616, 3616
    1585, 1585
    1679, 1679
    909, 909
    1556, 1556
    3504, 3504
    2038, 2038
    3271, 3271
    452, 452
    1567, 1567
    226, 226
    1129, 1129
    3961, 3961
    2360, 2360
    3545, 3545
    589, 589
    1248, 1248
    3556, 3556
    3876, 3876
    3412, 3412
    488, 488
    2876, 2876
    146, 146
    869, 869
    807, 807
    2961, 2961
    753, 753
    1874, 1874
    1385, 1385
    3875, 3875
    195, 195
    2581, 2581
    2100, 2100
    3406, 3406
    1700, 1700
    132, 132
    2775, 2775
    3505, 3505
    2440, 2440
    3482, 3482
    3936, 3936
    3263, 3263
    2124, 2124
    3702, 3702
    2580, 2580
    1305, 1305
    3238, 3238
    107, 107
    1557, 1557
    2968, 2968
    1159, 1159
    1660, 1660
    1615, 1615
    3883, 3883
    122, 122
    440, 440
    2244, 2244
    2666, 2666
    900, 900
    717, 717
    2448, 2448
    3125, 3125
    1611, 1611
    521, 521
    372, 372
    179, 179
    2739, 2739
    56, 56
    2653, 2653
    3666, 3666
    2203, 2203
    3104, 3104
    2346, 2346
    2826, 2826
    3382, 3382
    17, 17
    1203, 1203
    3771, 3771
    3778, 3778
    3625, 3625
    956, 956
    3530, 3530
    34, 34
    1640, 1640
    2445, 2445
    2629, 2629
    59, 59
    3987, 3987
    1442, 1442
    610, 610
    2310, 2310
    1230, 1230
    411, 411
    1417, 1417
    1146, 1146
    1346, 1346
    290, 290
    1450, 1450
    1690, 1690
    2350, 2350
    49, 49
    1244, 1244
    3429, 3429
    3380, 3380
    3328, 3328
    3473, 3473
    3819, 3819
    1369, 1369
    2540, 2540
    3, 3
    2233, 2233
    1526, 1526
    615, 615
    3487, 3487
    2326, 2326
    2354, 2354
    1191, 1191
    2133, 2133
    3760, 3760
    3395, 3395
    2017, 2017
    701, 701
    3728, 3728
    2433, 2433
    199, 199
    2657, 2657
    3754, 3754
    300, 300
    2021, 2021
    249, 249
    3494, 3494
    875, 875
    1065, 1065
    1793, 1793
    3335, 3335
    3322, 3322
    2409, 2409
    2480, 2480
    653, 653
    694, 694
    401, 401
    2489, 2489
    2933, 2933
    2285, 2285
    3071, 3071
    3932, 3932
    884, 884
    3102, 3102
    2194, 2194
    1023, 1023
    2332, 2332
    2771, 2771
    3982, 3982
    3074, 3074
    1686, 1686
    1598, 1598
    761, 761
    318, 318
    2732, 2732
    3050, 3050
    1661, 1661
    686, 686
    3349, 3349
    2911, 2911
    1047, 1047
    1236, 1236
    3496, 3496
    3937, 3937
    3014, 3014
    1443, 1443
    486, 486
    817, 817
    1151, 1151
    2934, 2934
    2975, 2975
    3409, 3409
    666, 666
    1202, 1202
    1429, 1429
    2304, 2304
    878, 878
    1380, 1380
    2922, 2922
    1620, 1620
    2988, 2988
    2441, 2441
    2137, 2137
    3731, 3731
    1940, 1940
    3857, 3857
    912, 912
    1775, 1775
    3150, 3150
    1276, 1276
    157, 157
    2126, 2126
    1814, 1814
    3680, 3680
    2416, 2416
    1454, 1454
    1082, 1082
    3247, 3247
    1540, 1540
    113, 113
    784, 784
    2680, 2680
    3966, 3966
    1959, 1959
    828, 828
    3478, 3478
    992, 992
    380, 380
    337, 337
    690, 690
    2420, 2420
    1472, 1472
    3931, 3931
    2833, 2833
    541, 541
    1390, 1390
    1720, 1720
    567, 567
    2628, 2628
    3242, 3242
    1854, 1854
    2096, 2096
    3692, 3692
    320, 320
    641, 641
    2365, 2365
    730, 730
    3227, 3227
    109, 109
    1696, 1696
    635, 635
    3152, 3152
    2494, 2494
    28, 28
    3491, 3491
    2003, 2003
    637, 637
    3787, 3787
    1219, 1219
    3785, 3785
    1231, 1231
    539, 539
    455, 455
    1866, 1866
    97, 97
    3782, 3782
    119, 119
    1160, 1160
    1917, 1917
    1113, 1113
    1595, 1595
    276, 276
    2839, 2839
    1860, 1860
    3639, 3639
    2785, 2785
    3320, 3320
    2323, 2323
    3606, 3606
    3008, 3008
    578, 578
    654, 654
    2562, 2562
    2541, 2541
    25, 25
    1876, 1876
    1130, 1130
    2295, 2295
    367, 367
    3855, 3855
    1358, 1358
    1412, 1412
    241, 241
    2926, 2926
    1571, 1571
    1003, 1003
    1216, 1216
    2020, 2020
    3676, 3676
    3310, 3310
    268, 268
    1344, 1344
    507, 507
    2413, 2413
    1750, 1750
    3318, 3318
    3203, 3203
    1782, 1782
    3359, 3359
    3160, 3160
    255, 255
    47, 47
    1623, 1623
    370, 370
    3541, 3541
    3253, 3253
    2237, 2237
    1376, 1376
    2910, 2910
    3964, 3964
    692, 692
    1329, 1329
    2770, 2770
    3888, 3888
    1088, 1088
    2817, 2817
    728, 728
    533, 533
    2937, 2937
    772, 772
    3068, 3068
    391, 391
    1713, 1713
    574, 574
    390, 390
    1175, 1175
    2470, 2470
    1818, 1818
    2335, 2335
    2446, 2446
    3127, 3127
    916, 916
    2487, 2487
    832, 832
    2139, 2139
    2348, 2348
    1374, 1374
    3377, 3377
    2000, 2000
    1542, 1542
    392, 392
    409, 409
    1499, 1499
    1470, 1470
    3672, 3672
    3599, 3599
    3329, 3329
    602, 602
    562, 562
    2421, 2421
    3940, 3940
    3829, 3829
    3057, 3057
    368, 368
    3019, 3019
    2879, 2879
    156, 156
    2113, 2113
    222, 222
    476, 476
    752, 752
    1777, 1777
    3941, 3941
    1971, 1971
    497, 497
    1986, 1986
    2708, 2708
    3634, 3634
    2405, 2405
    670, 670
    2073, 2073
    2058, 2058
    1108, 1108
    3574, 3574
    790, 790
    2558, 2558
    699, 699
    779, 779
    1955, 1955
    732, 732
    3585, 3585
    2795, 2795
    3030, 3030
    3028, 3028
    1755, 1755
    1651, 1651
    1223, 1223
    3083, 3083
    1912, 1912
    2923, 2923
    3536, 3536
    58, 58
    2853, 2853
    1148, 1148
    3095, 3095
    3411, 3411
    1373, 1373
    2746, 2746
    1643, 1643
    1360, 1360
    2188, 2188
    3241, 3241
    1817, 1817
    1246, 1246
    2115, 2115
    1090, 1090
    1350, 1350
    2011, 2011
    3724, 3724
    3456, 3456
    1401, 1401
    3420, 3420
    3182, 3182
    1207, 1207
    1149, 1149
    3073, 3073
    1296, 1296
    3226, 3226
    529, 529
    2605, 2605
    2371, 2371
    259, 259
    823, 823
    3176, 3176
    628, 628
    1699, 1699
    44, 44
    3022, 3022
    1826, 1826
    30, 30
    2330, 2330
    913, 913
    3018, 3018
    2442, 2442
    162, 162
    2947, 2947
    3926, 3926
    859, 859
    3753, 3753
    1507, 1507
    2779, 2779
    2537, 2537
    3333, 3333
    3467, 3467
    1568, 1568
    1473, 1473
    3214, 3214
    726, 726
    2998, 2998
    941, 941
    3106, 3106
    196, 196
    2765, 2765
    256, 256
    3137, 3137
    793, 793
    2734, 2734
    3339, 3339
    1315, 1315
    225, 225
    448, 448
    3133, 3133
    3957, 3957
    76, 76
    2301, 2301
    344, 344
    3906, 3906
    3998, 3998
    3301, 3301
    1973, 1973
    3024, 3024
    106, 106
    3021, 3021
    2957, 2957
    2128, 2128
    593, 593
    3725, 3725
    1355, 1355
    3820, 3820
    3416, 3416
    3260, 3260
    2491, 2491
    1300, 1300
    1719, 1719
    1539, 1539
    2699, 2699
    3020, 3020
    3928, 3928
    2305, 2305
    2509, 2509
    2299, 2299
    2164, 2164
    2171, 2171
    1864, 1864
    198, 198
    449, 449
    712, 712
    1801, 1801
    1277, 1277
    451, 451
    3981, 3981
    2246, 2246
    2049, 2049
    801, 801
    1112, 1112
    738, 738
    2546, 2546
    2803, 2803
    2551, 2551
    74, 74
    1212, 1212
    3169, 3169
    1105, 1105
    2715, 2715
    2065, 2065
    1970, 1970
    2611, 2611
    2415, 2415
    1406, 1406
    2033, 2033
    2704, 2704
    1288, 1288
    2241, 2241
    2526, 2526
    970, 970
    3851, 3851
    548, 548
    1320, 1320
    495, 495
    920, 920
    3078, 3078
    3595, 3595
    407, 407
    1778, 1778
    1802, 1802
    3132, 3132
    514, 514
    266, 266
    946, 946
    926, 926
    2045, 2045
    718, 718
    1430, 1430
    573, 573
    230, 230
    3313, 3313
    1878, 1878
    3466, 3466
    3230, 3230
    3264, 3264
    3688, 3688
    2114, 2114
    3845, 3845
    371, 371
    2697, 2697
    1867, 1867
    3013, 3013
    2767, 2767
    1464, 1464
    3138, 3138
    3345, 3345
    2130, 2130
    2610, 2610
    865, 865
    3657, 3657
    2967, 2967
    3379, 3379
    3721, 3721
    725, 725
    3887, 3887
    1653, 1653
    3311, 3311
    2649, 2649
    715, 715
    3948, 3948
    1383, 1383
    3129, 3129
    3532, 3532
    2878, 2878
    1853, 1853
    2175, 2175
    3784, 3784
    1650, 1650
    3383, 3383
    1237, 1237
    3062, 3062
    888, 888
    408, 408
    2378, 2378
    2362, 2362
    335, 335
    1152, 1152
    384, 384
    3979, 3979
    1655, 1655
    3419, 3419
    490, 490
    3868, 3868
    619, 619
    463, 463
    236, 236
    3444, 3444
    2895, 2895
    576, 576
    2716, 2716
    1985, 1985
    1899, 1899
    1601, 1601
    365, 365
    3048, 3048
    3477, 3477
    208, 208
    433, 433
    2888, 2888
    1063, 1063
    3884, 3884
    2920, 2920
    3828, 3828
    986, 986
    1946, 1946
    651, 651
    2284, 2284
    695, 695
    764, 764
    2619, 2619
    3562, 3562
    2660, 2660
    3765, 3765
    775, 775
    6, 6
    3121, 3121
    1365, 1365
    1268, 1268
    1342, 1342
    3108, 3108
    1319, 1319
    1551, 1551
    460, 460
    477, 477
    2921, 2921
    2713, 2713
    1459, 1459
    3667, 3667
    668, 668
    1294, 1294
    3977, 3977
    358, 358
    713, 713
    1302, 1302
    3939, 3939
    3716, 3716
    2476, 2476
    2401, 2401
    2198, 2198
    396, 396
    3609, 3609
    3615, 3615
    3623, 3623
    3290, 3290
    3580, 3580
    2887, 2887
    522, 522
    1888, 1888
    664, 664
    1007, 1007
    1407, 1407
    1842, 1842
    3319, 3319
    3276, 3276
    1193, 1193
    1486, 1486
    1318, 1318
    1904, 1904
    3897, 3897
    3315, 3315
    293, 293
    3830, 3830
    786, 786
    3157, 3157
    2572, 2572
    1737, 1737
    3120, 3120
    842, 842
    3770, 3770
    1758, 1758
    3582, 3582
    1543, 1543
    3650, 3650
    2741, 2741
    1769, 1769
    1991, 1991
    3821, 3821
    3501, 3501
    1711, 1711
    3921, 3921
    876, 876
    2592, 2592
    1657, 1657
    1658, 1658
    3636, 3636
    3090, 3090
    2691, 2691
    29, 29
    3156, 3156
    739, 739
    1496, 1496
    2376, 2376
    1262, 1262
    2692, 2692
    1255, 1255
    450, 450
    2773, 2773
    2556, 2556
    412, 412
    3854, 3854
    1351, 1351
    175, 175
    1518, 1518
    1916, 1916
    534, 534
    3848, 3848
    1238, 1238
    331, 331
    1057, 1057
    3567, 3567
    554, 554
    2306, 2306
    1910, 1910
    3617, 3617
    3990, 3990
    207, 207
    2144, 2144
    2349, 2349
    319, 319
    1928, 1928
    3893, 3893
    110, 110
    181, 181
    796, 796
    1392, 1392
    261, 261
    595, 595
    572, 572
    2064, 2064
    531, 531
    3925, 3925
    394, 394
    2437, 2437
    2663, 2663
    2191, 2191
    3878, 3878
    1613, 1613
    1080, 1080
    2091, 2091
    1477, 1477
    183, 183
    3175, 3175
    917, 917
    3278, 3278
    2962, 2962
    2150, 2150
    2905, 2905
    1397, 1397
    2012, 2012
    1033, 1033
    3462, 3462
    3205, 3205
    2001, 2001
    632, 632
    2845, 2845
    3523, 3523
    1803, 1803
    3465, 3465
    1292, 1292
    2036, 2036
    527, 527
    2575, 2575
    1856, 1856
    2483, 2483
    3228, 3228
    677, 677
    398, 398
    897, 897
    273, 273
    1763, 1763
    1261, 1261
    861, 861
    1457, 1457
    2486, 2486
    102, 102
    3091, 3091
    2404, 2404
    3302, 3302
    757, 757
    2368, 2368
    1945, 1945
    2881, 2881
    3002, 3002
    3047, 3047
    2276, 2276
    1822, 1822
    3808, 3808
    1932, 1932
    2249, 2249
    1432, 1432
    2185, 2185
    1597, 1597
    3316, 3316
    3719, 3719
    2018, 2018
    120, 120
    104, 104
    3323, 3323
    2918, 2918
    1139, 1139
    3269, 3269
    350, 350
    2275, 2275
    1697, 1697
    88, 88
    148, 148
    3746, 3746
    1665, 1665
    3118, 3118
    2687, 2687
    2994, 2994
    1115, 1115
    1728, 1728
    831, 831
    2056, 2056
    3675, 3675
    2646, 2646
    2047, 2047
    95, 95
    2104, 2104
    2490, 2490
    1537, 1537
    1166, 1166
    2956, 2956
    1034, 1034
    1052, 1052
    1290, 1290
    2479, 2479
    1027, 1027
    491, 491
    1900, 1900
    2009, 2009
    1738, 1738
    2983, 2983
    2205, 2205
    1312, 1312
    1725, 1725
    2641, 2641
    2136, 2136
    1051, 1051
    1629, 1629
    722, 722
    1025, 1025
    631, 631
    404, 404
    756, 756
    3711, 3711
    1232, 1232
    9, 9
    2328, 2328
    648, 648
    2871, 2871
    258, 258
    1035, 1035
    879, 879
    3067, 3067
    3774, 3774
    2951, 2951
    3017, 3017
    3388, 3388
    1821, 1821
    1561, 1561
    1756, 1756
    2780, 2780
    630, 630
    662, 662
    1606, 1606
    3103, 3103
    1693, 1693
    2024, 2024
    3065, 3065
    2517, 2517
    770, 770
    3557, 3557
    2731, 2731
    60, 60
    2457, 2457
    3130, 3130
    1577, 1577
    3694, 3694
    2586, 2586
    3640, 3640
    2969, 2969
    3064, 3064
    3689, 3689
    3299, 3299
    2607, 2607
    3531, 3531
    3005, 3005
    2788, 2788
    2958, 2958
    934, 934
    3690, 3690
    3561, 3561
    1965, 1965
    3896, 3896
    1489, 1489
    1715, 1715
    68, 68
    3243, 3243
    3159, 3159
    479, 479
    1495, 1495
    1419, 1419
    3366, 3366
    3972, 3972
    2535, 2535
    2429, 2429
    1841, 1841
    2696, 2696
    2239, 2239
    3587, 3587
    1859, 1859
    3865, 3865
    3648, 3648
    3513, 3513
    3084, 3084
    2224, 2224
    2633, 2633
    129, 129
    3933, 3933
    810, 810
    3352, 3352
    2247, 2247
    2388, 2388
    959, 959
    1656, 1656
    3644, 3644
    704, 704
    1349, 1349
    649, 649
    2485, 2485
    3272, 3272
    123, 123
    21, 21
    1056, 1056
    174, 174
    3822, 3822
    2841, 2841
    3332, 3332
    1168, 1168
    1671, 1671
    302, 302
    2430, 2430
    2499, 2499
    2322, 2322
    3570, 3570
    816, 816
    2037, 2037
    700, 700
    464, 464
    2596, 2596
    2145, 2145
    3369, 3369
    3795, 3795
    1512, 1512
    1037, 1037
    734, 734
    2902, 2902
    3190, 3190
    3525, 3525
    3354, 3354
    3817, 3817
    2685, 2685
    928, 928
    1092, 1092
    2778, 2778
    3168, 3168
    31, 31
    1706, 1706
    2656, 2656
    1371, 1371
    325, 325
    2960, 2960
    1096, 1096
    3049, 3049
    191, 191
    1072, 1072
    3767, 3767
    652, 652
    3275, 3275
    3188, 3188
    1106, 1106
    2199, 2199
    1724, 1724
    3101, 3101
    138, 138
    1614, 1614
    948, 948
    1359, 1359
    2612, 2612
    131, 131
    1461, 1461
    2282, 2282
    1588, 1588
    3803, 3803
    3173, 3173
    1125, 1125
    422, 422
    3151, 3151
    1635, 1635
    3273, 3273
    1444, 1444
    995, 995
    2827, 2827
    2747, 2747
    2529, 2529
    3895, 3895
    2600, 2600
    776, 776
    1314, 1314
    1029, 1029
    2589, 2589
    592, 592
    2027, 2027
    3249, 3249
    2054, 2054
    389, 389
    2591, 2591
    819, 819
    1325, 1325
    3059, 3059
    3330, 3330
    1438, 1438
    2689, 2689
    3758, 3758
    705, 705
    167, 167
    3572, 3572
    568, 568
    3347, 3347
    1068, 1068
    1128, 1128
    515, 515
    2730, 2730
    1982, 1982
    3009, 3009
    2005, 2005
    3393, 3393
    3976, 3976
    762, 762
    560, 560
    3699, 3699
    2672, 2672
    858, 858
    2837, 2837
    2791, 2791
    3033, 3033
    1055, 1055
    586, 586
    5, 5
    32, 32
    85, 85
    1530, 1530
    2070, 2070
    1445, 1445
    3859, 3859
    1161, 1161
    3011, 3011
    1492, 1492
    3184, 3184
    3953, 3953
    1659, 1659
    2477, 2477
    624, 624
    374, 374
    2840, 2840
    2318, 2318
    991, 991
    1256, 1256
    3722, 3722
    1607, 1607
    2238, 2238
    2342, 2342
    2862, 2862
    2300, 2300
    1327, 1327
    3747, 3747
    2165, 2165
    1522, 1522
    3671, 3671
    1548, 1548
    3240, 3240
    2986, 2986
    386, 386
    1016, 1016
    2265, 2265
    3601, 3601
    2991, 2991
    143, 143
    3924, 3924
    2074, 2074
    2566, 2566
    330, 330
    532, 532
    2094, 2094
    1729, 1729
    3480, 3480
    2989, 2989
    1525, 1525
    3502, 3502
    566, 566
    417, 417
    2211, 2211
    688, 688
    3637, 3637
    2978, 2978
    2053, 2053
    1825, 1825
    3520, 3520
    2939, 2939
    1939, 1939
    471, 471
    328, 328
    1772, 1772
    1995, 1995
    3827, 3827
    410, 410
    3361, 3361
    826, 826
    474, 474
    2707, 2707
    3183, 3183
    2488, 2488
    267, 267
    2904, 2904
    314, 314
    416, 416
    3258, 3258
    552, 552
    2296, 2296
    3041, 3041
    3881, 3881
    82, 82
    570, 570
    2398, 2398
    332, 332
    2659, 2659
    1924, 1924
    693, 693
    3554, 3554
    2432, 2432
    3583, 3583
    638, 638
}
