R(a, b) = {
    3207, 3207
    4828, 4828
    4975, 4975
    144, 144
    2195, 2195
    7905, 7905
    6086, 6086
    1831, 1831
    4120, 4120
    2465, 2465
    605, 605
    7953, 7953
    7966, 7966
    62, 62
    7351, 7351
    3297, 3297
    3040, 3040
    5050, 5050
    7388, 7388
    5071, 5071
    6324, 6324
    2538, 2538
    2882, 2882
    2834, 2834
    2981, 2981
    639, 639
    5193, 5193
    4080, 4080
    142, 142
    369, 369
    4298, 4298
    7003, 7003
    1353, 1353
    2217, 2217
    7473, 7473
    3277, 3277
    883, 883
    7617, 7617
    2431, 2431
    3729, 3729
    811, 811
    6631, 6631
    2737, 2737
    3704, 3704
    925, 925
    281, 281
    2007, 2007
    235, 235
    3599, 3599
    5468, 5468
    2230, 2230
    4852, 4852
    7549, 7549
    5100, 5100
    2028, 2028
    5636, 5636
    741, 741
    5794, 5794
    2797, 2797
    5471, 5471
    3209, 3209
    7906, 7906
    6302, 6302
    6754, 6754
    2162, 2162
    6993, 6993
    6458, 6458
    2756, 2756
    2082, 2082
    3428, 3428
    3665, 3665
    672, 672
    3745, 3745
    80, 80
    3999, 3999
    7569, 7569
    7285, 7285
    673, 673
    7851, 7851
    6907, 6907
    2231, 2231
    4469, 4469
    6615, 6615
    4006, 4006
    1249, 1249
    4946, 4946
    2893, 2893
    1723, 1723
    6283, 6283
    5529, 5529
    334, 334
    1332, 1332
    1178, 1178
    6707, 6707
    3498, 3498
    487, 487
    7325, 7325
    5904, 5904
    703, 703
    6903, 6903
    6621, 6621
    5960, 5960
    6938, 6938
    5049, 5049
    194, 194
    1891, 1891
    3496, 3496
    1333, 1333
    3591, 3591
    3036, 3036
    1247, 1247
    5145, 5145
    6897, 6897
    4117, 4117
    3222, 3222
    5947, 5947
    6982, 6982
    2117, 2117
    35, 35
    7700, 7700
    2154, 2154
    1837, 1837
    3025, 3025
    1395, 1395
    6257, 6257
    7988, 7988
    7869, 7869
    6101, 6101
    3039, 3039
    7799, 7799
    6634, 6634
    2682, 2682
    7034, 7034
    3647, 3647
    2719, 2719
    7558, 7558
    1545, 1545
    5253, 5253
    6462, 6462
    3711, 3711
    5153, 5153
    961, 961
    3728, 3728
    1570, 1570
    4129, 4129
    5433, 5433
    141, 141
    6791, 6791
    5110, 5110
    1960, 1960
    6315, 6315
    7256, 7256
    2690, 2690
    1273, 1273
    2383, 2383
    4423, 4423
    1692, 1692
    5725, 5725
    6555, 6555
    7270, 7270
    7354, 7354
    4105, 4105
    4935, 4935
    1400, 1400
    4172, 4172
    5265, 5265
    3564, 3564
    6577, 6577
    7119, 7119
    3004, 3004
    3126, 3126
    4467, 4467
    4180, 4180
    3392, 3392
    6899, 6899
    7674, 7674
    2836, 2836
    4259, 4259
    6731, 6731
    4318, 4318
    6300, 6300
    5002, 5002
    4220, 4220
    6455, 6455
    935, 935
    3089, 3089
    2083, 2083
    2684, 2684
    4942, 4942
    7036, 7036
    3355, 3355
    7968, 7968
    2132, 2132
    2200, 2200
    5971, 5971
    5273, 5273
    5497, 5497
    5912, 5912
    6179, 6179
    2026, 2026
    4422, 4422
    4492, 4492
    4330, 4330
    6382, 6382
    905, 905
    3708, 3708
    5652, 5652
    4848, 4848
    3837, 3837
    984, 984
    6483, 6483
    7215, 7215
    3725, 3725
    1730, 1730
    6075, 6075
    6430, 6430
    7212, 7212
    3884, 3884
    2327, 2327
    2514, 2514
    5392, 5392
    4914, 4914
    802, 802
    234, 234
    4005, 4005
    5365, 5365
    3007, 3007
    5211, 5211
    2077, 2077
    4815, 4815
    4393, 4393
    3427, 3427
    5660, 5660
    6507, 6507
    3326, 3326
    7883, 7883
    5540, 5540
    145, 145
    4860, 4860
    1405, 1405
    2072, 2072
    5734, 5734
    2438, 2438
    7222, 7222
    6678, 6678
    5719, 5719
    4407, 4407
    7416, 7416
    7870, 7870
    494, 494
    4755, 4755
    4440, 4440
    7257, 7257
    6919, 6919
    4277, 4277
    5450, 5450
    3469, 3469
    852, 852
    1447, 1447
    247, 247
    7987, 7987
    3750, 3750
    257, 257
    338, 338
    5416, 5416
    3463, 3463
    1743, 1743
    16, 16
    7703, 7703
    7433, 7433
    5118, 5118
    3029, 3029
    3179, 3179
    5646, 5646
    7504, 7504
    5716, 5716
    5796, 5796
    7575, 7575
    6904, 6904
    1257, 1257
    4678, 4678
    4177, 4177
    291, 291
    1502, 1502
    3672, 3672
    3966, 3966
    3380, 3380
    6496, 6496
    2852, 2852
    4672, 4672
    528, 528
    5175, 5175
    5247, 5247
    2023, 2023
    4854, 4854
    1564, 1564
    4580, 4580
    130, 130
    289, 289
    5081, 5081
    5693, 5693
    7823, 7823
    958, 958
    3070, 3070
    2298, 2298
    2568, 2568
    3116, 3116
    262, 262
    39, 39
    6857, 6857
    2498, 2498
    1794, 1794
    4581, 4581
    1301, 1301
    6429, 6429
    5089, 5089
    2523, 2523
    5039, 5039
    2202, 2202
    6273, 6273
    2588, 2588
    7710, 7710
    6960, 6960
    846, 846
    6477, 6477
    7290, 7290
    774, 774
    2029, 2029
    7915, 7915
    3913, 3913
    7000, 7000
    5136, 5136
    406, 406
    7071, 7071
    6321, 6321
    3186, 3186
    957, 957
    783, 783
    2089, 2089
    6005, 6005
    1533, 1533
    5232, 5232
    1021, 1021
    2135, 2135
    1517, 1517
    4851, 4851
    2950, 2950
    352, 352
    3983, 3983
    6748, 6748
    2290, 2290
    5570, 5570
    311, 311
    6067, 6067
    1563, 1563
    1001, 1001
    3112, 3112
    5337, 5337
    3768, 3768
    3779, 3779
    4504, 4504
    1753, 1753
    6260, 6260
    977, 977
    5887, 5887
    2159, 2159
    3777, 3777
    6253, 6253
    7562, 7562
    1524, 1524
    4215, 4215
    5829, 5829
    304, 304
    7450, 7450
    2702, 2702
    7730, 7730
    7312, 7312
    6727, 6727
    7884, 7884
    3115, 3115
    3978, 3978
    7653, 7653
    7178, 7178
    5630, 5630
    7663, 7663
    6088, 6088
    4644, 4644
    1893, 1893
    6630, 6630
    5543, 5543
    5748, 5748
    5906, 5906
    6092, 6092
    3199, 3199
    7362, 7362
    1868, 1868
    5615, 5615
    7875, 7875
    2478, 2478
    2774, 2774
    6710, 6710
    6795, 6795
    7698, 7698
    6299, 6299
    781, 781
    6962, 6962
    5685, 5685
    1681, 1681
    161, 161
    6493, 6493
    3350, 3350
    2671, 2671
    4246, 4246
    4711, 4711
    2182, 2182
    1017, 1017
    3537, 3537
    7751, 7751
    1036, 1036
    1797, 1797
    6106, 6106
    4867, 4867
    964, 964
    684, 684
    3606, 3606
    6957, 6957
    2270, 2270
    3042, 3042
    3288, 3288
    1201, 1201
    3203, 3203
    7082, 7082
    2152, 2152
    7745, 7745
    2743, 2743
    5765, 5765
    303, 303
    2329, 2329
    6751, 6751
    7482, 7482
    2090, 2090
    3960, 3960
    2625, 2625
    7602, 7602
    7389, 7389
    1872, 1872
    2260, 2260
    7913, 7913
    7152, 7152
    633, 633
    253, 253
    6291, 6291
    5789, 5789
    4797, 4797
    5225, 5225
    6435, 6435
    4658, 4658
    990, 990
    2347, 2347
    1977, 1977
    1324, 1324
    7723, 7723
    1937, 1937
    3748, 3748
    2156, 2156
    2548, 2548
    538, 538
    5023, 5023
    3812, 3812
    5989, 5989
    4401, 4401
    2864, 2864
    7796, 7796
    4089, 4089
    7226, 7226
    4119, 4119
    2419, 2419
    5985, 5985
    24, 24
    4107, 4107
    588, 588
    158, 158
    2078, 2078
    7137, 7137
    465, 465
    4102, 4102
    7718, 7718
    943, 943
    7596, 7596
    778, 778
    6309, 6309
    6392, 6392
    2455, 2455
    6599, 6599
    1947, 1947
    2460, 2460
    2520, 2520
    2891, 2891
    689, 689
    2482, 2482
    1367, 1367
    299, 299
    6921, 6921
    2380, 2380
    1453, 1453
    4753, 4753
    6780, 6780
    93, 93
    6966, 6966
    6261, 6261
    4109, 4109
    7490, 7490
    2814, 2814
    4944, 4944
    2153, 2153
    4182, 4182
    3843, 3843
    936, 936
    2277, 2277
    1935, 1935
    2312, 2312
    5257, 5257
    224, 224
    2399, 2399
    6349, 6349
    4798, 4798
    6613, 6613
    3092, 3092
    7058, 7058
    6586, 6586
    7736, 7736
    6072, 6072
    2085, 2085
    3110, 3110
    4464, 4464
    4070, 4070
    4227, 4227
    7455, 7455
    1555, 1555
    6380, 6380
    7054, 7054
    1771, 1771
    1053, 1053
    6149, 6149
    5291, 5291
    2857, 2857
    5349, 5349
    5705, 5705
    3918, 3918
    7739, 7739
    5346, 5346
    5101, 5101
    2794, 2794
    1680, 1680
    7154, 7154
    6350, 6350
    7887, 7887
    4456, 4456
    1832, 1832
    2608, 2608
    2367, 2367
    2502, 2502
    5444, 5444
    4696, 4696
    1521, 1521
    3163, 3163
    4966, 4966
    7365, 7365
    7536, 7536
    7881, 7881
    2930, 2930
    4474, 4474
    1498, 1498
    5548, 5548
    5132, 5132
    4336, 4336
    485, 485
    4641, 4641
    2336, 2336
    244, 244
    4780, 4780
    2867, 2867
    4174, 4174
    5190, 5190
    3324, 3324
    1890, 1890
    6389, 6389
    2757, 2757
    3509, 3509
    1297, 1297
    7900, 7900
    7523, 7523
    787, 787
    7958, 7958
    594, 594
    609, 609
    6807, 6807
    5172, 5172
    3715, 3715
    7229, 7229
    7598, 7598
    2333, 2333
    4838, 4838
    4414, 4414
    6929, 6929
    2997, 2997
    4497, 4497
    4097, 4097
    1440, 1440
    2016, 2016
    7627, 7627
    2609, 2609
    7431, 7431
    3516, 3516
    7437, 7437
    7297, 7297
    4945, 4945
    5754, 5754
    5861, 5861
    1858, 1858
    1717, 1717
    923, 923
    5082, 5082
    915, 915
    4333, 4333
    2735, 2735
    2874, 2874
    3321, 3321
    3547, 3547
    2915, 2915
    1303, 1303
    43, 43
    3318, 3318
    710, 710
    5061, 5061
    2786, 2786
    1845, 1845
    4743, 4743
    438, 438
    3213, 3213
    7199, 7199
    1011, 1011
    579, 579
    6047, 6047
    6033, 6033
    1676, 1676
    3046, 3046
    7460, 7460
    7527, 7527
    2547, 2547
    5512, 5512
    2008, 2008
    3305, 3305
    2014, 2014
    6640, 6640
    1765, 1765
    7266, 7266
    716, 716
    4570, 4570
    3238, 3238
    5514, 5514
    5449, 5449
    4272, 4272
    5504, 5504
    2057, 2057
    105, 105
    3805, 3805
    4093, 4093
    7015, 7015
    5903, 5903
    5589, 5589
    7097, 7097
    4311, 4311
    6094, 6094
    1783, 1783
    607, 607
    616, 616
    1227, 1227
    1493, 1493
    4137, 4137
    7219, 7219
    825, 825
    821, 821
    4054, 4054
    5035, 5035
    1879, 1879
    1752, 1752
    3967, 3967
    7241, 7241
    2768, 2768
    4055, 4055
    3897, 3897
    5239, 5239
    3766, 3766
    2313, 2313
    6969, 6969
    1336, 1336
    1808, 1808
    1926, 1926
    899, 899
    2066, 2066
    6766, 6766
    3512, 3512
    2964, 2964
    6308, 6308
    930, 930
    1503, 1503
    185, 185
    6744, 6744
    2790, 2790
    3491, 3491
    6313, 6313
    2760, 2760
    5067, 5067
    470, 470
    6237, 6237
    7876, 7876
    4722, 4722
    3384, 3384
    2654, 2654
    2738, 2738
    3912, 3912
    6032, 6032
    3526, 3526
    601, 601
    2010, 2010
    7585, 7585
    1558, 1558
    4410, 4410
    2463, 2463
    3058, 3058
    6569, 6569
    7170, 7170
    7833, 7833
    7448, 7448
    6811, 6811
    1194, 1194
    6706, 6706
    4000, 4000
    6190, 6190
    7381, 7381
    3953, 3953
    1757, 1757
    2759, 2759
    1370, 1370
    681, 681
    6255, 6255
    1547, 1547
    1513, 1513
    7767, 7767
    6194, 6194
    6762, 6762
    898, 898
    2215, 2215
    7007, 7007
    4819, 4819
    1348, 1348
    5448, 5448
    7694, 7694
    7008, 7008
    5334, 5334
    5587, 5587
    5399, 5399
    6975, 6975
    6649, 6649
    880, 880
    3933, 3933
    5556, 5556
    4219, 4219
    6947, 6947
    45, 45
    263, 263
    1437, 1437
    2993, 2993
    77, 77
    6588, 6588
    697, 697
    4725, 4725
    7335, 7335
    4507, 4507
    6193, 6193
    7719, 7719
    2002, 2002
    600, 600
    6044, 6044
    6843, 6843
    1469, 1469
    1233, 1233
    2225, 2225
    3696, 3696
    3938, 3938
    5488, 5488
    4003, 4003
    1211, 1211
    4513, 4513
    5761, 5761
    4425, 4425
    3713, 3713
    3680, 3680
    2516, 2516
    2167, 2167
    5525, 5525
    7202, 7202
    6353, 6353
    5074, 5074
    6539, 6539
    5076, 5076
    3289, 3289
    4703, 4703
    55, 55
    1787, 1787
    6391, 6391
    7584, 7584
    6893, 6893
    1718, 1718
    4972, 4972
    6240, 6240
    4971, 4971
    4092, 4092
    308, 308
    2458, 2458
    1754, 1754
    2909, 2909
    2979, 2979
    1048, 1048
    2140, 2140
    854, 854
    210, 210
    5915, 5915
    5034, 5034
    6918, 6918
    2880, 2880
    1071, 1071
    1295, 1295
    4490, 4490
    1662, 1662
    5809, 5809
    3703, 3703
    3117, 3117
    837, 837
    2652, 2652
    3060, 3060
    3926, 3926
    248, 248
    6020, 6020
    6952, 6952
    5294, 5294
    252, 252
    1433, 1433
    6400, 6400
    4651, 4651
    4320, 4320
    2221, 2221
    3210, 3210
    2599, 2599
    4163, 4163
    4697, 4697
    6629, 6629
    5457, 5457
    5642, 5642
    620, 620
    1911, 1911
    3493, 3493
    2863, 2863
    6371, 6371
    2462, 2462
    1293, 1293
    7370, 7370
    1427, 1427
    6625, 6625
    4986, 4986
    7687, 7687
    4793, 4793
    347, 347
    326, 326
    5744, 5744
    4769, 4769
    1828, 1828
    6576, 6576
    414, 414
    517, 517
    4183, 4183
    4022, 4022
    4656, 4656
    4347, 4347
    7519, 7519
    2813, 2813
    5995, 5995
    4707, 4707
    3075, 3075
    7103, 7103
    7146, 7146
    2291, 2291
    3816, 3816
    4646, 4646
    1835, 1835
    4686, 4686
    2701, 2701
    6682, 6682
    4766, 4766
    4143, 4143
    3374, 3374
    1456, 1456
    1466, 1466
    4934, 4934
    359, 359
    3576, 3576
    1672, 1672
    1863, 1863
    2273, 2273
    2119, 2119
    6861, 6861
    457, 457
    6160, 6160
    1684, 1684
    6212, 6212
    2830, 2830
    6983, 6983
    7636, 7636
    1214, 1214
    349, 349
    6885, 6885
    6488, 6488
    4010, 4010
    5759, 5759
    2651, 2651
    665, 665
    7777, 7777
    4359, 4359
    5879, 5879
    3432, 3432
    5307, 5307
    3001, 3001
    5864, 5864
    4417, 4417
    3410, 3410
    7672, 7672
    1086, 1086
    2474, 2474
    3828, 3828
    981, 981
    1788, 1788
    640, 640
    3407, 3407
    4885, 4885
    5938, 5938
    3873, 3873
    4720, 4720
    1170, 1170
    2632, 2632
    6439, 6439
    447, 447
    5790, 5790
    2187, 2187
    3744, 3744
    7282, 7282
    5597, 5597
    7461, 7461
    2423, 2423
    1414, 1414
    1228, 1228
    6195, 6195
    6487, 6487
    6826, 6826
    1813, 1813
    3749, 3749
    5275, 5275
    2941, 2941
    1218, 1218
    6955, 6955
    4693, 4693
    2806, 2806
    4444, 4444
    4992, 4992
    5282, 5282
    702, 702
    7631, 7631
    6475, 6475
    5602, 5602
    6853, 6853
    2004, 2004
    4079, 4079
    3549, 3549
    2688, 2688
    274, 274
    1245, 1245
    453, 453
    2543, 2543
    315, 315
    4933, 4933
    6153, 6153
    636, 636
    4613, 4613
    3296, 3296
    5563, 5563
    2141, 2141
    7289, 7289
    7271, 7271
    6146, 6146
    2861, 2861
    2107, 2107
    3998, 3998
    4171, 4171
    4989, 4989
    1610, 1610
    3622, 3622
    3308, 3308
    7510, 7510
    7087, 7087
    792, 792
    2916, 2916
    5454, 5454
    1439, 1439
    4765, 4765
    5058, 5058
    6245, 6245
    5485, 5485
    4784, 4784
    7926, 7926
    1683, 1683
    4191, 4191
    650, 650
    5729, 5729
    5386, 5386
    6082, 6082
    6404, 6404
    1541, 1541
    6513, 6513
    2552, 2552
    1592, 1592
    7328, 7328
    4670, 4670
    7914, 7914
    5280, 5280
    189, 189
    2712, 2712
    4280, 4280
    6151, 6151
    426, 426
    3109, 3109
    7224, 7224
    2851, 2851
    6290, 6290
    2219, 2219
    3189, 3189
    7269, 7269
    1204, 1204
    3074, 3074
    2539, 2539
    6736, 6736
    4964, 4964
    4111, 4111
    7917, 7917
    2256, 2256
    5854, 5854
    2999, 2999
    785, 785
    5523, 5523
    5873, 5873
    894, 894
    3466, 3466
    5130, 5130
    3223, 3223
    397, 397
    2252, 2252
    3437, 3437
    5844, 5844
    482, 482
    1875, 1875
    1488, 1488
    4375, 4375
    4591, 4591
    1182, 1182
    461, 461
    2412, 2412
    6057, 6057
    7286, 7286
    3723, 3723
    6749, 6749
    3965, 3965
    348, 348
    1996, 1996
    2408, 2408
    7291, 7291
    5980, 5980
    795, 795
    3666, 3666
    6363, 6363
    1732, 1732
    92, 92
    3136, 3136
    3586, 3586
    3171, 3171
    2577, 2577
    6998, 6998
    6340, 6340
    6671, 6671
    2387, 2387
    1624, 1624
    7414, 7414
    4262, 4262
    11, 11
    1886, 1886
    1861, 1861
    976, 976
    7635, 7635
    839, 839
    4691, 4691
    3479, 3479
    2579, 2579
    7478, 7478
    1078, 1078
    506, 506
    1136, 1136
    3763, 3763
    953, 953
    3411, 3411
    3866, 3866
    7547, 7547
    6171, 6171
    5414, 5414
    1645, 1645
    3559, 3559
    4506, 4506
    6203, 6203
    4130, 4130
    887, 887
    4230, 4230
    841, 841
    3170, 3170
    4729, 4729
    7217, 7217
    5585, 5585
    1323, 1323
    6052, 6052
    6303, 6303
    1243, 1243
    4962, 4962
    729, 729
    405, 405
    3997, 3997
    5781, 5781
    3434, 3434
    1865, 1865
    134, 134
    3958, 3958
    6527, 6527
    4568, 4568
    3673, 3673
    7151, 7151
    6714, 6714
    192, 192
    7922, 7922
    743, 743
    5639, 5639
    7265, 7265
    7031, 7031
    2369, 2369
    4184, 4184
    5684, 5684
    2481, 2481
    6478, 6478
    6476, 6476
    6822, 6822
    6287, 6287
    4223, 4223
    5779, 5779
    5567, 5567
    3265, 3265
    1509, 1509
    7002, 7002
    7577, 7577
    5954, 5954
    7402, 7402
    614, 614
    3473, 3473
    850, 850
    5612, 5612
    5508, 5508
    7897, 7897
    2513, 2513
    4612, 4612
    6692, 6692
    3244, 3244
    212, 212
    7781, 7781
    773, 773
    3069, 3069
    4906, 4906
    4536, 4536
    375, 375
    2190, 2190
    5607, 5607
    3770, 3770
    1847, 1847
    2269, 2269
    3789, 3789
    1710, 1710
    794, 794
    2063, 2063
    2532, 2532
    2647, 2647
    1735, 1735
    5213, 5213
    4268, 4268
    4621, 4621
    1836, 1836
    7118, 7118
    1804, 1804
    4615, 4615
    7927, 7927
    5839, 5839
    5359, 5359
    2561, 2561
    5656, 5656
    4530, 4530
    3053, 3053
    1416, 1416
    413, 413
    1156, 1156
    4760, 4760
    5216, 5216
    5553, 5553
    7877, 7877
    3300, 3300
    3780, 3780
    7538, 7538
    6306, 6306
    6562, 6562
    1133, 1133
    7183, 7183
    7505, 7505
    2288, 2288
    7879, 7879
    7638, 7638
    4825, 4825
    2097, 2097
    5870, 5870
    3452, 3452
    7916, 7916
    687, 687
    4551, 4551
    4756, 4756
    14, 14
    6833, 6833
    7057, 7057
    5270, 5270
    2240, 2240
    6197, 6197
    3804, 3804
    3850, 3850
    4216, 4216
    740, 740
    2848, 2848
    3385, 3385
    5743, 5743
    7683, 7683
    4409, 4409
    6367, 6367
    7347, 7347
    555, 555
    6688, 6688
    4408, 4408
    3482, 3482
    7134, 7134
    118, 118
    1751, 1751
    1906, 1906
    6307, 6307
    2533, 2533
    229, 229
    4545, 4545
    4061, 4061
    7646, 7646
    6076, 6076
    3015, 3015
    4717, 4717
    5376, 5376
    2279, 2279
    3298, 3298
    2955, 2955
    4342, 4342
    5219, 5219
    7228, 7228
    5590, 5590
    100, 100
    7737, 7737
    6554, 6554
    2111, 2111
    4721, 4721
    7366, 7366
    4396, 4396
    1930, 1930
    1630, 1630
    2639, 2639
    867, 867
    2122, 2122
    584, 584
    6547, 6547
    1920, 1920
    1631, 1631
    5340, 5340
    323, 323
    3142, 3142
    6667, 6667
    5891, 5891
    5084, 5084
    6892, 6892
    6721, 6721
    6060, 6060
    2103, 2103
    4991, 4991
    3571, 3571
    1931, 1931
    1581, 1581
    4149, 4149
    7806, 7806
    163, 163
    306, 306
    1382, 1382
    2534, 2534
    535, 535
    2752, 2752
    7571, 7571
    540, 540
    6664, 6664
    2302, 2302
    1304, 1304
    4041, 4041
    6503, 6503
    1220, 1220
    6910, 6910
    147, 147
    5803, 5803
    310, 310
    4373, 4373
    1712, 1712
    6108, 6108
    5274, 5274
    5487, 5487
    6036, 6036
    2772, 2772
    2251, 2251
    5830, 5830
    1637, 1637
    324, 324
    896, 896
    6753, 6753
    5029, 5029
    5114, 5114
    137, 137
    96, 96
    5542, 5542
    5977, 5977
    355, 355
    3356, 3356
    6841, 6841
    6977, 6977
    6230, 6230
    1222, 1222
    962, 962
    4790, 4790
    4434, 4434
    6835, 6835
    1409, 1409
    866, 866
    7791, 7791
    94, 94
    5123, 5123
    4133, 4133
    7259, 7259
    2339, 2339
    1404, 1404
    6063, 6063
    7043, 7043
    2585, 2585
    6832, 6832
    569, 569
    5686, 5686
    1137, 1137
    4907, 4907
    5001, 5001
    2850, 2850
    1196, 1196
    7974, 7974
    2953, 2953
    362, 362
    166, 166
    2181, 2181
    585, 585
    1962, 1962
    1362, 1362
    4044, 4044
    5407, 5407
    7319, 7319
    1535, 1535
    7704, 7704
    526, 526
    4826, 4826
    2870, 2870
    3468, 3468
    296, 296
    2973, 2973
    4853, 4853
    5482, 5482
    3855, 3855
    2777, 2777
    2506, 2506
    5782, 5782
    5345, 5345
    5918, 5918
    6992, 6992
    7509, 7509
    2393, 2393
    1942, 1942
    3954, 3954
    2099, 2099
    596, 596
    966, 966
    4622, 4622
    7066, 7066
    1494, 1494
    6017, 6017
    6099, 6099
    892, 892
    1368, 1368
    1554, 1554
    5293, 5293
    6046, 6046
    2125, 2125
    6618, 6618
    1667, 1667
    7890, 7890
    7714, 7714
    1002, 1002
    7805, 7805
    7967, 7967
    3620, 3620
    4843, 4843
    6116, 6116
    1596, 1596
    164, 164
    366, 366
    7406, 7406
    6246, 6246
    1282, 1282
    4233, 4233
    1616, 1616
    3548, 3548
    7379, 7379
    7322, 7322
    6056, 6056
    4905, 4905
    2493, 2493
    3464, 3464
    830, 830
    4871, 4871
    2170, 2170
    1936, 1936
    1933, 1933
    7755, 7755
    5936, 5936
    891, 891
    5417, 5417
    6252, 6252
    6451, 6451
    1553, 1553
    7275, 7275
    5996, 5996
    6999, 6999
    3174, 3174
    4917, 4917
    1587, 1587
    4087, 4087
    3412, 3412
    1586, 1586
    2972, 2972
    4032, 4032
    458, 458
    4479, 4479
    2155, 2155
    1589, 1589
    3165, 3165
    1976, 1976
    1411, 1411
    4814, 4814
    6231, 6231
    7946, 7946
    1609, 1609
    3870, 3870
    2683, 2683
    7655, 7655
    5632, 5632
    6437, 6437
    1343, 1343
    4339, 4339
    5683, 5683
    590, 590
    6516, 6516
    7761, 7761
    5045, 5045
    7467, 7467
    2134, 2134
    6593, 6593
    6950, 6950
    2193, 2193
    160, 160
    4346, 4346
    6896, 6896
    924, 924
    377, 377
    4719, 4719
    2560, 2560
    5884, 5884
    5531, 5531
    5329, 5329
    6940, 6940
    5443, 5443
    5948, 5948
    6422, 6422
    1781, 1781
    3408, 3408
    1032, 1032
    6229, 6229
    7814, 7814
    2971, 2971
    769, 769
    805, 805
    3919, 3919
    7396, 7396
    7766, 7766
    4924, 4924
    7794, 7794
    2631, 2631
    1896, 1896
    1157, 1157
    1687, 1687
    4634, 4634
    3443, 3443
    550, 550
    3836, 3836
    3911, 3911
    751, 751
    5672, 5672
    1384, 1384
    5018, 5018
    7100, 7100
    3801, 3801
    1922, 1922
    6864, 6864
    5327, 5327
    2050, 2050
    7101, 7101
    7267, 7267
    7817, 7817
    4462, 4462
    3539, 3539
    3808, 3808
    5445, 5445
    7466, 7466
    1901, 1901
    7023, 7023
    3528, 3528
    582, 582
    2531, 2531
    7314, 7314
    7783, 7783
    3706, 3706
    112, 112
    7305, 7305
    2674, 2674
    3675, 3675
    581, 581
    403, 403
    7625, 7625
    1604, 1604
    3362, 3362
    7255, 7255
    5797, 5797
    5554, 5554
    7801, 7801
    4706, 4706
    6102, 6102
    6405, 6405
    5700, 5700
    4081, 4081
    7263, 7263
    3099, 3099
    2661, 2661
    2673, 2673
    5113, 5113
    3200, 3200
    3098, 3098
    4582, 4582
    1118, 1118
    4728, 4728
    7244, 7244
    5167, 5167
    171, 171
    7207, 7207
    7299, 7299
    3580, 3580
    6870, 6870
    6334, 6334
    6984, 6984
    3955, 3955
    2059, 2059
    7014, 7014
    3544, 3544
    5832, 5832
    4145, 4145
    5931, 5931
    4031, 4031
    4749, 4749
    3424, 3424
    3920, 3920
    151, 151
    6522, 6522
    5697, 5697
    4524, 4524
    6881, 6881
    5949, 5949
    1790, 1790
    7124, 7124
    3141, 3141
    5863, 5863
    1064, 1064
    2353, 2353
    6126, 6126
    1039, 1039
    520, 520
    724, 724
    1283, 1283
    720, 720
    1483, 1483
    3187, 3187
    1103, 1103
    5344, 5344
    6372, 6372
    7621, 7621
    6201, 6201
    3119, 3119
    2980, 2980
    1501, 1501
    232, 232
    5332, 5332
    7492, 7492
    1317, 1317
    136, 136
    7607, 7607
    766, 766
    3196, 3196
    2407, 2407
    1848, 1848
    6408, 6408
    1252, 1252
    4709, 4709
    3335, 3335
    2856, 2856
    3712, 3712
    4480, 4480
    3945, 3945
    5319, 5319
    2946, 2946
    6213, 6213
    3979, 3979
    5961, 5961
    5536, 5536
    2266, 2266
    1089, 1089
    7360, 7360
    1994, 1994
    2271, 2271
    4650, 4650
    6686, 6686
    7882, 7882
    2782, 2782
    5423, 5423
    5747, 5747
    7990, 7990
    5914, 5914
    1079, 1079
    7500, 7500
    6228, 6228
    4642, 4642
    4329, 4329
    3871, 3871
    4345, 4345
    979, 979
    6200, 6200
    7192, 7192
    940, 940
    220, 220
    4300, 4300
    6690, 6690
    4820, 4820
    3285, 3285
    4676, 4676
    1446, 1446
    5834, 5834
    4540, 4540
    3139, 3139
    2179, 2179
    7551, 7551
    3087, 3087
    4019, 4019
    472, 472
    3077, 3077
    7428, 7428
    5033, 5033
    4961, 4961
    2325, 2325
    1458, 1458
    2472, 2472
    7424, 7424
    445, 445
    7679, 7679
    4021, 4021
    6204, 6204
    4939, 4939
    5562, 5562
    3624, 3624
    5990, 5990
    4202, 4202
    2603, 2603
    3650, 3650
    922, 922
    886, 886
    6410, 6410
    3149, 3149
    6551, 6551
    7709, 7709
    1042, 1042
    2454, 2454
    5421, 5421
    5096, 5096
    2754, 2754
    3783, 3783
    5937, 5937
    3031, 3031
    2527, 2527
    7995, 7995
    18, 18
    4639, 4639
    6464, 6464
    6412, 6412
    6402, 6402
    6489, 6489
    1578, 1578
    3636, 3636
    7848, 7848
    7908, 7908
    7411, 7411
    41, 41
    4153, 4153
    1491, 1491
    2344, 2344
    5840, 5840
    904, 904
    3239, 3239
    2630, 2630
    5811, 5811
    7283, 7283
    4194, 4194
    2081, 2081
    1969, 1969
    6642, 6642
    5309, 5309
    7528, 7528
    3901, 3901
    505, 505
    6249, 6249
    3687, 3687
    597, 597
    3720, 3720
    6331, 6331
    870, 870
    1877, 1877
    5302, 5302
    1760, 1760
    4559, 4559
    6470, 6470
    1145, 1145
    2622, 2622
    7436, 7436
    2242, 2242
    5635, 5635
    3553, 3553
    2061, 2061
    7032, 7032
    4677, 4677
    969, 969
    6275, 6275
    83, 83
    7568, 7568
    5742, 5742
    3741, 3741
    874, 874
    7317, 7317
    2314, 2314
    7017, 7017
    6700, 6700
    4316, 4316
    7526, 7526
    3322, 3322
    2800, 2800
    3382, 3382
    2504, 2504
    7748, 7748
    7720, 7720
    542, 542
    546, 546
    5800, 5800
    7167, 7167
    6386, 6386
    7188, 7188
    7427, 7427
    341, 341
    2990, 2990
    6244, 6244
    6238, 6238
    5538, 5538
    7368, 7368
    1918, 1918
    6385, 6385
    7413, 7413
    746, 746
    1070, 1070
    2118, 2118
    501, 501
    4025, 4025
    5933, 5933
    7079, 7079
    4751, 4751
    6133, 6133
    435, 435
    4255, 4255
    6178, 6178
    1093, 1093
    836, 836
    496, 496
    4528, 4528
    4833, 4833
    3552, 3552
    621, 621
    2422, 2422
    1726, 1726
    2667, 2667
    2868, 2868
    4688, 4688
    6027, 6027
    4617, 4617
    660, 660
    3227, 3227
    6981, 6981
    5859, 5859
    4752, 4752
    6972, 6972
    7465, 7465
    1766, 1766
    4783, 4783
    622, 622
    2606, 2606
    2954, 2954
    4837, 4837
    5435, 5435
    3746, 3746
    1095, 1095
    7831, 7831
    6869, 6869
    5551, 5551
    3082, 3082
    6978, 6978
    1091, 1091
    4173, 4173
    2439, 2439
    6147, 6147
    680, 680
    4257, 4257
    3262, 3262
    4575, 4575
    5064, 5064
    3892, 3892
    7394, 7394
    982, 982
    3976, 3976
    7603, 7603
    3274, 3274
    1964, 1964
    1999, 1999
    6333, 6333
    3105, 3105
    5266, 5266
    6145, 6145
    5970, 5970
    1434, 1434
    317, 317
    5641, 5641
    3882, 3882
    2620, 2620
    7816, 7816
    6645, 6645
    6661, 6661
    3575, 3575
    1663, 1663
    7820, 7820
    524, 524
    860, 860
    6294, 6294
    5994, 5994
    7902, 7902
    3436, 3436
    4683, 4683
    6865, 6865
    2382, 2382
    4481, 4481
    1925, 1925
    504, 504
    4013, 4013
    2355, 2355
    6699, 6699
    5410, 5410
    1415, 1415
    3753, 3753
    7105, 7105
    2377, 2377
    6834, 6834
    3604, 3604
    6883, 6883
    2426, 2426
    4827, 4827
    7303, 7303
    2554, 2554
    4449, 4449
    6730, 6730
    2564, 2564
    1871, 1871
    7826, 7826
    6943, 6943
    6911, 6911
    6987, 6987
    489, 489
    5606, 5606
    2748, 2748
    2226, 2226
    2985, 2985
    2120, 2120
    4608, 4608
    5886, 5886
    4495, 4495
    7834, 7834
    7218, 7218
    1189, 1189
    5605, 5605
    434, 434
    70, 70
    5695, 5695
    7771, 7771
    2174, 2174
    4909, 4909
    6438, 6438
    7611, 7611
    1076, 1076
    3692, 3692
    1795, 1795
    3093, 3093
    2512, 2512
    5837, 5837
    4326, 4326
    4214, 4214
    2352, 2352
    3402, 3402
    6788, 6788
    3037, 3037
    1647, 1647
    1338, 1338
    714, 714
    4282, 4282
    91, 91
    2995, 2995
    1638, 1638
    5498, 5498
    1508, 1508
    1628, 1628
    3524, 3524
    5210, 5210
    217, 217
    4363, 4363
    1138, 1138
    5804, 5804
    53, 53
    4689, 4689
    679, 679
    927, 927
    3341, 3341
    7691, 7691
    5633, 5633
    5698, 5698
    3088, 3088
    98, 98
    6268, 6268
    6079, 6079
    7213, 7213
    2492, 2492
    1280, 1280
    6718, 6718
    1171, 1171
    6773, 6773
    3334, 3334
    2274, 2274
    3456, 3456
    5823, 5823
    2627, 2627
    1669, 1669
    737, 737
    50, 50
    4148, 4148
    1186, 1186
    7065, 7065
    5833, 5833
    7960, 7960
    4275, 4275
    4669, 4669
    2006, 2006
    1984, 1984
    1780, 1780
    5338, 5338
    7274, 7274
    6942, 6942
    5596, 5596
    6643, 6643
    1759, 1759
    6840, 6840
    707, 707
    4817, 4817
    3253, 3253
    4354, 4354
    2544, 2544
    3309, 3309
    7819, 7819
    1109, 1109
    1221, 1221
    5271, 5271
    7184, 7184
    2151, 2151
    4499, 4499
    6964, 6964
    1761, 1761
    1436, 1436
    7839, 7839
    6653, 6653
    3481, 3481
    3000, 3000
    780, 780
    4067, 4067
    3844, 3844
    1949, 1949
    7659, 7659
    5105, 5105
    1839, 1839
    3969, 3969
    6107, 6107
    7220, 7220
    2453, 2453
    4331, 4331
    7518, 7518
    4620, 4620
    6114, 6114
    963, 963
    7985, 7985
    1915, 1915
    4840, 4840
    3284, 3284
    5784, 5784
    5224, 5224
    2183, 2183
    5801, 5801
    4217, 4217
    611, 611
    7039, 7039
    5791, 5791
    2643, 2643
    5720, 5720
    1241, 1241
    6556, 6556
    400, 400
    2906, 2906
    6084, 6084
    1354, 1354
    2742, 2742
    7998, 7998
    153, 153
    415, 415
    6445, 6445
    2391, 2391
    2694, 2694
    6817, 6817
    868, 868
    2043, 2043
    7717, 7717
    7444, 7444
    5453, 5453
    5147, 5147
    3521, 3521
    3994, 3994
    2087, 2087
    881, 881
    6224, 6224
    3399, 3399
    5893, 5893
    3989, 3989
    4095, 4095
    7235, 7235
    7894, 7894
    4873, 4873
    5655, 5655
    965, 965
    1119, 1119
    4338, 4338
    3738, 3738
    5986, 5986
    2392, 2392
    848, 848
    7525, 7525
    4187, 4187
    5261, 5261
    7149, 7149
    6723, 6723
    4208, 4208
    6657, 6657
    7011, 7011
    591, 591
    4974, 4974
    5203, 5203
    3413, 3413
    3224, 3224
    2802, 2802
    3102, 3102
    1634, 1634
    6461, 6461
    2640, 2640
    3415, 3415
    6665, 6665
    3769, 3769
    1582, 1582
    516, 516
    37, 37
    4024, 4024
    6219, 6219
    6771, 6771
    4144, 4144
    342, 342
    1727, 1727
    2258, 2258
    2876, 2876
    5530, 5530
    3875, 3875
    6784, 6784
    5618, 5618
    1398, 1398
    4532, 4532
    5493, 5493
    4299, 4299
    2166, 2166
    7407, 7407
    2390, 2390
    1067, 1067
    1694, 1694
    6619, 6619
    4952, 4952
    1142, 1142
    5727, 5727
    760, 760
    4710, 4710
    2662, 2662
    6220, 6220
    6241, 6241
    6820, 6820
    2809, 2809
    4811, 4811
    856, 856
    1421, 1421
    671, 671
    3813, 3813
    1258, 1258
    7367, 7367
    7139, 7139
    3232, 3232
    1107, 1107
    1266, 1266
    424, 424
    2711, 2711
    1197, 1197
    2157, 2157
    829, 829
    2858, 2858
    154, 154
    3405, 3405
    2034, 2034
    4453, 4453
    6677, 6677
    4103, 4103
    2370, 2370
    7841, 7841
    4792, 4792
    2042, 2042
    1188, 1188
    583, 583
    2961, 2961
    6583, 6583
    1734, 1734
    7419, 7419
    5544, 5544
    553, 553
    1923, 1923
    1479, 1479
    7545, 7545
    7754, 7754
    513, 513
    3027, 3027
    5027, 5027
    7924, 7924
    1584, 1584
    5770, 5770
    2510, 2510
    5717, 5717
    5583, 5583
    4980, 4980
    6936, 6936
    2286, 2286
    4252, 4252
    1111, 1111
    4349, 4349
    2720, 2720
    7574, 7574
    6278, 6278
    6571, 6571
    4598, 4598
    1425, 1425
    3761, 3761
    5006, 5006
    2883, 2883
    7495, 7495
    2303, 2303
    3900, 3900
    933, 933
    3657, 3657
    5098, 5098
    5580, 5580
    5458, 5458
    2758, 2758
    3701, 3701
    5268, 5268
    6097, 6097
    1269, 1269
    6909, 6909
    7707, 7707
    4471, 4471
    7886, 7886
    2366, 2366
    5958, 5958
    5131, 5131
    7689, 7689
    4247, 4247
    7077, 7077
    3756, 3756
    4075, 4075
    1590, 1590
    5380, 5380
    387, 387
    7944, 7944
    5547, 5547
    6538, 6538
    559, 559
    1497, 1497
    3928, 3928
    1000, 1000
    6515, 6515
    1883, 1883
    6481, 6481
    818, 818
    5446, 5446
    1695, 1695
    608, 608
    1441, 1441
    2801, 2801
    5532, 5532
    1532, 1532
    5871, 5871
    1833, 1833
    3529, 3529
    7595, 7595
    5486, 5486
    7068, 7068
    1299, 1299
    3632, 3632
    6574, 6574
    4832, 4832
    5638, 5638
    3217, 3217
    4124, 4124
    3868, 3868
    3569, 3569
    1046, 1046
    1465, 1465
    3631, 3631
    393, 393
    3563, 3563
    2381, 2381
    456, 456
    3921, 3921
    7846, 7846
    759, 759
    7042, 7042
    871, 871
    2968, 2968
    5343, 5343
    1478, 1478
    768, 768
    6135, 6135
    7196, 7196
    7949, 7949
    6974, 6974
    6111, 6111
    4237, 4237
    4593, 4593
    1505, 1505
    4086, 4086
    971, 971
    65, 65
    7975, 7975
    4915, 4915
    4687, 4687
    7821, 7821
    7276, 7276
    6192, 6192
    6944, 6944
    3474, 3474
    2243, 2243
    618, 618
    571, 571
    321, 321
    6310, 6310
    4433, 4433
    2186, 2186
    3225, 3225
    7334, 7334
    6031, 6031
    2309, 2309
    1352, 1352
    4366, 4366
    4632, 4632
    242, 242
    4896, 4896
    7112, 7112
    6533, 6533
    1122, 1122
    2475, 2475
    7336, 7336
    3381, 3381
    7086, 7086
    5666, 5666
    1075, 1075
    2553, 2553
    2824, 2824
    5281, 5281
    2022, 2022
    2444, 2444
    7209, 7209
    2343, 2343
    7618, 7618
    2675, 2675
    7030, 7030
    7779, 7779
    5706, 5706
    5120, 5120
    4350, 4350
    467, 467
    3679, 3679
    7912, 7912
    6815, 6815
    6336, 6336
    4547, 4547
    2637, 2637
    4289, 4289
    1811, 1811
    975, 975
    7741, 7741
    193, 193
    6090, 6090
    2963, 2963
    6666, 6666
    5753, 5753
    1972, 1972
    5670, 5670
    4332, 4332
    2447, 2447
    2624, 2624
    4855, 4855
    4404, 4404
    3915, 3915
    5586, 5586
    239, 239
    5621, 5621
    6550, 6550
    3056, 3056
    5264, 5264
    2668, 2668
    1639, 1639
    6393, 6393
    5053, 5053
    721, 721
    3617, 3617
    6009, 6009
    5262, 5262
    51, 51
    3662, 3662
    7929, 7929
    150, 150
    3460, 3460
    1823, 1823
    6765, 6765
    6184, 6184
    3829, 3829
    5230, 5230
    7835, 7835
    4377, 4377
    3787, 3787
    1824, 1824
    7, 7
    3257, 3257
    7013, 7013
    2753, 2753
    3193, 3193
    5651, 5651
    1838, 1838
    2495, 2495
    3034, 3034
    4738, 4738
    1310, 1310
    7425, 7425
    2831, 2831
    7198, 7198
    3364, 3364
    7225, 7225
    4027, 4027
    1950, 1950
    2793, 2793
    2755, 2755
    3613, 3613
    7392, 7392
    5459, 5459
    1474, 1474
    1361, 1361
    1475, 1475
    1028, 1028
    6500, 6500
    6708, 6708
    4384, 4384
    6124, 6124
    7005, 7005
    1948, 1948
    1061, 1061
    3578, 3578
    5066, 5066
    7836, 7836
    4601, 4601
    6898, 6898
    7976, 7976
    5616, 5616
    1074, 1074
    5391, 5391
    1576, 1576
    629, 629
    373, 373
    4085, 4085
    437, 437
    1205, 1205
    7301, 7301
    3639, 3639
    7735, 7735
    7383, 7383
    4514, 4514
    5171, 5171
    1952, 1952
    6055, 6055
    6564, 6564
    5165, 5165
    5524, 5524
    7787, 7787
    1234, 1234
    2108, 2108
    1123, 1123
    6565, 6565
    4732, 4732
    7080, 7080
    5760, 5760
    5668, 5668
    1894, 1894
    4413, 4413
    5463, 5463
    7938, 7938
    6028, 6028
    6606, 6606
    804, 804
    5721, 5721
    431, 431
    7316, 7316
    4218, 4218
    444, 444
    7187, 7187
    4254, 4254
    4541, 4541
    7315, 7315
    1321, 1321
    1274, 1274
    3218, 3218
    4726, 4726
    1829, 1829
    1852, 1852
    4048, 4048
    2896, 2896
    3336, 3336
    6763, 6763
    6851, 6851
    7828, 7828
    6628, 6628
    7648, 7648
    4211, 4211
    5336, 5336
    1013, 1013
    6895, 6895
    6189, 6189
    3125, 3125
    205, 205
    4460, 4460
    7901, 7901
    1646, 1646
    2798, 2798
    6971, 6971
    1226, 1226
    6965, 6965
    519, 519
    6787, 6787
    6592, 6592
    2901, 2901
    7601, 7601
    3293, 3293
    7746, 7746
    4900, 4900
    6222, 6222
    3628, 3628
    5802, 5802
    2518, 2518
    3054, 3054
    3545, 3545
    2292, 2292
    6824, 6824
    170, 170
    432, 432
    7120, 7120
    402, 402
    6932, 6932
    872, 872
    3961, 3961
    998, 998
    204, 204
    2071, 2071
    2847, 2847
    3507, 3507
    5051, 5051
    2197, 2197
    1534, 1534
    4436, 4436
    1278, 1278
    1045, 1045
    3820, 3820
    6803, 6803
    919, 919
    3208, 3208
    1514, 1514
    376, 376
    203, 203
    3940, 3940
    5157, 5157
    4708, 4708
    4445, 4445
    3519, 3519
    6884, 6884
    7847, 7847
    7349, 7349
    6117, 6117
    4959, 4959
    1126, 1126
    6038, 6038
    3387, 3387
    6292, 6292
    5056, 5056
    5127, 5127
    2594, 2594
    3806, 3806
    6425, 6425
    4127, 4127
    4358, 4358
    2315, 2315
    3066, 3066
    5979, 5979
    6941, 6941
    4226, 4226
    2278, 2278
    6158, 6158
    5133, 5133
    379, 379
    587, 587
    4836, 4836
    99, 99
    1287, 1287
    3026, 3026
    4911, 4911
    90, 90
    4981, 4981
    4889, 4889
    3558, 3558
    3700, 3700
    2379, 2379
    2574, 2574
    6779, 6779
    71, 71
    7790, 7790
    5381, 5381
    1468, 1468
    6777, 6777
    4250, 4250
    993, 993
    6679, 6679
    4704, 4704
    5217, 5217
    4805, 4805
    5842, 5842
    6607, 6607
    3478, 3478
    6448, 6448
    1799, 1799
    3505, 3505
    4501, 4501
    6450, 6450
    6172, 6172
    2722, 2722
    4822, 4822
    1393, 1393
    2992, 2992
    6346, 6346
    3510, 3510
    2098, 2098
    1060, 1060
    7338, 7338
    6806, 6806
    4643, 4643
    855, 855
    5469, 5469
    2524, 2524
    5363, 5363
    7073, 7073
    7432, 7432
    6549, 6549
    6234, 6234
    5330, 5330
    6812, 6812
    4869, 4869
    418, 418
    5383, 5383
    3629, 3629
    3371, 3371
    5292, 5292
    421, 421
    613, 613
    6636, 6636
    6150, 6150
    6154, 6154
    1399, 1399
    6454, 6454
    5043, 5043
    2450, 2450
    2945, 2945
    3834, 3834
    1008, 1008
    7135, 7135
    7778, 7778
    7176, 7176
    3360, 3360
    6215, 6215
    3693, 3693
    4750, 4750
    7114, 7114
    4895, 4895
    2669, 2669
    6432, 6432
    6123, 6123
    4207, 4207
    931, 931
    7019, 7019
    3652, 3652
    1689, 1689
    3444, 3444
    200, 200
    6871, 6871
    5952, 5952
    2216, 2216
    5713, 5713
    6717, 6717
    4761, 4761
    1742, 1742
    5007, 5007
    2563, 2563
    1195, 1195
    947, 947
    3602, 3602
    462, 462
    279, 279
    4655, 4655
    3810, 3810
    3038, 3038
    271, 271
    1682, 1682
    4611, 4611
    3107, 3107
    6715, 6715
    3902, 3902
    3842, 3842
    6452, 6452
    5892, 5892
    5128, 5128
    1642, 1642
    1887, 1887
    4772, 4772
    4618, 4618
    2075, 2075
    3890, 3890
    2569, 2569
    6590, 6590
    6250, 6250
    5953, 5953
    3484, 3484
    7955, 7955
    1746, 1746
    1467, 1467
    789, 789
    1956, 1956
    4505, 4505
    5430, 5430
    6034, 6034
    2207, 2207
    1012, 1012
    4017, 4017
    5021, 5021
    3346, 3346
    5763, 5763
    5624, 5624
    6572, 6572
    603, 603
    6920, 6920
    3922, 3922
    2264, 2264
    7447, 7447
    3963, 3963
    2048, 2048
    428, 428
    351, 351
    4209, 4209
    6674, 6674
    2897, 2897
    1040, 1040
    7837, 7837
    1776, 1776
    2189, 2189
    7793, 7793
    5647, 5647
    7610, 7610
    6199, 6199
    1600, 1600
    1418, 1418
    4777, 4777
    2723, 2723
    3878, 3878
    3600, 3600
    498, 498
    1550, 1550
    5238, 5238
    2974, 2974
    6848, 6848
    952, 952
    1394, 1394
    797, 797
    3688, 3688
    7464, 7464
    5792, 5792
    7652, 7652
    238, 238
    6264, 6264
    1520, 1520
    2015, 2015
    1098, 1098
    6704, 6704
    2728, 2728
    5696, 5696
    6484, 6484
    3255, 3255
    5962, 5962
    5078, 5078
    7560, 7560
    1707, 1707
    3849, 3849
    2511, 2511
    6915, 6915
    3094, 3094
    5687, 5687
    2109, 2109
    182, 182
    564, 564
    6473, 6473
    54, 54
    5185, 5185
    5665, 5665
    5313, 5313
    736, 736
    5813, 5813
    5661, 5661
    3771, 3771
    2536, 2536
    7243, 7243
    6742, 6742
    4874, 4874
    5150, 5150
    1242, 1242
    676, 676
    5013, 5013
    7223, 7223
    2213, 2213
    5955, 5955
    2341, 2341
    6970, 6970
    3541, 3541
    5040, 5040
    4201, 4201
    3781, 3781
    4534, 4534
    6327, 6327
    3373, 3373
    2635, 2635
    188, 188
    1485, 1485
    7051, 7051
    6651, 6651
    5062, 5062
    7024, 7024
    6914, 6914
    7940, 7940
    1585, 1585
    1679, 1679
    7179, 7179
    6217, 6217
    3514, 3514
    5115, 5115
    3280, 3280
    452, 452
    1567, 1567
    4830, 4830
    5865, 5865
    5385, 5385
    2360, 2360
    7680, 7680
    7738, 7738
    1248, 1248
    3566, 3566
    6585, 6585
    3914, 3914
    5208, 5208
    4747, 4747
    4438, 4438
    869, 869
    4850, 4850
    2970, 2970
    753, 753
    1874, 1874
    1385, 1385
    3886, 3886
    7339, 7339
    6467, 6467
    4937, 4937
    5901, 5901
    1700, 1700
    7599, 7599
    6395, 6395
    3515, 3515
    4968, 4968
    7346, 7346
    3681, 3681
    3799, 3799
    2124, 2124
    4535, 4535
    2580, 2580
    6486, 6486
    3247, 3247
    6409, 6409
    6670, 6670
    2977, 2977
    1159, 1159
    1660, 1660
    1615, 1615
    4978, 4978
    122, 122
    440, 440
    2244, 2244
    2666, 2666
    4037, 4037
    5295, 5295
    7131, 7131
    5320, 5320
    1611, 1611
    6696, 6696
    372, 372
    7772, 7772
    5372, 5372
    4733, 4733
    7191, 7191
    4399, 4399
    2203, 2203
    4046, 4046
    5322, 5322
    2826, 2826
    4162, 4162
    17, 17
    4038, 4038
    3621, 3621
    7649, 7649
    3635, 3635
    4403, 4403
    3540, 3540
    34, 34
    4424, 4424
    6934, 6934
    2629, 2629
    59, 59
    3050, 3050
    1442, 1442
    610, 610
    2310, 2310
    1230, 1230
    411, 411
    4664, 4664
    1146, 1146
    1346, 1346
    4418, 4418
    5966, 5966
    1690, 1690
    2350, 2350
    5402, 5402
    4510, 4510
    5900, 5900
    3389, 3389
    6821, 6821
    3483, 3483
    4186, 4186
    1369, 1369
    4285, 4285
    5158, 5158
    2233, 2233
    5059, 5059
    5187, 5187
    6622, 6622
    2326, 2326
    5921, 5921
    4562, 4562
    7937, 7937
    5038, 5038
    7109, 7109
    2017, 2017
    6633, 6633
    5959, 5959
    2433, 2433
    6129, 6129
    2657, 2657
    3765, 3765
    5373, 5373
    6383, 6383
    249, 249
    6694, 6694
    5707, 5707
    4590, 4590
    1793, 1793
    5991, 5991
    4645, 4645
    2409, 2409
    7238, 7238
    653, 653
    694, 694
    401, 401
    2489, 2489
    6421, 6421
    4150, 4150
    3080, 3080
    6506, 6506
    6502, 6502
    5874, 5874
    7497, 7497
    1023, 1023
    2332, 2332
    2771, 2771
    3993, 3993
    3237, 3237
    4465, 4465
    4539, 4539
    761, 761
    7287, 7287
    5944, 5944
    5427, 5427
    6148, 6148
    686, 686
    4389, 4389
    6816, 6816
    1047, 1047
    4088, 4088
    5650, 5650
    3948, 3948
    4734, 4734
    1443, 1443
    486, 486
    817, 817
    1151, 1151
    2934, 2934
    4922, 4922
    3418, 3418
    6809, 6809
    1202, 1202
    1429, 1429
    2304, 2304
    6608, 6608
    1380, 1380
    2922, 2922
    4302, 4302
    2988, 2988
    6997, 6997
    7250, 7250
    3742, 3742
    4325, 4325
    3282, 3282
    4861, 4861
    1775, 1775
    3845, 3845
    5305, 5305
    6008, 6008
    5112, 5112
    1814, 1814
    7203, 7203
    2416, 2416
    1454, 1454
    5771, 5771
    3256, 3256
    4560, 4560
    113, 113
    4607, 4607
    2680, 2680
    3977, 3977
    1959, 1959
    828, 828
    4919, 4919
    992, 992
    380, 380
    4604, 4604
    690, 690
    4595, 4595
    1472, 1472
    6100, 6100
    2833, 2833
    5703, 5703
    1390, 1390
    5301, 5301
    567, 567
    2628, 2628
    3250, 3250
    5913, 5913
    2096, 2096
    3702, 3702
    5643, 5643
    5277, 5277
    2365, 2365
    6335, 6335
    6323, 6323
    109, 109
    4566, 4566
    635, 635
    3161, 3161
    2494, 2494
    4018, 4018
    3543, 3543
    2003, 2003
    5758, 5758
    7827, 7827
    5384, 5384
    3796, 3796
    1231, 1231
    4106, 4106
    455, 455
    1866, 1866
    4158, 4158
    4198, 4198
    119, 119
    6214, 6214
    6747, 6747
    5440, 5440
    1595, 1595
    6050, 6050
    4112, 4112
    1860, 1860
    3649, 3649
    2785, 2785
    4486, 4486
    2323, 2323
    7923, 7923
    7488, 7488
    578, 578
    654, 654
    5103, 5103
    7650, 7650
    6396, 6396
    1876, 1876
    5899, 5899
    2295, 2295
    367, 367
    3160, 3160
    1358, 1358
    1412, 1412
    241, 241
    2926, 2926
    1571, 1571
    1003, 1003
    1216, 1216
    2020, 2020
    3686, 3686
    4685, 4685
    268, 268
    1344, 1344
    507, 507
    2413, 2413
    1750, 1750
    5297, 5297
    4450, 4450
    1782, 1782
    7208, 7208
    5680, 5680
    6953, 6953
    47, 47
    1623, 1623
    7784, 7784
    3551, 3551
    6759, 6759
    2237, 2237
    6416, 6416
    2910, 2910
    5184, 5184
    6504, 6504
    6345, 6345
    5321, 5321
    3899, 3899
    4165, 4165
    6652, 6652
    5140, 5140
    533, 533
    7583, 7583
    772, 772
    3068, 3068
    391, 391
    1713, 1713
    6746, 6746
    390, 390
    4370, 4370
    2470, 2470
    1818, 1818
    2335, 2335
    2446, 2446
    5848, 5848
    6376, 6376
    2487, 2487
    832, 832
    2139, 2139
    5917, 5917
    4212, 4212
    3386, 3386
    2000, 2000
    6167, 6167
    392, 392
    409, 409
    5552, 5552
    4397, 4397
    3682, 3682
    4970, 4970
    3338, 3338
    602, 602
    562, 562
    2421, 2421
    3951, 3951
    3840, 3840
    6545, 6545
    6436, 6436
    6232, 6232
    4576, 4576
    6894, 6894
    4360, 4360
    222, 222
    6447, 6447
    5511, 5511
    7298, 7298
    3952, 3952
    4489, 4489
    497, 497
    1986, 1986
    6140, 6140
    3794, 3794
    2405, 2405
    670, 670
    2073, 2073
    6662, 6662
    6125, 6125
    3584, 3584
    5853, 5853
    4012, 4012
    5730, 5730
    7355, 7355
    6043, 6043
    732, 732
    6719, 6719
    2795, 2795
    3030, 3030
    5111, 5111
    1755, 1755
    5434, 5434
    1223, 1223
    4380, 4380
    1912, 1912
    2923, 2923
    5815, 5815
    6698, 6698
    2853, 2853
    1148, 1148
    3095, 3095
    7578, 7578
    1373, 1373
    7807, 7807
    1643, 1643
    1360, 1360
    2188, 2188
    3241, 3241
    1817, 1817
    5350, 5350
    7567, 7567
    1090, 1090
    4700, 4700
    2011, 2011
    4082, 4082
    6856, 6856
    1401, 1401
    5108, 5108
    3182, 3182
    1207, 1207
    4958, 4958
    6169, 6169
    7818, 7818
    7010, 7010
    529, 529
    2605, 2605
    7476, 7476
    259, 259
    823, 823
    3176, 3176
    628, 628
    5751, 5751
    44, 44
    3022, 3022
    1826, 1826
    5883, 5883
    7864, 7864
    913, 913
    3018, 3018
    2442, 2442
    162, 162
    2947, 2947
    6676, 6676
    859, 859
    3764, 3764
    7037, 7037
    4245, 4245
    4205, 4205
    7236, 7236
    6928, 6928
    6557, 6557
    4714, 4714
    7632, 7632
    4447, 4447
    4736, 4736
    7470, 7470
    3106, 3106
    4101, 4101
    4078, 4078
    4957, 4957
    3137, 3137
    7173, 7173
    2734, 2734
    3348, 3348
    6741, 6741
    225, 225
    4821, 4821
    3133, 3133
    3968, 3968
    6259, 6259
    2301, 2301
    7372, 7372
    3917, 3917
    3593, 3593
    3301, 3301
    1973, 1973
    6990, 6990
    106, 106
    3021, 3021
    6465, 6465
    2128, 2128
    593, 593
    3736, 3736
    1355, 1355
    3831, 3831
    4638, 4638
    7376, 7376
    2491, 2491
    7451, 7451
    5878, 5878
    1539, 1539
    2699, 2699
    6669, 6669
    6091, 6091
    2305, 2305
    4323, 4323
    2299, 2299
    6989, 6989
    7237, 7237
    1864, 1864
    7676, 7676
    449, 449
    7423, 7423
    1801, 1801
    5431, 5431
    451, 451
    3992, 3992
    2246, 2246
    2049, 2049
    7566, 7566
    6426, 6426
    738, 738
    2546, 2546
    4735, 4735
    5582, 5582
    6282, 6282
    6775, 6775
    3169, 3169
    1105, 1105
    2715, 2715
    2065, 2065
    1970, 1970
    4557, 4557
    2415, 2415
    1406, 1406
    2033, 2033
    7943, 7943
    1288, 1288
    2241, 2241
    6948, 6948
    5739, 5739
    4383, 4383
    548, 548
    1320, 1320
    495, 495
    4863, 4863
    3078, 3078
    7234, 7234
    6570, 6570
    1778, 1778
    4556, 4556
    3132, 3132
    514, 514
    266, 266
    946, 946
    5496, 5496
    6616, 6616
    7247, 7247
    5926, 5926
    7740, 7740
    230, 230
    3313, 3313
    1878, 1878
    3476, 3476
    3230, 3230
    3264, 3264
    4912, 4912
    2114, 2114
    5070, 5070
    5008, 5008
    2697, 2697
    1867, 1867
    5300, 5300
    6007, 6007
    4904, 4904
    3138, 3138
    3345, 3345
    7342, 7342
    2610, 2610
    4365, 4365
    7619, 7619
    6196, 6196
    4132, 4132
    6495, 6495
    4923, 4923
    5484, 5484
    1653, 1653
    5072, 5072
    2649, 2649
    715, 715
    6946, 6946
    6381, 6381
    3129, 3129
    3542, 3542
    2878, 2878
    5923, 5923
    5614, 5614
    3821, 3821
    5930, 5930
    3383, 3383
    7493, 7493
    3062, 3062
    888, 888
    7594, 7594
    7867, 7867
    2362, 2362
    4847, 4847
    6792, 6792
    384, 384
    3990, 3990
    4647, 4647
    5052, 5052
    6173, 6173
    7085, 7085
    4427, 4427
    463, 463
    4468, 4468
    3453, 3453
    6443, 6443
    7939, 7939
    6162, 6162
    1985, 1985
    1899, 1899
    1601, 1601
    7502, 7502
    3048, 3048
    4856, 4856
    208, 208
    433, 433
    4544, 4544
    5858, 5858
    3582, 3582
    5315, 5315
    4503, 4503
    986, 986
    5822, 5822
    651, 651
    2284, 2284
    4778, 4778
    695, 695
    7930, 7930
    2619, 2619
    3895, 3895
    2660, 2660
    3776, 3776
    775, 775
    6, 6
    4681, 4681
    1365, 1365
    5924, 5924
    7945, 7945
    3108, 3108
    1319, 1319
    7865, 7865
    460, 460
    477, 477
    2921, 2921
    2713, 2713
    1459, 1459
    4139, 4139
    4571, 4571
    5169, 5169
    3988, 3988
    6705, 6705
    713, 713
    4866, 4866
    4859, 4859
    3727, 3727
    2476, 2476
    2401, 2401
    2198, 2198
    5116, 5116
    6262, 6262
    4552, 4552
    3633, 3633
    3290, 3290
    3590, 3590
    7089, 7089
    522, 522
    7094, 7094
    6819, 6819
    1007, 1007
    1407, 1407
    1842, 1842
    7061, 7061
    3276, 3276
    7115, 7115
    1486, 1486
    1318, 1318
    1904, 1904
    3908, 3908
    4823, 4823
    293, 293
    6332, 6332
    4264, 4264
    3157, 3157
    2572, 2572
    7668, 7668
    4131, 4131
    842, 842
    3658, 3658
    1758, 1758
    3592, 3592
    1543, 1543
    4661, 4661
    6563, 6563
    7129, 7129
    1991, 1991
    4361, 4361
    3501, 3501
    6297, 6297
    5182, 5182
    4305, 4305
    6474, 6474
    1657, 1657
    7971, 7971
    4327, 4327
    7997, 7997
    6322, 6322
    29, 29
    4629, 4629
    739, 739
    5442, 5442
    2376, 2376
    1262, 1262
    2692, 2692
    1255, 1255
    450, 450
    2773, 2773
    4602, 4602
    412, 412
    7999, 7999
    1351, 1351
    175, 175
    6961, 6961
    1916, 1916
    6164, 6164
    6187, 6187
    4902, 4902
    5503, 5503
    1057, 1057
    3577, 3577
    5192, 5192
    5910, 5910
    1910, 1910
    3627, 3627
    4001, 4001
    7159, 7159
    4324, 4324
    6542, 6542
    319, 319
    1928, 1928
    7983, 7983
    6605, 6605
    6567, 6567
    796, 796
    4739, 4739
    261, 261
    595, 595
    572, 572
    2064, 2064
    531, 531
    5436, 5436
    394, 394
    6735, 6735
    6675, 6675
    2191, 2191
    3889, 3889
    4640, 4640
    1080, 1080
    2091, 2091
    7421, 7421
    183, 183
    5974, 5974
    917, 917
    3278, 3278
    7957, 7957
    6886, 6886
    4921, 4921
    1397, 1397
    5711, 5711
    5595, 5595
    6427, 6427
    7725, 7725
    2001, 2001
    632, 632
    5180, 5180
    3523, 3523
    4073, 4073
    7401, 7401
    4402, 4402
    2036, 2036
    527, 527
    2575, 2575
    5584, 5584
    2483, 2483
    5304, 5304
    677, 677
    5505, 5505
    897, 897
    273, 273
    4461, 4461
    4122, 4122
    861, 861
    7081, 7081
    4586, 4586
    102, 102
    3091, 3091
    2404, 2404
    4806, 4806
    5326, 5326
    7177, 7177
    7133, 7133
    2881, 2881
    7341, 7341
    4674, 4674
    2276, 2276
    1822, 1822
    7205, 7205
    1932, 1932
    2249, 2249
    7695, 7695
    5166, 5166
    7185, 7185
    5400, 5400
    3730, 3730
    2018, 2018
    7581, 7581
    104, 104
    3323, 3323
    2918, 2918
    1139, 1139
    4121, 4121
    7268, 7268
    5159, 5159
    7374, 7374
    88, 88
    148, 148
    4875, 4875
    1665, 1665
    5228, 5228
    5156, 5156
    2994, 2994
    6014, 6014
    1728, 1728
    7201, 7201
    2056, 2056
    5077, 5077
    6272, 6272
    6041, 6041
    5024, 5024
    4381, 4381
    7122, 7122
    5358, 5358
    1166, 1166
    6205, 6205
    1034, 1034
    5161, 5161
    1290, 1290
    6239, 6239
    6093, 6093
    491, 491
    1900, 1900
    2009, 2009
    1738, 1738
    5494, 5494
    4712, 4712
    1312, 1312
    7753, 7753
    7345, 7345
    3697, 3697
    2136, 2136
    6378, 6378
    5353, 5353
    722, 722
    7027, 7027
    4415, 4415
    404, 404
    756, 756
    5689, 5689
    1232, 1232
    7921, 7921
    2328, 2328
    648, 648
    2871, 2871
    7626, 7626
    4864, 4864
    879, 879
    6030, 6030
    7278, 7278
    2951, 2951
    7399, 7399
    3388, 3388
    1821, 1821
    1561, 1561
    1756, 1756
    6684, 6684
    4730, 4730
    4776, 4776
    1606, 1606
    4420, 4420
    1693, 1693
    2024, 2024
    3065, 3065
    2517, 2517
    770, 770
    7353, 7353
    7491, 7491
    60, 60
    2457, 2457
    3130, 3130
    4341, 4341
    3694, 3694
    2586, 2586
    3640, 3640
    2969, 2969
    3064, 3064
    6624, 6624
    3299, 3299
    5688, 5688
    7099, 7099
    4056, 4056
    6954, 6954
    2958, 2958
    934, 934
    3690, 3690
    5234, 5234
    6650, 6650
    4746, 4746
    1489, 1489
    1715, 1715
    5676, 5676
    3243, 3243
    3159, 3159
    479, 479
    6011, 6011
    1419, 1419
    3366, 3366
    5310, 5310
    2535, 2535
    5824, 5824
    1841, 1841
    2696, 2696
    7907, 7907
    3587, 3587
    5470, 5470
    3876, 3876
    7615, 7615
    3513, 3513
    7126, 7126
    2224, 2224
    4429, 4429
    129, 129
    3944, 3944
    6584, 6584
    6411, 6411
    5451, 5451
    2388, 2388
    7800, 7800
    1656, 1656
    3644, 3644
    5026, 5026
    1349, 1349
    649, 649
    2485, 2485
    3272, 3272
    123, 123
    21, 21
    1056, 1056
    6441, 6441
    7457, 7457
    5212, 5212
    3332, 3332
    5798, 5798
    6520, 6520
    302, 302
    5610, 5610
    2499, 2499
    4138, 4138
    5465, 5465
    4477, 4477
    6580, 6580
    700, 700
    5740, 5740
    5119, 5119
    2145, 2145
    3369, 3369
    3795, 3795
    1512, 1512
    1037, 1037
    6207, 6207
    2902, 2902
    5998, 5998
    3525, 3525
    3354, 3354
    3817, 3817
    4690, 4690
    5306, 5306
    7540, 7540
    7358, 7358
    3168, 3168
    6701, 6701
    1706, 1706
    7813, 7813
    4927, 4927
    4716, 4716
    2960, 2960
    1096, 1096
    4176, 4176
    191, 191
    1072, 1072
    3767, 3767
    4374, 4374
    3275, 3275
    6141, 6141
    1106, 1106
    5073, 5073
    5324, 5324
    6390, 6390
    138, 138
    1614, 1614
    5629, 5629
    4047, 4047
    2612, 2612
    4091, 4091
    1461, 1461
    6858, 6858
    1588, 1588
    3803, 3803
    3173, 3173
    6479, 6479
    5601, 5601
    6233, 6233
    6691, 6691
    4763, 4763
    7123, 7123
    7155, 7155
    2827, 2827
    2747, 2747
    2529, 2529
    3906, 3906
    2600, 2600
    7972, 7972
    1314, 1314
    1029, 1029
    4882, 4882
    6646, 6646
    2027, 2027
    7552, 7552
    5522, 5522
    389, 389
    2591, 2591
    4857, 4857
    1325, 1325
    3059, 3059
    6351, 6351
    1438, 1438
    5920, 5920
    4943, 4943
    7445, 7445
    7254, 7254
    4286, 4286
    6118, 6118
    6414, 6414
    1068, 1068
    6852, 6852
    7108, 7108
    2730, 2730
    1982, 1982
    3009, 3009
    2005, 2005
    3393, 3393
    3987, 3987
    762, 762
    5205, 5205
    6021, 6021
    2672, 2672
    5814, 5814
    5142, 5142
    2791, 2791
    3033, 3033
    5048, 5048
    6048, 6048
    4126, 4126
    32, 32
    5957, 5957
    6767, 6767
    4808, 4808
    1445, 1445
    5849, 5849
    5226, 5226
    3011, 3011
    5425, 5425
    4167, 4167
    3964, 3964
    1659, 1659
    6326, 6326
    5121, 5121
    4020, 4020
    2840, 2840
    2318, 2318
    991, 991
    5260, 5260
    3722, 3722
    6755, 6755
    2238, 2238
    2342, 2342
    2862, 2862
    7369, 7369
    1327, 1327
    6369, 6369
    2165, 2165
    1522, 1522
    6175, 6175
    7728, 7728
    6529, 6529
    2986, 2986
    4829, 4829
    1016, 1016
    2265, 2265
    3601, 3601
    2991, 2991
    4610, 4610
    7441, 7441
    4185, 4185
    4839, 4839
    5828, 5828
    532, 532
    2094, 2094
    1729, 1729
    3480, 3480
    2989, 2989
    1525, 1525
    3502, 3502
    4096, 4096
    417, 417
    2211, 2211
    7111, 7111
    6825, 6825
    6743, 6743
    6298, 6298
    7025, 7025
    5223, 5223
    2939, 2939
    7157, 7157
    471, 471
    6364, 6364
    5483, 5483
    7768, 7768
    7175, 7175
    410, 410
    4281, 4281
    7727, 7727
    474, 474
    4062, 4062
    5109, 5109
    2488, 2488
    267, 267
    7514, 7514
    6139, 6139
    416, 416
    3258, 3258
    552, 552
    2296, 2296
    7288, 7288
    3881, 3881
    6813, 6813
    4485, 4485
    6352, 6352
    6908, 6908
    5787, 5787
    4606, 4606
    4322, 4322
    3554, 3554
    2432, 2432
    3583, 3583
    4876, 4876
    176, 176
    2558, 2558
    5594, 5594
    5335, 5335
    237, 237
    5031, 5031
    1206, 1206
    28, 28
    1510, 1510
    7669, 7669
    3791, 3791
    3254, 3254
    5298, 5298
    4605, 4605
    1736, 1736
    278, 278
    3588, 3588
    4549, 4549
    843, 843
    3798, 3798
    2245, 2245
    1267, 1267
    6013, 6013
    7468, 7468
    7933, 7933
    3809, 3809
    6560, 6560
    5928, 5928
    3395, 3395
    2912, 2912
    2665, 2665
    7340, 7340
    245, 245
    277, 277
    1889, 1889
    7705, 7705
    1359, 1359
    4988, 4988
    5617, 5617
    2400, 2400
    7803, 7803
    1602, 1602
    1236, 1236
    1250, 1250
    5174, 5174
    7520, 7520
    6330, 6330
    3002, 3002
    3337, 3337
    6174, 6174
    5069, 5069
    2707, 2707
    436, 436
    3670, 3670
    4868, 4868
    646, 646
    7637, 7637
    6387, 6387
    155, 155
    2176, 2176
    3923, 3923
    7430, 7430
    7925, 7925
    7418, 7418
    1185, 1185
    7856, 7856
    6818, 6818
    6341, 6341
    6935, 6935
    6685, 6685
    3760, 3760
    3735, 3735
    4045, 4045
    4382, 4382
    4520, 4520
    6080, 6080
    733, 733
    6271, 6271
    7093, 7093
    7515, 7515
    131, 131
    5138, 5138
    7693, 7693
    725, 725
    815, 815
    566, 566
    7377, 7377
    1499, 1499
    4757, 4757
    6258, 6258
    196, 196
    3086, 3086
    5371, 5371
    2714, 2714
    6373, 6373
    7422, 7422
    7699, 7699
    6854, 6854
    3597, 3597
    3477, 3477
    305, 305
    6728, 6728
    5908, 5908
    5872, 5872
    2490, 2490
    3028, 3028
    3847, 3847
    7435, 7435
    5846, 5846
    4472, 4472
    3269, 3269
    5714, 5714
    7888, 7888
    2363, 2363
    6761, 6761
    5934, 5934
    3281, 3281
    3970, 3970
    5541, 5541
    4740, 4740
    3120, 3120
    3379, 3379
    6428, 6428
    2835, 2835
    4787, 4787
    7600, 7600
    5973, 5973
    5389, 5389
    6424, 6424
    3431, 3431
    2417, 2417
    6170, 6170
    23, 23
    2807, 2807
    5394, 5394
    6012, 6012
    3506, 3506
    644, 644
    7499, 7499
    6612, 6612
    6836, 6836
    4500, 4500
    1077, 1077
    5593, 5593
    558, 558
    6979, 6979
    1617, 1617
    97, 97
    3012, 3012
    4416, 4416
    3825, 3825
    6639, 6639
    4026, 4026
    5342, 5342
    1088, 1088
    7387, 7387
    7161, 7161
    5479, 5479
    7556, 7556
    3762, 3762
    834, 834
    5042, 5042
    2025, 2025
    2345, 2345
    5807, 5807
    3049, 3049
    5284, 5284
    2650, 2650
    3786, 3786
    1820, 1820
    1527, 1527
    7231, 7231
    2234, 2234
    6277, 6277
    5855, 5855
    3830, 3830
    7169, 7169
    7808, 7808
    5773, 5773
    2320, 2320
    5492, 5492
    3448, 3448
    68, 68
    5325, 5325
    1528, 1528
    7609, 7609
    7977, 7977
    3793, 3793
    6561, 6561
    4789, 4789
    6906, 6906
    6469, 6469
    7742, 7742
    7673, 7673
    5983, 5983
    4548, 4548
    5241, 5241
    133, 133
    3100, 3100
    5437, 5437
    3603, 3603
    7507, 7507
    4588, 4588
    6137, 6137
    5767, 5767
    1356, 1356
    7158, 7158
    7385, 7385
    911, 911
    2013, 2013
    499, 499
    2364, 2364
    7792, 7792
    757, 757
    6930, 6930
    4104, 4104
    5897, 5897
    2559, 2559
    4291, 4291
    2700, 2700
    877, 877
    38, 38
    4938, 4938
    4846, 4846
    5860, 5860
    3684, 3684
    1402, 1402
    2142, 2142
    3778, 3778
    5097, 5097
    1988, 1988
    1625, 1625
    3705, 3705
    6022, 6022
    2779, 2779
    763, 763
    5478, 5478
    1183, 1183
    7251, 7251
    5455, 5455
    7539, 7539
    5254, 5254
    6658, 6658
    7795, 7795
    7041, 7041
    469, 469
    3455, 3455
    791, 791
    5619, 5619
    1945, 1945
    4770, 4770
    4317, 4317
    5461, 5461
    786, 786
    1073, 1073
    3709, 3709
    6269, 6269
    5428, 5428
    2987, 2987
    5718, 5718
    3574, 3574
    6344, 6344
    6839, 6839
    1423, 1423
    5279, 5279
    3869, 3869
    2928, 2928
    2047, 2047
    1015, 1015
    1044, 1044
    5405, 5405
    2706, 2706
    1577, 1577
    2642, 2642
    7961, 7961
    4894, 4894
    5766, 5766
    895, 895
    6058, 6058
    5360, 5360
    1701, 1701
    127, 127
    5889, 5889
    2196, 2196
    4074, 4074
    7193, 7193
    3310, 3310
    6105, 6105
    2168, 2168
    6976, 6976
    3971, 3971
    5323, 5323
    2106, 2106
    7871, 7871
    5592, 5592
    2185, 2185
    61, 61
    5370, 5370
    7758, 7758
    4239, 4239
    3835, 3835
    4421, 4421
    6526, 6526
    2337, 2337
    425, 425
    7361, 7361
    3164, 3164
    215, 215
    3685, 3685
    1187, 1187
    4727, 4727
    6745, 6745
    2509, 2509
    6066, 6066
    1940, 1940
    2209, 2209
    3646, 3646
    777, 777
    2443, 2443
    1641, 1641
    5963, 5963
    4782, 4782
    6769, 6769
    5355, 5355
    3447, 3447
    7194, 7194
    87, 87
    6610, 6610
    7546, 7546
    1744, 1744
    4283, 4283
    5222, 5222
    4435, 4435
    730, 730
    1739, 1739
    1981, 1981
    2428, 2428
    181, 181
    3198, 3198
    5857, 5857
    6312, 6312
    2726, 2726
    2842, 2842
    480, 480
    3698, 3698
    1158, 1158
    4849, 4849
    5783, 5783
    3439, 3439
    2113, 2113
    3832, 3832
    6891, 6891
    4603, 4603
    2289, 2289
    865, 865
    556, 556
    1452, 1452
    1264, 1264
    4529, 4529
    1175, 1175
    1855, 1855
    107, 107
    1992, 1992
    7095, 7095
    1309, 1309
    7860, 7860
    999, 999
    1946, 1946
    1330, 1330
    7386, 7386
    7323, 7323
    6859, 6859
    3814, 3814
    706, 706
    6152, 6152
    350, 350
    4263, 4263
    5850, 5850
    4049, 4049
    827, 827
    807, 807
    3003, 3003
    4890, 4890
    3851, 3851
    2448, 2448
    7620, 7620
    1470, 1470
    3471, 3471
    7942, 7942
    3616, 3616
    4979, 4979
    7920, 7920
    956, 956
    4898, 4898
    2169, 2169
    3517, 3517
    1217, 1217
    6210, 6210
    2866, 2866
    7893, 7893
    7588, 7588
    5339, 5339
    5549, 5549
    4633, 4633
    6623, 6623
    5390, 5390
    6823, 6823
    6889, 6889
    6161, 6161
    3103, 3103
    6248, 6248
    4271, 4271
    4680, 4680
    5499, 5499
    1569, 1569
    5608, 5608
    619, 619
    2623, 2623
    2633, 2633
    4160, 4160
    7543, 7543
    1192, 1192
    7764, 7764
    5669, 5669
    7715, 7715
    5559, 5559
    4561, 4561
    146, 146
    7591, 7591
    3353, 3353
    1114, 1114
    1884, 1884
    723, 723
    3035, 3035
    6355, 6355
    7773, 7773
    726, 726
    2436, 2436
    2695, 2695
    3212, 3212
    2375, 2375
    2261, 2261
    748, 748
    3865, 3865
    5409, 5409
    7021, 7021
    4567, 4567
    7713, 7713
    1737, 1737
    7277, 7277
    1763, 1763
    6647, 6647
    1618, 1618
    6991, 6991
    1686, 1686
    5799, 5799
    5968, 5968
    6673, 6673
    5941, 5941
    2147, 2147
    3235, 3235
    7404, 7404
    6873, 6873
    1599, 1599
    7153, 7153
    4204, 4204
    816, 816
    1568, 1568
    744, 744
    4028, 4028
    7978, 7978
    1627, 1627
    4306, 4306
    1741, 1741
    570, 570
    6103, 6103
    7364, 7364
    4533, 4533
    4679, 4679
    1908, 1908
    1650, 1650
    264, 264
    1375, 1375
    3822, 3822
    7230, 7230
    996, 996
    4745, 4745
    4385, 4385
    799, 799
    718, 718
    5677, 5677
    7711, 7711
    3839, 3839
    5464, 5464
    3406, 3406
    6301, 6301
    3634, 3634
    7307, 7307
    284, 284
    1244, 1244
    6604, 6604
    1031, 1031
    4502, 4502
    4908, 4908
    3195, 3195
    4731, 4731
    6280, 6280
    4193, 4193
    7726, 7726
    2679, 2679
    6165, 6165
    2171, 2171
    560, 560
    1455, 1455
    1598, 1598
    7935, 7935
    2143, 2143
    3461, 3461
    6132, 6132
    5041, 5041
    4845, 4845
    6656, 6656
    779, 779
    932, 932
    7426, 7426
    1435, 1435
    536, 536
    3215, 3215
    5401, 5401
    2340, 2340
    1784, 1784
    6874, 6874
    4412, 4412
    2888, 2888
    2229, 2229
    6713, 6713
    7329, 7329
    6343, 6343
    4965, 4965
    5146, 5146
    1895, 1895
    3625, 3625
    2593, 2593
    6361, 6361
    6071, 6071
    6492, 6492
    2611, 2611
    4123, 4123
    336, 336
    4411, 4411
    3972, 3972
    5649, 5649
    5263, 5263
    3425, 3425
    7576, 7576
    5240, 5240
    1174, 1174
    7852, 7852
    7798, 7798
    2287, 2287
    5481, 5481
    2218, 2218
    1033, 1033
    4660, 4660
    4405, 4405
    2879, 2879
    140, 140
    1629, 1629
    7608, 7608
    3333, 3333
    1116, 1116
    6375, 6375
    1674, 1674
    2222, 2222
    6281, 6281
    2486, 2486
    7843, 7843
    7371, 7371
    5248, 5248
    1065, 1065
    1121, 1121
    5905, 5905
    1504, 1504
    1300, 1300
    2420, 2420
    2275, 2275
    1620, 1620
    4351, 4351
    1051, 1051
    7911, 7911
    7765, 7765
    5671, 5671
    782, 782
    5462, 5462
    7197, 7197
    1924, 1924
    5946, 5946
    2710, 2710
    4203, 4203
    143, 143
    4146, 4146
    7899, 7899
    7708, 7708
    6354, 6354
    1805, 1805
    3071, 3071
    3946, 3946
    6876, 6876
    4488, 4488
    2530, 2530
    5314, 5314
    5663, 5663
    2180, 2180
    1308, 1308
    2741, 2741
    481, 481
    7963, 7963
    446, 446
    5571, 5571
    2573, 2573
    7016, 7016
    7810, 7810
    6449, 6449
    4969, 4969
    2054, 2054
    663, 663
    6725, 6725
    4564, 4564
    6878, 6878
    1613, 1613
    5364, 5364
    354, 354
    4928, 4928
    2583, 2583
    4824, 4824
    2899, 2899
    1655, 1655
    4192, 4192
    2239, 2239
    3192, 3192
    7160, 7160
    6868, 6868
    6519, 6519
    5290, 5290
    727, 727
    6880, 6880
    4993, 4993
    1487, 1487
    7070, 7070
    3930, 3930
    3660, 3660
    6370, 6370
    4395, 4395
    1417, 1417
    4508, 4508
    2102, 2102
    1179, 1179
    5533, 5533
    2638, 2638
    1199, 1199
    5932, 5932
    5907, 5907
    5644, 5644
    7797, 7797
    4394, 4394
    1980, 1980
    2088, 2088
    1731, 1731
    1971, 1971
    2418, 2418
    5036, 5036
    3019, 3019
    1943, 1943
    3206, 3206
    6256, 6256
    4742, 4742
    1180, 1180
    4652, 4652
    3522, 3522
    6924, 6924
    2582, 2582
    3618, 3618
    6738, 6738
    3721, 3721
    5055, 5055
    1745, 1745
    3962, 3962
    4810, 4810
    3156, 3156
    1350, 1350
    4308, 4308
    6543, 6543
    5491, 5491
    7294, 7294
    2820, 2820
    5092, 5092
    7012, 7012
    10, 10
    5000, 5000
    3957, 3957
    5704, 5704
    5378, 5378
    7776, 7776
    1473, 1473
    7076, 7076
    325, 325
    5546, 5546
    4668, 4668
    329, 329
    914, 914
    4159, 4159
    5793, 5793
    5231, 5231
    4470, 4470
    1997, 1997
    7321, 7321
    3014, 3014
    5611, 5611
    3893, 3893
    630, 630
    4705, 4705
    2046, 2046
    56, 56
    6051, 6051
    6403, 6403
    2998, 2998
    5527, 5527
    307, 307
    4113, 4113
    1902, 1902
    5916, 5916
    4872, 4872
    3823, 3823
    2614, 2614
    3294, 3294
    7941, 7941
    7662, 7662
    7459, 7459
    4754, 4754
    6365, 6365
    4295, 4295
    6877, 6877
    949, 949
    4630, 4630
    7690, 7690
    282, 282
    7320, 7320
    1172, 1172
    7446, 7446
    6388, 6388
    2567, 2567
    4189, 4189
    3273, 3273
    1177, 1177
    1796, 1796
    7775, 7775
    4248, 4248
    3488, 3488
    4516, 4516
    3932, 3932
    4441, 4441
    3303, 3303
    5091, 5091
    3594, 3594
    5242, 5242
    662, 662
    691, 691
    6499, 6499
    4388, 4388
    3854, 3854
    3974, 3974
    6006, 6006
    3695, 3695
    5682, 5682
    5438, 5438
    3055, 3055
    705, 705
    512, 512
    4737, 4737
    2705, 2705
    5348, 5348
    5154, 5154
    6575, 6575
    2721, 2721
    938, 938
    1102, 1102
    4155, 4155
    6265, 6265
    7531, 7531
    6578, 6578
    84, 84
    574, 574
    4288, 4288
    422, 422
    7964, 7964
    7458, 7458
    1733, 1733
    6159, 6159
    2194, 2194
    2357, 2357
    3846, 3846
    4723, 4723
    731, 731
    1379, 1379
    5296, 5296
    7324, 7324
    7677, 7677
    7829, 7829
    4443, 4443
    3651, 3651
    448, 448
    4475, 4475
    6342, 6342
    3331, 3331
    2434, 2434
    4589, 4589
    7279, 7279
    3271, 3271
    5361, 5361
    7384, 7384
    6734, 6734
    1714, 1714
    5821, 5821
    1844, 1844
    4744, 4744
    7148, 7148
    696, 696
    6697, 6697
    2566, 2566
    221, 221
    7221, 7221
    3154, 3154
    3343, 3343
    5099, 5099
    7494, 7494
    6337, 6337
    335, 335
    5490, 5490
    612, 612
    4391, 4391
    4170, 4170
    2913, 2913
    906, 906
    2262, 2262
    5950, 5950
    3487, 3487
    819, 819
    2410, 2410
    5613, 5613
    1523, 1523
    912, 912
    4788, 4788
    7053, 7053
    1035, 1035
    3433, 3433
    5678, 5678
    3451, 3451
    3668, 3668
    3314, 3314
    4578, 4578
    4951, 4951
    6018, 6018
    882, 882
    1307, 1307
    6042, 6042
    5675, 5675
    7480, 7480
    6284, 6284
    3942, 3942
    3981, 3981
    2247, 2247
    6049, 6049
    1131, 1131
    2778, 2778
    503, 503
    1548, 1548
    2717, 2717
    4926, 4926
    5272, 5272
    6890, 6890
    4116, 4116
    7612, 7612
    6143, 6143
    5851, 5851
    443, 443
    22, 22
    6793, 6793
    4807, 4807
    3339, 3339
    4142, 4142
    4844, 4844
    5521, 5521
    4065, 4065
    1464, 1464
    1511, 1511
    2615, 2615
    1612, 1612
    3145, 3145
    1708, 1708
    2890, 2890
    6566, 6566
    4955, 4955
    4865, 4865
    116, 116
    1410, 1410
    202, 202
    7811, 7811
    7380, 7380
    6541, 6541
    719, 719
    2905, 2905
    6276, 6276
    5075, 5075
    3219, 3219
    6348, 6348
    2542, 2542
    6968, 6968
    6316, 6316
    7026, 7026
    5579, 5579
    2192, 2192
    2952, 2952
    1422, 1422
    7757, 7757
    7651, 7651
    6266, 6266
    2100, 2100
    5447, 5447
    4892, 4892
    6602, 6602
    149, 149
    6808, 6808
    3758, 3758
    2105, 2105
    1591, 1591
    7067, 7067
    4314, 4314
    3737, 3737
    2471, 2471
    3550, 3550
    7993, 7993
    2799, 2799
    3898, 3898
    4147, 4147
    4355, 4355
    6062, 6062
    4893, 4893
    1149, 1149
    4999, 4999
    1371, 1371
    4213, 4213
    2172, 2172
    1772, 1772
    5506, 5506
    1546, 1546
    6514, 6514
    6521, 6521
    2440, 2440
    5733, 5733
    3287, 3287
    4741, 4741
    5020, 5020
    3118, 3118
    5702, 5702
    2859, 2859
    5732, 5732
    2424, 2424
    3894, 3894
    1141, 1141
    3607, 3607
    7891, 7891
    3879, 3879
    2780, 2780
    3251, 3251
    1635, 1635
    5235, 5235
    184, 184
    6740, 6740
    5104, 5104
    4110, 4110
    2435, 2435
    6534, 6534
    2932, 2932
    2877, 2877
    1210, 1210
    7195, 7195
    5896, 5896
    2368, 2368
    4175, 4175
    4913, 4913
    6872, 6872
    7822, 7822
    2039, 2039
    3655, 3655
    549, 549
    6211, 6211
    5653, 5653
    371, 371
    1719, 1719
    5922, 5922
    4800, 4800
    1292, 1292
    627, 627
    6223, 6223
    3246, 3246
    2828, 2828
    3378, 3378
    5838, 5838
    3689, 3689
    3242, 3242
    6827, 6827
    86, 86
    669, 669
    95, 95
    5102, 5102
    704, 704
    6134, 6134
    844, 844
    4040, 4040
    4310, 4310
    7033, 7033
    7415, 7415
    1740, 1740
    3177, 3177
    4141, 4141
    3121, 3121
    1374, 1374
    3375, 3375
    5333, 5333
    1636, 1636
    6644, 6644
    172, 172
    7004, 7004
    4292, 4292
    5866, 5866
    5673, 5673
    5841, 5841
    5418, 5418
    4587, 4587
    1993, 1993
    1284, 1284
    3419, 3419
    5515, 5515
    1484, 1484
    6358, 6358
    4457, 4457
    2051, 2051
    4519, 4519
    1526, 1526
    1190, 1190
    2464, 2464
    1812, 1812
    7537, 7537
    6620, 6620
    1658, 1658
    7815, 7815
    4294, 4294
    1345, 1345
    478, 478
    3856, 3856
    3534, 3534
    6098, 6098
    2199, 2199
    2307, 2307
    4094, 4094
    2019, 2019
    5236, 5236
    5426, 5426
    6582, 6582
    4304, 4304
    6831, 6831
    124, 124
    3585, 3585
    1054, 1054
    1496, 1496
    5942, 5942
    2525, 2525
    664, 664
    1953, 1953
    250, 250
    7233, 7233
    3910, 3910
    1892, 1892
    420, 420
    5288, 5288
    1388, 1388
    3067, 3067
    3470, 3470
    1006, 1006
    6059, 6059
    4009, 4009
    6289, 6289
    2562, 2562
    2076, 2076
    1846, 1846
    4771, 4771
    7667, 7667
    3429, 3429
    7261, 7261
    459, 459
    4891, 4891
    2126, 2126
    1147, 1147
    4232, 4232
    2038, 2038
    396, 396
    2354, 2354
    5420, 5420
    2596, 2596
    2565, 2565
    624, 624
    5681, 5681
    67, 67
    187, 187
    256, 256
    2348, 2348
    3579, 3579
    5396, 5396
    2429, 2429
    1426, 1426
    2655, 2655
    5902, 5902
    5256, 5256
    658, 658
    5377, 5377
    3351, 3351
    4357, 4357
    4118, 4118
    7904, 7904
    6797, 6797
    6939, 6939
    2837, 2837
    4543, 4543
    4200, 4200
    6949, 6949
    2255, 2255
    1363, 1363
    939, 939
    2395, 2395
    7931, 7931
    7206, 7206
    7654, 7654
    287, 287
    5890, 5890
    2526, 2526
    5357, 5357
    682, 682
    5466, 5466
    4596, 4596
    2267, 2267
    1052, 1052
    2570, 2570
    5259, 5259
    1770, 1770
    1644, 1644
    4483, 4483
    2855, 2855
    2205, 2205
    1294, 1294
    2854, 2854
    3596, 3596
    6406, 6406
    1649, 1649
    3268, 3268
    1885, 1885
    5472, 5472
    1777, 1777
    6689, 6689
    793, 793
    2845, 2845
    1830, 1830
    5477, 5477
    283, 283
    3975, 3975
    1050, 1050
    4802, 4802
    615, 615
    4265, 4265
    853, 853
    6329, 6329
    2060, 2060
    554, 554
    3421, 3421
    4597, 4597
    5025, 5025
    813, 813
    5534, 5534
    1127, 1127
    2716, 2716
    2112, 2112
    179, 179
    7348, 7348
    5810, 5810
    114, 114
    4523, 4523
    4222, 4222
    2775, 2775
    488, 488
    4439, 4439
    4437, 4437
    1552, 1552
    5047, 5047
    3061, 3061
    6472, 6472
    2816, 2816
    5691, 5691
    7280, 7280
    2164, 2164
    2228, 2228
    5155, 5155
    260, 260
    2030, 2030
    3520, 3520
    7378, 7378
    254, 254
    1161, 1161
    1094, 1094
    4973, 4973
    3557, 3557
    955, 955
    198, 198
    3158, 3158
    2616, 2616
    3561, 3561
    3927, 3927
    6221, 6221
    7664, 7664
    3973, 3973
    4616, 4616
    4785, 4785
    5135, 5135
    2584, 2584
    1268, 1268
    360, 360
    728, 728
    2161, 2161
    7657, 7657
    7145, 7145
    5419, 5419
    5645, 5645
    7854, 7854
    3135, 3135
    1798, 1798
    2281, 2281
    3663, 3663
    4862, 4862
    902, 902
    2116, 2116
    3815, 3815
    7678, 7678
    5456, 5456
    4199, 4199
    4816, 4816
    7047, 7047
    5028, 5028
    1958, 1958
    190, 190
    7400, 7400
    7597, 7597
    2949, 2949
    5054, 5054
    7825, 7825
    1670, 1670
    7300, 7300
    7344, 7344
    7059, 7059
    641, 641
    541, 541
    4400, 4400
    4455, 4455
    3114, 3114
    6494, 6494
    4011, 4011
    5267, 5267
    4348, 4348
    1117, 1117
    33, 33
    5188, 5188
    1724, 1724
    4430, 4430
    5366, 5366
    4666, 4666
    7670, 7670
    3377, 3377
    7253, 7253
    1698, 1698
    3327, 3327
    5967, 5967
    381, 381
    3013, 3013
    1720, 1720
    6113, 6113
    3800, 3800
    5634, 5634
    1276, 1276
    928, 928
    1800, 1800
    1200, 1200
    551, 551
    5369, 5369
    2601, 2601
    3595, 3595
    6601, 6601
    5664, 5664
    7532, 7532
    4565, 4565
    3052, 3052
    1337, 1337
    1574, 1574
    6887, 6887
    7485, 7485
    2346, 2346
    5709, 5709
    5289, 5289
    5757, 5757
    4224, 4224
    7892, 7892
    7069, 7069
    4996, 4996
    3630, 3630
    7022, 7022
    5658, 5658
    7232, 7232
    6083, 6083
    4, 4
    1608, 1608
    4553, 4553
    2602, 2602
    7604, 7604
    3995, 3995
    7804, 7804
    269, 269
    6980, 6980
    4899, 4899
    1747, 1747
    4675, 4675
    7242, 7242
    5060, 5060
    5189, 5189
    1246, 1246
    6786, 6786
    6138, 6138
    7642, 7642
    7337, 7337
    4253, 4253
    1500, 1500
    6130, 6130
    6037, 6037
    4267, 4267
    2776, 2776
    6680, 6680
    6814, 6814
    1372, 1372
    1573, 1573
    4064, 4064
    6726, 6726
    6251, 6251
    7121, 7121
    3838, 3838
    1313, 1313
    5093, 5093
    7639, 7639
    300, 300
    2808, 2808
    1270, 1270
    483, 483
    1005, 1005
    7973, 7973
    4241, 4241
    2456, 2456
    1536, 1536
    717, 717
    4279, 4279
    5888, 5888
    4910, 4910
    7136, 7136
    5351, 5351
    2948, 2948
    2322, 2322
    3611, 3611
    7623, 7623
    5609, 5609
    3891, 3891
    3909, 3909
    2074, 2074
    1974, 1974
    3518, 3518
    1834, 1834
    6963, 6963
    3316, 3316
    4525, 4525
    49, 49
    3661, 3661
    7092, 7092
    3361, 3361
    3936, 3936
    2875, 2875
    2035, 2035
    3717, 3717
    6546, 6546
    2749, 2749
    4140, 4140
    5654, 5654
    7090, 7090
    3090, 3090
    7245, 7245
    3409, 3409
    1055, 1055
    2783, 2783
    4487, 4487
    3726, 3726
    1463, 1463
    3848, 3848
    3667, 3667
    6311, 6311
    1020, 1020
    5467, 5467
    864, 864
    6842, 6842
    985, 985
    4099, 4099
    5674, 5674
    3450, 3450
    7001, 7001
    2617, 2617
    5561, 5561
    6176, 6176
    6304, 6304
    7318, 7318
    1113, 1113
    6305, 6305
    5085, 5085
    7542, 7542
    197, 197
    2235, 2235
    847, 847
    845, 845
    2062, 2062
    754, 754
    4235, 4235
    4881, 4881
    1100, 1100
    5249, 5249
    3718, 3718
    2763, 2763
    5568, 5568
    7534, 7534
    4774, 4774
    233, 233
    2206, 2206
    5044, 5044
    6802, 6802
    3123, 3123
    1721, 1721
    3570, 3570
    3, 3
    3888, 3888
    3128, 3128
    3403, 3403
    1859, 1859
    1919, 1919
    1451, 1451
    4398, 4398
    547, 547
    7106, 7106
    5090, 5090
    4261, 4261
    7643, 7643
    1619, 1619
    3818, 3818
    7214, 7214
    7724, 7724
    4963, 4963
    6596, 6596
    954, 954
    7472, 7472
    7273, 7273
    4379, 4379
    6413, 6413
    66, 66
    6263, 6263
    6511, 6511
    231, 231
    2983, 2983
    1481, 1481
    926, 926
    1462, 1462
    2677, 2677
    1640, 1640
    2158, 2158
    7127, 7127
    3330, 3330
    7994, 7994
    4713, 4713
    398, 398
    3533, 3533
    1862, 1862
    3229, 3229
    2598, 2598
    3864, 3864
    752, 752
    13, 13
    4242, 4242
    6110, 6110
    1905, 1905
    3986, 3986
    6446, 6446
    4114, 4114
    3270, 3270
    1807, 1807
    5063, 5063
    4635, 4635
    3782, 3782
    5929, 5929
    3807, 3807
    3184, 3184
    3144, 3144
    900, 900
    7570, 7570
    4090, 4090
    2769, 2769
    7055, 7055
    1995, 1995
    2818, 2818
    5939, 5939
    3653, 3653
    988, 988
    2386, 2386
    3929, 3929
    6866, 6866
    2319, 2319
    3283, 3283
    7855, 7855
    2272, 2272
    3538, 3538
    2938, 2938
    6236, 6236
    3063, 3063
    5375, 5375
    5679, 5679
    3858, 3858
    4098, 4098
    2908, 2908
    6846, 6846
    978, 978
    1059, 1059
    5016, 5016
    3148, 3148
    2317, 2317
    7658, 7658
    5406, 5406
    5843, 5843
    1632, 1632
    6789, 6789
    1897, 1897
    1191, 1191
    3122, 3122
    3010, 3010
    1853, 1853
    3459, 3459
    4699, 4699
    2496, 2496
    7802, 7802
    7874, 7874
    2792, 2792
    4169, 4169
    5988, 5988
    4060, 4060
    73, 73
    1840, 1840
    6180, 6180
    7685, 7685
    7606, 7606
    1856, 1856
    1979, 1979
    42, 42
    798, 798
    2810, 2810
    2844, 2844
    4583, 4583
    3874, 3874
    876, 876
    7956, 7956
    4929, 4929
    4573, 4573
    3312, 3312
    5940, 5940
    57, 57
    7844, 7844
    4577, 4577
    6752, 6752
    1120, 1120
    6720, 6720
    464, 464
    5393, 5393
    1135, 1135
    771, 771
    2944, 2944
    1155, 1155
    6600, 6600
    908, 908
    7128, 7128
    7264, 7264
    6070, 6070
    755, 755
    4555, 4555
    3358, 3358
    5856, 5856
    3221, 3221
    7469, 7469
    561, 561
    563, 563
    3743, 3743
    1176, 1176
    4987, 4987
    7248, 7248
    1306, 1306
    2984, 2984
    4431, 4431
    1882, 1882
    1482, 1482
    2173, 2173
    7050, 7050
    3228, 3228
    7535, 7535
    4512, 4512
    7180, 7180
    4157, 4157
    2201, 2201
    833, 833
    5079, 5079
    3931, 3931
    320, 320
    7143, 7143
    4151, 4151
    6737, 6737
    2740, 2740
    3319, 3319
    4818, 4818
    7508, 7508
    711, 711
    3072, 3072
    439, 439
    4628, 4628
    3612, 3612
    6397, 6397
    3180, 3180
    5772, 5772
    4812, 4812
    173, 173
    5976, 5976
    7989, 7989
    6379, 6379
    6641, 6641
    7046, 7046
    5412, 5412
    4982, 4982
    5738, 5738
    6722, 6722
    1366, 1366
    5269, 5269
    211, 211
    1376, 1376
    7895, 7895
    6177, 6177
    4518, 4518
    6202, 6202
    6065, 6065
    1873, 1873
    3985, 3985
    7132, 7132
    6064, 6064
    4786, 4786
    7062, 7062
    3707, 3707
    5537, 5537
    885, 885
    6829, 6829
    3937, 3937
    2966, 2966
    945, 945
    85, 85
    295, 295
    699, 699
    3079, 3079
    1381, 1381
    7174, 7174
    7557, 7557
    2184, 2184
    910, 910
    4206, 4206
    4940, 4940
    5278, 5278
    4880, 4880
    1678, 1678
    5303, 5303
    875, 875
    4236, 4236
    5194, 5194
    4878, 4878
    7477, 7477
    40, 40
    5877, 5877
    1261, 1261
    5598, 5598
    800, 800
    3328, 3328
    3359, 3359
    2508, 2508
    6096, 6096
    3860, 3860
    6398, 6398
    2838, 2838
    7633, 7633
    1921, 1921
    2500, 2500
    6491, 6491
    3081, 3081
    1184, 1184
    5694, 5694
    4367, 4367
    2718, 2718
    7763, 7763
    5144, 5144
    2805, 2805
    7706, 7706
    2144, 2144
    6399, 6399
    970, 970
    5604, 5604
    2745, 2745
    2359, 2359
    5106, 5106
    6711, 6711
    4039, 4039
    6524, 6524
    4303, 4303
    243, 243
    1869, 1869
    6166, 6166
    1699, 1699
    6756, 6756
    1386, 1386
    6394, 6394
    4537, 4537
    4463, 4463
    3485, 3485
    637, 637
    5577, 5577
    6089, 6089
    623, 623
    3797, 3797
    6905, 6905
    4724, 4724
    6716, 6716
    255, 255
    7616, 7616
    2924, 2924
    5022, 5022
    903, 903
    6512, 6512
    1099, 1099
    2841, 2841
    1705, 1705
    3073, 3073
    2204, 2204
    3363, 3363
    5588, 5588
    285, 285
    7393, 7393
    4517, 4517
    7018, 7018
    339, 339
    5197, 5197
    3113, 3113
    2425, 2425
    2659, 2659
    5894, 5894
    6053, 6053
    6254, 6254
    1603, 1603
    6724, 6724
    4249, 4249
    5163, 5163
    6837, 6837
    6660, 6660
    5149, 5149
    1168, 1168
    7083, 7083
    3016, 3016
    921, 921
    7731, 7731
    2324, 2324
    4834, 4834
    5925, 5925
    3367, 3367
    3885, 3885
    2789, 2789
    1389, 1389
    1322, 1322
    6937, 6937
    6945, 6945
    3773, 3773
    7110, 7110
    3546, 3546
    3220, 3220
    3449, 3449
    219, 219
    3214, 3214
    1181, 1181
    399, 399
    4378, 4378
    873, 873
    5129, 5129
    3201, 3201
    2634, 2634
    5005, 5005
    330, 330
    2263, 2263
    1941, 1941
    3887, 3887
    5010, 5010
    4948, 4948
    6912, 6912
    4442, 4442
    6855, 6855
    4313, 4313
    2259, 2259
    2067, 2067
    7857, 7857
    4762, 4762
    3252, 3252
    7449, 7449
    5286, 5286
    1966, 1966
    7474, 7474
    7980, 7980
    3127, 3127
    6112, 6112
    2012, 2012
    7734, 7734
    3535, 3535
    790, 790
    2872, 2872
    5395, 5395
    4637, 4637
    3340, 3340
    6530, 6530
    598, 598
    3279, 3279
    4369, 4369
    1774, 1774
    4179, 4179
    2982, 2982
    1129, 1129
    7628, 7628
    5826, 5826
    2727, 2727
    7098, 7098
    4653, 4653
    3573, 3573
    3430, 3430
    216, 216
    3111, 3111
    5518, 5518
    1254, 1254
    1209, 1209
    5009, 5009
    4694, 4694
    916, 916
    386, 386
    7150, 7150
    6799, 6799
    4178, 4178
    2648, 2648
    206, 206
    159, 159
    7996, 7996
    1408, 1408
    7487, 7487
    3194, 3194
    6810, 6810
    46, 46
    4781, 4781
    1328, 1328
    110, 110
    6279, 6279
    3166, 3166
    1130, 1130
    4631, 4631
    2976, 2976
    3792, 3792
    3446, 3446
    1340, 1340
    1851, 1851
    7313, 7313
    1951, 1951
    6523, 6523
    7456, 7456
    2306, 2306
    5207, 5207
    1968, 1968
    1854, 1854
    6004, 6004
    6128, 6128
    5557, 5557
    6357, 6357
    3956, 3956
    195, 195
    2689, 2689
    5117, 5117
    6293, 6293
    7352, 7352
    5243, 5243
    1302, 1302
    1430, 1430
    1315, 1315
    7028, 7028
    5701, 5701
    4491, 4491
    1285, 1285
    2766, 2766
    7029, 7029
    5, 5
    301, 301
    7227, 7227
    5124, 5124
    7308, 7308
    1263, 1263
    7862, 7862
    6923, 6923
    806, 806
    6497, 6497
    2732, 2732
    6668, 6668
    784, 784
    4225, 4225
    6778, 6778
    227, 227
    2148, 2148
    3292, 3292
    6573, 6573
    423, 423
    7898, 7898
    6035, 6035
    6318, 6318
    5692, 5692
    4538, 4538
    6314, 6314
    2644, 2644
    6227, 6227
    5352, 5352
    5657, 5657
    6501, 6501
    6320, 6320
    1450, 1450
    174, 174
    2873, 2873
    214, 214
    6850, 6850
    788, 788
    2929, 2929
    525, 525
    7162, 7162
    7144, 7144
    2163, 2163
    5981, 5981
    7102, 7102
    1480, 1480
    6638, 6638
    6687, 6687
    4609, 4609
    2537, 2537
    5507, 5507
    2095, 2095
    5080, 5080
    4949, 4949
    2907, 2907
    3610, 3610
    442, 442
    3344, 3344
    634, 634
    2931, 2931
    1377, 1377
    5827, 5827
    4918, 4918
    427, 427
    3190, 3190
    2549, 2549
    5724, 5724
    508, 508
    5287, 5287
    3390, 3390
    361, 361
    1583, 1583
    6024, 6024
    7172, 7172
    157, 157
    1024, 1024
    6010, 6010
    1495, 1495
    7747, 7747
    2595, 2595
    1115, 1115
    973, 973
    5214, 5214
    2965, 2965
    4197, 4197
    3097, 3097
    2750, 2750
    7382, 7382
    7246, 7246
    2886, 2886
    7260, 7260
    3503, 3503
    851, 851
    655, 655
    20, 20
    2812, 2812
    4240, 4240
    675, 675
    6235, 6235
    468, 468
    4554, 4554
    7858, 7858
    7666, 7666
    5367, 5367
    2733, 2733
    5812, 5812
    1305, 1305
    4278, 4278
    7506, 7506
    1955, 1955
    7947, 7947
    3740, 3740
    5311, 5311
    1580, 1580
    586, 586
    6770, 6770
    276, 276
    4196, 4196
    5255, 5255
    6419, 6419
    4796, 4796
    5181, 5181
    7849, 7849
    1251, 1251
    4527, 4527
    3676, 3676
    6528, 6528
    3739, 3739
    4238, 4238
    7262, 7262
    2079, 2079
    5805, 5805
    5737, 5737
    6535, 6535
    7397, 7397
    6663, 6663
    2175, 2175
    1428, 1428
    7952, 7952
    7035, 7035
    678, 678
    4799, 4799
    2823, 2823
    1476, 1476
    3172, 3172
    5170, 5170
    5712, 5712
    5662, 5662
    4546, 4546
    356, 356
    4256, 4256
    7239, 7239
    382, 382
    5927, 5927
    5867, 5867
    5258, 5258
    7838, 7838
    6485, 6485
    1097, 1097
    1027, 1027
    6703, 6703
    490, 490
    4190, 4190
    2507, 2507
    3311, 3311
    6772, 6772
    4879, 4879
    1164, 1164
    5495, 5495
    3329, 3329
    2253, 2253
    5206, 5206
    1026, 1026
    6338, 6338
    7521, 7521
    6531, 6531
    2576, 2576
    353, 353
    3859, 3859
    7842, 7842
    5500, 5500
    907, 907
    7573, 7573
    1562, 1562
    568, 568
    36, 36
    2957, 2957
    2846, 2846
    6295, 6295
    6632, 6632
    340, 340
    1108, 1108
    4273, 4273
    3880, 3880
    3261, 3261
    199, 199
    2687, 2687
    7530, 7530
    5820, 5820
    4623, 4623
    1038, 1038
    4659, 4659
    7553, 7553
    3811, 3811
    4773, 4773
    314, 314
    6849, 6849
    3188, 3188
    5513, 5513
    6274, 6274
    5204, 5204
    3568, 3568
    7204, 7204
    3259, 3259
    1661, 1661
    7969, 7969
    89, 89
    4034, 4034
    7096, 7096
    2515, 2515
    7281, 7281
    2685, 2685
    4994, 4994
    2917, 2917
    3581, 3581
    2070, 2070
    2227, 2227
    3233, 3233
    5199, 5199
    3495, 3495
    534, 534
    3608, 3608
    1347, 1347
    1542, 1542
    822, 822
    5775, 5775
    4168, 4168
    3683, 3683
    5847, 5847
    6095, 6095
    1939, 1939
    7634, 7634
    4695, 4695
    7009, 7009
    3440, 3440
    1516, 1516
    2248, 2248
    7868, 7868
    4682, 4682
    2041, 2041
    6023, 6023
    5987, 5987
    156, 156
    4071, 4071
    7350, 7350
    6440, 6440
    2903, 2903
    5168, 5168
    1593, 1593
    5572, 5572
    1298, 1298
    4334, 4334
    7045, 7045
    128, 128
    1870, 1870
    5030, 5030
    5215, 5215
    3372, 3372
    4600, 4600
    6356, 6356
    3802, 3802
    7475, 7475
    6471, 6471
    4614, 4614
    7513, 7513
    5415, 5415
    1272, 1272
    7991, 7991
    6144, 6144
    48, 48
    1160, 1160
    7517, 7517
    7830, 7830
    1556, 1556
    2803, 2803
    2604, 2604
    4542, 4542
    4319, 4319
    7501, 7501
    7049, 7049
    2297, 2297
    5881, 5881
    3511, 3511
    111, 111
    2334, 2334
    2550, 2550
    2177, 2177
    3560, 3560
    7572, 7572
    6568, 6568
    4956, 4956
    4451, 4451
    6838, 6838
    4128, 4128
    901, 901
    7824, 7824
    1289, 1289
    5237, 5237
    5397, 5397
    518, 518
    1391, 1391
    7702, 7702
    1424, 1424
    2283, 2283
    3472, 3472
    4496, 4496
    575, 575
    1537, 1537
    5015, 5015
    7789, 7789
    2110, 2110
    5429, 5429
    5441, 5441
    3935, 3935
    5911, 5911
    76, 76
    2796, 2796
    1030, 1030
    6598, 6598
    357, 357
    4657, 4657
    1153, 1153
    8, 8
    1392, 1392
    3530, 3530
    4920, 4920
    3306, 3306
    4053, 4053
    2646, 2646
    7471, 7471
    5125, 5125
    2385, 2385
    2975, 2975
    2822, 2822
    6927, 6927
    4627, 4627
    6317, 6317
    7405, 7405
    74, 74
    6122, 6122
    7296, 7296
    1253, 1253
    1331, 1331
    2894, 2894
    7692, 7692
    4364, 4364
    5898, 5898
    5520, 5520
    4801, 4801
    1987, 1987
    2698, 2698
    7113, 7113
    7440, 7440
    6768, 6768
    7701, 7701
    3162, 3162
    6362, 6362
    4229, 4229
    6988, 6988
    6247, 6247
    1696, 1696
    6879, 6879
    5620, 5620
    6875, 6875
    5756, 5756
    4767, 4767
    5573, 5573
    5576, 5576
    2080, 2080
    280, 280
    7310, 7310
    2236, 2236
    169, 169
    419, 419
    4063, 4063
    7186, 7186
    3307, 3307
    983, 983
    5909, 5909
    6805, 6805
    3734, 3734
    7141, 7141
    5626, 5626
    2149, 2149
    4522, 4522
    4673, 4673
    4356, 4356
    286, 286
    3841, 3841
    4509, 4509
    2361, 2361
    4344, 4344
    2545, 2545
    121, 121
    3216, 3216
    4033, 4033
    2210, 2210
    2765, 2765
    3315, 3315
    6168, 6168
    6025, 6025
    6453, 6453
    2914, 2914
    4156, 4156
    1934, 1934
    3752, 3752
    1235, 1235
    5502, 5502
    2398, 2398
    2935, 2935
    734, 734
    4066, 4066
    297, 297
    5126, 5126
    223, 223
    3084, 3084
    6002, 6002
    6045, 6045
    7333, 7333
    2068, 2068
    328, 328
    7216, 7216
    6587, 6587
    1229, 1229
    5817, 5817
    3747, 3747
    6544, 6544
    7483, 7483
    849, 849
    4897, 4897
    3499, 3499
    642, 642
    5880, 5880
    6781, 6781
    7605, 7605
    5600, 5600
    6085, 6085
    1383, 1383
    6442, 6442
    2021, 2021
    1444, 1444
    1944, 1944
    2703, 2703
    652, 652
    1213, 1213
    6796, 6796
    6000, 6000
    6597, 6597
    5422, 5422
    5094, 5094
    1132, 1132
    4100, 4100
    25, 25
    6540, 6540
    3197, 3197
    3349, 3349
    1004, 1004
    4626, 4626
    343, 343
    6218, 6218
    3790, 3790
    6732, 6732
    5625, 5625
    6659, 6659
    4352, 4352
    4372, 4372
    2160, 2160
    3352, 3352
    78, 78
    3134, 3134
    6985, 6985
    6121, 6121
    5964, 5964
    2693, 2693
    5317, 5317
    1449, 1449
    2555, 2555
    7982, 7982
    1163, 1163
    6776, 6776
    3677, 3677
    1773, 1773
    1112, 1112
    3462, 3462
    5439, 5439
    2825, 2825
    511, 511
    545, 545
    2676, 2676
    5356, 5356
    1849, 1849
    7749, 7749
    368, 368
    1978, 1978
    7295, 7295
    502, 502
    5143, 5143
    4023, 4023
    180, 180
    6508, 6508
    1238, 1238
    5164, 5164
    5999, 5999
    476, 476
    4419, 4419
    4698, 4698
    2919, 2919
    139, 139
    2497, 2497
    1329, 1329
    5501, 5501
    2819, 2819
    7859, 7859
    1850, 1850
    5388, 5388
    5404, 5404
    5945, 5945
    5475, 5475
    3614, 3614
    2811, 2811
    2044, 2044
    6120, 6120
    5951, 5951
    2581, 2581
    313, 313
    1709, 1709
    484, 484
    6782, 6782
    2389, 2389
    6433, 6433
    2592, 2592
    7992, 7992
    7293, 7293
    7580, 7580
    4950, 4950
    1125, 1125
    7613, 7613
    645, 645
    5769, 5769
    2571, 2571
    4473, 4473
    3939, 3939
    6040, 6040
    4052, 4052
    5413, 5413
    1335, 1335
    5347, 5347
    4550, 4550
    6614, 6614
    103, 103
    2528, 2528
    3732, 3732
    4007, 4007
    7722, 7722
    4883, 4883
    4312, 4312
    213, 213
    5046, 5046
    884, 884
    7343, 7343
    6931, 6931
    1085, 1085
    6845, 6845
    4984, 4984
    2895, 2895
    3150, 3150
    6225, 6225
    1914, 1914
    1082, 1082
    6001, 6001
    1927, 1927
    6626, 6626
    5699, 5699
    6285, 6285
    4665, 4665
    4069, 4069
    6347, 6347
    6401, 6401
    1691, 1691
    6267, 6267
    1110, 1110
    626, 626
    4181, 4181
    1448, 1448
    1271, 1271
    3240, 3240
    1063, 1063
    207, 207
    5200, 5200
    4795, 4795
    3006, 3006
    2686, 2686
    4135, 4135
    7040, 7040
    126, 126
    1124, 1124
    1403, 1403
    4768, 4768
    2349, 2349
    3934, 3934
    5148, 5148
    3057, 3057
    7258, 7258
    2681, 2681
    5526, 5526
    2519, 2519
    4244, 4244
    530, 530
    7665, 7665
    6061, 6061
    1815, 1815
    2311, 2311
    5411, 5411
    4478, 4478
    5762, 5762
    5869, 5869
    5528, 5528
    1880, 1880
    2940, 2940
    4625, 4625
    6039, 6039
    7984, 7984
    6591, 6591
    5285, 5285
    7590, 7590
    997, 997
    6750, 6750
    3508, 3508
    4221, 4221
    4387, 4387
    6077, 6077
    6804, 6804
    5403, 5403
    6029, 6029
    2331, 2331
    1786, 1786
    2037, 2037
    3396, 3396
    6003, 6003
    1413, 1413
    810, 810
    5831, 5831
    6418, 6418
    5037, 5037
    972, 972
    135, 135
    1898, 1898
    2232, 2232
    2138, 2138
    5196, 5196
    4392, 4392
    3785, 3785
    4953, 4953
    4210, 4210
    3619, 3619
    7181, 7181
    2430, 2430
    5825, 5825
    1648, 1648
    6463, 6463
    4432, 4432
    4997, 4997
    2338, 2338
    4563, 4563
    878, 878
    3562, 3562
    2618, 2618
    2884, 2884
    2285, 2285
    1049, 1049
    1802, 1802
    4014, 4014
    2045, 2045
    7733, 7733
    7656, 7656
    3231, 3231
    7463, 7463
    4579, 4579
    3497, 3497
    631, 631
    7812, 7812
    3609, 3609
    1748, 1748
    3391, 3391
    1259, 1259
    6270, 6270
    808, 808
    1975, 1975
    667, 667
    6681, 6681
    967, 967
    3605, 3605
    3772, 3772
    7919, 7919
    3376, 3376
    7593, 7593
    388, 388
    3589, 3589
    5935, 5935
    4057, 4057
    6785, 6785
    75, 75
    592, 592
    4521, 4521
    2505, 2505
    364, 364
    1965, 1965
    5836, 5836
    2817, 2817
    3949, 3949
    7125, 7125
    3151, 3151
    4234, 4234
    2557, 2557
    2468, 2468
    6026, 6026
    5972, 5972
    7712, 7712
    2058, 2058
    1651, 1651
    1538, 1538
    2832, 2832
    4296, 4296
    1716, 1716
    656, 656
    3020, 3020
    1557, 1557
    363, 363
    4276, 4276
    236, 236
    2093, 2093
    2663, 2663
    3733, 3733
    4390, 4390
    2645, 2645
    2613, 2613
    6510, 6510
    701, 701
    7770, 7770
    838, 838
    7563, 7563
    2781, 2781
    1579, 1579
    3716, 3716
    7417, 7417
    4569, 4569
    3248, 3248
    4985, 4985
    1819, 1819
    5574, 5574
    3504, 3504
    6444, 6444
    521, 521
    1150, 1150
    7064, 7064
    5362, 5362
    7409, 7409
    31, 31
    2865, 2865
    1334, 1334
    430, 430
    358, 358
    345, 345
    2178, 2178
    2762, 2762
    1764, 1764
    7554, 7554
    5768, 5768
    2086, 2086
    4015, 4015
    3724, 3724
    4759, 4759
    3527, 3527
    6016, 6016
    7878, 7878
    5312, 5312
    7696, 7696
    4228, 4228
    5708, 5708
    5176, 5176
    441, 441
    3754, 3754
    3370, 3370
    2892, 2892
    6319, 6319
    2330, 2330
    6156, 6156
    4195, 4195
    5774, 5774
    709, 709
    5017, 5017
    2437, 2437
    5003, 5003
    1909, 1909
    1420, 1420
    5550, 5550
    5227, 5227
    6087, 6087
    466, 466
    2978, 2978
    7863, 7863
    7309, 7309
    7586, 7586
    1917, 1917
    272, 272
    3181, 3181
    407, 407
    6902, 6902
    4804, 4804
    1673, 1673
    3598, 3598
    1607, 1607
    6517, 6517
    7398, 7398
    7959, 7959
    3191, 3191
    4030, 4030
    6609, 6609
    3500, 3500
    3185, 3185
    6466, 6466
    2860, 2860
    3638, 3638
    1530, 1530
    1711, 1711
    1058, 1058
    2589, 2589
    4293, 4293
    1208, 1208
    5806, 5806
    3664, 3664
    1212, 1212
    3565, 3565
    5631, 5631
    5308, 5308
    6959, 6959
    2709, 2709
    1378, 1378
    3146, 3146
    7954, 7954
    5868, 5868
    3775, 3775
    3555, 3555
    863, 863
    1566, 1566
    7660, 7660
    4692, 4692
    6157, 6157
    1152, 1152
    1857, 1857
    7752, 7752
    2396, 2396
    7979, 7979
    5245, 5245
    2214, 2214
    30, 30
    5086, 5086
    951, 951
    7481, 7481
    2959, 2959
    52, 52
    3236, 3236
    5480, 5480
    6078, 6078
    5622, 5622
    7550, 7550
    5627, 5627
    544, 544
    4315, 4315
    82, 82
    3202, 3202
    3862, 3862
    6951, 6951
    209, 209
    1767, 1767
    5088, 5088
    429, 429
    4059, 4059
    6104, 6104
    1169, 1169
    2459, 2459
    3637, 3637
    493, 493
    5341, 5341
    4036, 4036
    7330, 7330
    4108, 4108
    5690, 5690
    4004, 4004
    7052, 7052
    1785, 1785
    7589, 7589
    6081, 6081
    3872, 3872
    5178, 5178
    2900, 2900
    2449, 2449
    5474, 5474
    4584, 4584
    1143, 1143
    3833, 3833
    4841, 4841
    3286, 3286
    3124, 3124
    987, 987
    5710, 5710
    1010, 1010
    1286, 1286
    1128, 1128
    5151, 5151
    7629, 7629
    3045, 3045
    7697, 7697
    2394, 2394
    2282, 2282
    6456, 6456
    6377, 6377
    6073, 6073
    3304, 3304
    4452, 4452
    5198, 5198
    3365, 3365
    7190, 7190
    4353, 4353
    1722, 1722
    5137, 5137
    7462, 7462
    4702, 4702
    1101, 1101
    4258, 4258
    2316, 2316
    2373, 2373
    3398, 3398
    557, 557
    1339, 1339
    6916, 6916
    2040, 2040
    4343, 4343
    968, 968
    2784, 2784
    4371, 4371
    2503, 2503
    2150, 2150
    7544, 7544
    7075, 7075
    7327, 7327
    698, 698
    4877, 4877
    1605, 1605
    5509, 5509
    6186, 6186
    2321, 2321
    7950, 7950
    7091, 7091
    6115, 6115
    835, 835
    3642, 3642
    3245, 3245
    5816, 5816
    4764, 4764
    4309, 4309
    3263, 3263
    7375, 7375
    2, 2
    7302, 7302
    5476, 5476
    2212, 2212
    989, 989
    7759, 7759
    7624, 7624
    2294, 2294
    3320, 3320
    6242, 6242
    4454, 4454
    1903, 1903
    6226, 6226
    4076, 4076
    5555, 5555
    758, 758
    3861, 3861
    6155, 6155
    5785, 5785
    3475, 3475
    7104, 7104
    4990, 4990
    4466, 4466
    2467, 2467
    5152, 5152
    6296, 6296
    937, 937
    2445, 2445
    1791, 1791
    63, 63
    3784, 3784
    5068, 5068
    3678, 3678
    5726, 5726
    7769, 7769
    15, 15
    2414, 2414
    1668, 1668
    6185, 6185
    3959, 3959
    708, 708
    5220, 5220
    5173, 5173
    3788, 3788
    2911, 2911
    7903, 7903
    4287, 4287
    2788, 2788
    3714, 3714
    2031, 2031
    1431, 1431
    3536, 3536
    3454, 3454
    6288, 6288
    1518, 1518
    3266, 3266
    3654, 3654
    5755, 5755
    6518, 6518
    1260, 1260
    5637, 5637
    7760, 7760
    4572, 4572
    918, 918
    2268, 2268
    889, 889
    6525, 6525
    1519, 1519
    745, 745
    7200, 7200
    7063, 7063
    3044, 3044
    1671, 1671
    3615, 3615
    2626, 2626
    5965, 5965
    3417, 3417
    69, 69
    3347, 3347
    3083, 3083
    473, 473
    4335, 4335
    6996, 6996
    3024, 3024
    5183, 5183
    3643, 3643
    2032, 2032
    692, 692
    2904, 2904
    5218, 5218
    2441, 2441
    3458, 3458
    4842, 4842
    1165, 1165
    6069, 6069
    3414, 3414
    4511, 4511
    2452, 2452
    3442, 3442
    1081, 1081
    599, 599
    5752, 5752
    638, 638
    7412, 7412
    168, 168
    4925, 4925
    1083, 1083
    378, 378
    5432, 5432
    3438, 3438
    7932, 7932
    7496, 7496
    7866, 7866
    6183, 6183
    1938, 1938
    1989, 1989
    4164, 4164
    2587, 2587
    1825, 1825
    6589, 6589
    1025, 1025
    7962, 7962
    3085, 3085
    1281, 1281
    2521, 2521
    4758, 4758
    4368, 4368
    840, 840
    7644, 7644
    4858, 4858
    1507, 1507
    2678, 2678
    5209, 5209
    4531, 4531
    7688, 7688
    2397, 2397
    3877, 3877
    7434, 7434
    2967, 2967
    1704, 1704
    228, 228
    7853, 7853
    2115, 2115
    5795, 5795
    2821, 2821
    3905, 3905
    920, 920
    3719, 3719
    1531, 1531
    1162, 1162
    7038, 7038
    1907, 1907
    4954, 4954
    201, 201
    5648, 5648
    3023, 3023
    2402, 2402
    58, 58
    6127, 6127
    1009, 1009
    5997, 5997
    7630, 7630
    5398, 5398
    1677, 1677
    26, 26
    1703, 1703
    1173, 1173
    4887, 4887
    577, 577
    2996, 2996
    6709, 6709
    1888, 1888
    6801, 6801
    81, 81
    1457, 1457
    2849, 2849
    2829, 2829
    240, 240
    5667, 5667
    2943, 2943
    994, 994
    576, 576
    2887, 2887
    643, 643
    2069, 2069
    5919, 5919
    2658, 2658
    7078, 7078
    4068, 4068
    246, 246
    3416, 3416
    5623, 5623
    3531, 3531
    3659, 3659
    6482, 6482
    251, 251
    6015, 6015
    1279, 1279
    6339, 6339
    3401, 3401
    812, 812
    7910, 7910
    3404, 3404
    7359, 7359
    688, 688
    3457, 3457
    4636, 4636
    3489, 3489
    1193, 1193
    929, 929
    2501, 2501
    4154, 4154
    3441, 3441
    4290, 4290
    7640, 7640
    7284, 7284
    7484, 7484
    5139, 5139
    6712, 6712
    6359, 6359
    765, 765
    1881, 1881
    1769, 1769
    4684, 4684
    4663, 4663
    5460, 5460
    4260, 4260
    7774, 7774
    2092, 2092
    3982, 3982
    327, 327
    365, 365
    617, 617
    5177, 5177
    7489, 7489
    2920, 2920
    3731, 3731
    7565, 7565
    6198, 6198
    3043, 3043
    3641, 3641
    3211, 3211
    6407, 6407
    312, 312
    1549, 1549
    6434, 6434
    7048, 7048
    7410, 7410
    995, 995
    7210, 7210
    7716, 7716
    7147, 7147
    6109, 6109
    2406, 2406
    7880, 7880
    3175, 3175
    1041, 1041
    6956, 6956
    6459, 6459
    2427, 2427
    5095, 5095
    5845, 5845
    5591, 5591
    7442, 7442
    5328, 5328
    2767, 2767
    5179, 5179
    5032, 5032
    3827, 3827
    5741, 5741
    7661, 7661
    492, 492
    909, 909
    4016, 4016
    6368, 6368
    6360, 6360
    6417, 6417
    3140, 3140
    1597, 1597
    2839, 2839
    7684, 7684
    4498, 4498
    5735, 5735
    862, 862
    2653, 2653
    5160, 5160
    1087, 1087
    5057, 5057
    4901, 4901
    265, 265
    165, 165
    7211, 7211
    6374, 6374
    3857, 3857
    7743, 7743
    385, 385
    3759, 3759
    3167, 3167
    3819, 3819
    5011, 5011
    288, 288
    3368, 3368
    2889, 2889
    7965, 7965
    1240, 1240
    5723, 5723
    5517, 5517
    668, 668
    5875, 5875
    4931, 4931
    7072, 7072
    4029, 4029
    1154, 1154
    3423, 3423
    3943, 3943
    294, 294
    454, 454
    2736, 2736
    7986, 7986
    5975, 5975
    2351, 2351
    1957, 1957
    1043, 1043
    5250, 5250
    1341, 1341
    7936, 7936
    3143, 3143
    6635, 6635
    3147, 3147
    3342, 3342
    6328, 6328
    2480, 2480
    6758, 6758
    2146, 2146
    7044, 7044
    4042, 4042
    537, 537
    7885, 7885
    2084, 2084
    4671, 4671
    4152, 4152
    7559, 7559
    1490, 1490
    6068, 6068
    1, 1
    7252, 7252
    5382, 5382
    167, 167
    6537, 6537
    7084, 7084
    7529, 7529
    1913, 1913
    4803, 4803
    4976, 4976
    7682, 7682
    6480, 6480
    6926, 6926
    3950, 3950
    6764, 6764
    3422, 3422
    4903, 4903
    4386, 4386
    2372, 2372
    1688, 1688
    6181, 6181
    3492, 3492
    7331, 7331
    625, 625
    4916, 4916
    6208, 6208
    4243, 4243
    6595, 6595
    6505, 6505
    7579, 7579
    742, 742
    7782, 7782
    275, 275
    4115, 4115
    4340, 4340
    3131, 3131
    4136, 4136
    3041, 3041
    3774, 3774
    5374, 5374
    7116, 7116
    1219, 1219
    6558, 6558
    1316, 1316
    7060, 7060
    2708, 2708
    7721, 7721
    6913, 6913
    6216, 6216
    125, 125
    2461, 2461
    332, 332
    7582, 7582
    1843, 1843
    7311, 7311
    7729, 7729
    7117, 7117
    4231, 4231
    7420, 7420
    6553, 6553
    543, 543
    3853, 3853
    6611, 6611
    5786, 5786
    7756, 7756
    2411, 2411
    4775, 4775
    3104, 3104
    6900, 6900
    1277, 1277
    6423, 6423
    4936, 4936
    2104, 2104
    7163, 7163
    7356, 7356
    4301, 4301
    290, 290
    2636, 2636
    6702, 6702
    2607, 2607
    6119, 6119
    5780, 5780
    2787, 2787
    79, 79
    7785, 7785
    4995, 4995
    4446, 4446
    1654, 1654
    7165, 7165
    5489, 5489
    5202, 5202
    4084, 4084
    4083, 4083
    6828, 6828
    2641, 2641
    7272, 7272
    7403, 7403
    4058, 4058
    4269, 4269
    7189, 7189
    3467, 3467
    5569, 5569
    5229, 5229
    3325, 3325
    4619, 4619
    1215, 1215
    3996, 3996
    7873, 7873
    858, 858
    1239, 1239
    6774, 6774
    4476, 4476
    2962, 2962
    3096, 3096
    3755, 3755
    1621, 1621
    857, 857
    7788, 7788
    5107, 5107
    1768, 1768
    6532, 6532
    7686, 7686
    5251, 5251
    1697, 1697
    7541, 7541
    3260, 3260
    4072, 4072
    7850, 7850
    1652, 1652
    5545, 5545
    6163, 6163
    3699, 3699
    4307, 4307
    226, 226
    5750, 5750
    6986, 6986
    7074, 7074
    6733, 6733
    7614, 7614
    7533, 7533
    2936, 2936
    1572, 1572
    3532, 3532
    7429, 7429
    6366, 6366
    4794, 4794
    2137, 2137
    1803, 1803
    3017, 3017
    685, 685
    3465, 3465
    1779, 1779
    5564, 5564
    5852, 5852
    4791, 4791
    6457, 6457
    4002, 4002
    3674, 3674
    2374, 2374
    4251, 4251
    4558, 4558
    3226, 3226
    803, 803
    64, 64
    3152, 3152
    7732, 7732
    1810, 1810
    6142, 6142
    1622, 1622
    693, 693
    6617, 6617
    539, 539
    712, 712
    5233, 5233
    6603, 6603
    7498, 7498
    4624, 4624
    5134, 5134
    1364, 1364
    1275, 1275
    7326, 7326
    5628, 5628
    6019, 6019
    2744, 2744
    2473, 2473
    309, 309
    3494, 3494
    4077, 4077
    5731, 5731
    7762, 7762
    3924, 3924
    1018, 1018
    2815, 2815
    6654, 6654
    7872, 7872
    6888, 6888
    2761, 2761
    3883, 3883
    3941, 3941
    7443, 7443
    4594, 4594
    814, 814
    890, 890
    3397, 3397
    2451, 2451
    2691, 2691
    6844, 6844
    3302, 3302
    2479, 2479
    580, 580
    5969, 5969
    4284, 4284
    7020, 7020
    1471, 1471
    2522, 2522
    395, 395
    1963, 1963
    5984, 5984
    3916, 3916
    941, 941
    2403, 2403
    1062, 1062
    7587, 7587
    3234, 3234
    2956, 2956
    2371, 2371
    7981, 7981
    1224, 1224
    1342, 1342
    2208, 2208
    337, 337
    292, 292
    7744, 7744
    6384, 6384
    2770, 2770
    767, 767
    5885, 5885
    3008, 3008
    6468, 6468
    2764, 2764
    2731, 2731
    2223, 2223
    1237, 1237
    1134, 1134
    72, 72
    7889, 7889
    7809, 7809
    3076, 3076
    1702, 1702
    1460, 1460
    4406, 4406
    7138, 7138
    3051, 3051
    3567, 3567
    5244, 5244
    3757, 3757
    7395, 7395
    5276, 5276
    5835, 5835
    4050, 4050
    5368, 5368
    4977, 4977
    5745, 5745
    6136, 6136
    6933, 6933
    344, 344
    7832, 7832
    7453, 7453
    7622, 7622
    3005, 3005
    2578, 2578
    4574, 4574
    2127, 2127
    5578, 5578
    1685, 1685
    333, 333
    346, 346
    152, 152
    6973, 6973
    2280, 2280
    1265, 1265
    7142, 7142
    942, 942
    2843, 2843
    5283, 5283
    7645, 7645
    6695, 6695
    4266, 4266
    5354, 5354
    1092, 1092
    2101, 2101
    7056, 7056
    948, 948
    6490, 6490
    6552, 6552
    3710, 3710
    7486, 7486
    2250, 2250
    178, 178
    666, 666
    5141, 5141
    3249, 3249
    6995, 6995
    3896, 3896
    820, 820
    1492, 1492
    5640, 5640
    2293, 2293
    2477, 2477
    7156, 7156
    1626, 1626
    5318, 5318
    4983, 4983
    974, 974
    1560, 1560
    801, 801
    5014, 5014
    4328, 4328
    5535, 5535
    7592, 7592
    19, 19
    6182, 6182
    5876, 5876
    117, 117
    1749, 1749
    27, 27
    7948, 7948
    3420, 3420
    5558, 5558
    3291, 3291
    120, 120
    1069, 1069
    5943, 5943
    6860, 6860
    683, 683
    5186, 5186
    4493, 4493
    1540, 1540
    3400, 3400
    6655, 6655
    7896, 7896
    6739, 6739
    6627, 6627
    408, 408
    3824, 3824
    7681, 7681
    2556, 2556
    2670, 2670
    4051, 4051
    318, 318
    7240, 7240
    0, 0
    6188, 6188
    4947, 4947
    4599, 4599
    7438, 7438
    3991, 3991
    7249, 7249
    4321, 4321
    3656, 3656
    1291, 1291
    5746, 5746
    2123, 2123
    523, 523
    3648, 3648
    1357, 1357
    383, 383
    5808, 5808
    5424, 5424
    6325, 6325
    3426, 3426
    4648, 4648
    5749, 5749
    7140, 7140
    3295, 3295
    258, 258
    7647, 7647
    7164, 7164
    4654, 4654
    5519, 5519
    7171, 7171
    5819, 5819
    3101, 3101
    3671, 3671
    5221, 5221
    1827, 1827
    1961, 1961
    1311, 1311
    2739, 2739
    5722, 5722
    1575, 1575
    4870, 4870
    12, 12
    661, 661
    5331, 5331
    6790, 6790
    3394, 3394
    6131, 6131
    3178, 3178
    2541, 2541
    5862, 5862
    1084, 1084
    5087, 5087
    6994, 6994
    5191, 5191
    7306, 7306
    4835, 4835
    2942, 2942
    5516, 5516
    2358, 2358
    4998, 4998
    2885, 2885
    3947, 3947
    6243, 6243
    1967, 1967
    1104, 1104
    2300, 2300
    4459, 4459
    374, 374
    6054, 6054
    2751, 2751
    647, 647
    6074, 6074
    3751, 3751
    101, 101
    5659, 5659
    4592, 4592
    1256, 1256
    2055, 2055
    5387, 5387
    6862, 6862
    3183, 3183
    2925, 2925
    5316, 5316
    2551, 2551
    7516, 7516
    4166, 4166
    7166, 7166
    4662, 4662
    7373, 7373
    3357, 3357
    5581, 5581
    3863, 3863
    108, 108
    1432, 1432
    5452, 5452
    3623, 3623
    7548, 7548
    4888, 4888
    960, 960
    2053, 2053
    4337, 4337
    2804, 2804
    1326, 1326
    6925, 6925
    1296, 1296
    5539, 5539
    6460, 6460
    475, 475
    6286, 6286
    1666, 1666
    5510, 5510
    7786, 7786
    1387, 1387
    4667, 4667
    7934, 7934
    7391, 7391
    6867, 6867
    3852, 3852
    5993, 5993
    7408, 7408
    2937, 2937
    2131, 2131
    1633, 1633
    7840, 7840
    7845, 7845
    826, 826
    4886, 4886
    322, 322
    3826, 3826
    4125, 4125
    7750, 7750
    1477, 1477
    3572, 3572
    2869, 2869
    2466, 2466
    5299, 5299
    589, 589
    1809, 1809
    573, 573
    2129, 2129
    6847, 6847
    831, 831
    5083, 5083
    3486, 3486
    4458, 4458
    186, 186
    5565, 5565
    7675, 7675
    500, 500
    6559, 6559
    5956, 5956
    1725, 1725
    3925, 3925
    1014, 1014
    5882, 5882
    1515, 1515
    1594, 1594
    177, 177
    4960, 4960
    298, 298
    950, 950
    6830, 6830
    3032, 3032
    749, 749
    3204, 3204
    980, 980
    4718, 4718
    6800, 6800
    4967, 4967
    1544, 1544
    5201, 5201
    1019, 1019
    218, 218
    606, 606
    5575, 5575
    4932, 4932
    4376, 4376
    7671, 7671
    7454, 7454
    5195, 5195
    4701, 4701
    6693, 6693
    370, 370
    1792, 1792
    5715, 5715
    7006, 7006
    1198, 1198
    6415, 6415
    7951, 7951
    509, 509
    6683, 6683
    3490, 3490
    2724, 2724
    1396, 1396
    6509, 6509
    3047, 3047
    1806, 1806
    5778, 5778
    959, 959
    2220, 2220
    5992, 5992
    132, 132
    1990, 1990
    1559, 1559
    6922, 6922
    2746, 2746
    5162, 5162
    4809, 4809
    3984, 3984
    944, 944
    7861, 7861
    2656, 2656
    674, 674
    2927, 2927
    6498, 6498
    7511, 7511
    5736, 5736
    5252, 5252
    5408, 5408
    4035, 4035
    3691, 3691
    2254, 2254
    4748, 4748
    3435, 3435
    7780, 7780
    6760, 6760
    4831, 4831
    5566, 5566
    7332, 7332
    1762, 1762
    6958, 6958
    1929, 1929
    6648, 6648
    4274, 4274
    2257, 2257
    4297, 4297
    5777, 5777
    6863, 6863
    3205, 3205
    5599, 5599
    4428, 4428
    6794, 6794
    7561, 7561
    5728, 5728
    7357, 7357
    657, 657
    6901, 6901
    316, 316
    7564, 7564
    1225, 1225
    7182, 7182
    1066, 1066
    6206, 6206
    5560, 5560
    735, 735
    565, 565
    3903, 3903
    2130, 2130
    5379, 5379
    5019, 5019
    270, 270
    1529, 1529
    6729, 6729
    1551, 1551
    1506, 1506
    2378, 2378
    1983, 1983
    4715, 4715
    2597, 2597
    3153, 3153
    6536, 6536
    4884, 4884
    750, 750
    3645, 3645
    2356, 2356
    4813, 4813
    4482, 4482
    4941, 4941
    7970, 7970
    1664, 1664
    4426, 4426
    7555, 7555
    6672, 6672
    2725, 2725
    4484, 4484
    1022, 1022
    5788, 5788
    2384, 2384
    4515, 4515
    2469, 2469
    893, 893
    4008, 4008
    7641, 7641
    4161, 4161
    7168, 7168
    2621, 2621
    659, 659
    747, 747
    3669, 3669
    4448, 4448
    6579, 6579
    1167, 1167
    6581, 6581
    1954, 1954
    1816, 1816
    4649, 4649
    7512, 7512
    1565, 1565
    515, 515
    7130, 7130
    5764, 5764
    2664, 2664
    5982, 5982
    1998, 1998
    2729, 2729
    7107, 7107
    6783, 6783
    4043, 4043
    5012, 5012
    9, 9
    5122, 5122
    5473, 5473
    6431, 6431
    6757, 6757
    5818, 5818
    3267, 3267
    6882, 6882
    5895, 5895
    764, 764
    115, 115
    7503, 7503
    4494, 4494
    7524, 7524
    6594, 6594
    510, 510
    2133, 2133
    4270, 4270
    7088, 7088
    3626, 3626
    3907, 3907
    4526, 4526
    7918, 7918
    1675, 1675
    7479, 7479
    5246, 5246
    5004, 5004
    2590, 2590
    3556, 3556
    2898, 2898
    824, 824
    4585, 4585
    3867, 3867
    2704, 2704
    5603, 5603
    6967, 6967
    7363, 7363
    604, 604
    5978, 5978
    809, 809
    2540, 2540
    1203, 1203
    7390, 7390
    4930, 4930
    6637, 6637
    5776, 5776
    4362, 4362
    7452, 7452
    2052, 2052
    6548, 6548
    5065, 5065
    776, 776
    6191, 6191
    1144, 1144
    2308, 2308
    1140, 1140
    4134, 4134
    1789, 1789
    7439, 7439
    7304, 7304
    4779, 4779
    2933, 2933
    3904, 3904
    7928, 7928
    2484, 2484
    6798, 6798
    6420, 6420
    7522, 7522
    3317, 3317
    3980, 3980
    4188, 4188
    7909, 7909
    2121, 2121
    331, 331
    3445, 3445
    7292, 7292
    6209, 6209
    3155, 3155
    6917, 6917
}

S(b, c) = {
    2549, 2549
    1623, 1623
    7450, 7450
    5847, 5847
    1861, 1861
    7790, 7790
    1177, 1177
    7410, 7410
    4579, 4579
    7066, 7066
    2987, 2987
    1807, 1807
    5137, 5137
    7284, 7284
    3110, 3110
    830, 830
    7719, 7719
    5312, 5312
    97, 97
    5472, 5472
    4009, 4009
    752, 752
    6673, 6673
    4500, 4500
    915, 915
    614, 614
    128, 128
    668, 668
    348, 348
    2830, 2830
    1762, 1762
    218, 218
    5548, 5548
    2733, 2733
    7303, 7303
    5078, 5078
    6581, 6581
    227, 227
    6731, 6731
    4445, 4445
    3754, 3754
    5146, 5146
    6120, 6120
    111, 111
    7572, 7572
    93, 93
    1030, 1030
    3242, 3242
    3515, 3515
    7584, 7584
    542, 542
    4246, 4246
    4662, 4662
    3605, 3605
    5105, 5105
    6668, 6668
    6280, 6280
    1223, 1223
    5170, 5170
    7200, 7200
    2322, 2322
    4462, 4462
    6837, 6837
    4127, 4127
    3145, 3145
    5380, 5380
    464, 464
    733, 733
    20, 20
    1461, 1461
    801, 801
    4186, 4186
    636, 636
    514, 514
    3226, 3226
    3456, 3456
    2787, 2787
    6126, 6126
    5587, 5587
    6430, 6430
    1775, 1775
    4390, 4390
    2882, 2882
    7553, 7553
    3356, 3356
    785, 785
    1284, 1284
    4748, 4748
    7686, 7686
    1562, 1562
    7432, 7432
    6903, 6903
    4463, 4463
    6791, 6791
    202, 202
    1021, 1021
    2747, 2747
    5101, 5101
    7130, 7130
    1443, 1443
    1296, 1296
    4733, 4733
    2396, 2396
    6603, 6603
    6621, 6621
    863, 863
    1512, 1512
    6183, 6183
    6982, 6982
    7845, 7845
    6820, 6820
    7665, 7665
    3546, 3546
    6054, 6054
    6948, 6948
    2495, 2495
    5982, 5982
    6009, 6009
    6036, 6036
    934, 934
    7437, 7437
    4572, 4572
    5158, 5158
    7000, 7000
    6830, 6830
    2919, 2919
    6898, 6898
    3769, 3769
    3243, 3243
    4444, 4444
    5506, 5506
    1376, 1376
    2512, 2512
    216, 216
    3654, 3654
    1652, 1652
    5596, 5596
    6943, 6943
    4457, 4457
    6254, 6254
    2372, 2372
    608, 608
    2171, 2171
    6435, 6435
    5698, 5698
    3362, 3362
    7866, 7866
    1847, 1847
    4931, 4931
    6794, 6794
    1182, 1182
    7567, 7567
    2591, 2591
    6483, 6483
    5022, 5022
    122, 122
    3309, 3309
    3205, 3205
    3806, 3806
    6613, 6613
    4143, 4143
    4504, 4504
    713, 713
    6342, 6342
    6883, 6883
    5368, 5368
    1138, 1138
    2544, 2544
    7534, 7534
    5202, 5202
    6262, 6262
    3009, 3009
    6245, 6245
    3051, 3051
    110, 110
    3061, 3061
    886, 886
    6467, 6467
    7181, 7181
    5114, 5114
    2902, 2902
    6125, 6125
    2376, 2376
    1748, 1748
    2966, 2966
    6925, 6925
    1984, 1984
    4549, 4549
    3327, 3327
    7070, 7070
    4856, 4856
    4625, 4625
    2095, 2095
    7914, 7914
    7105, 7105
    1093, 1093
    7518, 7518
    7196, 7196
    3246, 3246
    4494, 4494
    7376, 7376
    3594, 3594
    3914, 3914
    5310, 5310
    438, 438
    2335, 2335
    5298, 5298
    1930, 1930
    6628, 6628
    1735, 1735
    693, 693
    4299, 4299
    5902, 5902
    6869, 6869
    4345, 4345
    532, 532
    1542, 1542
    5160, 5160
    7337, 7337
    7616, 7616
    4148, 4148
    5356, 5356
    912, 912
    413, 413
    3521, 3521
    2991, 2991
    3595, 3595
    2585, 2585
    573, 573
    1591, 1591
    7634, 7634
    4192, 4192
    6295, 6295
    1051, 1051
    223, 223
    4660, 4660
    4634, 4634
    1888, 1888
    4202, 4202
    3650, 3650
    2907, 2907
    4687, 4687
    643, 643
    4630, 4630
    3661, 3661
    304, 304
    1222, 1222
    2730, 2730
    4436, 4436
    4732, 4732
    1840, 1840
    7611, 7611
    3240, 3240
    5081, 5081
    6279, 6279
    5023, 5023
    6542, 6542
    4779, 4779
    78, 78
    5544, 5544
    2353, 2353
    3107, 3107
    6928, 6928
    2121, 2121
    6703, 6703
    120, 120
    5842, 5842
    1656, 1656
    6095, 6095
    6343, 6343
    6260, 6260
    1871, 1871
    4882, 4882
    6332, 6332
    3621, 3621
    4646, 4646
    6222, 6222
    280, 280
    5967, 5967
    2337, 2337
    5191, 5191
    3698, 3698
    2189, 2189
    3705, 3705
    131, 131
    2803, 2803
    4695, 4695
    2279, 2279
    7129, 7129
    4303, 4303
    2915, 2915
    899, 899
    4382, 4382
    2349, 2349
    3079, 3079
    3281, 3281
    6956, 6956
    5693, 5693
    6240, 6240
    3535, 3535
    6714, 6714
    5234, 5234
    7173, 7173
    5994, 5994
    1723, 1723
    755, 755
    2541, 2541
    4741, 4741
    2041, 2041
    4355, 4355
    1006, 1006
    1929, 1929
    2930, 2930
    4945, 4945
    442, 442
    4193, 4193
    5347, 5347
    5991, 5991
    1503, 1503
    1286, 1286
    533, 533
    4108, 4108
    3758, 3758
    6458, 6458
    1699, 1699
    530, 530
    186, 186
    5760, 5760
    7512, 7512
    2320, 2320
    988, 988
    1543, 1543
    325, 325
    1374, 1374
    604, 604
    5636, 5636
    1053, 1053
    2539, 2539
    6433, 6433
    6589, 6589
    4889, 4889
    3879, 3879
    7670, 7670
    7063, 7063
    982, 982
    756, 756
    1524, 1524
    2542, 2542
    2537, 2537
    440, 440
    3893, 3893
    5190, 5190
    7911, 7911
    1955, 1955
    3306, 3306
    7498, 7498
    1020, 1020
    4564, 4564
    4598, 4598
    5419, 5419
    7226, 7226
    5912, 5912
    6338, 6338
    7838, 7838
    4743, 4743
    2009, 2009
    1488, 1488
    696, 696
    7458, 7458
    6161, 6161
    3387, 3387
    6051, 6051
    5683, 5683
    4716, 4716
    1045, 1045
    6236, 6236
    2526, 2526
    4044, 4044
    2390, 2390
    4239, 4239
    7983, 7983
    7812, 7812
    1979, 1979
    6852, 6852
    5275, 5275
    7521, 7521
    978, 978
    7040, 7040
    6734, 6734
    2358, 2358
    7560, 7560
    1988, 1988
    5789, 5789
    3154, 3154
    2079, 2079
    153, 153
    3840, 3840
    1508, 1508
    5550, 5550
    1683, 1683
    4049, 4049
    446, 446
    396, 396
    1483, 1483
    3971, 3971
    841, 841
    1075, 1075
    5420, 5420
    2694, 2694
    3651, 3651
    5474, 5474
    4960, 4960
    3922, 3922
    2154, 2154
    1420, 1420
    2298, 2298
    3604, 3604
    2958, 2958
    2037, 2037
    2451, 2451
    2466, 2466
    7524, 7524
    7881, 7881
    4542, 4542
    3257, 3257
    7065, 7065
    6087, 6087
    7158, 7158
    167, 167
    6166, 6166
    983, 983
    2610, 2610
    6490, 6490
    3033, 3033
    297, 297
    4145, 4145
    527, 527
    1751, 1751
    5271, 5271
    5199, 5199
    5289, 5289
    5200, 5200
    2834, 2834
    5070, 5070
    311, 311
    175, 175
    6906, 6906
    2288, 2288
    3796, 3796
    5475, 5475
    6093, 6093
    1923, 1923
    4374, 4374
    5336, 5336
    7026, 7026
    6931, 6931
    3468, 3468
    3895, 3895
    4517, 4517
    6234, 6234
    2441, 2441
    5694, 5694
    7456, 7456
    1866, 1866
    1123, 1123
    419, 419
    3735, 3735
    672, 672
    677, 677
    5134, 5134
    5995, 5995
    1913, 1913
    3071, 3071
    7083, 7083
    6198, 6198
    6103, 6103
    3551, 3551
    2153, 2153
    3788, 3788
    6715, 6715
    4589, 4589
    322, 322
    6778, 6778
    4169, 4169
    5911, 5911
    1670, 1670
    4543, 4543
    2426, 2426
    4206, 4206
    5389, 5389
    276, 276
    1303, 1303
    211, 211
    1131, 1131
    2013, 2013
    7676, 7676
    7248, 7248
    2159, 2159
    6017, 6017
    7454, 7454
    7386, 7386
    555, 555
    5397, 5397
    4487, 4487
    1834, 1834
    4370, 4370
    1271, 1271
    1156, 1156
    4686, 4686
    405, 405
    5692, 5692
    282, 282
    2129, 2129
    7091, 7091
    2012, 2012
    5643, 5643
    7977, 7977
    1893, 1893
    2705, 2705
    2985, 2985
    1034, 1034
    6274, 6274
    1516, 1516
    6970, 6970
    5810, 5810
    6781, 6781
    4647, 4647
    2011, 2011
    2864, 2864
    7874, 7874
    5171, 5171
    6006, 6006
    7297, 7297
    7345, 7345
    7800, 7800
    7404, 7404
    3109, 3109
    1492, 1492
    7005, 7005
    1589, 1589
    7332, 7332
    7189, 7189
    4997, 4997
    6474, 6474
    5002, 5002
    3039, 3039
    4672, 4672
    669, 669
    1316, 1316
    318, 318
    1975, 1975
    2471, 2471
    5251, 5251
    4597, 4597
    1541, 1541
    3004, 3004
    2212, 2212
    3364, 3364
    45, 45
    5802, 5802
    4302, 4302
    5514, 5514
    1163, 1163
    1707, 1707
    4730, 4730
    1624, 1624
    1967, 1967
    91, 91
    3369, 3369
    7792, 7792
    3880, 3880
    4874, 4874
    3837, 3837
    6750, 6750
    5907, 5907
    1998, 1998
    402, 402
    1513, 1513
    2266, 2266
    3097, 3097
    5518, 5518
    826, 826
    3479, 3479
    6507, 6507
    4819, 4819
    4510, 4510
    489, 489
    6405, 6405
    2897, 2897
    4907, 4907
    7088, 7088
    5723, 5723
    1424, 1424
    3115, 3115
    5470, 5470
    878, 878
    2881, 2881
    7474, 7474
    1989, 1989
    6137, 6137
    6392, 6392
    904, 904
    303, 303
    7545, 7545
    150, 150
    98, 98
    1265, 1265
    105, 105
    52, 52
    3072, 3072
    2300, 2300
    618, 618
    3496, 3496
    5811, 5811
    7316, 7316
    3945, 3945
    3119, 3119
    1002, 1002
    5641, 5641
    2473, 2473
    7805, 7805
    7907, 7907
    5089, 5089
    4121, 4121
    7618, 7618
    1640, 1640
    5180, 5180
    4544, 4544
    6309, 6309
    158, 158
    5375, 5375
    4141, 4141
    4406, 4406
    5421, 5421
    7830, 7830
    4963, 4963
    2844, 2844
    4420, 4420
    4426, 4426
    4895, 4895
    1261, 1261
    1864, 1864
    3811, 3811
    5032, 5032
    827, 827
    2784, 2784
    2948, 2948
    6646, 6646
    3825, 3825
    6457, 6457
    513, 513
    7775, 7775
    6471, 6471
    5733, 5733
    6895, 6895
    7836, 7836
    1449, 1449
    2792, 2792
    1796, 1796
    3957, 3957
    285, 285
    7049, 7049
    17, 17
    3331, 3331
    7716, 7716
    5047, 5047
    6371, 6371
    3448, 3448
    3113, 3113
    6473, 6473
    3676, 3676
    651, 651
    466, 466
    3210, 3210
    3238, 3238
    6920, 6920
    6117, 6117
    7047, 7047
    3358, 3358
    2493, 2493
    4902, 4902
    5065, 5065
    95, 95
    4949, 4949
    4638, 4638
    391, 391
    5845, 5845
    6080, 6080
    3813, 3813
    3277, 3277
    1409, 1409
    6239, 6239
    203, 203
    4107, 4107
    5680, 5680
    7147, 7147
    1219, 1219
    1056, 1056
    5639, 5639
    7978, 7978
    639, 639
    7707, 7707
    6579, 6579
    1210, 1210
    5331, 5331
    4772, 4772
    6465, 6465
    6364, 6364
    4934, 4934
    1437, 1437
    4263, 4263
    6645, 6645
    675, 675
    3682, 3682
    5743, 5743
    1876, 1876
    1478, 1478
    5943, 5943
    1201, 1201
    7166, 7166
    1987, 1987
    3869, 3869
    7641, 7641
    4784, 4784
    3155, 3155
    5164, 5164
    5080, 5080
    4177, 4177
    467, 467
    7646, 7646
    5371, 5371
    3593, 3593
    3954, 3954
    4190, 4190
    2540, 2540
    1334, 1334
    7053, 7053
    272, 272
    6702, 6702
    6500, 6500
    344, 344
    7746, 7746
    619, 619
    7039, 7039
    7379, 7379
    4185, 4185
    5844, 5844
    655, 655
    1489, 1489
    4404, 4404
    4244, 4244
    6861, 6861
    2157, 2157
    7969, 7969
    754, 754
    6149, 6149
    6711, 6711
    6503, 6503
    5989, 5989
    7974, 7974
    2406, 2406
    2301, 2301
    814, 814
    4084, 4084
    3229, 3229
    6720, 6720
    1304, 1304
    3821, 3821
    5555, 5555
    2091, 2091
    220, 220
    5934, 5934
    4031, 4031
    3057, 3057
    2701, 2701
    6700, 6700
    6953, 6953
    2520, 2520
    1863, 1863
    4321, 4321
    5151, 5151
    704, 704
    5193, 5193
    6337, 6337
    2657, 2657
    5204, 5204
    4471, 4471
    4698, 4698
    7004, 7004
    5540, 5540
    1388, 1388
    5543, 5543
    447, 447
    4284, 4284
    215, 215
    418, 418
    1731, 1731
    6552, 6552
    7401, 7401
    7801, 7801
    3042, 3042
    4491, 4491
    5446, 5446
    3183, 3183
    1218, 1218
    1633, 1633
    1564, 1564
    5729, 5729
    4003, 4003
    1850, 1850
    5918, 5918
    5926, 5926
    5490, 5490
    4805, 4805
    2497, 2497
    5245, 5245
    4925, 4925
    1760, 1760
    1202, 1202
    2232, 2232
    194, 194
    7778, 7778
    3727, 3727
    4851, 4851
    4149, 4149
    7144, 7144
    4962, 4962
    2685, 2685
    2609, 2609
    1452, 1452
    5575, 5575
    3923, 3923
    3407, 3407
    5132, 5132
    3944, 3944
    2108, 2108
    846, 846
    4948, 4948
    7268, 7268
    3091, 3091
    1215, 1215
    1144, 1144
    4002, 4002
    7999, 7999
    5173, 5173
    4519, 4519
    3722, 3722
    475, 475
    2064, 2064
    758, 758
    2120, 2120
    2321, 2321
    7664, 7664
    6578, 6578
    7774, 7774
    3316, 3316
    1916, 1916
    1972, 1972
    5874, 5874
    7547, 7547
    5059, 5059
    3469, 3469
    6675, 6675
    4100, 4100
    314, 314
    7828, 7828
    4908, 4908
    7329, 7329
    490, 490
    3203, 3203
    5045, 5045
    3168, 3168
    3693, 3693
    2291, 2291
    7272, 7272
    3616, 3616
    5319, 5319
    2034, 2034
    4001, 4001
    3410, 3410
    2647, 2647
    996, 996
    1158, 1158
    60, 60
    591, 591
    236, 236
    7841, 7841
    5682, 5682
    5085, 5085
    3499, 3499
    7052, 7052
    7742, 7742
    884, 884
    861, 861
    3464, 3464
    3022, 3022
    6877, 6877
    647, 647
    5554, 5554
    499, 499
    6121, 6121
    5670, 5670
    1620, 1620
    5039, 5039
    180, 180
    2953, 2953
    7266, 7266
    389, 389
    962, 962
    2558, 2558
    2916, 2916
    172, 172
    261, 261
    796, 796
    7759, 7759
    6039, 6039
    3708, 3708
    7546, 7546
    4524, 4524
    5522, 5522
    5214, 5214
    5394, 5394
    307, 307
    2692, 2692
    2284, 2284
    5510, 5510
    2201, 2201
    720, 720
    1207, 1207
    1983, 1983
    4386, 4386
    7989, 7989
    3421, 3421
    6637, 6637
    2794, 2794
    7375, 7375
    5685, 5685
    7077, 7077
    4411, 4411
    7566, 7566
    6220, 6220
    6889, 6889
    5360, 5360
    3626, 3626
    1908, 1908
    1877, 1877
    6572, 6572
    5952, 5952
    545, 545
    7873, 7873
    7031, 7031
    6283, 6283
    4947, 4947
    6011, 6011
    3346, 3346
    995, 995
    3906, 3906
    4004, 4004
    6891, 6891
    7056, 7056
    6447, 6447
    6502, 6502
    791, 791
    6611, 6611
    7160, 7160
    3233, 3233
    4556, 4556
    3361, 3361
    1029, 1029
    794, 794
    5945, 5945
    3123, 3123
    4697, 4697
    3819, 3819
    6354, 6354
    7655, 7655
    5088, 5088
    1685, 1685
    7469, 7469
    1971, 1971
    7894, 7894
    4717, 4717
    3453, 3453
    5777, 5777
    3149, 3149
    739, 739
    4058, 4058
    990, 990
    2328, 2328
    124, 124
    7864, 7864
    4815, 4815
    6038, 6038
    4295, 4295
    2316, 2316
    2568, 2568
    4929, 4929
    3802, 3802
    2072, 2072
    581, 581
    6045, 6045
    375, 375
    4306, 4306
    433, 433
    4010, 4010
    4796, 4796
    5850, 5850
    6608, 6608
    5761, 5761
    7976, 7976
    5980, 5980
    5256, 5256
    4845, 4845
    3861, 3861
    5196, 5196
    7112, 7112
    1014, 1014
    7875, 7875
    5211, 5211
    92, 92
    5992, 5992
    1585, 1585
    1184, 1184
    1383, 1383
    3542, 3542
    4346, 4346
    6897, 6897
    7367, 7367
    468, 468
    5963, 5963
    193, 193
    2773, 2773
    3124, 3124
    5775, 5775
    3692, 3692
    2008, 2008
    5656, 5656
    5830, 5830
    1899, 1899
    6224, 6224
    1079, 1079
    3122, 3122
    3204, 3204
    5424, 5424
    1270, 1270
    5637, 5637
    1986, 1986
    4561, 4561
    7779, 7779
    1939, 1939
    2006, 2006
    6676, 6676
    1854, 1854
    6537, 6537
    5511, 5511
    5447, 5447
    6124, 6124
    2160, 2160
    7280, 7280
    3291, 3291
    4622, 4622
    6722, 6722
    2800, 2800
    6840, 6840
    2535, 2535
    4032, 4032
    4231, 4231
    74, 74
    3828, 3828
    5808, 5808
    1673, 1673
    5207, 5207
    1028, 1028
    2551, 2551
    3509, 3509
    1292, 1292
    738, 738
    434, 434
    2598, 2598
    926, 926
    6024, 6024
    188, 188
    4920, 4920
    6460, 6460
    1370, 1370
    3728, 3728
    3850, 3850
    4000, 4000
    134, 134
    2814, 2814
    1666, 1666
    5879, 5879
    3156, 3156
    6485, 6485
    5096, 5096
    1106, 1106
    1310, 1310
    1895, 1895
    7944, 7944
    2103, 2103
    6563, 6563
    2313, 2313
    7929, 7929
    751, 751
    6586, 6586
    4060, 4060
    453, 453
    2443, 2443
    6983, 6983
    6401, 6401
    5165, 5165
    1727, 1727
    3367, 3367
    5152, 5152
    1655, 1655
    3118, 3118
    3373, 3373
    992, 992
    821, 821
    4551, 4551
    4996, 4996
    5814, 5814
    2896, 2896
    1587, 1587
    7331, 7331
    2136, 2136
    1635, 1635
    6205, 6205
    2956, 2956
    6409, 6409
    2276, 2276
    5067, 5067
    3365, 3365
    789, 789
    6031, 6031
    1216, 1216
    734, 734
    5531, 5531
    1576, 1576
    6878, 6878
    5239, 5239
    7370, 7370
    4221, 4221
    4361, 4361
    1927, 1927
    7191, 7191
    4479, 4479
    1770, 1770
    7754, 7754
    1831, 1831
    3253, 3253
    3987, 3987
    6522, 6522
    6979, 6979
    2899, 2899
    6290, 6290
    1083, 1083
    5857, 5857
    1395, 1395
    3280, 3280
    4393, 4393
    2296, 2296
    4829, 4829
    210, 210
    2202, 2202
    4189, 4189
    6540, 6540
    6793, 6793
    7541, 7541
    3379, 3379
    1710, 1710
    156, 156
    4745, 4745
    3611, 3611
    578, 578
    5803, 5803
    5516, 5516
    416, 416
    6461, 6461
    5502, 5502
    6187, 6187
    5001, 5001
    5779, 5779
    2346, 2346
    1408, 1408
    2135, 2135
    7680, 7680
    4747, 4747
    2706, 2706
    5117, 5117
    7612, 7612
    2001, 2001
    3182, 3182
    1242, 1242
    3759, 3759
    4812, 4812
    2299, 2299
    195, 195
    4753, 4753
    6803, 6803
    2722, 2722
    7730, 7730
    6333, 6333
    5252, 5252
    5377, 5377
    7462, 7462
    7479, 7479
    917, 917
    5087, 5087
    7985, 7985
    1391, 1391
    906, 906
    1705, 1705
    2667, 2667
    6855, 6855
    6874, 6874
    5467, 5467
    6230, 6230
    3013, 3013
    1790, 1790
    516, 516
    7638, 7638
    4339, 4339
    5865, 5865
    5580, 5580
    206, 206
    7086, 7086
    4894, 4894
    3782, 3782
    2457, 2457
    4860, 4860
    192, 192
    5364, 5364
    3553, 3553
    423, 423
    987, 987
    6813, 6813
    5453, 5453
    6004, 6004
    5473, 5473
    7162, 7162
    627, 627
    4570, 4570
    2016, 2016
    6018, 6018
    3887, 3887
    7487, 7487
    5974, 5974
    4410, 4410
    5276, 5276
    7414, 7414
    4554, 4554
    3897, 3897
    7380, 7380
    1730, 1730
    5608, 5608
    7095, 7095
    4251, 4251
    6020, 6020
    6996, 6996
    1151, 1151
    6656, 6656
    2248, 2248
    5528, 5528
    15, 15
    6881, 6881
    1816, 1816
    1526, 1526
    4846, 4846
    2518, 2518
    7357, 7357
    3749, 3749
    7960, 7960
    4987, 4987
    4757, 4757
    245, 245
    819, 819
    7928, 7928
    6472, 6472
    3164, 3164
    3640, 3640
    3554, 3554
    6510, 6510
    1767, 1767
    25, 25
    6055, 6055
    5118, 5118
    948, 948
    5768, 5768
    5966, 5966
    5977, 5977
    6468, 6468
    2681, 2681
    3221, 3221
    3795, 3795
    596, 596
    3760, 3760
    1435, 1435
    4028, 4028
    478, 478
    6559, 6559
    901, 901
    2149, 2149
    2418, 2418
    7956, 7956
    3731, 3731
    2114, 2114
    5794, 5794
    1319, 1319
    2068, 2068
    1741, 1741
    1288, 1288
    1320, 1320
    6667, 6667
    6687, 6687
    7413, 7413
    1528, 1528
    1479, 1479
    4933, 4933
    7359, 7359
    2825, 2825
    7966, 7966
    4939, 4939
    3983, 3983
    1766, 1766
    795, 795
    7923, 7923
    364, 364
    1137, 1137
    3015, 3015
    7427, 7427
    6073, 6073
    2206, 2206
    5755, 5755
    7440, 7440
    1200, 1200
    55, 55
    3852, 3852
    5501, 5501
    5586, 5586
    4990, 4990
    88, 88
    1852, 1852
    7517, 7517
    3686, 3686
    109, 109
    7388, 7388
    4035, 4035
    1049, 1049
    5742, 5742
    6307, 6307
    393, 393
    5530, 5530
    2155, 2155
    2677, 2677
    1886, 1886
    58, 58
    1318, 1318
    3144, 3144
    3776, 3776
    616, 616
    6856, 6856
    4338, 4338
    5161, 5161
    572, 572
    7508, 7508
    3777, 3777
    2170, 2170
    7871, 7871
    7134, 7134
    3099, 3099
    1340, 1340
    7766, 7766
    4918, 4918
    336, 336
    6425, 6425
    5601, 5601
    4447, 4447
    6355, 6355
    537, 537
    1154, 1154
    2060, 2060
    1282, 1282
    7884, 7884
    373, 373
    2903, 2903
    7399, 7399
    39, 39
    7851, 7851
    7186, 7186
    1214, 1214
    2612, 2612
    599, 599
    119, 119
    1606, 1606
    1439, 1439
    2533, 2533
    5609, 5609
    3054, 3054
    5630, 5630
    1765, 1765
    7791, 7791
    6212, 6212
    1251, 1251
    6663, 6663
    1291, 1291
    6828, 6828
    1168, 1168
    1205, 1205
    5281, 5281
    6974, 6974
    2894, 2894
    5120, 5120
    1838, 1838
    1464, 1464
    4541, 4541
    436, 436
    2264, 2264
    3902, 3902
    3312, 3312
    5292, 5292
    3472, 3472
    309, 309
    1700, 1700
    7459, 7459
    208, 208
    394, 394
    5109, 5109
    1467, 1467
    7174, 7174
    7505, 7505
    5673, 5673
    539, 539
    1372, 1372
    2842, 2842
    3612, 3612
    2118, 2118
    2818, 2818
    6907, 6907
    7342, 7342
    3262, 3262
    3473, 3473
    594, 594
    1474, 1474
    7934, 7934
    4026, 4026
    4090, 4090
    3283, 3283
    7605, 7605
    3635, 3635
    5455, 5455
    4119, 4119
    1817, 1817
    1341, 1341
    2042, 2042
    5116, 5116
    239, 239
    5900, 5900
    1858, 1858
    2198, 2198
    7748, 7748
    7302, 7302
    930, 930
    4245, 4245
    3523, 3523
    2210, 2210
    5083, 5083
    6105, 6105
    6986, 6986
    4103, 4103
    2744, 2744
    6972, 6972
    5569, 5569
    5725, 5725
    7194, 7194
    4643, 4643
    3645, 3645
    7153, 7153
    1811, 1811
    2139, 2139
    5876, 5876
    2932, 2932
    6113, 6113
    7045, 7045
    6498, 6498
    3910, 3910
    7139, 7139
    6106, 6106
    4291, 4291
    4900, 4900
    5730, 5730
    6853, 6853
    656, 656
    1132, 1132
    7813, 7813
    4799, 4799
    3608, 3608
    254, 254
    2734, 2734
    6647, 6647
    742, 742
    617, 617
    6492, 6492
    2101, 2101
    3060, 3060
    247, 247
    4719, 4719
    7221, 7221
    4935, 4935
    965, 965
    1155, 1155
    3378, 3378
    4493, 4493
    1548, 1548
    6955, 6955
    2771, 2771
    2588, 2588
    3275, 3275
    6609, 6609
    1133, 1133
    2564, 2564
    4624, 4624
    3046, 3046
    2484, 2484
    6481, 6481
    5722, 5722
    164, 164
    3646, 3646
    3846, 3846
    262, 262
    333, 333
    48, 48
    4844, 4844
    135, 135
    7783, 7783
    2509, 2509
    6334, 6334
    6741, 6741
    857, 857
    1191, 1191
    6404, 6404
    7997, 7997
    5243, 5243
    1325, 1325
    4916, 4916
    2831, 2831
    4688, 4688
    3032, 3032
    1637, 1637
    2131, 2131
    7782, 7782
    944, 944
    6495, 6495
    217, 217
    5599, 5599
    4080, 4080
    502, 502
    6618, 6618
    1568, 1568
    4283, 4283
    6347, 6347
    5403, 5403
    4592, 4592
    7054, 7054
    2362, 2362
    234, 234
    4214, 4214
    173, 173
    7607, 7607
    4909, 4909
    4067, 4067
    4684, 4684
    1375, 1375
    989, 989
    7825, 7825
    7394, 7394
    5928, 5928
    3534, 3534
    1426, 1426
    7569, 7569
    1279, 1279
    170, 170
    7862, 7862
    4771, 4771
    3549, 3549
    1232, 1232
    2683, 2683
    4293, 4293
    4967, 4967
    1538, 1538
    2173, 2173
    1008, 1008
    6252, 6252
    6219, 6219
    4294, 4294
    7395, 7395
    5108, 5108
    5390, 5390
    7921, 7921
    3900, 3900
    224, 224
    7120, 7120
    6577, 6577
    2848, 2848
    2765, 2765
    5268, 5268
    7067, 7067
    1241, 1241
    1837, 1837
    5351, 5351
    7687, 7687
    3444, 3444
    7431, 7431
    4082, 4082
    4913, 4913
    5054, 5054
    5154, 5154
    6753, 6753
    1885, 1885
    1602, 1602
    1974, 1974
    3644, 3644
    4068, 4068
    5940, 5940
    509, 509
    1152, 1152
    4648, 4648
    5541, 5541
    4212, 4212
    1111, 1111
    1116, 1116
    4580, 4580
    7069, 7069
    3419, 3419
    3439, 3439
    4383, 4383
    6784, 6784
    6841, 6841
    1724, 1724
    5493, 5493
    5795, 5795
    94, 94
    6445, 6445
    4738, 4738
    5853, 5853
    3518, 3518
    7079, 7079
    3818, 3818
    538, 538
    811, 811
    3310, 3310
    5093, 5093
    5632, 5632
    1777, 1777
    2581, 2581
    1617, 1617
    1255, 1255
    3282, 3282
    1450, 1450
    6595, 6595
    3687, 3687
    5613, 5613
    3697, 3697
    493, 493
    334, 334
    1127, 1127
    5428, 5428
    6725, 6725
    7159, 7159
    7048, 7048
    6323, 6323
    1429, 1429
    784, 784
    2036, 2036
    1189, 1189
    2122, 2122
    5073, 5073
    2481, 2481
    6950, 6950
    3541, 3541
    7467, 7467
    3997, 3997
    7538, 7538
    1300, 1300
    3926, 3926
    5230, 5230
    3251, 3251
    2119, 2119
    4033, 4033
    3169, 3169
    3674, 3674
    2187, 2187
    1248, 1248
    3485, 3485
    5033, 5033
    6796, 6796
    2472, 2472
    2836, 2836
    1950, 1950
    692, 692
    7815, 7815
    6744, 6744
    3573, 3573
    7169, 7169
    7843, 7843
    1963, 1963
    5592, 5592
    5622, 5622
    7835, 7835
    4786, 4786
    5216, 5216
    1785, 1785
    3890, 3890
    3700, 3700
    3090, 3090
    7723, 7723
    5342, 5342
    7368, 7368
    7247, 7247
    7167, 7167
    5916, 5916
    6351, 6351
    1267, 1267
    7099, 7099
    5797, 5797
    1925, 1925
    6626, 6626
    7554, 7554
    7064, 7064
    7417, 7417
    3371, 3371
    3965, 3965
    4269, 4269
    2401, 2401
    2410, 2410
    6157, 6157
    2840, 2840
    2688, 2688
    3642, 3642
    3018, 3018
    6524, 6524
    5765, 5765
    1990, 1990
    5448, 5448
    3458, 3458
    6677, 6677
    6688, 6688
    5296, 5296
    2805, 2805
    4456, 4456
    2760, 2760
    3049, 3049
    7002, 7002
    2850, 2850
    896, 896
    7870, 7870
    231, 231
    6533, 6533
    1104, 1104
    1746, 1746
    357, 357
    3877, 3877
    3984, 3984
    2218, 2218
    415, 415
    7121, 7121
    359, 359
    1301, 1301
    1553, 1553
    5503, 5503
    1820, 1820
    737, 737
    3120, 3120
    6942, 6942
    4183, 4183
    2943, 2943
    117, 117
    1856, 1856
    1904, 1904
    5340, 5340
    6774, 6774
    7202, 7202
    1314, 1314
    1688, 1688
    4858, 4858
    7818, 7818
    477, 477
    6737, 6737
    4163, 4163
    5809, 5809
    7531, 7531
    2905, 2905
    2329, 2329
    6029, 6029
    3668, 3668
    1130, 1130
    5300, 5300
    241, 241
    5951, 5951
    7108, 7108
    5124, 5124
    2494, 2494
    350, 350
    6844, 6844
    3779, 3779
    53, 53
    5699, 5699
    3488, 3488
    1903, 1903
    7515, 7515
    7473, 7473
    6922, 6922
    3946, 3946
    28, 28
    2873, 2873
    3135, 3135
    7085, 7085
    932, 932
    1632, 1632
    1717, 1717
    3426, 3426
    7128, 7128
    7435, 7435
    3681, 3681
    79, 79
    6967, 6967
    6454, 6454
    3313, 3313
    5492, 5492
    6077, 6077
    6167, 6167
    1269, 1269
    6630, 6630
    5074, 5074
    38, 38
    5197, 5197
    6795, 6795
    3739, 3739
    7216, 7216
    2181, 2181
    574, 574
    1252, 1252
    1139, 1139
    3106, 3106
    2127, 2127
    2325, 2325
    2577, 2577
    781, 781
    2234, 2234
    1653, 1653
    1364, 1364
    1167, 1167
    1015, 1015
    5025, 5025
    431, 431
    4017, 4017
    968, 968
    571, 571
    3847, 3847
    4754, 4754
    7201, 7201
    5259, 5259
    3596, 3596
    4134, 4134
    6672, 6672
    7341, 7341
    229, 229
    6739, 6739
    6232, 6232
    3459, 3459
    5159, 5159
    3891, 3891
    2563, 2563
    5341, 5341
    1457, 1457
    5517, 5517
    6444, 6444
    4532, 4532
    663, 663
    5866, 5866
    2435, 2435
    3270, 3270
    4611, 4611
    6684, 6684
    7740, 7740
    638, 638
    377, 377
    6340, 6340
    7041, 7041
    2550, 2550
    7530, 7530
    143, 143
    7317, 7317
    3710, 3710
    4761, 4761
    5718, 5718
    6085, 6085
    3803, 3803
    161, 161
    2332, 2332
    7378, 7378
    1321, 1321
    4197, 4197
    7381, 7381
    7722, 7722
    41, 41
    1480, 1480
    858, 858
    3707, 3707
    5710, 5710
    792, 792
    6150, 6150
    3920, 3920
    842, 842
    840, 840
    4106, 4106
    1393, 1393
    7925, 7925
    2306, 2306
    517, 517
    3398, 3398
    3849, 3849
    5571, 5571
    96, 96
    5644, 5644
    810, 810
    264, 264
    351, 351
    6633, 6633
    7609, 7609
    3127, 3127
    4498, 4498
    3411, 3411
    5119, 5119
    7119, 7119
    7148, 7148
    6859, 6859
    3121, 3121
    6476, 6476
    6634, 6634
    6136, 6136
    3834, 3834
    5479, 5479
    5439, 5439
    2571, 2571
    3525, 3525
    6463, 6463
    2236, 2236
    3721, 3721
    7732, 7732
    4272, 4272
    894, 894
    1404, 1404
    7298, 7298
    6058, 6058
    2412, 2412
    3, 3
    976, 976
    5831, 5831
    435, 435
    2359, 2359
    6733, 6733
    7124, 7124
    4453, 4453
    5750, 5750
    1823, 1823
    7768, 7768
    1810, 1810
    2880, 2880
    6783, 6783
    1145, 1145
    3713, 3713
    4388, 4388
    3507, 3507
    7803, 7803
    4472, 4472
    456, 456
    260, 260
    6414, 6414
    2910, 2910
    4837, 4837
    6550, 6550
    2628, 2628
    2752, 2752
    5247, 5247
    24, 24
    4051, 4051
    3112, 3112
    3598, 3598
    6428, 6428
    1511, 1511
    7930, 7930
    6976, 6976
    5891, 5891
    4071, 4071
    2030, 2030
    4377, 4377
    5113, 5113
    1324, 1324
    6177, 6177
    6768, 6768
    4378, 4378
    7282, 7282
    1317, 1317
    4755, 4755
    5231, 5231
    6178, 6178
    6823, 6823
    2211, 2211
    7899, 7899
    4030, 4030
    3964, 3964
    2632, 2632
    7728, 7728
    5593, 5593
    3274, 3274
    1274, 1274
    2847, 2847
    3147, 3147
    1720, 1720
    3896, 3896
    6134, 6134
    4432, 4432
    2462, 2462
    2334, 2334
    4911, 4911
    4198, 4198
    5265, 5265
    3237, 3237
    6174, 6174
    7633, 7633
    5329, 5329
    844, 844
    5873, 5873
    269, 269
    4722, 4722
    2448, 2448
    2050, 2050
    3622, 3622
    2690, 2690
    445, 445
    3084, 3084
    7480, 7480
    7400, 7400
    5082, 5082
    7197, 7197
    70, 70
    4495, 4495
    6427, 6427
    7796, 7796
    4397, 4397
    2968, 2968
    2393, 2393
    3623, 3623
    4024, 4024
    3175, 3175
    3894, 3894
    390, 390
    729, 729
    3290, 3290
    890, 890
    2110, 2110
    7555, 7555
    6098, 6098
    4230, 4230
    5944, 5944
    7343, 7343
    1385, 1385
    4969, 4969
    1932, 1932
    4259, 4259
    7087, 7087
    2992, 2992
    2369, 2369
    2554, 2554
    1076, 1076
    4301, 4301
    4708, 4708
    6697, 6697
    2102, 2102
    6209, 6209
    7918, 7918
    3547, 3547
    6016, 6016
    2365, 2365
    7940, 7940
    7502, 7502
    919, 919
    5649, 5649
    2138, 2138
    7850, 7850
    1778, 1778
    6616, 6616
    1089, 1089
    1991, 1991
    7075, 7075
    2959, 2959
    2687, 2687
    4941, 4941
    7103, 7103
    5512, 5512
    1162, 1162
    5450, 5450
    6698, 6698
    4227, 4227
    3610, 3610
    3517, 3517
    5645, 5645
    3083, 3083
    6112, 6112
    5668, 5668
    2425, 2425
    1752, 1752
    5374, 5374
    5000, 5000
    3052, 3052
    2768, 2768
    5513, 5513
    6735, 6735
    6172, 6172
    6772, 6772
    7490, 7490
    2195, 2195
    4474, 4474
    3990, 3990
    6834, 6834
    1236, 1236
    3059, 3059
    6418, 6418
    1763, 1763
    3723, 3723
    3527, 3527
    4052, 4052
    4613, 4613
    653, 653
    5229, 5229
    6348, 6348
    3589, 3589
    6215, 6215
    7363, 7363
    1733, 1733
    2663, 2663
    2629, 2629
    5625, 5625
    6277, 6277
    7658, 7658
    424, 424
    2175, 2175
    1527, 1527
    6066, 6066
    2782, 2782
    3250, 3250
    6411, 6411
    7455, 7455
    4376, 4376
    420, 420
    6926, 6926
    1849, 1849
    7772, 7772
    3514, 3514
    5167, 5167
    1307, 1307
    5092, 5092
    2488, 2488
    5150, 5150
    6723, 6723
    2403, 2403
    526, 526
    5372, 5372
    1900, 1900
    5941, 5941
    6520, 6520
    4783, 4783
    1436, 1436
    2617, 2617
    2684, 2684
    3730, 3730
    3690, 3690
    4211, 4211
    3924, 3924
    7889, 7889
    2620, 2620
    743, 743
    3374, 3374
    1555, 1555
    4924, 4924
    4709, 4709
    7207, 7207
    576, 576
    6214, 6214
    4048, 4048
    2721, 2721
    5291, 5291
    4513, 4513
    2178, 2178
    4203, 4203
    1621, 1621
    979, 979
    12, 12
    6319, 6319
    6090, 6090
    5123, 5123
    569, 569
    3643, 3643
    2294, 2294
    4412, 4412
    4398, 4398
    4111, 4111
    3871, 3871
    1914, 1914
    2955, 2955
    6200, 6200
    3841, 3841
    1331, 1331
    6041, 6041
    4531, 4531
    4583, 4583
    7366, 7366
    7606, 7606
    299, 299
    4823, 4823
    7849, 7849
    4209, 4209
    1306, 1306
    2762, 2762
    268, 268
    6110, 6110
    2622, 2622
    4558, 4558
    2594, 2594
    5983, 5983
    1311, 1311
    2438, 2438
    966, 966
    7602, 7602
    5747, 5747
    2143, 2143
    178, 178
    1494, 1494
    3733, 3733
    6939, 6939
    2287, 2287
    3098, 3098
    4438, 4438
    1032, 1032
    3382, 3382
    7556, 7556
    2116, 2116
    5657, 5657
    126, 126
    4290, 4290
    1647, 1647
    5112, 5112
    3227, 3227
    568, 568
    4880, 4880
    5213, 5213
    3884, 3884
    4507, 4507
    3526, 3526
    2699, 2699
    2186, 2186
    3631, 3631
    6131, 6131
    6092, 6092
    6622, 6622
    5614, 5614
    642, 642
    1025, 1025
    2869, 2869
    6438, 6438
    4869, 4869
    5914, 5914
    7080, 7080
    2385, 2385
    2345, 2345
    6133, 6133
    2935, 2935
    7769, 7769
    1537, 1537
    6350, 6350
    6012, 6012
    6440, 6440
    2757, 2757
    5714, 5714
    2084, 2084
    5886, 5886
    2833, 2833
    6225, 6225
    5578, 5578
    5877, 5877
    457, 457
    4260, 4260
    3063, 3063
    199, 199
    4195, 4195
    6989, 6989
    1592, 1592
    2922, 2922
    6003, 6003
    7185, 7185
    5415, 5415
    5505, 5505
    6639, 6639
    7036, 7036
    6049, 6049
    947, 947
    5179, 5179
    5583, 5583
    1088, 1088
    7810, 7810
    1848, 1848
    3264, 3264
    7074, 7074
    1996, 1996
    5672, 5672
    2486, 2486
    7397, 7397
    1545, 1545
    5521, 5521
    13, 13
    7720, 7720
    770, 770
    3974, 3974
    7717, 7717
    6353, 6353
    5496, 5496
    5267, 5267
    5250, 5250
    2576, 2576
    5471, 5471
    5058, 5058
    3816, 3816
    7640, 7640
    6998, 6998
    5434, 5434
    757, 757
    4774, 4774
    2423, 2423
    455, 455
    1749, 1749
    2256, 2256
    5177, 5177
    372, 372
    4161, 4161
    7035, 7035
    5328, 5328
    6030, 6030
    176, 176
    3193, 3193
    7744, 7744
    5936, 5936
    1803, 1803
    349, 349
    2700, 2700
    5793, 5793
    5392, 5392
    660, 660
    1352, 1352
    2071, 2071
    7970, 7970
    1041, 1041
    1476, 1476
    6074, 6074
    2474, 2474
    4816, 4816
    5833, 5833
    3683, 3683
    6653, 6653
    5674, 5674
    3394, 3394
    1842, 1842
    7747, 7747
    2853, 2853
    998, 998
    649, 649
    3129, 3129
    3907, 3907
    6916, 6916
    7021, 7021
    6477, 6477
    5946, 5946
    5610, 5610
    3689, 3689
    3784, 3784
    3263, 3263
    6508, 6508
    4887, 4887
    4950, 4950
    7636, 7636
    3863, 3863
    2249, 2249
    7653, 7653
    3201, 3201
    4180, 4180
    1371, 1371
    4151, 4151
    7635, 7635
    1501, 1501
    6780, 6780
    90, 90
    1082, 1082
    1231, 1231
    3209, 3209
    6681, 6681
    1824, 1824
    659, 659
    6871, 6871
    7278, 7278
    2469, 2469
    6797, 6797
    5702, 5702
    2745, 2745
    4352, 4352
    50, 50
    1472, 1472
    2374, 2374
    6849, 6849
    6305, 6305
    1504, 1504
    5034, 5034
    4927, 4927
    1005, 1005
    4824, 4824
    5053, 5053
    4515, 4515
    7482, 7482
    69, 69
    7192, 7192
    2986, 2986
    2665, 2665
    5273, 5273
    4914, 4914
    40, 40
    6398, 6398
    2082, 2082
    1736, 1736
    5466, 5466
    1761, 1761
    5028, 5028
    5695, 5695
    7893, 7893
    5996, 5996
    851, 851
    6294, 6294
    1774, 1774
    1889, 1889
    410, 410
    7213, 7213
    6010, 6010
    4770, 4770
    425, 425
    2341, 2341
    3931, 3931
    3339, 3339
    1078, 1078
    1559, 1559
    4152, 4152
    3481, 3481
    1821, 1821
    1569, 1569
    6514, 6514
    5425, 5425
    1000, 1000
    3977, 3977
    7926, 7926
    151, 151
    3141, 3141
    1103, 1103
    1157, 1157
    7478, 7478
    2319, 2319
    2858, 2858
    4760, 4760
    6255, 6255
    889, 889
    1565, 1565
    2302, 2302
    6346, 6346
    5612, 5612
    382, 382
    1734, 1734
    473, 473
    408, 408
    4478, 4478
    7361, 7361
    1603, 1603
    3096, 3096
    4330, 4330
    5642, 5642
    7472, 7472
    1832, 1832
    1193, 1193
    3533, 3533
    4335, 4335
    7184, 7184
    409, 409
    4777, 4777
    250, 250
    5279, 5279
    1398, 1398
    6642, 6642
    4944, 4944
    5233, 5233
    4136, 4136
    7229, 7229
    2716, 2716
    6764, 6764
    953, 953
    3866, 3866
    5720, 5720
    712, 712
    5018, 5018
    7726, 7726
    3457, 3457
    2937, 2937
    6767, 6767
    6748, 6748
    907, 907
    2811, 2811
    1608, 1608
    6426, 6426
    115, 115
    6377, 6377
    5855, 5855
    4043, 4043
    2861, 2861
    2841, 2841
    3780, 3780
    6786, 6786
    1757, 1757
    5825, 5825
    4268, 4268
    4626, 4626
    6345, 6345
    1295, 1295
    4188, 4188
    5359, 5359
    3936, 3936
    4545, 4545
    7281, 7281
    2851, 2851
    4952, 4952
    7308, 7308
    4536, 4536
    1230, 1230
    7668, 7668
    1128, 1128
    2859, 2859
    5851, 5851
    86, 86
    7092, 7092
    3493, 3493
    2107, 2107
    1342, 1342
    7860, 7860
    2436, 2436
    2592, 2592
    5979, 5979
    3590, 3590
    4155, 4155
    7034, 7034
    6929, 6929
    519, 519
    2837, 2837
    6766, 6766
    7360, 7360
    259, 259
    790, 790
    2482, 2482
    4803, 4803
    7164, 7164
    2350, 2350
    2233, 2233
    2040, 2040
    5993, 5993
    2749, 2749
    5302, 5302
    5856, 5856
    740, 740
    7007, 7007
    23, 23
    3272, 3272
    662, 662
    4236, 4236
    7403, 7403
    2309, 2309
    1943, 1943
    7256, 7256
    1354, 1354
    3171, 3171
    5011, 5011
    3320, 3320
    665, 665
    7519, 7519
    5201, 5201
    1732, 1732
    7645, 7645
    2326, 2326
    6491, 6491
    5262, 5262
    2819, 2819
    654, 654
    6379, 6379
    137, 137
    6382, 6382
    3857, 3857
    5348, 5348
    4728, 4728
    6529, 6529
    2100, 2100
    1924, 1924
    6216, 6216
    6313, 6313
    6782, 6782
    4734, 4734
    4787, 4787
    3148, 3148
    6291, 6291
    4319, 4319
    1744, 1744
    7117, 7117
    5584, 5584
    2318, 2318
    6600, 6600
    6594, 6594
    2099, 2099
    7275, 7275
    5933, 5933
    6099, 6099
    5240, 5240
    2150, 2150
    7577, 7577
    2081, 2081
    7318, 7318
    2927, 2927
    7953, 7953
    7499, 7499
    1902, 1902
    7585, 7585
    2312, 2312
    6375, 6375
    1926, 1926
    3743, 3743
    5333, 5333
    2582, 2582
    2951, 2951
    6135, 6135
    3428, 3428
    3968, 3968
    5537, 5537
    3756, 3756
    6884, 6884
    769, 769
    7559, 7559
    5572, 5572
    451, 451
    874, 874
    2961, 2961
    6170, 6170
    7300, 7300
    6555, 6555
    6592, 6592
    184, 184
    4652, 4652
    6443, 6443
    2142, 2142
    7902, 7902
    1487, 1487
    2654, 2654
    6606, 6606
    657, 657
    6302, 6302
    5968, 5968
    1499, 1499
    6905, 6905
    5867, 5867
    1703, 1703
    582, 582
    5217, 5217
    3321, 3321
    1674, 1674
    3477, 3477
    1641, 1641
    2644, 2644
    4403, 4403
    4366, 4366
    7608, 7608
    5986, 5986
    6264, 6264
    1121, 1121
    3305, 3305
    7750, 7750
    7349, 7349
    6266, 6266
    2281, 2281
    5282, 5282
    2983, 2983
    80, 80
    7491, 7491
    5353, 5353
    4693, 4693
    7356, 7356
    1921, 1921
    3416, 3416
    1333, 1333
    2723, 2723
    853, 853
    1687, 1687
    2496, 2496
    83, 83
    2934, 2934
    5525, 5525
    3108, 3108
    831, 831
    7405, 7405
    4247, 4247
    5436, 5436
    6760, 6760
    5653, 5653
    2304, 2304
    2169, 2169
    4428, 4428
    6061, 6061
    6497, 6497
    7442, 7442
    3287, 3287
    6251, 6251
    4128, 4128
    2824, 2824
    725, 725
    3572, 3572
    5903, 5903
    7428, 7428
    4271, 4271
    6858, 6858
    3025, 3025
    954, 954
    6792, 6792
    7233, 7233
    3173, 3173
    2928, 2928
    1627, 1627
    635, 635
    3560, 3560
    290, 290
    6680, 6680
    4602, 4602
    4850, 4850
    1297, 1297
    4612, 4612
    399, 399
    3037, 3037
    4649, 4649
    936, 936
    7441, 7441
    3323, 3323
    2892, 2892
    6068, 6068
    1782, 1782
    2024, 2024
    2223, 2223
    6141, 6141
    6328, 6328
    4395, 4395
    7672, 7672
    6299, 6299
    5269, 5269
    6932, 6932
    6740, 6740
    3675, 3675
    7595, 7595
    3341, 3341
    5100, 5100
    4387, 4387
    3166, 3166
    6713, 6713
    4434, 4434
    7549, 7549
    6805, 6805
    2769, 2769
    5600, 5600
    7601, 7601
    6387, 6387
    112, 112
    7725, 7725
    1618, 1618
    6496, 6496
    4408, 4408
    7494, 7494
    7919, 7919
    2952, 2952
    4737, 4737
    6567, 6567
    2018, 2018
    5783, 5783
    7936, 7936
    5155, 5155
    1096, 1096
    5948, 5948
    6276, 6276
    3402, 3402
    1518, 1518
    1355, 1355
    7104, 7104
    5362, 5362
    2636, 2636
    2675, 2675
    4318, 4318
    3067, 3067
    6964, 6964
    1851, 1851
    237, 237
    6617, 6617
    3036, 3036
    4144, 4144
    933, 933
    1245, 1245
    5598, 5598
    3601, 3601
    2543, 2543
    5334, 5334
    3761, 3761
    1026, 1026
    4443, 4443
    2906, 2906
    5427, 5427
    4368, 4368
    4276, 4276
    6888, 6888
    4373, 4373
    2742, 2742
    3632, 3632
    6909, 6909
    6420, 6420
    960, 960
    7106, 7106
    5663, 5663
    5826, 5826
    7203, 7203
    4496, 4496
    6142, 6142
    5004, 5004
    5449, 5449
    2361, 2361
    4998, 4998
    7776, 7776
    817, 817
    820, 820
    5172, 5172
    1999, 1999
    5236, 5236
    163, 163
    7677, 7677
    7061, 7061
    6352, 6352
    2714, 2714
    592, 592
    3531, 3531
    2766, 2766
    5870, 5870
    1164, 1164
    2729, 2729
    494, 494
    3236, 3236
    1412, 1412
    2702, 2702
    2455, 2455
    3029, 3029
    6374, 6374
    5684, 5684
    3985, 3985
    3740, 3740
    7581, 7581
    939, 939
    5669, 5669
    3718, 3718
    6441, 6441
    2442, 2442
    6574, 6574
    7286, 7286
    1358, 1358
    5756, 5756
    4484, 4484
    335, 335
    432, 432
    6078, 6078
    7098, 7098
    2245, 2245
    1017, 1017
    1634, 1634
    880, 880
    2352, 2352
    3100, 3100
    2292, 2292
    2649, 2649
    3949, 3949
    395, 395
    340, 340
    5431, 5431
    7975, 7975
    3830, 3830
    7588, 7588
    1379, 1379
    2911, 2911
    4886, 4886
    746, 746
    957, 957
    3770, 3770
    4296, 4296
    2434, 2434
    2978, 2978
    2651, 2651
    2073, 2073
    3202, 3202
    7764, 7764
    7060, 7060
    6067, 6067
    7042, 7042
    7667, 7667
    3225, 3225
    4968, 4968
    4305, 4305
    3461, 3461
    1506, 1506
    3530, 3530
    4857, 4857
    7613, 7613
    4696, 4696
    7390, 7390
    1870, 1870
    2743, 2743
    6201, 6201
    5574, 5574
    1198, 1198
    6743, 6743
    1298, 1298
    7261, 7261
    5163, 5163
    6817, 6817
    722, 722
    4371, 4371
    2828, 2828
    2420, 2420
    2975, 2975
    6807, 6807
    3720, 3720
    1336, 1336
    5724, 5724
    3778, 3778
    4584, 4584
    6588, 6588
    7444, 7444
    4565, 4565
    5228, 5228
    1197, 1197
    5749, 5749
    6899, 6899
    523, 523
    63, 63
    6535, 6535
    7757, 7757
    2384, 2384
    3446, 3446
    2750, 2750
    3561, 3561
    7234, 7234
    3467, 3467
    3035, 3035
    2062, 2062
    4522, 4522
    4714, 4714
    6800, 6800
    291, 291
    706, 706
    2096, 2096
    6921, 6921
    5046, 5046
    369, 369
    7187, 7187
    6227, 6227
    558, 558
    6456, 6456
    4683, 4683
    3538, 3538
    2926, 2926
    1173, 1173
    3003, 3003
    949, 949
    4034, 4034
    5244, 5244
    3199, 3199
    5655, 5655
    2303, 2303
    7755, 7755
    1843, 1843
    2980, 2980
    7328, 7328
    1973, 1973
    2626, 2626
    535, 535
    3955, 3955
    5565, 5565
    2898, 2898
    4984, 4984
    7916, 7916
    3741, 3741
    1706, 1706
    4396, 4396
    3563, 3563
    1369, 1369
    132, 132
    4399, 4399
    3701, 3701
    6489, 6489
    6512, 6512
    1802, 1802
    1507, 1507
    5804, 5804
    7513, 7513
    4285, 4285
    1400, 1400
    4334, 4334
    5872, 5872
    2917, 2917
    2051, 2051
    3420, 3420
    6381, 6381
    2132, 2132
    2938, 2938
    301, 301
    4508, 4508
    4853, 4853
    2739, 2739
    5662, 5662
    6270, 6270
    6237, 6237
    228, 228
    6164, 6164
    6109, 6109
    807, 807
    7777, 7777
    64, 64
    2388, 2388
    6329, 6329
    6587, 6587
    3929, 3929
    2244, 2244
    5567, 5567
    6140, 6140
    1250, 1250
    7387, 7387
    2080, 2080
    4980, 4980
    101, 101
    3424, 3424
    2270, 2270
    238, 238
    7492, 7492
    296, 296
    7320, 7320
    2470, 2470
    7823, 7823
    4351, 4351
    4989, 4989
    3912, 3912
    4173, 4173
    6612, 6612
    5727, 5727
    4091, 4091
    2655, 2655
    6787, 6787
    3712, 3712
    6199, 6199
    6850, 6850
    4910, 4910
    305, 305
    5487, 5487
    5405, 5405
    2028, 2028
    99, 99
    6265, 6265
    2989, 2989
    5221, 5221
    5922, 5922
    7003, 7003
    2176, 2176
    2464, 2464
    6551, 6551
    690, 690
    2235, 2235
    7904, 7904
    5182, 5182
    7822, 7822
    6244, 6244
    5771, 5771
    3659, 3659
    7762, 7762
    244, 244
    3130, 3130
    286, 286
    3021, 3021
    2106, 2106
    1578, 1578
    4530, 4530
    2498, 2498
    5703, 5703
    7412, 7412
    2156, 2156
    6202, 6202
    3704, 3704
    6384, 6384
    5457, 5457
    7170, 7170
    556, 556
    3566, 3566
    5157, 5157
    4539, 4539
    4591, 4591
    1560, 1560
    1114, 1114
    1043, 1043
    1595, 1595
    4235, 4235
    6882, 6882
    1534, 1534
    2053, 2053
    5546, 5546
    6296, 6296
    3512, 3512
    4123, 4123
    6843, 6843
    465, 465
    7241, 7241
    4172, 4172
    1531, 1531
    3215, 3215
    3284, 3284
    3634, 3634
    3801, 3801
    764, 764
    5019, 5019
    3677, 3677
    2534, 2534
    1237, 1237
    3789, 3789
    2777, 2777
    5107, 5107
    2130, 2130
    707, 707
    3845, 3845
    3925, 3925
    950, 950
    6065, 6065
    3498, 3498
    7463, 7463
    1629, 1629
    4817, 4817
    566, 566
    5917, 5917
    316, 316
    3161, 3161
    4423, 4423
    5881, 5881
    4951, 4951
    5677, 5677
    2666, 2666
    6203, 6203
    6223, 6223
    772, 772
    860, 860
    2538, 2538
    7218, 7218
    5315, 5315
    4255, 4255
    1401, 1401
    2995, 2995
    4309, 4309
    7176, 7176
    2259, 2259
    5140, 5140
    4392, 4392
    4146, 4146
    1263, 1263
    4384, 4384
    974, 974
    3543, 3543
    5671, 5671
    597, 597
    775, 775
    4674, 4674
    6876, 6876
    2458, 2458
    7448, 7448
    5711, 5711
    5965, 5965
    854, 854
    1938, 1938
    1681, 1681
    2227, 2227
    7786, 7786
    1455, 1455
    4324, 4324
    1368, 1368
    3755, 3755
    5290, 5290
    3856, 3856
    5322, 5322
    3858, 3858
    2890, 2890
    2293, 2293
    6742, 6742
    7526, 7526
    4317, 4317
    1764, 1764
    7287, 7287
    4328, 4328
    534, 534
    7935, 7935
    2285, 2285
    4645, 4645
    7464, 7464
    5634, 5634
    4419, 4419
    3430, 3430
    6478, 6478
    6591, 6591
    2289, 2289
    2893, 2893
    449, 449
    7652, 7652
    378, 378
    1874, 1874
    3839, 3839
    4074, 4074
    7892, 7892
    2795, 2795
    4807, 4807
    7604, 7604
    6531, 6531
    4681, 4681
    7693, 7693
    7485, 7485
    1217, 1217
    1074, 1074
    4213, 4213
    2635, 2635
    2862, 2862
    1563, 1563
    710, 710
    3442, 3442
    875, 875
    6683, 6683
    5997, 5997
    3375, 3375
    5686, 5686
    4629, 4629
    606, 606
    583, 583
    1199, 1199
    3691, 3691
    3820, 3820
    512, 512
    4964, 4964
    7126, 7126
    6194, 6194
    855, 855
    6513, 6513
    3726, 3726
    7409, 7409
    422, 422
    7981, 7981
    5430, 5430
    1285, 1285
    3995, 3995
    3552, 3552
    1786, 1786
    1119, 1119
    3019, 3019
    1122, 1122
    6192, 6192
    2453, 2453
    2633, 2633
    6519, 6519
    7706, 7706
    3278, 3278
    482, 482
    6217, 6217
    4088, 4088
    5478, 5478
    5188, 5188
    3993, 3993
    7942, 7942
    2887, 2887
    116, 116
    4087, 4087
    6129, 6129
    6865, 6865
    611, 611
    4699, 4699
    2183, 2183
    3994, 3994
    5350, 5350
    5060, 5060
    179, 179
    235, 235
    4563, 4563
    3607, 3607
    4664, 4664
    5064, 5064
    2368, 2368
    2776, 2776
    3422, 3422
    3973, 3973
    6238, 6238
    4218, 4218
    5526, 5526
    4464, 4464
    7598, 7598
    2382, 2382
    5681, 5681
    4357, 4357
    488, 488
    2670, 2670
    337, 337
    7250, 7250
    577, 577
    6659, 6659
    6160, 6160
    3908, 3908
    3008, 3008
    7879, 7879
    850, 850
    7264, 7264
    2228, 2228
    7426, 7426
    6186, 6186
    5035, 5035
    1180, 1180
    876, 876
    2054, 2054
    4644, 4644
    802, 802
    2913, 2913
    7727, 7727
    808, 808
    5185, 5185
    1682, 1682
    5929, 5929
    6184, 6184
    3388, 3388
    476, 476
    4795, 4795
    6349, 6349
    498, 498
    2021, 2021
    54, 54
    3785, 3785
    3827, 3827
    4670, 4670
    1804, 1804
    1836, 1836
    1175, 1175
    7313, 7313
    5858, 5858
    7110, 7110
    3450, 3450
    5658, 5658
    4861, 4861
    4623, 4623
    2799, 2799
    3012, 3012
    2945, 2945
    2323, 2323
    1124, 1124
    3269, 3269
    3040, 3040
    2718, 2718
    7679, 7679
    7903, 7903
    7639, 7639
    1153, 1153
    7692, 7692
    7506, 7506
    4367, 4367
    3688, 3688
    1344, 1344
    7304, 7304
    5218, 5218
    1909, 1909
    6624, 6624
    4685, 4685
    4006, 4006
    5981, 5981
    7718, 7718
    4427, 4427
    3988, 3988
    5938, 5938
    7972, 7972
    3273, 3273
    7855, 7855
    7657, 7657
    1789, 1789
    5591, 5591
    2553, 2553
    5384, 5384
    6827, 6827
    1815, 1815
    4208, 4208
    3574, 3574
    4440, 4440
    5452, 5452
    6037, 6037
    6516, 6516
    6957, 6957
    6196, 6196
    3889, 3889
    909, 909
    1136, 1136
    5790, 5790
    6271, 6271
    3184, 3184
    6373, 6373
    7493, 7493
    2375, 2375
    3000, 3000
    2394, 2394
    6536, 6536
    2066, 2066
    3671, 3671
    1517, 1517
    2615, 2615
    3265, 3265
    7698, 7698
    6475, 6475
    1940, 1940
    2032, 2032
    6325, 6325
    2809, 2809
    7709, 7709
    6504, 6504
    7684, 7684
    2908, 2908
    3836, 3836
    4105, 4105
    3350, 3350
    7773, 7773
    4243, 4243
    7146, 7146
    5901, 5901
    3786, 3786
    3254, 3254
    964, 964
    6868, 6868
    5491, 5491
    5863, 5863
    6165, 6165
    4750, 4750
    7481, 7481
    3502, 3502
    5308, 5308
    6071, 6071
    4166, 4166
    474, 474
    6206, 6206
    7178, 7178
    6966, 6966
    5294, 5294
    6818, 6818
    1787, 1787
    4138, 4138
    3267, 3267
    4575, 4575
    3660, 3660
    4694, 4694
    1756, 1756
    5194, 5194
    7382, 7382
    6464, 6464
    5515, 5515
    2724, 2724
    6738, 6738
    3679, 3679
    679, 679
    7270, 7270
    6308, 6308
    5705, 5705
    6994, 6994
    6287, 6287
    5704, 5704
    6326, 6326
    6321, 6321
    3224, 3224
    2514, 2514
    3658, 3658
    5588, 5588
    7420, 7420
    7564, 7564
    411, 411
    4061, 4061
    5832, 5832
    6557, 6557
    3702, 3702
    952, 952
    388, 388
    6451, 6451
    967, 967
    552, 552
    5111, 5111
    5620, 5620
    5715, 5715
    1664, 1664
    2634, 2634
    7089, 7089
    2052, 2052
    354, 354
    2190, 2190
    3482, 3482
    6075, 6075
    5325, 5325
    4608, 4608
    4594, 4594
    6162, 6162
    3011, 3011
    7943, 7943
    5445, 5445
    5824, 5824
    2379, 2379
    6556, 6556
    2126, 2126
    5020, 5020
    6893, 6893
    575, 575
    5355, 5355
    4012, 4012
    6934, 6934
    7536, 7536
    2141, 2141
    6310, 6310
    4669, 4669
    3513, 3513
    1691, 1691
    1942, 1942
    4656, 4656
    5363, 5363
    6123, 6123
    1061, 1061
    1377, 1377
    4506, 4506
    257, 257
    4590, 4590
    911, 911
    2338, 2338
    6263, 6263
    3524, 3524
    4036, 4036
    6069, 6069
    6875, 6875
    4518, 4518
    1330, 1330
    1958, 1958
    510, 510
    5849, 5849
    6751, 6751
    1042, 1042
    5388, 5388
    5008, 5008
    3627, 3627
    5798, 5798
    7011, 7011
    5962, 5962
    5482, 5482
    6650, 6650
    1879, 1879
    381, 381
    1525, 1525
    3807, 3807
    6007, 6007
    1677, 1677
    7694, 7694
    155, 155
    2005, 2005
    2437, 2437
    3953, 3953
    2972, 2972
    1100, 1100
    7895, 7895
    383, 383
    7697, 7697
    4372, 4372
    386, 386
    3298, 3298
    6988, 6988
    3978, 3978
    3038, 3038
    2, 2
    7224, 7224
    1454, 1454
    5040, 5040
    1626, 1626
    7802, 7802
    5566, 5566
    2203, 2203
    5860, 5860
    2452, 2452
    1277, 1277
    1234, 1234
    7669, 7669
    6553, 6553
    6155, 6155
    7015, 7015
    3190, 3190
    2661, 2661
    7037, 7037
    2063, 2063
    6880, 6880
    7964, 7964
    1266, 1266
    5953, 5953
    777, 777
    3027, 3027
    1945, 1945
    2879, 2879
    2168, 2168
    6941, 6941
    7068, 7068
    6452, 6452
    5687, 5687
    4261, 4261
    5616, 5616
    4702, 4702
    5176, 5176
    4441, 4441
    6755, 6755
    7307, 7307
    7623, 7623
    1702, 1702
    5785, 5785
    6716, 6716
    2422, 2422
    7177, 7177
    6423, 6423
    1672, 1672
    68, 68
    5246, 5246
    4258, 4258
    1384, 1384
    5323, 5323
    6527, 6527
    1066, 1066
    3817, 3817
    3359, 3359
    5497, 5497
    2144, 2144
    1719, 1719
    4153, 4153
    6163, 6163
    2513, 2513
    3657, 3657
    1533, 1533
    4618, 4618
    3080, 3080
    3299, 3299
    3824, 3824
    4065, 4065
    3797, 3797
    2630, 2630
    4232, 4232
    1648, 1648
    6303, 6303
    4248, 4248
    4904, 4904
    834, 834
    728, 728
    443, 443
    4365, 4365
    1225, 1225
    7365, 7365
    3383, 3383
    7688, 7688
    6896, 6896
    6978, 6978
    6397, 6397
    1665, 1665
    5615, 5615
    6694, 6694
    356, 356
    4841, 4841
    5181, 5181
    2354, 2354
    3355, 3355
    2772, 2772
    6400, 6400
    4477, 4477
    3550, 3550
    5270, 5270
    4573, 4573
    6311, 6311
    4210, 4210
    6620, 6620
    1881, 1881
    2759, 2759
    1165, 1165
    1392, 1392
    4726, 4726
    3104, 3104
    6207, 6207
    833, 833
    7156, 7156
    6304, 6304
    6247, 6247
    7738, 7738
    6662, 6662
    1268, 1268
    3854, 3854
    7552, 7552
    4587, 4587
    3170, 3170
    2431, 2431
    3241, 3241
    6501, 6501
    5739, 5739
    3511, 3511
    7243, 7243
    7570, 7570
    7419, 7419
    3336, 3336
    3528, 3528
    3649, 3649
    1402, 1402
    3034, 3034
    3878, 3878
    1892, 1892
    2904, 2904
    922, 922
    4617, 4617
    2048, 2048
    929, 929
    4286, 4286
    1922, 1922
    7452, 7452
    6582, 6582
    3557, 3557
    3220, 3220
    613, 613
    4391, 4391
    3451, 3451
    4431, 4431
    5278, 5278
    6728, 6728
    7362, 7362
    3050, 3050
    3706, 3706
    2761, 2761
    4828, 4828
    3582, 3582
    747, 747
    3292, 3292
    6455, 6455
    1418, 1418
    4242, 4242
    4956, 4956
    1332, 1332
    2357, 2357
    1594, 1594
    328, 328
    6388, 6388
    6854, 6854
    6959, 6959
    5406, 5406
    6370, 6370
    5476, 5476
    891, 891
    544, 544
    2602, 2602
    71, 71
    5337, 5337
    7523, 7523
    2447, 2447
    3629, 3629
    1440, 1440
    4096, 4096
    1814, 1814
    7673, 7673
    5401, 5401
    1226, 1226
    1035, 1035
    3714, 3714
    1862, 1862
    7484, 7484
    5148, 5148
    2810, 2810
    7416, 7416
    5950, 5950
    1496, 1496
    5458, 5458
    628, 628
    7024, 7024
    7269, 7269
    786, 786
    7449, 7449
    6185, 6185
    2979, 2979
    2271, 2271
    3694, 3694
    1773, 1773
    6406, 6406
    7175, 7175
    3160, 3160
    5815, 5815
    4871, 4871
    1628, 1628
    1091, 1091
    4497, 4497
    3757, 3757
    5961, 5961
    3454, 3454
    5585, 5585
    3670, 3670
    1362, 1362
    2343, 2343
    3447, 3447
    778, 778
    2392, 2392
    2113, 2113
    1549, 1549
    6918, 6918
    7528, 7528
    5958, 5958
    7238, 7238
    6940, 6940
    6638, 6638
    873, 873
    3066, 3066
    6028, 6028
    1936, 1936
    6482, 6482
    298, 298
    1181, 1181
    4097, 4097
    2510, 2510
    2351, 2351
    1906, 1906
    2146, 2146
    1554, 1554
    7022, 7022
    1280, 1280
    6993, 6993
    6652, 6652
    5985, 5985
    2407, 2407
    7265, 7265
    3744, 3744
    562, 562
    5345, 5345
    165, 165
    3933, 3933
    6046, 6046
    7592, 7592
    3047, 3047
    2277, 2277
    2225, 2225
    2727, 2727
    7920, 7920
    2883, 2883
    2990, 2990
    6674, 6674
    4781, 4781
    4117, 4117
    1221, 1221
    521, 521
    1918, 1918
    2111, 2111
    4178, 4178
    6666, 6666
    3742, 3742
    3232, 3232
    1009, 1009
    5549, 5549
    2039, 2039
    5523, 5523
    5602, 5602
    4451, 4451
    7142, 7142
    3663, 3663
    4965, 4965
    2152, 2152
    4439, 4439
    6602, 6602
    6699, 6699
    6301, 6301
    5885, 5885
    6322, 6322
    2876, 2876
    4038, 4038
    2820, 2820
    2217, 2217
    3186, 3186
    5577, 5577
    5818, 5818
    5084, 5084
    5352, 5352
    3814, 3814
    4356, 4356
    991, 991
    2638, 2638
    3918, 3918
    7422, 7422
    1661, 1661
    2870, 2870
    6056, 6056
    6306, 6306
    6015, 6015
    5829, 5829
    6769, 6769
    3452, 3452
    5297, 5297
    2556, 2556
    6973, 6973
    914, 914
    6318, 6318
    2912, 2912
    1805, 1805
    4240, 4240
    5433, 5433
    1919, 1919
    7027, 7027
    7568, 7568
    4700, 4700
    7205, 7205
    3870, 3870
    2567, 2567
    308, 308
    1356, 1356
    4442, 4442
    114, 114
    1012, 1012
    5139, 5139
    4789, 4789
    3126, 3126
    4785, 4785
    7267, 7267
    3266, 3266
    2523, 2523
    2545, 2545
    1960, 1960
    7073, 7073
    7663, 7663
    973, 973
    6547, 6547
    7516, 7516
    2239, 2239
    5859, 5859
    7644, 7644
    1095, 1095
    7939, 7939
    5135, 5135
    2559, 2559
    774, 774
    5955, 5955
    5650, 5650
    788, 788
    2783, 2783
    7123, 7123
    3244, 3244
    7249, 7249
    1809, 1809
    902, 902
    5344, 5344
    1194, 1194
    2623, 2623
    3768, 3768
    595, 595
    401, 401
    7752, 7752
    7489, 7489
    5320, 5320
    6949, 6949
    4503, 4503
    2088, 2088
    7305, 7305
    6084, 6084
    3831, 3831
    4353, 4353
    2574, 2574
    287, 287
    3958, 3958
    7438, 7438
    5666, 5666
    3041, 3041
    7109, 7109
    6975, 6975
    3328, 3328
    1109, 1109
    495, 495
    1956, 1956
    7980, 7980
    6658, 6658
    7770, 7770
    5376, 5376
    4449, 4449
    4216, 4216
    4677, 4677
    5469, 5469
    6168, 6168
    7808, 7808
    281, 281
    5947, 5947
    714, 714
    4199, 4199
    4118, 4118
    3179, 3179
    7150, 7150
    5178, 5178
    7245, 7245
    7537, 7537
    2691, 2691
    877, 877
    3213, 3213
    6864, 6864
    6965, 6965
    1417, 1417
    400, 400
    6822, 6822
    1684, 1684
    1616, 1616
    4938, 4938
    6832, 6832
    6488, 6488
    6111, 6111
    3800, 3800
    2366, 2366
    113, 113
    4578, 4578
    6670, 6670
    1249, 1249
    2529, 2529
    313, 313
    4064, 4064
    270, 270
    4270, 4270
    4191, 4191
    5460, 5460
    3094, 3094
    1662, 1662
    4502, 4502
    6063, 6063
    7511, 7511
    6293, 6293
    6269, 6269
    6788, 6788
    4234, 4234
    1421, 1421
    4005, 4005
    6912, 6912
    6836, 6836
    3247, 3247
    3016, 3016
    6566, 6566
    848, 848
    5603, 5603
    5086, 5086
    2231, 2231
    4703, 4703
    2094, 2094
    5552, 5552
    6235, 6235
    1338, 1338
    4257, 4257
    4402, 4402
    4486, 4486
    7931, 7931
    1671, 1671
    3505, 3505
    4763, 4763
    6422, 6422
    6811, 6811
    2878, 2878
    4137, 4137
    67, 67
    428, 428
    4179, 4179
    5800, 5800
    3716, 3716
    6629, 6629
    6809, 6809
    670, 670
    4473, 4473
    7539, 7539
    5701, 5701
    4723, 4723
    7461, 7461
    4196, 4196
    4114, 4114
    1583, 1583
    1036, 1036
    1343, 1343
    7118, 7118
    7703, 7703
    4215, 4215
    813, 813
    6362, 6362
    1397, 1397
    7244, 7244
    7204, 7204
    1788, 1788
    5141, 5141
    3360, 3360
    6298, 6298
    6984, 6984
    7736, 7736
    397, 397
    7691, 7691
    3095, 3095
    621, 621
    7292, 7292
    5664, 5664
    2726, 2726
    3418, 3418
    5280, 5280
    7711, 7711
    1872, 1872
    6952, 6952
    4238, 4238
    4632, 4632
    1980, 1980
    232, 232
    4265, 4265
    7262, 7262
    7100, 7100
    4469, 4469
    4207, 4207
    524, 524
    437, 437
    4884, 4884
    837, 837
    2046, 2046
    3116, 3116
    6008, 6008
    3152, 3152
    7470, 7470
    5717, 5717
    5024, 5024
    4802, 4802
    7961, 7961
    6395, 6395
    3565, 3565
    1607, 1607
    61, 61
    5568, 5568
    5939, 5939
    2728, 2728
    3133, 3133
    3483, 3483
    5532, 5532
    1065, 1065
    4872, 4872
    189, 189
    547, 547
    3799, 3799
    6625, 6625
    687, 687
    4961, 4961
    2344, 2344
    1948, 1948
    1668, 1668
    1845, 1845
    7642, 7642
    2179, 2179
    4557, 4557
    190, 190
    2360, 2360
    5576, 5576
    123, 123
    522, 522
    4976, 4976
    5884, 5884
    5665, 5665
    823, 823
    6945, 6945
    6712, 6712
    2427, 2427
    19, 19
    2043, 2043
    3228, 3228
    7351, 7351
    7621, 7621
    1039, 1039
    634, 634
    5036, 5036
    2678, 2678
    2480, 2480
    6021, 6021
    4540, 4540
    6523, 6523
    7946, 7946
    959, 959
    5582, 5582
    2038, 2038
    3260, 3260
    3859, 3859
    6873, 6873
    7259, 7259
    3372, 3372
    3403, 3403
    4081, 4081
    5888, 5888
    2616, 2616
    3508, 3508
    763, 763
    658, 658
    1896, 1896
    3393, 3393
    6729, 6729
    5654, 5654
    3729, 3729
    1101, 1101
    1380, 1380
    7558, 7558
    816, 816
    7955, 7955
    6228, 6228
    4959, 4959
    7620, 7620
    1586, 1586
    3187, 3187
    1965, 1965
    6005, 6005
    3031, 3031
    822, 822
    66, 66
    3892, 3892
    5908, 5908
    4011, 4011
    5678, 5678
    5987, 5987
    2124, 2124
    5594, 5594
    5921, 5921
    6669, 6669
    139, 139
    4264, 4264
    2356, 2356
    4778, 4778
    2185, 2185
    2004, 2004
    2780, 2780
    2845, 2845
    6580, 6580
    7443, 7443
    362, 362
    4780, 4780
    2846, 2846
    7854, 7854
    7239, 7239
    4157, 4157
    4821, 4821
    7246, 7246
    7863, 7863
    4567, 4567
    4614, 4614
    7958, 7958
    407, 407
    6257, 6257
    7954, 7954
    6218, 6218
    2584, 2584
    935, 935
    2988, 2988
    1566, 1566
    6025, 6025
    4348, 4348
    4582, 4582
    941, 941
    204, 204
    5330, 5330
    5408, 5408
    4150, 4150
    1018, 1018
    7563, 7563
    3301, 3301
    5899, 5899
    133, 133
    1117, 1117
    6671, 6671
    4046, 4046
    6100, 6100
    3751, 3751
    1451, 1451
    1023, 1023
    1580, 1580
    6654, 6654
    4897, 4897
    5286, 5286
    4344, 4344
    3043, 3043
    7662, 7662
    2807, 2807
    7735, 7735
    5801, 5801
    5418, 5418
    1022, 1022
    283, 283
    1283, 1283
    3600, 3600
    1253, 1253
    4782, 4782
    6727, 6727
    3790, 3790
    421, 421
    640, 640
    6059, 6059
    3823, 3823
    225, 225
    6846, 6846
    541, 541
    5255, 5255
    3815, 3815
    3023, 3023
    7988, 7988
    7643, 7643
    7019, 7019
    5133, 5133
    7992, 7992
    7671, 7671
    6785, 6785
    2960, 2960
    1441, 1441
    6935, 6935
    4521, 4521
    226, 226
    4574, 4574
    6575, 6575
    7993, 7993
    5509, 5509
    10, 10
    6107, 6107
    7483, 7483
    4811, 4811
    7878, 7878
    7096, 7096
    2855, 2855
    6096, 6096
    3934, 3934
    3400, 3400
    832, 832
    937, 937
    6596, 6596
    6862, 6862
    242, 242
    2671, 2671
    667, 667
    3935, 3935
    4820, 4820
    681, 681
    1323, 1323
    5063, 5063
    2500, 2500
    450, 450
    7429, 7429
    7853, 7853
    6758, 6758
    1347, 1347
    7348, 7348
    806, 806
    4553, 4553
    6819, 6819
    5792, 5792
    4581, 4581
    5920, 5920
    5504, 5504
    2117, 2117
    2725, 2725
    6470, 6470
    7355, 7355
    3086, 3086
    2957, 2957
    7501, 7501
    3322, 3322
    5306, 5306
    4830, 4830
    7354, 7354
    138, 138
    2226, 2226
    7495, 7495
    5009, 5009
    5422, 5422
    3176, 3176
    1901, 1901
    3449, 3449
    2278, 2278
    3045, 3045
    5332, 5332
    16, 16
    4804, 4804
    3963, 3963
    2708, 2708
    6412, 6412
    2774, 2774
    4029, 4029
    5697, 5697
    5010, 5010
    1040, 1040
    7025, 7025
    905, 905
    1747, 1747
    2573, 2573
    4867, 4867
    1212, 1212
    5066, 5066
    3989, 3989
    198, 198
    5819, 5819
    3463, 3463
    1740, 1740
    5806, 5806
    2528, 2528
    3948, 3948
    3101, 3101
    7210, 7210
    1084, 1084
    5919, 5919
    5713, 5713
    5906, 5906
    1196, 1196
    5976, 5976
    2868, 2868
    6762, 6762
    2974, 2974
    207, 207
    7001, 7001
    2888, 2888
    4468, 4468
    1208, 1208
    633, 633
    5051, 5051
    2738, 2738
    2808, 2808
    3503, 3503
    1444, 1444
    6789, 6789
    5782, 5782
    2639, 2639
    5813, 5813
    6176, 6176
    1326, 1326
    3711, 3711
    6682, 6682
    2262, 2262
    2371, 2371
    1711, 1711
    7767, 7767
    7424, 7424
    7885, 7885
    3901, 3901
    1238, 1238
    4262, 4262
    2507, 2507
    5203, 5203
    4806, 4806
    5589, 5589
    4194, 4194
    2527, 2527
    6204, 6204
    3268, 3268
    4678, 4678
    3386, 3386
    564, 564
    3006, 3006
    7968, 7968
    7690, 7690
    553, 553
    5414, 5414
    7157, 7157
    4958, 4958
    5970, 5970
    5052, 5052
    7093, 7093
    3248, 3248
    3862, 3862
    6655, 6655
    4316, 4316
    2389, 2389
    2255, 2255
    7188, 7188
    459, 459
    7789, 7789
    2483, 2483
    540, 540
    1907, 1907
    1610, 1610
    3913, 3913
    5057, 5057
    7059, 7059
    3178, 3178
    1509, 1509
    7071, 7071
    1399, 1399
    1068, 1068
    4176, 4176
    4538, 4538
    958, 958
    7565, 7565
    4863, 4863
    1917, 1917
    1558, 1558
    782, 782
    1792, 1792
    7107, 7107
    1447, 1447
    2033, 2033
    6324, 6324
    2428, 2428
    6368, 6368
    2055, 2055
    454, 454
    3860, 3860
    3056, 3056
    2479, 2479
    4394, 4394
    4023, 4023
    32, 32
    3196, 3196
    7283, 7283
    3307, 3307
    317, 317
    3395, 3395
    525, 525
    1571, 1571
    6258, 6258
    549, 549
    367, 367
    4483, 4483
    7909, 7909
    7425, 7425
    554, 554
    5441, 5441
    7172, 7172
    5848, 5848
    2311, 2311
    5443, 5443
    3332, 3332
    7649, 7649
    1797, 1797
    4776, 4776
    695, 695
    2580, 2580
    1860, 1860
    2140, 2140
    4859, 4859
    7745, 7745
    6088, 6088
    4930, 4930
    6278, 6278
    3111, 3111
    5016, 5016
    3587, 3587
    6710, 6710
    7012, 7012
    7760, 7760
    2476, 2476
    5007, 5007
    4940, 4940
    3347, 3347
    7514, 7514
    887, 887
    3157, 3157
    1072, 1072
    587, 587
    3976, 3976
    1546, 1546
    1345, 1345
    6643, 6643
    5442, 5442
    4135, 4135
    2446, 2446
    3497, 3497
    1086, 1086
    4089, 4089
    6799, 6799
    3585, 3585
    7179, 7179
    4307, 4307
    1315, 1315
    5079, 5079
    3842, 3842
    5258, 5258
    4273, 4273
    3937, 3937
    804, 804
    4452, 4452
    815, 815
    4437, 4437
    7520, 7520
    1328, 1328
    3048, 3048
    602, 602
    1944, 1944
    230, 230
    7908, 7908
    3286, 3286
    7819, 7819
    501, 501
    4174, 4174
    1798, 1798
    7927, 7927
    1414, 1414
    3117, 3117
    5099, 5099
    1878, 1878
    2230, 2230
    6148, 6148
    2463, 2463
    5224, 5224
    6042, 6042
    3231, 3231
    3737, 3737
    3258, 3258
    1174, 1174
    462, 462
    5547, 5547
    1794, 1794
    4499, 4499
    3544, 3544
    1485, 1485
    7799, 7799
    7589, 7589
    7733, 7733
    1055, 1055
    6115, 6115
    2273, 2273
    7561, 7561
    741, 741
    4050, 4050
    5486, 5486
    5623, 5623
    7705, 7705
    2641, 2641
    197, 197
    6969, 6969
    3932, 3932
    5249, 5249
    3484, 3484
    7915, 7915
    315, 315
    392, 392
    4489, 4489
    4458, 4458
    883, 883
    7816, 7816
    3793, 3793
    6320, 6320
    4769, 4769
    5125, 5125
    4535, 4535
    3927, 3927
    6462, 6462
    3655, 3655
    6448, 6448
    4418, 4418
    4715, 4715
    2645, 2645
    4966, 4966
    515, 515
    4327, 4327
    2668, 2668
    6403, 6403
    4313, 4313
    6801, 6801
    1791, 1791
    2461, 2461
    183, 183
    6623, 6623
    631, 631
    1625, 1625
    3344, 3344
    7135, 7135
    5316, 5316
    2268, 2268
    1090, 1090
    265, 265
    141, 141
    1463, 1463
    329, 329
    4337, 4337
    3475, 3475
    5882, 5882
    1406, 1406
    3092, 3092
    1481, 1481
    1081, 1081
    1884, 1884
    46, 46
    6701, 6701
    7183, 7183
    5006, 5006
    5367, 5367
    3391, 3391
    7761, 7761
    3609, 3609
    3764, 3764
    3441, 3441
    1007, 1007
    6035, 6035
    5799, 5799
    1829, 1829
    6565, 6565
    1211, 1211
    2216, 2216
    7632, 7632
    1453, 1453
    2648, 2648
    3950, 3950
    2719, 2719
    1604, 1604
    5507, 5507
    6253, 6253
    2061, 2061
    3302, 3302
    2653, 2653
    5957, 5957
    4516, 4516
    1373, 1373
    461, 461
    1063, 1063
    7339, 7339
    4701, 4701
    4919, 4919
    6902, 6902
    1092, 1092
    4113, 4113
    7562, 7562
    4775, 4775
    5557, 5557
    2812, 2812
    1544, 1544
    5110, 5110
    3218, 3218
    3150, 3150
    6917, 6917
    4797, 4797
    684, 684
    650, 650
    1605, 1605
    7094, 7094
    531, 531
    6416, 6416
    726, 726
    5287, 5287
    7582, 7582
    4280, 4280
    2614, 2614
    3771, 3771
    4165, 4165
    5481, 5481
    3325, 3325
    3699, 3699
    1071, 1071
    6570, 6570
    3340, 3340
    6923, 6923
    7143, 7143
    1696, 1696
    6153, 6153
    994, 994
    4359, 4359
    5369, 5369
    4252, 4252
    42, 42
    3588, 3588
    2342, 2342
    5959, 5959
    1639, 1639
    2502, 2502
    2770, 2770
    347, 347
    1190, 1190
    1523, 1523
    5745, 5745
    2813, 2813
    1107, 1107
    4459, 4459
    6442, 6442
    4350, 4350
    2460, 2460
    2712, 2712
    1293, 1293
    6369, 6369
    2643, 2643
    2797, 2797
    6627, 6627
    3556, 3556
    255, 255
    561, 561
    1514, 1514
    709, 709
    1550, 1550
    5758, 5758
    4085, 4085
    543, 543
    4739, 4739
    6130, 6130
    4868, 4868
    6695, 6695
    5520, 5520
    7951, 7951
    469, 469
    4409, 4409
    3665, 3665
    5735, 5735
    3476, 3476
    5618, 5618
    4380, 4380
    4175, 4175
    3586, 3586
    624, 624
    2137, 2137
    1273, 1273
    127, 127
    2242, 2242
    6543, 6543
    1254, 1254
    7225, 7225
    4045, 4045
    1743, 1743
    4073, 4073
    1213, 1213
    1235, 1235
    1577, 1577
    2884, 2884
    2398, 2398
    1737, 1737
    1933, 1933
    4072, 4072
    2933, 2933
    6267, 6267
    5556, 5556
    118, 118
    711, 711
    3662, 3662
    1003, 1003
    7877, 7877
    3125, 3125
    4751, 4751
    6661, 6661
    2158, 2158
    678, 678
    6845, 6845
    7603, 7603
    5208, 5208
    7369, 7369
    5648, 5648
    191, 191
    5606, 5606
    4156, 4156
    2339, 2339
    6466, 6466
    644, 644
    1584, 1584
    6718, 6718
    7729, 7729
    2310, 2310
    7575, 7575
    4808, 4808
    4093, 4093
    4546, 4546
    3522, 3522
    7743, 7743
    2272, 2272
    2801, 2801
    339, 339
    4112, 4112
    6195, 6195
    3767, 3767
    2429, 2429
    2440, 2440
    3002, 3002
    6980, 6980
    5235, 5235
    761, 761
    4237, 4237
    1322, 1322
    5121, 5121
    1567, 1567
    6361, 6361
    4654, 4654
    6851, 6851
    7876, 7876
    7346, 7346
    2174, 2174
    3648, 3648
    2501, 2501
    859, 859
    3581, 3581
    921, 921
    3492, 3492
    3637, 3637
    5349, 5349
    6991, 6991
    4673, 4673
    2468, 2468
    2931, 2931
    3684, 3684
    3406, 3406
    4866, 4866
    928, 928
    7334, 7334
    1110, 1110
    5973, 5973
    3491, 3491
    7055, 7055
    7279, 7279
    7097, 7097
    645, 645
    219, 219
    125, 125
    2258, 2258
    5570, 5570
    1313, 1313
    2409, 2409
    1910, 1910
    7847, 7847
    6977, 6977
    4092, 4092
    879, 879
    708, 708
    4595, 4595
    1243, 1243
    5464, 5464
    2027, 2027
    4957, 4957
    2456, 2456
    6562, 6562
    1887, 1887
    5358, 5358
    1188, 1188
    4876, 4876
    104, 104
    2092, 2092
    2682, 2682
    5313, 5313
    7396, 7396
    1600, 1600
    2860, 2860
    1754, 1754
    2413, 2413
    5536, 5536
    7713, 7713
    2002, 2002
    2274, 2274
    3885, 3885
    4325, 4325
    6052, 6052
    1097, 1097
    2865, 2865
    1433, 1433
    7057, 7057
    1150, 1150
    5726, 5726
    787, 787
    2755, 2755
    4603, 4603
    1064, 1064
    458, 458
    4879, 4879
    6528, 6528
    4358, 4358
    6560, 6560
    981, 981
    7384, 7384
    1142, 1142
    4870, 4870
    5597, 5597
    7795, 7795
    600, 600
    2415, 2415
    4979, 4979
    3603, 3603
    5617, 5617
    6824, 6824
    694, 694
    196, 196
    4642, 4642
    5898, 5898
    3070, 3070
    7949, 7949
    4223, 4223
    2672, 2672
    319, 319
    1638, 1638
    7781, 7781
    5535, 5535
    5404, 5404
    7695, 7695
    2857, 2857
    1498, 1498
    6053, 6053
    6839, 6839
    4840, 4840
    6182, 6182
    4168, 4168
    5026, 5026
    6089, 6089
    2465, 2465
    6429, 6429
    1500, 1500
    7544, 7544
    5156, 5156
    6060, 6060
    4885, 4885
    4599, 4599
    6191, 6191
    3158, 3158
    7497, 7497
    3074, 3074
    5924, 5924
    4810, 4810
    1598, 1598
    1497, 1497
    2593, 2593
    2608, 2608
    3235, 3235
    7475, 7475
    5429, 5429
    5129, 5129
    1456, 1456
    2642, 2642
    7291, 7291
    6707, 6707
    1547, 1547
    2658, 2658
    5721, 5721
    365, 365
    6525, 6525
    4601, 4601
    5652, 5652
    4015, 4015
    1067, 1067
    3255, 3255
    3295, 3295
    1714, 1714
    1781, 1781
    5309, 5309
    1246, 1246
    5484, 5484
    3409, 3409
    3961, 3961
    4862, 4862
    3105, 3105
    3185, 3185
    3562, 3562
    85, 85
    4999, 4999
    2854, 2854
    6341, 6341
    4413, 4413
    5780, 5780
    3602, 3602
    1718, 1718
    1784, 1784
    6924, 6924
    593, 593
    7708, 7708
    1935, 1935
    6857, 6857
    5969, 5969
    7758, 7758
    403, 403
    4692, 4692
    6892, 6892
    7257, 7257
    3998, 3998
    1172, 1172
    4605, 4605
    5889, 5889
    3140, 3140
    157, 157
    361, 361
    2336, 2336
    166, 166
    4616, 4616
    7900, 7900
    51, 51
    835, 835
    7453, 7453
    213, 213
    5579, 5579
    3208, 3208
    7140, 7140
    511, 511
    5378, 5378
    3357, 3357
    2367, 2367
    3567, 3567
    7335, 7335
    1825, 1825
    1962, 1962
    630, 630
    4892, 4892
    6327, 6327
    3354, 3354
    3326, 3326
    1557, 1557
    1964, 1964
    7193, 7193
    4492, 4492
    4653, 4653
    2572, 2572
    6763, 6763
    2627, 2627
    3412, 3412
    666, 666
    5485, 5485
    7580, 7580
    5095, 5095
    6169, 6169
    5288, 5288
    3653, 3653
    620, 620
    6632, 6632
    849, 849
    1129, 1129
    310, 310
    3198, 3198
    5451, 5451
    4639, 4639
    1800, 1800
    4326, 4326
    2971, 2971
    951, 951
    7237, 7237
    2557, 2557
    1701, 1701
    5757, 5757
    7656, 7656
    825, 825
    727, 727
    1539, 1539
    7274, 7274
    4798, 4798
    1758, 1758
    2147, 2147
    916, 916
    6693, 6693
    103, 103
    5679, 5679
    7315, 7315
    7350, 7350
    7076, 7076
    4062, 4062
    603, 603
    4604, 4604
    1574, 1574
    376, 376
    7674, 7674
    3570, 3570
    7675, 7675
    7681, 7681
    4905, 4905
    1287, 1287
    2562, 2562
    6439, 6439
    6286, 6286
    3664, 3664
    5498, 5498
    7654, 7654
    1486, 1486
    4126, 4126
    997, 997
    3082, 3082
    4422, 4422
    570, 570
    6826, 6826
    7787, 7787
    1713, 1713
    7288, 7288
    4379, 4379
    1716, 1716
    3087, 3087
    4720, 4720
    872, 872
    2069, 2069
    430, 430
    7647, 7647
    2065, 2065
    4635, 4635
    924, 924
    2399, 2399
    598, 598
    7724, 7724
    209, 209
    5305, 5305
    5131, 5131
    5840, 5840
    753, 753
    2838, 2838
    7950, 7950
    4855, 4855
    6378, 6378
    3064, 3064
    7576, 7576
    664, 664
    5909, 5909
    4277, 4277
    3194, 3194
    6330, 6330
    2196, 2196
    5988, 5988
    7406, 7406
    4122, 4122
    5660, 5660
    7737, 7737
    1959, 1959
    4831, 4831
    2703, 2703
    2531, 2531
    1581, 1581
    4360, 4360
    5619, 5619
    6380, 6380
    2621, 2621
    1428, 1428
    5915, 5915
    6696, 6696
    3142, 3142
    6549, 6549
    5534, 5534
    7701, 7701
    766, 766
    385, 385
    7206, 7206
    970, 970
    3377, 3377
    4020, 4020
    5896, 5896
    7030, 7030
    6132, 6132
    4725, 4725
    4354, 4354
    1941, 1941
    865, 865
    6944, 6944
    2090, 2090
    145, 145
    715, 715
    4890, 4890
    2314, 2314
    2267, 2267
    6814, 6814
    3352, 3352
    3615, 3615
    5564, 5564
    279, 279
    506, 506
    5072, 5072
    4835, 4835
    2709, 2709
    6515, 6515
    2973, 2973
    2019, 2019
    4069, 4069
    2662, 2662
    5483, 5483
    6432, 6432
    4676, 4676
    6593, 6593
    470, 470
    1570, 1570
    3223, 3223
    7741, 7741
    4287, 4287
    3191, 3191
    2193, 2193
    7014, 7014
    6790, 6790
    7704, 7704
    6453, 6453
    4013, 4013
    2324, 2324
    2058, 2058
    7468, 7468
    2417, 2417
    6534, 6534
    5624, 5624
    4475, 4475
    6757, 6757
    4833, 4833
    5500, 5500
    3010, 3010
    6545, 6545
    7415, 7415
    4021, 4021
    6554, 6554
    3886, 3886
    4971, 4971
    3216, 3216
    1446, 1446
    4480, 4480
    4707, 4707
    4310, 4310
    1726, 1726
    2180, 2180
    6, 6
    7252, 7252
    7323, 7323
    3919, 3919
    4801, 4801
    1442, 1442
    2942, 2942
    59, 59
    6480, 6480
    3487, 3487
    1239, 1239
    4041, 4041
    847, 847
    7651, 7651
    2286, 2286
    6116, 6116
    4505, 4505
    2839, 2839
    1521, 1521
    4809, 4809
    4875, 4875
    5295, 5295
    7628, 7628
    7476, 7476
    1694, 1694
    609, 609
    1654, 1654
    5836, 5836
    2031, 2031
    5731, 5731
    246, 246
    102, 102
    2650, 2650
    289, 289
    2459, 2459
    4308, 4308
    7132, 7132
    1502, 1502
    6273, 6273
    6610, 6610
    3432, 3432
    6070, 6070
    6561, 6561
    4552, 4552
    4347, 4347
    7151, 7151
    1220, 1220
    838, 838
    2078, 2078
    3423, 3423
    5787, 5787
    7617, 7617
    3673, 3673
    3652, 3652
    3519, 3519
    2167, 2167
    2172, 2172
    5071, 5071
    5264, 5264
    7535, 7535
    518, 518
    4329, 4329
    7596, 7596
    3342, 3342
    864, 864
    724, 724
    4201, 4201
    2067, 2067
    7451, 7451
    4577, 4577
    5978, 5978
    7477, 7477
    1657, 1657
    6724, 6724
    4621, 4621
    2251, 2251
    7029, 7029
    4057, 4057
    7198, 7198
    6154, 6154
    81, 81
    4070, 4070
    557, 557
    7887, 7887
    3249, 3249
    731, 731
    56, 56
    3826, 3826
    6484, 6484
    1841, 1841
    1738, 1738
    6649, 6649
    2145, 2145
    4946, 4946
    6518, 6518
    2363, 2363
    1477, 1477
    7163, 7163
    7833, 7833
    6598, 6598
    2191, 2191
    548, 548
    2025, 2025
    1966, 1966
    4668, 4668
    7858, 7858
    7578, 7578
    5307, 5307
    3520, 3520
    4362, 4362
    2618, 2618
    783, 783
    7223, 7223
    1937, 1937
    3709, 3709
    6985, 6985
    358, 358
    1027, 1027
    89, 89
    3624, 3624
    6847, 6847
    7990, 7990
    7338, 7338
    4104, 4104
    4533, 4533
    4537, 4537
    3999, 3999
    1976, 1976
    585, 585
    6079, 6079
    1515, 1515
    5708, 5708
    4225, 4225
    353, 353
    5752, 5752
    3085, 3085
    4400, 4400
    7785, 7785
    5839, 5839
    7208, 7208
    504, 504
    7006, 7006
    7347, 7347
    6127, 6127
    6541, 6541
    1462, 1462
    7385, 7385
    6808, 6808
    6210, 6210
    240, 240
    6151, 6151
    7715, 7715
    1636, 1636
    5990, 5990
    5488, 5488
    5807, 5807
    3851, 3851
    7325, 7325
    370, 370
    2964, 2964
    6284, 6284
    5435, 5435
    2660, 2660
    4466, 4466
    21, 21
    6690, 6690
    4405, 4405
    7507, 7507
    7496, 7496
    7839, 7839
    4019, 4019
    7353, 7353
    1224, 1224
    1069, 1069
    6275, 6275
    4147, 4147
    3443, 3443
    5581, 5581
    4133, 4133
    6211, 6211
    1166, 1166
    6083, 6083
    7888, 7888
    7996, 7996
    1697, 1697
    3798, 3798
    6413, 6413
    3114, 3114
    6936, 6936
    3559, 3559
    352, 352
    3353, 3353
    3230, 3230
    1659, 1659
    2070, 2070
    4078, 4078
    5186, 5186
    5897, 5897
    3959, 3959
    6436, 6436
    4661, 4661
    6660, 6660
    5796, 5796
    2886, 2886
    4906, 4906
    1873, 1873
    7798, 7798
    4254, 4254
    503, 503
    7533, 7533
    1853, 1853
    2115, 2115
    4891, 4891
    7285, 7285
    6636, 6636
    2477, 2477
    1644, 1644
    1147, 1147
    868, 868
    2007, 2007
    4839, 4839
    6044, 6044
    6539, 6539
    6886, 6886
    1278, 1278
    7013, 7013
    2998, 2998
    3930, 3930
    4083, 4083
    6143, 6143
    2901, 2901
    7865, 7865
    1019, 1019
    2993, 2993
    27, 27
    30, 30
    2380, 2380
    4727, 4727
    2778, 2778
    5519, 5519
    6026, 6026
    4424, 4424
    2290, 2290
    2133, 2133
    6062, 6062
    3069, 3069
    4548, 4548
    7232, 7232
    3438, 3438
    6730, 6730
    6904, 6904
    248, 248
    1776, 1776
    7714, 7714
    2205, 2205
    4039, 4039
    615, 615
    4943, 4943
    4289, 4289
    5923, 5923
    1793, 1793
    7133, 7133
    7542, 7542
    2949, 2949
    4826, 4826
    2252, 2252
    1113, 1113
    6992, 6992
    326, 326
    6664, 6664
    2010, 2010
    1690, 1690
    3414, 3414
    4482, 4482
    6390, 6390
    2089, 2089
    1206, 1206
    2297, 2297
    2404, 2404
    3762, 3762
    4680, 4680
    5716, 5716
    6773, 6773
    1753, 1753
    6181, 6181
    5206, 5206
    1161, 1161
    7600, 7600
    5326, 5326
    5402, 5402
    4657, 4657
    3474, 3474
    1240, 1240
    1978, 1978
    7436, 7436
    632, 632
    4712, 4712
    6171, 6171
    5817, 5817
    7423, 7423
    144, 144
    363, 363
    3864, 3864
    4514, 4514
    5964, 5964
    5012, 5012
    5972, 5972
    4095, 4095
    6685, 6685
    5437, 5437
    4529, 4529
    4606, 4606
    7251, 7251
    6410, 6410
    5014, 5014
    1108, 1108
    7938, 7938
    201, 201
    1037, 1037
    6810, 6810
    2275, 2275
    5846, 5846
    3529, 3529
    2077, 2077
    2521, 2521
    7765, 7765
    1882, 1882
    2970, 2970
    221, 221
    7897, 7897
    4139, 4139
    4142, 4142
    3904, 3904
    2914, 2914
    4063, 4063
    5198, 5198
    3617, 3617
    4658, 4658
    3195, 3195
    7898, 7898
    3942, 3942
    4435, 4435
    75, 75
    7330, 7330
    2866, 2866
    719, 719
    3405, 3405
    986, 986
    4292, 4292
    6599, 6599
    2188, 2188
    4520, 4520
    3381, 3381
    1448, 1448
    7084, 7084
    3465, 3465
    4467, 4467
    6391, 6391
    3153, 3153
    1490, 1490
    3261, 3261
    5629, 5629
    963, 963
    3165, 3165
    6947, 6947
    251, 251
    3804, 3804
    6317, 6317
    6048, 6048
    1622, 1622
    3979, 3979
    1430, 1430
    3599, 3599
    7111, 7111
    2220, 2220
    7273, 7273
    4282, 4282
    3783, 3783
    5880, 5880
    6040, 6040
    5892, 5892
    5412, 5412
    7678, 7678
    5225, 5225
    7465, 7465
    1631, 1631
    5712, 5712
    7924, 7924
    1262, 1262
    550, 550
    1709, 1709
    181, 181
    6357, 6357
    1349, 1349
    1675, 1675
    324, 324
    5222, 5222
    7372, 7372
    3555, 3555
    1590, 1590
    1099, 1099
    3921, 3921
    427, 427
    5285, 5285
    5676, 5676
    1275, 1275
    129, 129
    479, 479
    5212, 5212
    4040, 4040
    37, 37
    882, 882
    6259, 6259
    5499, 5499
    5030, 5030
    2467, 2467
    5524, 5524
    1969, 1969
    7591, 7591
    7811, 7811
    1459, 1459
    7817, 7817
    735, 735
    7190, 7190
    623, 623
    4454, 4454
    1801, 1801
    5862, 5862
    5539, 5539
    106, 106
    5098, 5098
    4758, 4758
    2909, 2909
    1961, 1961
    3810, 3810
    3822, 3822
    2920, 2920
    1413, 1413
    5005, 5005
    5821, 5821
    7532, 7532
    256, 256
    2802, 2802
    3385, 3385
    7254, 7254
    2796, 2796
    4448, 4448
    762, 762
    3672, 3672
    7837, 7837
    380, 380
    5168, 5168
    2941, 2941
    2804, 2804
    4076, 4076
    3308, 3308
    6145, 6145
    5145, 5145
    5932, 5932
    4094, 4094
    6679, 6679
    7043, 7043
    448, 448
    5786, 5786
    7411, 7411
    732, 732
    2596, 2596
    1833, 1833
    7637, 7637
    1934, 1934
    4490, 4490
    5913, 5913
    7364, 7364
    4253, 4253
    2939, 2939
    2023, 2023
    5871, 5871
    1495, 1495
    6842, 6842
    7599, 7599
    472, 472
    4465, 4465
    2411, 2411
    2823, 2823
    7430, 7430
    3349, 3349
    5339, 5339
    1, 1
    4637, 4637
    895, 895
    3636, 3636
    7125, 7125
    6091, 6091
    2221, 2221
    2740, 2740
    4170, 4170
    1897, 1897
    4204, 4204
    4627, 4627
    3539, 3539
    767, 767
    7571, 7571
    5003, 5003
    7712, 7712
    3980, 3980
    5772, 5772
    1928, 1928
    4363, 4363
    1470, 1470
    1469, 1469
    5130, 5130
    686, 686
    2586, 2586
    1981, 1981
    5261, 5261
    824, 824
    885, 885
    2587, 2587
    5707, 5707
    3335, 3335
    3239, 3239
    5263, 5263
    4187, 4187
    1649, 1649
    7209, 7209
    6147, 6147
    7253, 7253
    4977, 4977
    6705, 6705
    6188, 6188
    5076, 5076
    7660, 7660
    3431, 3431
    5890, 5890
    3001, 3001
    2263, 2263
    2416, 2416
    3703, 3703
    18, 18
    698, 698
    6190, 6190
    6421, 6421
    159, 159
    5975, 5975
    3580, 3580
    1327, 1327
    6213, 6213
    3376, 3376
    4256, 4256
    5370, 5370
    7260, 7260
    5647, 5647
    1715, 1715
    4569, 4569
    2835, 2835
    812, 812
    4568, 4568
    1033, 1033
    6571, 6571
    2355, 2355
    4735, 4735
    7138, 7138
    3174, 3174
    342, 342
    6761, 6761
    4455, 4455
    736, 736
    1573, 1573
    7182, 7182
    6686, 6686
    6339, 6339
    2611, 2611
    5238, 5238
    5413, 5413
    8, 8
    7952, 7952
    7901, 7901
    5175, 5175
    76, 76
    2197, 2197
    1646, 1646
    5189, 5189
    3435, 3435
    5869, 5869
    6057, 6057
    1505, 1505
    4912, 4912
    4526, 4526
    332, 332
    4740, 4740
    6870, 6870
    7016, 7016
    6538, 6538
    2944, 2944
    7222, 7222
    7886, 7886
    2059, 2059
    1146, 1146
    3747, 3747
    697, 697
    7932, 7932
    1678, 1678
    4241, 4241
    1169, 1169
    3775, 3775
    4721, 4721
    5999, 5999
    2826, 2826
    1044, 1044
    4954, 4954
    2867, 2867
    2717, 2717
    6635, 6635
    3163, 3163
    7081, 7081
    4848, 4848
    4690, 4690
    3666, 3666
    4985, 4985
    2405, 2405
    3408, 3408
    149, 149
    2035, 2035
    2492, 2492
    3843, 3843
    3437, 3437
    529, 529
    4278, 4278
    3540, 3540
    5015, 5015
    3197, 3197
    2504, 2504
    5162, 5162
    3020, 3020
    3833, 3833
    2104, 2104
    330, 330
    3805, 3805
    5942, 5942
    1359, 1359
    3075, 3075
    4109, 4109
    5816, 5816
    4713, 4713
    7171, 7171
    4666, 4666
    343, 343
    7834, 7834
    2597, 2597
    2222, 2222
    1227, 1227
    1094, 1094
    897, 897
    2044, 2044
    3905, 3905
    5843, 5843
    4022, 4022
    6128, 6128
    7846, 7846
    6159, 6159
    6494, 6494
    2763, 2763
    5391, 5391
    7319, 7319
    7344, 7344
    5661, 5661
    7255, 7255
    1680, 1680
    3093, 3093
    925, 925
    5893, 5893
    3433, 3433
    4766, 4766
    7217, 7217
    6300, 6300
    6546, 6546
    4922, 4922
    3078, 3078
    7371, 7371
    6248, 6248
    5227, 5227
    7439, 7439
    2192, 2192
    5410, 5410
    4593, 4593
    1599, 1599
    2424, 2424
    7407, 7407
    7236, 7236
    1458, 1458
    3753, 3753
    7880, 7880
    3053, 3053
    5037, 5037
    3434, 3434
    243, 243
    1394, 1394
    2522, 2522
    7906, 7906
    1686, 1686
    946, 946
    4331, 4331
    4995, 4995
    2022, 2022
    3055, 3055
    57, 57
    1593, 1593
    7756, 7756
    2194, 2194
    3536, 3536
    6885, 6885
    6933, 6933
    300, 300
    4047, 4047
    6564, 6564
    2976, 2976
    829, 829
    6023, 6023
    2444, 2444
    2561, 2561
    6999, 6999
    5346, 5346
    6356, 6356
    5044, 5044
    7574, 7574
    3745, 3745
    1466, 1466
    2900, 2900
    1299, 1299
    4993, 4993
    471, 471
    273, 273
    6619, 6619
    6968, 6968
    5260, 5260
    3366, 3366
    1471, 1471
    6493, 6493
    5115, 5115
    6402, 6402
    828, 828
    6281, 6281
    3234, 3234
    4322, 4322
    2741, 2741
    4016, 4016
    607, 607
    2940, 2940
    931, 931
    5560, 5560
    6752, 6752
    3619, 3619
    43, 43
    6246, 6246
    956, 956
    5538, 5538
    3791, 3791
    7009, 7009
    6180, 6180
    3256, 3256
    3504, 3504
    2785, 2785
    6505, 6505
    7228, 7228
    49, 49
    4865, 4865
    2015, 2015
    5277, 5277
    4756, 4756
    5126, 5126
    6526, 6526
    1185, 1185
    2200, 2200
    6001, 6001
    4834, 4834
    625, 625
    2735, 2735
    4512, 4512
    565, 565
    485, 485
    1115, 1115
    177, 177
    2295, 2295
    4765, 4765
    4222, 4222
    6908, 6908
    7114, 7114
    2965, 2965
    2715, 2715
    4217, 4217
    7017, 7017
    4915, 4915
    505, 505
    5, 5
    5048, 5048
    6242, 6242
    73, 73
    5409, 5409
    87, 87
    6407, 6407
    1812, 1812
    3597, 3597
    7295, 7295
    5690, 5690
    205, 205
    6424, 6424
    3138, 3138
    6573, 6573
    7168, 7168
    7050, 7050
    7122, 7122
    3630, 3630
    1171, 1171
    3338, 3338
    4446, 4446
    6102, 6102
    2676, 2676
    2732, 2732
    7402, 7402
    6082, 6082
    3329, 3329
    4718, 4718
    1407, 1407
    5069, 5069
    2607, 2607
    2816, 2816
    6431, 6431
    1389, 1389
    4651, 4651
    5904, 5904
    2652, 2652
    3844, 3844
    3992, 3992
    5426, 5426
    3440, 3440
    5700, 5700
    5477, 5477
    3137, 3137
    1192, 1192
    2506, 2506
    1010, 1010
    4881, 4881
    2984, 2984
    5646, 5646
    5489, 5489
    7557, 7557
    492, 492
    3888, 3888
    3294, 3294
    2525, 2525
    1475, 1475
    107, 107
    7627, 7627
    187, 187
    723, 723
    4205, 4205
    7165, 7165
    1868, 1868
    3319, 3319
    7301, 7301
    1432, 1432
    4401, 4401
    5373, 5373
    2590, 2590
    5283, 5283
    5254, 5254
    2243, 2243
    1768, 1768
    1540, 1540
    1869, 1869
    718, 718
    589, 589
    312, 312
    5094, 5094
    7573, 7573
    4461, 4461
    3466, 3466
    3898, 3898
    5627, 5627
    5366, 5366
    2756, 2756
    6938, 6938
    7312, 7312
    3947, 3947
    3872, 3872
    4476, 4476
    346, 346
    3915, 3915
    2056, 2056
    5878, 5878
    323, 323
    3495, 3495
    2265, 2265
    4027, 4027
    174, 174
    773, 773
    7509, 7509
    2386, 2386
    2184, 2184
    4336, 4336
    5091, 5091
    366, 366
    7038, 7038
    5195, 5195
    3848, 3848
    3343, 3343
    4560, 4560
    1830, 1830
    1819, 1819
    3625, 3625
    7137, 7137
    5303, 5303
    4791, 4791
    1493, 1493
    4224, 4224
    4710, 4710
    1050, 1050
    2852, 2852
    7540, 7540
    6963, 6963
    5166, 5166
    920, 920
    5770, 5770
    1415, 1415
    7626, 7626
    1755, 1755
    1445, 1445
    3618, 3618
    3966, 3966
    4075, 4075
    6867, 6867
    870, 870
    3734, 3734
    6863, 6863
    2613, 2613
    5241, 5241
    7933, 7933
    4609, 4609
    3620, 3620
    7154, 7154
    2395, 2395
    3073, 3073
    3259, 3259
    888, 888
    7959, 7959
    3641, 3641
    4974, 4974
    4267, 4267
    4752, 4752
    6812, 6812
    2624, 2624
    3311, 3311
    6292, 6292
    5237, 5237
    4407, 4407
    1835, 1835
    5104, 5104
    5027, 5027
    6900, 6900
    6032, 6032
    4864, 4864
    818, 818
    3781, 3781
    1382, 1382
    4773, 4773
    1335, 1335
    6417, 6417
    5226, 5226
    2148, 2148
    1308, 1308
    1176, 1176
    2603, 2603
    4842, 4842
    293, 293
    7794, 7794
    6775, 6775
    5102, 5102
    6821, 6821
    7421, 7421
    3103, 3103
    6749, 6749
    5774, 5774
    7058, 7058
    1346, 1346
    7659, 7659
    271, 271
    5737, 5737
    6250, 6250
    4115, 4115
    6450, 6450
    7418, 7418
    5605, 5605
    2947, 2947
    6014, 6014
    4571, 4571
    3943, 3943
    6316, 6316
    1070, 1070
    5744, 5744
    6708, 6708
    1532, 1532
    3725, 3725
    4488, 4488
    4275, 4275
    4534, 4534
    1667, 1667
    5122, 5122
    3506, 3506
    1378, 1378
    3628, 3628
    2086, 2086
    1813, 1813
    2575, 2575
    759, 759
    3876, 3876
    1588, 1588
    908, 908
    463, 463
    4620, 4620
    1329, 1329
    2929, 2929
    2074, 2074
    2317, 2317
    4140, 4140
    3192, 3192
    1159, 1159
    4788, 4788
    2569, 2569
    852, 852
    3271, 3271
    2875, 2875
    6597, 6597
    748, 748
    2923, 2923
    5971, 5971
    993, 993
    1228, 1228
    2693, 2693
    1149, 1149
    7615, 7615
    4888, 4888
    4320, 4320
    6358, 6358
    7543, 7543
    3188, 3188
    3030, 3030
    404, 404
    5416, 5416
    1651, 1651
    1011, 1011
    3986, 3986
    5215, 5215
    4682, 4682
    3575, 3575
    3956, 3956
    4586, 4586
    2821, 2821
    263, 263
    5956, 5956
    7890, 7890
    7896, 7896
    6937, 6937
    331, 331
    2163, 2163
    4008, 4008
    5318, 5318
    29, 29
    6050, 6050
    1438, 1438
    2087, 2087
    6971, 6971
    6386, 6386
    7314, 7314
    3865, 3865
    2969, 2969
    4086, 4086
    1704, 1704
    610, 610
    4059, 4059
    6981, 6981
    6383, 6383
    4162, 4162
    6229, 6229
    3007, 3007
    4878, 4878
    1141, 1141
    6086, 6086
    3293, 3293
    7994, 7994
    4992, 4992
    6479, 6479
    4314, 4314
    5184, 5184
    5041, 5041
    5784, 5784
    6138, 6138
    6394, 6394
    3832, 3832
    5734, 5734
    5314, 5314
    4375, 4375
    146, 146
    1725, 1725
    1410, 1410
    5438, 5438
    2505, 2505
    4814, 4814
    11, 11
    6231, 6231
    2832, 2832
    4836, 4836
    579, 579
    7982, 7982
    3928, 3928
    5706, 5706
    5751, 5751
    5055, 5055
    1729, 1729
    646, 646
    2250, 2250
    1579, 1579
    4098, 4098
    6615, 6615
    6771, 6771
    6359, 6359
    6678, 6678
    5529, 5529
    6408, 6408
    5385, 5385
    2045, 2045
    4304, 4304
    641, 641
    3017, 3017
    4385, 4385
    1642, 1642
    6590, 6590
    6415, 6415
    1427, 1427
    7590, 7590
    1739, 1739
    923, 923
    942, 942
    3516, 3516
    1085, 1085
    5776, 5776
    2767, 2767
    588, 588
    2546, 2546
    5545, 5545
    760, 760
    528, 528
    5395, 5395
    6221, 6221
    3462, 3462
    1865, 1865
    1783, 1783
    222, 222
    3159, 3159
    1038, 1038
    2391, 2391
    3967, 3967
    7358, 7358
    5626, 5626
    3773, 3773
    1968, 1968
    7821, 7821
    4731, 4731
    6704, 6704
    6915, 6915
    6312, 6312
    4158, 4158
    252, 252
    2619, 2619
    6499, 6499
    5573, 5573
    4641, 4641
    4415, 4415
    2829, 2829
    4928, 4928
    47, 47
    7696, 7696
    6530, 6530
    1891, 1891
    6521, 6521
    3172, 3172
    1992, 1992
    4896, 4896
    7389, 7389
    3940, 3940
    2946, 2946
    1258, 1258
    4, 4
    4159, 4159
    2791, 2791
    7945, 7945
    4501, 4501
    2664, 2664
    2199, 2199
    969, 969
    1337, 1337
    1742, 1742
    2097, 2097
    682, 682
    4470, 4470
    3996, 3996
    4414, 4414
    1209, 1209
    3763, 3763
    2798, 2798
    700, 700
    2283, 2283
    6601, 6601
    5732, 5732
    4389, 4389
    5301, 5301
    1912, 1912
    2397, 2397
    3314, 3314
    3569, 3569
    5440, 5440
    2707, 2707
    2625, 2625
    3102, 3102
    7180, 7180
    2822, 2822
    3207, 3207
    2003, 2003
    2817, 2817
    2166, 2166
    5097, 5097
    1708, 1708
    6119, 6119
    4266, 4266
    5822, 5822
    2579, 2579
    1361, 1361
    4200, 4200
    148, 148
    2076, 2076
    1946, 1946
    4154, 4154
    7948, 7948
    6825, 6825
    7891, 7891
    4923, 4923
    5766, 5766
    2679, 2679
    5791, 5791
    4249, 4249
    2815, 2815
    5604, 5604
    7941, 7941
    4619, 4619
    893, 893
    2843, 2843
    5949, 5949
    6913, 6913
    2161, 2161
    5462, 5462
    5021, 5021
    2491, 2491
    3324, 3324
    1419, 1419
    7488, 7488
    4509, 4509
    6289, 6289
    6997, 6997
    6860, 6860
    7937, 7937
    7289, 7289
    3139, 3139
    2489, 2489
    3883, 3883
    4768, 4768
    6114, 6114
    5106, 5106
    1281, 1281
    2921, 2921
    2282, 2282
    7806, 7806
    7340, 7340
    1611, 1611
    5894, 5894
    4007, 4007
    7078, 7078
    5423, 5423
    2490, 2490
    7987, 7987
    1582, 1582
    2599, 2599
    2885, 2885
    3081, 3081
    2793, 2793
    3289, 3289
    7967, 7967
    2215, 2215
    3077, 3077
    5354, 5354
    5138, 5138
    866, 866
    4759, 4759
    2936, 2936
    7548, 7548
    6706, 6706
    302, 302
    6987, 6987
    1535, 1535
    7434, 7434
    152, 152
    355, 355
    2020, 2020
    5753, 5753
    2872, 2872
    7033, 7033
    7631, 7631
    72, 72
    5324, 5324
    2827, 2827
    3853, 3853
    3680, 3680
    2208, 2208
    683, 683
    1143, 1143
    1818, 1818
    7661, 7661
    1013, 1013
    5736, 5736
    1530, 1530
    2214, 2214
    1771, 1771
    1126, 1126
    3766, 3766
    3592, 3592
    5631, 5631
    2254, 2254
    1351, 1351
    5038, 5038
    4883, 4883
    4164, 4164
    7310, 7310
    6047, 6047
    6288, 6288
    2000, 2000
    1522, 1522
    2874, 2874
    4636, 4636
    3867, 3867
    44, 44
    2856, 2856
    6756, 6756
    275, 275
    5407, 5407
    491, 491
    2213, 2213
    160, 160
    7090, 7090
    6315, 6315
    2790, 2790
    5400, 5400
    800, 800
    5284, 5284
    2673, 2673
    5551, 5551
    7082, 7082
    6081, 6081
    4460, 4460
    6890, 6890
    3903, 3903
    5561, 5561
    6372, 6372
    7831, 7831
    4102, 4102
    5187, 5187
    4972, 4972
    6144, 6144
    452, 452
    7145, 7145
    2631, 2631
    7683, 7683
    7500, 7500
    590, 590
    779, 779
    4893, 4893
    4055, 4055
    809, 809
    6631, 6631
    7913, 7913
    507, 507
    233, 233
    1422, 1422
    3200, 3200
    3219, 3219
    4899, 4899
    6193, 6193
    6709, 6709
    7322, 7322
    1366, 1366
    4228, 4228
    7392, 7392
    2530, 2530
    1857, 1857
    1614, 1614
    14, 14
    1615, 1615
    3591, 3591
    7869, 7869
    3970, 3970
    3969, 3969
    580, 580
    3206, 3206
    1890, 1890
    1575, 1575
    4485, 4485
    3212, 3212
    4547, 4547
    7290, 7290
    6558, 6558
    2737, 2737
    1920, 1920
    2764, 2764
    945, 945
    7141, 7141
    2224, 2224
    7018, 7018
    3390, 3390
    676, 676
    7, 7
    6000, 6000
    7685, 7685
    5480, 5480
    4818, 4818
    1619, 1619
    685, 685
    496, 496
    5398, 5398
    7809, 7809
    3738, 3738
    7734, 7734
    5043, 5043
    5675, 5675
    1112, 1112
    5754, 5754
    1125, 1125
    3972, 3972
    444, 444
    6946, 6946
    7753, 7753
    6314, 6314
    414, 414
    3794, 3794
    2134, 2134
    1016, 1016
    4429, 4429
    4315, 4315
    3303, 3303
    6376, 6376
    31, 31
    3911, 3911
    1728, 1728
    3132, 3132
    4663, 4663
    5542, 5542
    1658, 1658
    508, 508
    1087, 1087
    3296, 3296
    327, 327
    4901, 4901
    7116, 7116
    5852, 5852
    1179, 1179
    6657, 6657
    5042, 5042
    4297, 4297
    3951, 3951
    5527, 5527
    6746, 6746
    1482, 1482
    6268, 6268
    1048, 1048
    4333, 4333
    7324, 7324
    3471, 3471
    3774, 3774
    7373, 7373
    1712, 1712
    4600, 4600
    1357, 1357
    7629, 7629
    371, 371
    5293, 5293
    1105, 1105
    7326, 7326
    6754, 6754
    1536, 1536
    2377, 2377
    284, 284
    5590, 5590
    4953, 4953
    5468, 5468
    2788, 2788
    5444, 5444
    2605, 2605
    341, 341
    1381, 1381
    1689, 1689
    7883, 7883
    6158, 6158
    2308, 2308
    7963, 7963
    1120, 1120
    5136, 5136
    5383, 5383
    3384, 3384
    7995, 7995
    5762, 5762
    7263, 7263
    1954, 1954
    3065, 3065
    3252, 3252
    5741, 5741
    7551, 7551
    2260, 2260
    5910, 5910
    6027, 6027
    1290, 1290
    2891, 2891
    2450, 2450
    3363, 3363
    5029, 5029
    3855, 3855
    1905, 1905
    5841, 5841
    1178, 1178
    6241, 6241
    5835, 5835
    1630, 1630
    3351, 3351
    586, 586
    1692, 1692
    3044, 3044
    3181, 3181
    1348, 1348
    5769, 5769
    5759, 5759
    1806, 1806
    7527, 7527
    4298, 4298
    730, 730
    1077, 1077
    6366, 6366
    253, 253
    2997, 2997
    4744, 4744
    4381, 4381
    2026, 2026
    7460, 7460
    26, 26
    6437, 6437
    4588, 4588
    7912, 7912
    3162, 3162
    6717, 6717
    6152, 6152
    6419, 6419
    7306, 7306
    4813, 4813
    3715, 3715
    6759, 6759
    3537, 3537
    7622, 7622
    3300, 3300
    483, 483
    5827, 5827
    5454, 5454
    4129, 4129
    3981, 3981
    2503, 2503
    927, 927
    7433, 7433
    2047, 2047
    3068, 3068
    4942, 4942
    3750, 3750
    1294, 1294
    3792, 3792
    4167, 4167
    1827, 1827
    4281, 4281
    6607, 6607
    744, 744
    4640, 4640
    6389, 6389
    7199, 7199
    1875, 1875
    6449, 6449
    7700, 7700
    626, 626
    2877, 2877
    7586, 7586
    6101, 6101
    4854, 4854
    6335, 6335
    5788, 5788
    1073, 1073
    3480, 3480
    689, 689
    1915, 1915
    5459, 5459
    7610, 7610
    6033, 6033
    154, 154
    267, 267
    7486, 7486
    4181, 4181
    691, 691
    2098, 2098
    3577, 3577
    2485, 2485
    278, 278
    1556, 1556
    4679, 4679
    7032, 7032
    717, 717
    5456, 5456
    1995, 1995
    6094, 6094
    7922, 7922
    1510, 1510
    6776, 6776
    2421, 2421
    5746, 5746
    551, 551
    6777, 6777
    500, 500
    584, 584
    4343, 4343
    4706, 4706
    6243, 6243
    2315, 2315
    6233, 6233
    4705, 4705
    5868, 5868
    5192, 5192
    3962, 3962
    2656, 2656
    6396, 6396
    6367, 6367
    2758, 2758
    2659, 2659
    292, 292
    4312, 4312
    3899, 3899
    4852, 4852
    6990, 6990
    5611, 5611
    84, 84
    702, 702
    3772, 3772
    5930, 5930
    7807, 7807
    7293, 7293
    4101, 4101
    3415, 3415
    4793, 4793
    3337, 3337
    3318, 3318
    1693, 1693
    2378, 2378
    7383, 7383
    5432, 5432
    3460, 3460
    5049, 5049
    5248, 5248
    2954, 2954
    6721, 6721
    6770, 6770
    3370, 3370
    5017, 5017
    1312, 1312
    5090, 5090
    2589, 2589
    1386, 1386
    6806, 6806
    6726, 6726
    4704, 4704
    1411, 1411
    629, 629
    7910, 7910
    6954, 6954
    4160, 4160
    4220, 4220
    6816, 6816
    4994, 4994
    7504, 7504
    1229, 1229
    4037, 4037
    5837, 5837
    4659, 4659
    3500, 3500
    5068, 5068
    5061, 5061
    6261, 6261
    4342, 4342
    439, 439
    6887, 6887
    1650, 1650
    3151, 3151
    7731, 7731
    7625, 7625
    4764, 4764
    4550, 4550
    5688, 5688
    4116, 4116
    5764, 5764
    1970, 1970
    6331, 6331
    1309, 1309
    3494, 3494
    5174, 5174
    5864, 5864
    2918, 2918
    4132, 4132
    1609, 1609
    2511, 2511
    749, 749
    4056, 4056
    406, 406
    5628, 5628
    7867, 7867
    776, 776
    1601, 1601
    9, 9
    7905, 7905
    7152, 7152
    6779, 6779
    7991, 7991
    2570, 2570
    4898, 4898
    1898, 1898
    1597, 1597
    5778, 5778
    5607, 5607
    2105, 2105
    1396, 1396
    984, 984
    3501, 3501
    3982, 3982
    5338, 5338
    4936, 4936
    2182, 2182
    368, 368
    4341, 4341
    2604, 2604
    5640, 5640
    4724, 4724
    536, 536
    1612, 1612
    35, 35
    913, 913
    2595, 2595
    869, 869
    2269, 2269
    2305, 2305
    6399, 6399
    2057, 2057
    1058, 1058
    1491, 1491
    4615, 4615
    7793, 7793
    1098, 1098
    2348, 2348
    3724, 3724
    5463, 5463
    1468, 1468
    5149, 5149
    5763, 5763
    1951, 1951
    3579, 3579
    3952, 3952
    7844, 7844
    4729, 4729
    2552, 2552
    4233, 4233
    6648, 6648
    4736, 4736
    3455, 3455
    3429, 3429
    2125, 2125
    2962, 2962
    6282, 6282
    2083, 2083
    3510, 3510
    1148, 1148
    6022, 6022
    2517, 2517
    6736, 6736
    3838, 3838
    2524, 2524
    6962, 6962
    803, 803
    6486, 6486
    6689, 6689
    843, 843
    321, 321
    2445, 2445
    1170, 1170
    7842, 7842
    2746, 2746
    182, 182
    898, 898
    147, 147
    6614, 6614
    1953, 1953
    169, 169
    3882, 3882
    2370, 2370
    1846, 1846
    5709, 5709
    3678, 3678
    652, 652
    7648, 7648
    2364, 2364
    3128, 3128
    4523, 4523
    4421, 4421
    3028, 3028
    2433, 2433
    918, 918
    4665, 4665
    3276, 3276
    6365, 6365
    5183, 5183
    2207, 2207
    7510, 7510
    4562, 4562
    5838, 5838
    3868, 3868
    3217, 3217
    1698, 1698
    5465, 5465
    4794, 4794
    1425, 1425
    2247, 2247
    6640, 6640
    2555, 2555
    2449, 2449
    938, 938
    5659, 5659
    7127, 7127
    306, 306
    6363, 6363
    2720, 2720
    1247, 1247
    5828, 5828
    7161, 7161
    3732, 3732
    1305, 1305
    2994, 2994
    793, 793
    1387, 1387
    7525, 7525
    7702, 7702
    1993, 1993
    1289, 1289
    2748, 2748
    5638, 5638
    1365, 1365
    7856, 7856
    5595, 5595
    4596, 4596
    6911, 6911
    3368, 3368
    5381, 5381
    6517, 6517
    7998, 7998
    1160, 1160
    7710, 7710
    4433, 4433
    185, 185
    5266, 5266
    6866, 6866
    3812, 3812
    4838, 4838
    559, 559
    7827, 7827
    3478, 3478
    5633, 5633
    2017, 2017
    622, 622
    7321, 7321
    940, 940
    680, 680
    2532, 2532
    4650, 4650
    2566, 2566
    3695, 3695
    3875, 3875
    4066, 4066
    7973, 7973
    4425, 4425
    6747, 6747
    3392, 3392
    5719, 5719
    2895, 2895
    7115, 7115
    5311, 5311
    705, 705
    3656, 3656
    3916, 3916
    4847, 4847
    1047, 1047
    2257, 2257
    1844, 1844
    3578, 3578
    5883, 5883
    5508, 5508
    3809, 3809
    288, 288
    674, 674
    6285, 6285
    3873, 3873
    5253, 5253
    6930, 6930
    5740, 5740
    5495, 5495
    3583, 3583
    7947, 7947
    7020, 7020
    3633, 3633
    3606, 3606
    214, 214
    1339, 1339
    2430, 2430
    4742, 4742
    121, 121
    7457, 7457
    1465, 1465
    2695, 2695
    6732, 6732
    5143, 5143
    5748, 5748
    2548, 2548
    4633, 4633
    6189, 6189
    5417, 5417
    2340, 2340
    3639, 3639
    3014, 3014
    5696, 5696
    62, 62
    6469, 6469
    1118, 1118
    294, 294
    2177, 2177
    6197, 6197
    2950, 2950
    4767, 4767
    1551, 1551
    3748, 3748
    1353, 1353
    1994, 1994
    4576, 4576
    6951, 6951
    6894, 6894
    567, 567
    5494, 5494
    780, 780
    5984, 5984
    3808, 3808
    2775, 2775
    3279, 3279
    3167, 3167
    6385, 6385
    2387, 2387
    805, 805
    7550, 7550
    2123, 2123
    1431, 1431
    7861, 7861
    6173, 6173
    6804, 6804
    6879, 6879
    7219, 7219
    2219, 2219
    2241, 2241
    3062, 3062
    2014, 2014
    7211, 7211
    3397, 3397
    3874, 3874
    5767, 5767
    1363, 1363
    4274, 4274
    7023, 7023
    2373, 2373
    7028, 7028
    5812, 5812
    4849, 4849
    7804, 7804
    6919, 6919
    703, 703
    2229, 2229
    3304, 3304
    1031, 1031
    961, 961
    6344, 6344
    745, 745
    1519, 1519
    7529, 7529
    4749, 4749
    2977, 2977
    6139, 6139
    6509, 6509
    3445, 3445
    7593, 7593
    3835, 3835
    4018, 4018
    2151, 2151
    871, 871
    750, 750
    7336, 7336
    1867, 1867
    1772, 1772
    3991, 3991
    1257, 1257
    2240, 2240
    487, 487
    5220, 5220
    3696, 3696
    7682, 7682
    955, 955
    5127, 5127
    5396, 5396
    2731, 2731
    2963, 2963
    1957, 1957
    77, 77
    387, 387
    2261, 2261
    1134, 1134
    2331, 2331
    6532, 6532
    1059, 1059
    7294, 7294
    5128, 5128
    3669, 3669
    2204, 2204
    1883, 1883
    856, 856
    4988, 4988
    1808, 1808
    3245, 3245
    7771, 7771
    3380, 3380
    1244, 1244
    7227, 7227
    2307, 2307
    5219, 5219
    2246, 2246
    5232, 5232
    6013, 6013
    6798, 6798
    7276, 7276
    6568, 6568
    2806, 2806
    2085, 2085
    688, 688
    2781, 2781
    7393, 7393
    7597, 7597
    3026, 3026
    2849, 2849
    5805, 5805
    2736, 2736
    2786, 2786
    1799, 1799
    5142, 5142
    2753, 2753
    3396, 3396
    7447, 7447
    3417, 3417
    5321, 5321
    5223, 5223
    5738, 5738
    4125, 4125
    5103, 5103
    836, 836
    480, 480
    7579, 7579
    7352, 7352
    2560, 2560
    1722, 1722
    6901, 6901
    3134, 3134
    6829, 6829
    7587, 7587
    4983, 4983
    5927, 5927
    2996, 2996
    3131, 3131
    5998, 5998
    2967, 2967
    6156, 6156
    7957, 7957
    3330, 3330
    798, 798
    7624, 7624
    4219, 4219
    5533, 5533
    4970, 4970
    6175, 6175
    108, 108
    1663, 1663
    6487, 6487
    2327, 2327
    6995, 6995
    4288, 4288
    1676, 1676
    4077, 4077
    22, 22
    5056, 5056
    7857, 7857
    6146, 6146
    2487, 2487
    7619, 7619
    7832, 7832
    7296, 7296
    7872, 7872
    4711, 4711
    5361, 5361
    1140, 1140
    2109, 2109
    3315, 3315
    4416, 4416
    6122, 6122
    4762, 4762
    7784, 7784
    4527, 4527
    5386, 5386
    7446, 7446
    1403, 1403
    2347, 2347
    1423, 1423
    7859, 7859
    903, 903
    4822, 4822
    4926, 4926
    6802, 6802
    2075, 2075
    4671, 4671
    3297, 3297
    7979, 7979
    4655, 4655
    3752, 3752
    5382, 5382
    5387, 5387
    3143, 3143
    4124, 4124
    5559, 5559
    6297, 6297
    2925, 2925
    497, 497
    3285, 3285
    1660, 1660
    7739, 7739
    3571, 3571
    6848, 6848
    3829, 3829
    4340, 4340
    2982, 2982
    4978, 4978
    7113, 7113
    2600, 2600
    345, 345
    1416, 1416
    563, 563
    136, 136
    1024, 1024
    5147, 5147
    1264, 1264
    4746, 4746
    3136, 3136
    2280, 2280
    4982, 4982
    3189, 3189
    2238, 2238
    2508, 2508
    7149, 7149
    3545, 3545
    4025, 4025
    7377, 7377
    5935, 5935
    7102, 7102
    374, 374
    892, 892
    3568, 3568
    2698, 2698
    1679, 1679
    5887, 5887
    1645, 1645
    2924, 2924
    3334, 3334
    5875, 5875
    168, 168
    560, 560
    5563, 5563
    4099, 4099
    162, 162
    6019, 6019
    7046, 7046
    5399, 5399
    7212, 7212
    1985, 1985
    4610, 4610
    5343, 5343
    5335, 5335
    5169, 5169
    6665, 6665
    2981, 2981
    6076, 6076
    999, 999
    1643, 1643
    3211, 3211
    3425, 3425
    867, 867
    3436, 3436
    4450, 4450
    4873, 4873
    7797, 7797
    3638, 3638
    7965, 7965
    3736, 3736
    7814, 7814
    3576, 3576
    4555, 4555
    4955, 4955
    5558, 5558
    7242, 7242
    2209, 2209
    1822, 1822
    6604, 6604
    7391, 7391
    3975, 3975
    3685, 3685
    2112, 2112
    7689, 7689
    972, 972
    7763, 7763
    2432, 2432
    277, 277
    4932, 4932
    82, 82
    1276, 1276
    3881, 3881
    1187, 1187
    4511, 4511
    977, 977
    1367, 1367
    862, 862
    2583, 2583
    7398, 7398
    3222, 3222
    4903, 4903
    4182, 4182
    6927, 6927
    7466, 7466
    1484, 1484
    6872, 6872
    4937, 4937
    7788, 7788
    7868, 7868
    2381, 2381
    7136, 7136
    2164, 2164
    3584, 3584
    4691, 4691
    65, 65
    1350, 1350
    1911, 1911
    6605, 6605
    100, 100
    4607, 4607
    4171, 4171
    4986, 4986
    5954, 5954
    4973, 4973
    7650, 7650
    839, 839
    3613, 3613
    249, 249
    2499, 2499
    5031, 5031
    7051, 7051
    3089, 3089
    1203, 1203
    975, 975
    384, 384
    5925, 5925
    910, 910
    900, 900
    4349, 4349
    546, 546
    5357, 5357
    7984, 7984
    7780, 7780
    2710, 2710
    484, 484
    1062, 1062
    716, 716
    2402, 2402
    1057, 1057
    1745, 1745
    2779, 2779
    4430, 4430
    3348, 3348
    7962, 7962
    3564, 3564
    4566, 4566
    274, 274
    1780, 1780
    6446, 6446
    2519, 2519
    1360, 1360
    6072, 6072
    2999, 2999
    1769, 1769
    5781, 5781
    36, 36
    6835, 6835
    5553, 5553
    1669, 1669
    1750, 1750
    3427, 3427
    7309, 7309
    4689, 4689
    6097, 6097
    5075, 5075
    3917, 3917
    5905, 5905
    7327, 7327
    3787, 3787
    6910, 6910
    6583, 6583
    2414, 2414
    3548, 3548
    2419, 2419
    4130, 4130
    1561, 1561
    5834, 5834
    7614, 7614
    1828, 1828
    4250, 4250
    5144, 5144
    980, 980
    1859, 1859
    2049, 2049
    1721, 1721
    266, 266
    5411, 5411
    1001, 1001
    1046, 1046
    5895, 5895
    4042, 4042
    140, 140
    7101, 7101
    441, 441
    2515, 2515
    5773, 5773
    4053, 4053
    2601, 2601
    4981, 4981
    3404, 3404
    2454, 2454
    5635, 5635
    7594, 7594
    4525, 4525
    2333, 2333
    6002, 6002
    34, 34
    5691, 5691
    3214, 3214
    7131, 7131
    6043, 6043
    971, 971
    3486, 3486
    2713, 2713
    2128, 2128
    1052, 1052
    6584, 6584
    2093, 2093
    4279, 4279
    4131, 4131
    7820, 7820
    417, 417
    4675, 4675
    2689, 2689
    7214, 7214
    7882, 7882
    1259, 1259
    3939, 3939
    7848, 7848
    768, 768
    7630, 7630
    7299, 7299
    5854, 5854
    0, 0
    6249, 6249
    1460, 1460
    7445, 7445
    4300, 4300
    5689, 5689
    7826, 7826
    7195, 7195
    3717, 3717
    4229, 4229
    4832, 4832
    4079, 4079
    1302, 1302
    3401, 3401
    7749, 7749
    765, 765
    1997, 1997
    6034, 6034
    7824, 7824
    1552, 1552
    6179, 6179
    3489, 3489
    5379, 5379
    3719, 3719
    1405, 1405
    2330, 2330
    2889, 2889
    3058, 3058
    881, 881
    1390, 1390
    7240, 7240
    6569, 6569
    295, 295
    5823, 5823
    2439, 2439
    2408, 2408
    398, 398
    612, 612
    426, 426
    2669, 2669
    4184, 4184
    1004, 1004
    3180, 3180
    6506, 6506
    5274, 5274
    7840, 7840
    721, 721
    4827, 4827
    3024, 3024
    671, 671
    3345, 3345
    7471, 7471
    4323, 4323
    3333, 3333
    2754, 2754
    1779, 1779
    1260, 1260
    2029, 2029
    1572, 1572
    338, 338
    5317, 5317
    520, 520
    943, 943
    4790, 4790
    1952, 1952
    33, 33
    4800, 4800
    797, 797
    7721, 7721
    7583, 7583
    1977, 1977
    6064, 6064
    412, 412
    5461, 5461
    1195, 1195
    1434, 1434
    6226, 6226
    7917, 7917
    4120, 4120
    7155, 7155
    4877, 4877
    7072, 7072
    3399, 3399
    5077, 5077
    6961, 6961
    7408, 7408
    6651, 6651
    5257, 5257
    1880, 1880
    1795, 1795
    1183, 1183
    5667, 5667
    3288, 3288
    5013, 5013
    2253, 2253
    171, 171
    7311, 7311
    6765, 6765
    360, 360
    1839, 1839
    4559, 4559
    2680, 2680
    4481, 4481
    3413, 3413
    5209, 5209
    3746, 3746
    7374, 7374
    6719, 6719
    1947, 1947
    4975, 4975
    6958, 6958
    4991, 4991
    701, 701
    3177, 3177
    7010, 7010
    4110, 4110
    5327, 5327
    1204, 1204
    4417, 4417
    3614, 3614
    5861, 5861
    3647, 3647
    379, 379
    4792, 4792
    2547, 2547
    3960, 3960
    1054, 1054
    4332, 4332
    1894, 1894
    1080, 1080
    7829, 7829
    601, 601
    2578, 2578
    1186, 1186
    3470, 3470
    5299, 5299
    6585, 6585
    7230, 7230
    6208, 6208
    6511, 6511
    142, 142
    7008, 7008
    5153, 5153
    1596, 1596
    5304, 5304
    6641, 6641
    7751, 7751
    7258, 7258
    2711, 2711
    3558, 3558
    7231, 7231
    5210, 5210
    2400, 2400
    2697, 2697
    5562, 5562
    2686, 2686
    6914, 6914
    3076, 3076
    5931, 5931
    5937, 5937
    7699, 7699
    7666, 7666
    6104, 6104
    2162, 2162
    661, 661
    1272, 1272
    5820, 5820
    6691, 6691
    6692, 6692
    3088, 3088
    7220, 7220
    3667, 3667
    5050, 5050
    1135, 1135
    1695, 1695
    6745, 6745
    1759, 1759
    4528, 4528
    7333, 7333
    2640, 2640
    6548, 6548
    4226, 4226
    5365, 5365
    1826, 1826
    6831, 6831
    5960, 5960
    6544, 6544
    6960, 6960
    4921, 4921
    6644, 6644
    7235, 7235
    2165, 2165
    6336, 6336
    4843, 4843
    2475, 2475
    7503, 7503
    7215, 7215
    429, 429
    6108, 6108
    1102, 1102
    6815, 6815
    4667, 4667
    7044, 7044
    2565, 2565
    320, 320
    637, 637
    673, 673
    460, 460
    2674, 2674
    7062, 7062
    7971, 7971
    3389, 3389
    2704, 2704
    5728, 5728
    2237, 2237
    1931, 1931
    6256, 6256
    486, 486
    3909, 3909
    2637, 2637
    6833, 6833
    2383, 2383
    3146, 3146
    3490, 3490
    2516, 2516
    5393, 5393
    845, 845
    4585, 4585
    648, 648
    200, 200
    1982, 1982
    7277, 7277
    6576, 6576
    3005, 3005
    4631, 4631
    4364, 4364
    1256, 1256
    130, 130
    5621, 5621
    985, 985
    7986, 7986
    771, 771
    3532, 3532
    6434, 6434
    2871, 2871
    4825, 4825
    2606, 2606
    5242, 5242
    5062, 5062
    7522, 7522
    4014, 4014
    6393, 6393
    5651, 5651
    605, 605
    7271, 7271
    3317, 3317
    5205, 5205
    2478, 2478
    699, 699
    2646, 2646
    2751, 2751
    4628, 4628
    2696, 2696
    6459, 6459
    7852, 7852
    2536, 2536
    3941, 3941
    6360, 6360
    2863, 2863
    2789, 2789
    258, 258
    4917, 4917
    1613, 1613
    1529, 1529
    1949, 1949
    212, 212
    1060, 1060
    3938, 3938
    6118, 6118
    4311, 4311
    1520, 1520
    3765, 3765
    481, 481
    1473, 1473
    4369, 4369
    4054, 4054
    1855, 1855
    6838, 6838
    5272, 5272
    1233, 1233
    6272, 6272
    799, 799
}
